ISO-10303-21;
HEADER;
/* Generated by software containing ST-Developer
 * from STEP Tools, Inc. (www.steptools.com) 
 */

FILE_DESCRIPTION(
/* description */ (''),
/* implementation_level */ '2;1');

FILE_NAME(
/* name */ 'PlateL.step',
/* time_stamp */ '2026-08-06T18:11:34-07:00',
/* author */ (''),
/* organization */ (''),
/* preprocessor_version */ 'ST-DEVELOPER v20.1',
/* originating_system */ 'Autodesk Translation Framework v15.8.0.0',
/* authorisation */ '');

FILE_SCHEMA (('AUTOMOTIVE_DESIGN { 1 0 10303 214 3 1 1 }'));
ENDSEC;

DATA;
#10=MECHANICAL_DESIGN_GEOMETRIC_PRESENTATION_REPRESENTATION('',(#13),#15382);
#11=SHAPE_REPRESENTATION_RELATIONSHIP('SRR','None',#15389,#12);
#12=ADVANCED_BREP_SHAPE_REPRESENTATION('',(#14),#15381);
#13=STYLED_ITEM('',(#15398),#14);
#14=MANIFOLD_SOLID_BREP('Body2',#9174);
#15=FACE_BOUND('',#801,.T.);
#16=FACE_BOUND('',#869,.T.);
#17=FACE_BOUND('',#870,.T.);
#18=FACE_BOUND('',#871,.T.);
#19=FACE_BOUND('',#872,.T.);
#20=FACE_BOUND('',#873,.T.);
#21=FACE_BOUND('',#874,.T.);
#22=FACE_BOUND('',#875,.T.);
#23=FACE_BOUND('',#876,.T.);
#24=FACE_BOUND('',#877,.T.);
#25=FACE_BOUND('',#878,.T.);
#26=FACE_BOUND('',#879,.T.);
#27=FACE_BOUND('',#880,.T.);
#28=FACE_BOUND('',#881,.T.);
#29=FACE_BOUND('',#882,.T.);
#30=FACE_BOUND('',#883,.T.);
#31=FACE_BOUND('',#884,.T.);
#32=FACE_BOUND('',#885,.T.);
#33=FACE_BOUND('',#886,.T.);
#34=FACE_BOUND('',#887,.T.);
#35=FACE_BOUND('',#888,.T.);
#36=FACE_BOUND('',#889,.T.);
#37=FACE_BOUND('',#890,.T.);
#38=FACE_BOUND('',#891,.T.);
#39=FACE_BOUND('',#892,.T.);
#40=FACE_BOUND('',#893,.T.);
#41=FACE_BOUND('',#894,.T.);
#42=FACE_BOUND('',#895,.T.);
#43=FACE_BOUND('',#896,.T.);
#44=FACE_BOUND('',#897,.T.);
#45=FACE_BOUND('',#898,.T.);
#46=FACE_BOUND('',#899,.T.);
#47=FACE_BOUND('',#900,.T.);
#48=FACE_BOUND('',#901,.T.);
#49=FACE_BOUND('',#902,.T.);
#50=FACE_BOUND('',#903,.T.);
#51=FACE_BOUND('',#904,.T.);
#52=FACE_BOUND('',#905,.T.);
#53=FACE_BOUND('',#906,.T.);
#54=FACE_BOUND('',#907,.T.);
#55=FACE_BOUND('',#908,.T.);
#56=FACE_BOUND('',#909,.T.);
#57=FACE_BOUND('',#914,.T.);
#58=FACE_BOUND('',#915,.T.);
#59=FACE_BOUND('',#916,.T.);
#60=FACE_BOUND('',#917,.T.);
#61=FACE_BOUND('',#918,.T.);
#62=FACE_BOUND('',#919,.T.);
#63=FACE_BOUND('',#920,.T.);
#64=FACE_BOUND('',#921,.T.);
#65=FACE_BOUND('',#922,.T.);
#66=FACE_BOUND('',#923,.T.);
#67=FACE_BOUND('',#924,.T.);
#68=FACE_BOUND('',#925,.T.);
#69=FACE_BOUND('',#926,.T.);
#70=FACE_BOUND('',#927,.T.);
#71=FACE_BOUND('',#928,.T.);
#72=FACE_BOUND('',#929,.T.);
#73=FACE_BOUND('',#930,.T.);
#74=FACE_BOUND('',#931,.T.);
#75=FACE_BOUND('',#932,.T.);
#76=FACE_BOUND('',#933,.T.);
#77=FACE_BOUND('',#934,.T.);
#78=FACE_BOUND('',#935,.T.);
#79=FACE_BOUND('',#936,.T.);
#80=FACE_BOUND('',#937,.T.);
#81=FACE_BOUND('',#938,.T.);
#82=FACE_BOUND('',#939,.T.);
#83=FACE_BOUND('',#940,.T.);
#84=FACE_BOUND('',#941,.T.);
#85=FACE_BOUND('',#942,.T.);
#86=FACE_BOUND('',#943,.T.);
#87=FACE_BOUND('',#944,.T.);
#88=FACE_BOUND('',#945,.T.);
#89=FACE_BOUND('',#946,.T.);
#90=FACE_BOUND('',#947,.T.);
#91=FACE_BOUND('',#948,.T.);
#92=FACE_BOUND('',#949,.T.);
#93=FACE_BOUND('',#950,.T.);
#94=FACE_BOUND('',#951,.T.);
#95=FACE_BOUND('',#952,.T.);
#96=FACE_BOUND('',#953,.T.);
#97=FACE_BOUND('',#954,.T.);
#98=PLANE('',#9191);
#99=PLANE('',#9192);
#100=PLANE('',#9193);
#101=PLANE('',#9194);
#102=PLANE('',#9195);
#103=PLANE('',#9220);
#104=PLANE('',#9237);
#105=PLANE('',#9238);
#106=PLANE('',#9239);
#107=PLANE('',#9240);
#108=PLANE('',#9243);
#109=PLANE('',#9246);
#110=PLANE('',#9247);
#111=PLANE('',#9250);
#112=PLANE('',#9251);
#113=PLANE('',#9254);
#114=PLANE('',#9257);
#115=PLANE('',#9258);
#116=PLANE('',#9259);
#117=PLANE('',#9262);
#118=PLANE('',#9265);
#119=PLANE('',#9266);
#120=PLANE('',#9267);
#121=PLANE('',#9270);
#122=PLANE('',#9273);
#123=PLANE('',#9274);
#124=PLANE('',#9277);
#125=PLANE('',#9278);
#126=PLANE('',#9283);
#127=PLANE('',#9286);
#128=PLANE('',#9289);
#129=PLANE('',#9290);
#130=PLANE('',#9293);
#131=PLANE('',#9294);
#132=PLANE('',#9297);
#133=PLANE('',#9300);
#134=PLANE('',#9303);
#135=PLANE('',#9304);
#136=PLANE('',#9307);
#137=PLANE('',#9310);
#138=PLANE('',#9311);
#139=PLANE('',#9312);
#140=PLANE('',#9313);
#141=PLANE('',#9314);
#142=PLANE('',#9315);
#143=PLANE('',#9316);
#144=PLANE('',#9317);
#145=PLANE('',#9318);
#146=PLANE('',#9319);
#147=PLANE('',#9320);
#148=PLANE('',#9321);
#149=PLANE('',#9322);
#150=PLANE('',#9505);
#151=PLANE('',#9508);
#152=PLANE('',#9509);
#153=PLANE('',#9672);
#154=PLANE('',#9674);
#155=PLANE('',#9676);
#156=PLANE('',#9678);
#157=PLANE('',#9680);
#158=PLANE('',#9681);
#159=PLANE('',#9683);
#160=PLANE('',#9685);
#161=PLANE('',#9687);
#162=PLANE('',#9689);
#163=PLANE('',#9691);
#164=PLANE('',#9693);
#165=PLANE('',#9695);
#166=PLANE('',#9697);
#167=PLANE('',#9699);
#168=PLANE('',#9701);
#169=PLANE('',#9703);
#170=PLANE('',#9705);
#171=PLANE('',#9707);
#172=PLANE('',#9709);
#173=PLANE('',#9711);
#174=PLANE('',#9713);
#175=PLANE('',#9715);
#176=PLANE('',#9717);
#177=PLANE('',#9719);
#178=PLANE('',#9721);
#179=PLANE('',#9723);
#180=PLANE('',#9725);
#181=PLANE('',#9727);
#182=PLANE('',#9729);
#183=PLANE('',#9731);
#184=PLANE('',#9733);
#185=PLANE('',#9735);
#186=PLANE('',#9737);
#187=PLANE('',#9739);
#188=PLANE('',#9741);
#189=PLANE('',#9743);
#190=PLANE('',#9745);
#191=PLANE('',#9747);
#192=PLANE('',#9749);
#193=PLANE('',#9751);
#194=PLANE('',#9753);
#195=PLANE('',#9755);
#196=PLANE('',#9757);
#197=PLANE('',#9759);
#198=PLANE('',#9761);
#199=PLANE('',#9763);
#200=PLANE('',#9765);
#201=PLANE('',#9767);
#202=PLANE('',#9769);
#203=PLANE('',#9771);
#204=PLANE('',#9773);
#205=PLANE('',#9775);
#206=PLANE('',#9777);
#207=PLANE('',#9779);
#208=PLANE('',#9781);
#209=PLANE('',#9783);
#210=PLANE('',#9785);
#211=PLANE('',#9787);
#212=PLANE('',#9788);
#213=PLANE('',#9790);
#214=PLANE('',#9792);
#215=PLANE('',#9793);
#216=PLANE('',#9795);
#217=PLANE('',#9797);
#218=PLANE('',#9799);
#219=PLANE('',#9801);
#220=PLANE('',#9803);
#221=PLANE('',#9805);
#222=PLANE('',#9807);
#223=PLANE('',#9809);
#224=PLANE('',#9811);
#225=PLANE('',#9813);
#226=PLANE('',#9815);
#227=PLANE('',#9817);
#228=PLANE('',#9819);
#229=PLANE('',#9821);
#230=PLANE('',#9823);
#231=PLANE('',#9825);
#232=PLANE('',#9827);
#233=PLANE('',#9829);
#234=PLANE('',#9831);
#235=PLANE('',#9833);
#236=PLANE('',#9835);
#237=PLANE('',#9837);
#238=PLANE('',#9839);
#239=PLANE('',#9841);
#240=PLANE('',#9843);
#241=PLANE('',#9845);
#242=PLANE('',#9847);
#243=PLANE('',#9849);
#244=PLANE('',#9851);
#245=PLANE('',#9853);
#246=PLANE('',#9855);
#247=PLANE('',#9857);
#248=PLANE('',#9859);
#249=PLANE('',#9861);
#250=PLANE('',#9863);
#251=PLANE('',#9865);
#252=PLANE('',#9867);
#253=PLANE('',#9869);
#254=PLANE('',#9871);
#255=PLANE('',#9873);
#256=PLANE('',#9875);
#257=PLANE('',#9877);
#258=PLANE('',#9879);
#259=PLANE('',#9881);
#260=PLANE('',#9883);
#261=PLANE('',#9885);
#262=PLANE('',#9887);
#263=PLANE('',#9889);
#264=PLANE('',#9891);
#265=PLANE('',#9893);
#266=PLANE('',#9895);
#267=PLANE('',#9898);
#268=PLANE('',#9900);
#269=PLANE('',#9902);
#270=PLANE('',#9904);
#271=PLANE('',#9905);
#272=PLANE('',#9907);
#273=PLANE('',#9908);
#274=PLANE('',#9910);
#275=PLANE('',#9912);
#276=PLANE('',#9913);
#277=PLANE('',#9915);
#278=PLANE('',#9916);
#279=PLANE('',#9918);
#280=PLANE('',#9920);
#281=PLANE('',#9922);
#282=PLANE('',#9924);
#283=PLANE('',#9926);
#284=PLANE('',#9927);
#285=PLANE('',#9929);
#286=PLANE('',#9931);
#287=PLANE('',#9933);
#288=PLANE('',#9935);
#289=PLANE('',#9937);
#290=PLANE('',#9939);
#291=PLANE('',#9941);
#292=PLANE('',#9943);
#293=PLANE('',#9945);
#294=PLANE('',#9947);
#295=PLANE('',#9949);
#296=PLANE('',#9951);
#297=PLANE('',#9953);
#298=PLANE('',#9955);
#299=PLANE('',#9957);
#300=PLANE('',#9959);
#301=PLANE('',#9961);
#302=PLANE('',#9963);
#303=PLANE('',#9965);
#304=PLANE('',#9967);
#305=PLANE('',#9969);
#306=PLANE('',#9971);
#307=PLANE('',#9973);
#308=PLANE('',#9975);
#309=PLANE('',#9977);
#310=PLANE('',#9979);
#311=PLANE('',#9981);
#312=PLANE('',#9983);
#313=PLANE('',#9985);
#314=PLANE('',#9987);
#315=PLANE('',#9989);
#316=PLANE('',#9991);
#317=PLANE('',#9993);
#318=PLANE('',#9995);
#319=PLANE('',#9997);
#320=PLANE('',#9999);
#321=PLANE('',#10001);
#322=PLANE('',#10003);
#323=PLANE('',#10005);
#324=PLANE('',#10007);
#325=PLANE('',#10009);
#326=PLANE('',#10011);
#327=PLANE('',#10013);
#328=PLANE('',#10015);
#329=PLANE('',#10017);
#330=PLANE('',#10019);
#331=PLANE('',#10021);
#332=PLANE('',#10023);
#333=PLANE('',#10025);
#334=PLANE('',#10027);
#335=PLANE('',#10029);
#336=PLANE('',#10031);
#337=PLANE('',#10033);
#338=PLANE('',#10035);
#339=PLANE('',#10037);
#340=PLANE('',#10039);
#341=PLANE('',#10040);
#342=PLANE('',#10041);
#343=PLANE('',#10042);
#344=PLANE('',#10043);
#345=FACE_OUTER_BOUND('',#795,.T.);
#346=FACE_OUTER_BOUND('',#796,.T.);
#347=FACE_OUTER_BOUND('',#797,.T.);
#348=FACE_OUTER_BOUND('',#798,.T.);
#349=FACE_OUTER_BOUND('',#799,.T.);
#350=FACE_OUTER_BOUND('',#800,.T.);
#351=FACE_OUTER_BOUND('',#802,.T.);
#352=FACE_OUTER_BOUND('',#803,.T.);
#353=FACE_OUTER_BOUND('',#804,.T.);
#354=FACE_OUTER_BOUND('',#805,.T.);
#355=FACE_OUTER_BOUND('',#806,.T.);
#356=FACE_OUTER_BOUND('',#807,.T.);
#357=FACE_OUTER_BOUND('',#808,.T.);
#358=FACE_OUTER_BOUND('',#809,.T.);
#359=FACE_OUTER_BOUND('',#810,.T.);
#360=FACE_OUTER_BOUND('',#811,.T.);
#361=FACE_OUTER_BOUND('',#812,.T.);
#362=FACE_OUTER_BOUND('',#813,.T.);
#363=FACE_OUTER_BOUND('',#814,.T.);
#364=FACE_OUTER_BOUND('',#815,.T.);
#365=FACE_OUTER_BOUND('',#816,.T.);
#366=FACE_OUTER_BOUND('',#817,.T.);
#367=FACE_OUTER_BOUND('',#818,.T.);
#368=FACE_OUTER_BOUND('',#819,.T.);
#369=FACE_OUTER_BOUND('',#820,.T.);
#370=FACE_OUTER_BOUND('',#821,.T.);
#371=FACE_OUTER_BOUND('',#822,.T.);
#372=FACE_OUTER_BOUND('',#823,.T.);
#373=FACE_OUTER_BOUND('',#824,.T.);
#374=FACE_OUTER_BOUND('',#825,.T.);
#375=FACE_OUTER_BOUND('',#826,.T.);
#376=FACE_OUTER_BOUND('',#827,.T.);
#377=FACE_OUTER_BOUND('',#828,.T.);
#378=FACE_OUTER_BOUND('',#829,.T.);
#379=FACE_OUTER_BOUND('',#830,.T.);
#380=FACE_OUTER_BOUND('',#831,.T.);
#381=FACE_OUTER_BOUND('',#832,.T.);
#382=FACE_OUTER_BOUND('',#833,.T.);
#383=FACE_OUTER_BOUND('',#834,.T.);
#384=FACE_OUTER_BOUND('',#835,.T.);
#385=FACE_OUTER_BOUND('',#836,.T.);
#386=FACE_OUTER_BOUND('',#837,.T.);
#387=FACE_OUTER_BOUND('',#838,.T.);
#388=FACE_OUTER_BOUND('',#839,.T.);
#389=FACE_OUTER_BOUND('',#840,.T.);
#390=FACE_OUTER_BOUND('',#841,.T.);
#391=FACE_OUTER_BOUND('',#842,.T.);
#392=FACE_OUTER_BOUND('',#843,.T.);
#393=FACE_OUTER_BOUND('',#844,.T.);
#394=FACE_OUTER_BOUND('',#845,.T.);
#395=FACE_OUTER_BOUND('',#846,.T.);
#396=FACE_OUTER_BOUND('',#847,.T.);
#397=FACE_OUTER_BOUND('',#848,.T.);
#398=FACE_OUTER_BOUND('',#849,.T.);
#399=FACE_OUTER_BOUND('',#850,.T.);
#400=FACE_OUTER_BOUND('',#851,.T.);
#401=FACE_OUTER_BOUND('',#852,.T.);
#402=FACE_OUTER_BOUND('',#853,.T.);
#403=FACE_OUTER_BOUND('',#854,.T.);
#404=FACE_OUTER_BOUND('',#855,.T.);
#405=FACE_OUTER_BOUND('',#856,.T.);
#406=FACE_OUTER_BOUND('',#857,.T.);
#407=FACE_OUTER_BOUND('',#858,.T.);
#408=FACE_OUTER_BOUND('',#859,.T.);
#409=FACE_OUTER_BOUND('',#860,.T.);
#410=FACE_OUTER_BOUND('',#861,.T.);
#411=FACE_OUTER_BOUND('',#862,.T.);
#412=FACE_OUTER_BOUND('',#863,.T.);
#413=FACE_OUTER_BOUND('',#864,.T.);
#414=FACE_OUTER_BOUND('',#865,.T.);
#415=FACE_OUTER_BOUND('',#866,.T.);
#416=FACE_OUTER_BOUND('',#867,.T.);
#417=FACE_OUTER_BOUND('',#868,.T.);
#418=FACE_OUTER_BOUND('',#910,.T.);
#419=FACE_OUTER_BOUND('',#911,.T.);
#420=FACE_OUTER_BOUND('',#912,.T.);
#421=FACE_OUTER_BOUND('',#913,.T.);
#422=FACE_OUTER_BOUND('',#955,.T.);
#423=FACE_OUTER_BOUND('',#956,.T.);
#424=FACE_OUTER_BOUND('',#957,.T.);
#425=FACE_OUTER_BOUND('',#958,.T.);
#426=FACE_OUTER_BOUND('',#959,.T.);
#427=FACE_OUTER_BOUND('',#960,.T.);
#428=FACE_OUTER_BOUND('',#961,.T.);
#429=FACE_OUTER_BOUND('',#962,.T.);
#430=FACE_OUTER_BOUND('',#963,.T.);
#431=FACE_OUTER_BOUND('',#964,.T.);
#432=FACE_OUTER_BOUND('',#965,.T.);
#433=FACE_OUTER_BOUND('',#966,.T.);
#434=FACE_OUTER_BOUND('',#967,.T.);
#435=FACE_OUTER_BOUND('',#968,.T.);
#436=FACE_OUTER_BOUND('',#969,.T.);
#437=FACE_OUTER_BOUND('',#970,.T.);
#438=FACE_OUTER_BOUND('',#971,.T.);
#439=FACE_OUTER_BOUND('',#972,.T.);
#440=FACE_OUTER_BOUND('',#973,.T.);
#441=FACE_OUTER_BOUND('',#974,.T.);
#442=FACE_OUTER_BOUND('',#975,.T.);
#443=FACE_OUTER_BOUND('',#976,.T.);
#444=FACE_OUTER_BOUND('',#977,.T.);
#445=FACE_OUTER_BOUND('',#978,.T.);
#446=FACE_OUTER_BOUND('',#979,.T.);
#447=FACE_OUTER_BOUND('',#980,.T.);
#448=FACE_OUTER_BOUND('',#981,.T.);
#449=FACE_OUTER_BOUND('',#982,.T.);
#450=FACE_OUTER_BOUND('',#983,.T.);
#451=FACE_OUTER_BOUND('',#984,.T.);
#452=FACE_OUTER_BOUND('',#985,.T.);
#453=FACE_OUTER_BOUND('',#986,.T.);
#454=FACE_OUTER_BOUND('',#987,.T.);
#455=FACE_OUTER_BOUND('',#988,.T.);
#456=FACE_OUTER_BOUND('',#989,.T.);
#457=FACE_OUTER_BOUND('',#990,.T.);
#458=FACE_OUTER_BOUND('',#991,.T.);
#459=FACE_OUTER_BOUND('',#992,.T.);
#460=FACE_OUTER_BOUND('',#993,.T.);
#461=FACE_OUTER_BOUND('',#994,.T.);
#462=FACE_OUTER_BOUND('',#995,.T.);
#463=FACE_OUTER_BOUND('',#996,.T.);
#464=FACE_OUTER_BOUND('',#997,.T.);
#465=FACE_OUTER_BOUND('',#998,.T.);
#466=FACE_OUTER_BOUND('',#999,.T.);
#467=FACE_OUTER_BOUND('',#1000,.T.);
#468=FACE_OUTER_BOUND('',#1001,.T.);
#469=FACE_OUTER_BOUND('',#1002,.T.);
#470=FACE_OUTER_BOUND('',#1003,.T.);
#471=FACE_OUTER_BOUND('',#1004,.T.);
#472=FACE_OUTER_BOUND('',#1005,.T.);
#473=FACE_OUTER_BOUND('',#1006,.T.);
#474=FACE_OUTER_BOUND('',#1007,.T.);
#475=FACE_OUTER_BOUND('',#1008,.T.);
#476=FACE_OUTER_BOUND('',#1009,.T.);
#477=FACE_OUTER_BOUND('',#1010,.T.);
#478=FACE_OUTER_BOUND('',#1011,.T.);
#479=FACE_OUTER_BOUND('',#1012,.T.);
#480=FACE_OUTER_BOUND('',#1013,.T.);
#481=FACE_OUTER_BOUND('',#1014,.T.);
#482=FACE_OUTER_BOUND('',#1015,.T.);
#483=FACE_OUTER_BOUND('',#1016,.T.);
#484=FACE_OUTER_BOUND('',#1017,.T.);
#485=FACE_OUTER_BOUND('',#1018,.T.);
#486=FACE_OUTER_BOUND('',#1019,.T.);
#487=FACE_OUTER_BOUND('',#1020,.T.);
#488=FACE_OUTER_BOUND('',#1021,.T.);
#489=FACE_OUTER_BOUND('',#1022,.T.);
#490=FACE_OUTER_BOUND('',#1023,.T.);
#491=FACE_OUTER_BOUND('',#1024,.T.);
#492=FACE_OUTER_BOUND('',#1025,.T.);
#493=FACE_OUTER_BOUND('',#1026,.T.);
#494=FACE_OUTER_BOUND('',#1027,.T.);
#495=FACE_OUTER_BOUND('',#1028,.T.);
#496=FACE_OUTER_BOUND('',#1029,.T.);
#497=FACE_OUTER_BOUND('',#1030,.T.);
#498=FACE_OUTER_BOUND('',#1031,.T.);
#499=FACE_OUTER_BOUND('',#1032,.T.);
#500=FACE_OUTER_BOUND('',#1033,.T.);
#501=FACE_OUTER_BOUND('',#1034,.T.);
#502=FACE_OUTER_BOUND('',#1035,.T.);
#503=FACE_OUTER_BOUND('',#1036,.T.);
#504=FACE_OUTER_BOUND('',#1037,.T.);
#505=FACE_OUTER_BOUND('',#1038,.T.);
#506=FACE_OUTER_BOUND('',#1039,.T.);
#507=FACE_OUTER_BOUND('',#1040,.T.);
#508=FACE_OUTER_BOUND('',#1041,.T.);
#509=FACE_OUTER_BOUND('',#1042,.T.);
#510=FACE_OUTER_BOUND('',#1043,.T.);
#511=FACE_OUTER_BOUND('',#1044,.T.);
#512=FACE_OUTER_BOUND('',#1045,.T.);
#513=FACE_OUTER_BOUND('',#1046,.T.);
#514=FACE_OUTER_BOUND('',#1047,.T.);
#515=FACE_OUTER_BOUND('',#1048,.T.);
#516=FACE_OUTER_BOUND('',#1049,.T.);
#517=FACE_OUTER_BOUND('',#1050,.T.);
#518=FACE_OUTER_BOUND('',#1051,.T.);
#519=FACE_OUTER_BOUND('',#1052,.T.);
#520=FACE_OUTER_BOUND('',#1053,.T.);
#521=FACE_OUTER_BOUND('',#1054,.T.);
#522=FACE_OUTER_BOUND('',#1055,.T.);
#523=FACE_OUTER_BOUND('',#1056,.T.);
#524=FACE_OUTER_BOUND('',#1057,.T.);
#525=FACE_OUTER_BOUND('',#1058,.T.);
#526=FACE_OUTER_BOUND('',#1059,.T.);
#527=FACE_OUTER_BOUND('',#1060,.T.);
#528=FACE_OUTER_BOUND('',#1061,.T.);
#529=FACE_OUTER_BOUND('',#1062,.T.);
#530=FACE_OUTER_BOUND('',#1063,.T.);
#531=FACE_OUTER_BOUND('',#1064,.T.);
#532=FACE_OUTER_BOUND('',#1065,.T.);
#533=FACE_OUTER_BOUND('',#1066,.T.);
#534=FACE_OUTER_BOUND('',#1067,.T.);
#535=FACE_OUTER_BOUND('',#1068,.T.);
#536=FACE_OUTER_BOUND('',#1069,.T.);
#537=FACE_OUTER_BOUND('',#1070,.T.);
#538=FACE_OUTER_BOUND('',#1071,.T.);
#539=FACE_OUTER_BOUND('',#1072,.T.);
#540=FACE_OUTER_BOUND('',#1073,.T.);
#541=FACE_OUTER_BOUND('',#1074,.T.);
#542=FACE_OUTER_BOUND('',#1075,.T.);
#543=FACE_OUTER_BOUND('',#1076,.T.);
#544=FACE_OUTER_BOUND('',#1077,.T.);
#545=FACE_OUTER_BOUND('',#1078,.T.);
#546=FACE_OUTER_BOUND('',#1079,.T.);
#547=FACE_OUTER_BOUND('',#1080,.T.);
#548=FACE_OUTER_BOUND('',#1081,.T.);
#549=FACE_OUTER_BOUND('',#1082,.T.);
#550=FACE_OUTER_BOUND('',#1083,.T.);
#551=FACE_OUTER_BOUND('',#1084,.T.);
#552=FACE_OUTER_BOUND('',#1085,.T.);
#553=FACE_OUTER_BOUND('',#1086,.T.);
#554=FACE_OUTER_BOUND('',#1087,.T.);
#555=FACE_OUTER_BOUND('',#1088,.T.);
#556=FACE_OUTER_BOUND('',#1089,.T.);
#557=FACE_OUTER_BOUND('',#1090,.T.);
#558=FACE_OUTER_BOUND('',#1091,.T.);
#559=FACE_OUTER_BOUND('',#1092,.T.);
#560=FACE_OUTER_BOUND('',#1093,.T.);
#561=FACE_OUTER_BOUND('',#1094,.T.);
#562=FACE_OUTER_BOUND('',#1095,.T.);
#563=FACE_OUTER_BOUND('',#1096,.T.);
#564=FACE_OUTER_BOUND('',#1097,.T.);
#565=FACE_OUTER_BOUND('',#1098,.T.);
#566=FACE_OUTER_BOUND('',#1099,.T.);
#567=FACE_OUTER_BOUND('',#1100,.T.);
#568=FACE_OUTER_BOUND('',#1101,.T.);
#569=FACE_OUTER_BOUND('',#1102,.T.);
#570=FACE_OUTER_BOUND('',#1103,.T.);
#571=FACE_OUTER_BOUND('',#1104,.T.);
#572=FACE_OUTER_BOUND('',#1105,.T.);
#573=FACE_OUTER_BOUND('',#1106,.T.);
#574=FACE_OUTER_BOUND('',#1107,.T.);
#575=FACE_OUTER_BOUND('',#1108,.T.);
#576=FACE_OUTER_BOUND('',#1109,.T.);
#577=FACE_OUTER_BOUND('',#1110,.T.);
#578=FACE_OUTER_BOUND('',#1111,.T.);
#579=FACE_OUTER_BOUND('',#1112,.T.);
#580=FACE_OUTER_BOUND('',#1113,.T.);
#581=FACE_OUTER_BOUND('',#1114,.T.);
#582=FACE_OUTER_BOUND('',#1115,.T.);
#583=FACE_OUTER_BOUND('',#1116,.T.);
#584=FACE_OUTER_BOUND('',#1117,.T.);
#585=FACE_OUTER_BOUND('',#1118,.T.);
#586=FACE_OUTER_BOUND('',#1119,.T.);
#587=FACE_OUTER_BOUND('',#1120,.T.);
#588=FACE_OUTER_BOUND('',#1121,.T.);
#589=FACE_OUTER_BOUND('',#1122,.T.);
#590=FACE_OUTER_BOUND('',#1123,.T.);
#591=FACE_OUTER_BOUND('',#1124,.T.);
#592=FACE_OUTER_BOUND('',#1125,.T.);
#593=FACE_OUTER_BOUND('',#1126,.T.);
#594=FACE_OUTER_BOUND('',#1127,.T.);
#595=FACE_OUTER_BOUND('',#1128,.T.);
#596=FACE_OUTER_BOUND('',#1129,.T.);
#597=FACE_OUTER_BOUND('',#1130,.T.);
#598=FACE_OUTER_BOUND('',#1131,.T.);
#599=FACE_OUTER_BOUND('',#1132,.T.);
#600=FACE_OUTER_BOUND('',#1133,.T.);
#601=FACE_OUTER_BOUND('',#1134,.T.);
#602=FACE_OUTER_BOUND('',#1135,.T.);
#603=FACE_OUTER_BOUND('',#1136,.T.);
#604=FACE_OUTER_BOUND('',#1137,.T.);
#605=FACE_OUTER_BOUND('',#1138,.T.);
#606=FACE_OUTER_BOUND('',#1139,.T.);
#607=FACE_OUTER_BOUND('',#1140,.T.);
#608=FACE_OUTER_BOUND('',#1141,.T.);
#609=FACE_OUTER_BOUND('',#1142,.T.);
#610=FACE_OUTER_BOUND('',#1143,.T.);
#611=FACE_OUTER_BOUND('',#1144,.T.);
#612=FACE_OUTER_BOUND('',#1145,.T.);
#613=FACE_OUTER_BOUND('',#1146,.T.);
#614=FACE_OUTER_BOUND('',#1147,.T.);
#615=FACE_OUTER_BOUND('',#1148,.T.);
#616=FACE_OUTER_BOUND('',#1149,.T.);
#617=FACE_OUTER_BOUND('',#1150,.T.);
#618=FACE_OUTER_BOUND('',#1151,.T.);
#619=FACE_OUTER_BOUND('',#1152,.T.);
#620=FACE_OUTER_BOUND('',#1153,.T.);
#621=FACE_OUTER_BOUND('',#1154,.T.);
#622=FACE_OUTER_BOUND('',#1155,.T.);
#623=FACE_OUTER_BOUND('',#1156,.T.);
#624=FACE_OUTER_BOUND('',#1157,.T.);
#625=FACE_OUTER_BOUND('',#1158,.T.);
#626=FACE_OUTER_BOUND('',#1159,.T.);
#627=FACE_OUTER_BOUND('',#1160,.T.);
#628=FACE_OUTER_BOUND('',#1161,.T.);
#629=FACE_OUTER_BOUND('',#1162,.T.);
#630=FACE_OUTER_BOUND('',#1163,.T.);
#631=FACE_OUTER_BOUND('',#1164,.T.);
#632=FACE_OUTER_BOUND('',#1165,.T.);
#633=FACE_OUTER_BOUND('',#1166,.T.);
#634=FACE_OUTER_BOUND('',#1167,.T.);
#635=FACE_OUTER_BOUND('',#1168,.T.);
#636=FACE_OUTER_BOUND('',#1169,.T.);
#637=FACE_OUTER_BOUND('',#1170,.T.);
#638=FACE_OUTER_BOUND('',#1171,.T.);
#639=FACE_OUTER_BOUND('',#1172,.T.);
#640=FACE_OUTER_BOUND('',#1173,.T.);
#641=FACE_OUTER_BOUND('',#1174,.T.);
#642=FACE_OUTER_BOUND('',#1175,.T.);
#643=FACE_OUTER_BOUND('',#1176,.T.);
#644=FACE_OUTER_BOUND('',#1177,.T.);
#645=FACE_OUTER_BOUND('',#1178,.T.);
#646=FACE_OUTER_BOUND('',#1179,.T.);
#647=FACE_OUTER_BOUND('',#1180,.T.);
#648=FACE_OUTER_BOUND('',#1181,.T.);
#649=FACE_OUTER_BOUND('',#1182,.T.);
#650=FACE_OUTER_BOUND('',#1183,.T.);
#651=FACE_OUTER_BOUND('',#1184,.T.);
#652=FACE_OUTER_BOUND('',#1185,.T.);
#653=FACE_OUTER_BOUND('',#1186,.T.);
#654=FACE_OUTER_BOUND('',#1187,.T.);
#655=FACE_OUTER_BOUND('',#1188,.T.);
#656=FACE_OUTER_BOUND('',#1189,.T.);
#657=FACE_OUTER_BOUND('',#1190,.T.);
#658=FACE_OUTER_BOUND('',#1191,.T.);
#659=FACE_OUTER_BOUND('',#1192,.T.);
#660=FACE_OUTER_BOUND('',#1193,.T.);
#661=FACE_OUTER_BOUND('',#1194,.T.);
#662=FACE_OUTER_BOUND('',#1195,.T.);
#663=FACE_OUTER_BOUND('',#1196,.T.);
#664=FACE_OUTER_BOUND('',#1197,.T.);
#665=FACE_OUTER_BOUND('',#1198,.T.);
#666=FACE_OUTER_BOUND('',#1199,.T.);
#667=FACE_OUTER_BOUND('',#1200,.T.);
#668=FACE_OUTER_BOUND('',#1201,.T.);
#669=FACE_OUTER_BOUND('',#1202,.T.);
#670=FACE_OUTER_BOUND('',#1203,.T.);
#671=FACE_OUTER_BOUND('',#1204,.T.);
#672=FACE_OUTER_BOUND('',#1205,.T.);
#673=FACE_OUTER_BOUND('',#1206,.T.);
#674=FACE_OUTER_BOUND('',#1207,.T.);
#675=FACE_OUTER_BOUND('',#1208,.T.);
#676=FACE_OUTER_BOUND('',#1209,.T.);
#677=FACE_OUTER_BOUND('',#1210,.T.);
#678=FACE_OUTER_BOUND('',#1211,.T.);
#679=FACE_OUTER_BOUND('',#1212,.T.);
#680=FACE_OUTER_BOUND('',#1213,.T.);
#681=FACE_OUTER_BOUND('',#1214,.T.);
#682=FACE_OUTER_BOUND('',#1215,.T.);
#683=FACE_OUTER_BOUND('',#1216,.T.);
#684=FACE_OUTER_BOUND('',#1217,.T.);
#685=FACE_OUTER_BOUND('',#1218,.T.);
#686=FACE_OUTER_BOUND('',#1219,.T.);
#687=FACE_OUTER_BOUND('',#1220,.T.);
#688=FACE_OUTER_BOUND('',#1221,.T.);
#689=FACE_OUTER_BOUND('',#1222,.T.);
#690=FACE_OUTER_BOUND('',#1223,.T.);
#691=FACE_OUTER_BOUND('',#1224,.T.);
#692=FACE_OUTER_BOUND('',#1225,.T.);
#693=FACE_OUTER_BOUND('',#1226,.T.);
#694=FACE_OUTER_BOUND('',#1227,.T.);
#695=FACE_OUTER_BOUND('',#1228,.T.);
#696=FACE_OUTER_BOUND('',#1229,.T.);
#697=FACE_OUTER_BOUND('',#1230,.T.);
#698=FACE_OUTER_BOUND('',#1231,.T.);
#699=FACE_OUTER_BOUND('',#1232,.T.);
#700=FACE_OUTER_BOUND('',#1233,.T.);
#701=FACE_OUTER_BOUND('',#1234,.T.);
#702=FACE_OUTER_BOUND('',#1235,.T.);
#703=FACE_OUTER_BOUND('',#1236,.T.);
#704=FACE_OUTER_BOUND('',#1237,.T.);
#705=FACE_OUTER_BOUND('',#1238,.T.);
#706=FACE_OUTER_BOUND('',#1239,.T.);
#707=FACE_OUTER_BOUND('',#1240,.T.);
#708=FACE_OUTER_BOUND('',#1241,.T.);
#709=FACE_OUTER_BOUND('',#1242,.T.);
#710=FACE_OUTER_BOUND('',#1243,.T.);
#711=FACE_OUTER_BOUND('',#1244,.T.);
#712=FACE_OUTER_BOUND('',#1245,.T.);
#713=FACE_OUTER_BOUND('',#1246,.T.);
#714=FACE_OUTER_BOUND('',#1247,.T.);
#715=FACE_OUTER_BOUND('',#1248,.T.);
#716=FACE_OUTER_BOUND('',#1249,.T.);
#717=FACE_OUTER_BOUND('',#1250,.T.);
#718=FACE_OUTER_BOUND('',#1251,.T.);
#719=FACE_OUTER_BOUND('',#1252,.T.);
#720=FACE_OUTER_BOUND('',#1253,.T.);
#721=FACE_OUTER_BOUND('',#1254,.T.);
#722=FACE_OUTER_BOUND('',#1255,.T.);
#723=FACE_OUTER_BOUND('',#1256,.T.);
#724=FACE_OUTER_BOUND('',#1257,.T.);
#725=FACE_OUTER_BOUND('',#1258,.T.);
#726=FACE_OUTER_BOUND('',#1259,.T.);
#727=FACE_OUTER_BOUND('',#1260,.T.);
#728=FACE_OUTER_BOUND('',#1261,.T.);
#729=FACE_OUTER_BOUND('',#1262,.T.);
#730=FACE_OUTER_BOUND('',#1263,.T.);
#731=FACE_OUTER_BOUND('',#1264,.T.);
#732=FACE_OUTER_BOUND('',#1265,.T.);
#733=FACE_OUTER_BOUND('',#1266,.T.);
#734=FACE_OUTER_BOUND('',#1267,.T.);
#735=FACE_OUTER_BOUND('',#1268,.T.);
#736=FACE_OUTER_BOUND('',#1269,.T.);
#737=FACE_OUTER_BOUND('',#1270,.T.);
#738=FACE_OUTER_BOUND('',#1271,.T.);
#739=FACE_OUTER_BOUND('',#1272,.T.);
#740=FACE_OUTER_BOUND('',#1273,.T.);
#741=FACE_OUTER_BOUND('',#1274,.T.);
#742=FACE_OUTER_BOUND('',#1275,.T.);
#743=FACE_OUTER_BOUND('',#1276,.T.);
#744=FACE_OUTER_BOUND('',#1277,.T.);
#745=FACE_OUTER_BOUND('',#1278,.T.);
#746=FACE_OUTER_BOUND('',#1279,.T.);
#747=FACE_OUTER_BOUND('',#1280,.T.);
#748=FACE_OUTER_BOUND('',#1281,.T.);
#749=FACE_OUTER_BOUND('',#1282,.T.);
#750=FACE_OUTER_BOUND('',#1283,.T.);
#751=FACE_OUTER_BOUND('',#1284,.T.);
#752=FACE_OUTER_BOUND('',#1285,.T.);
#753=FACE_OUTER_BOUND('',#1286,.T.);
#754=FACE_OUTER_BOUND('',#1287,.T.);
#755=FACE_OUTER_BOUND('',#1288,.T.);
#756=FACE_OUTER_BOUND('',#1289,.T.);
#757=FACE_OUTER_BOUND('',#1290,.T.);
#758=FACE_OUTER_BOUND('',#1291,.T.);
#759=FACE_OUTER_BOUND('',#1292,.T.);
#760=FACE_OUTER_BOUND('',#1293,.T.);
#761=FACE_OUTER_BOUND('',#1294,.T.);
#762=FACE_OUTER_BOUND('',#1295,.T.);
#763=FACE_OUTER_BOUND('',#1296,.T.);
#764=FACE_OUTER_BOUND('',#1297,.T.);
#765=FACE_OUTER_BOUND('',#1298,.T.);
#766=FACE_OUTER_BOUND('',#1299,.T.);
#767=FACE_OUTER_BOUND('',#1300,.T.);
#768=FACE_OUTER_BOUND('',#1301,.T.);
#769=FACE_OUTER_BOUND('',#1302,.T.);
#770=FACE_OUTER_BOUND('',#1303,.T.);
#771=FACE_OUTER_BOUND('',#1304,.T.);
#772=FACE_OUTER_BOUND('',#1305,.T.);
#773=FACE_OUTER_BOUND('',#1306,.T.);
#774=FACE_OUTER_BOUND('',#1307,.T.);
#775=FACE_OUTER_BOUND('',#1308,.T.);
#776=FACE_OUTER_BOUND('',#1309,.T.);
#777=FACE_OUTER_BOUND('',#1310,.T.);
#778=FACE_OUTER_BOUND('',#1311,.T.);
#779=FACE_OUTER_BOUND('',#1312,.T.);
#780=FACE_OUTER_BOUND('',#1313,.T.);
#781=FACE_OUTER_BOUND('',#1314,.T.);
#782=FACE_OUTER_BOUND('',#1315,.T.);
#783=FACE_OUTER_BOUND('',#1316,.T.);
#784=FACE_OUTER_BOUND('',#1317,.T.);
#785=FACE_OUTER_BOUND('',#1318,.T.);
#786=FACE_OUTER_BOUND('',#1319,.T.);
#787=FACE_OUTER_BOUND('',#1320,.T.);
#788=FACE_OUTER_BOUND('',#1321,.T.);
#789=FACE_OUTER_BOUND('',#1322,.T.);
#790=FACE_OUTER_BOUND('',#1323,.T.);
#791=FACE_OUTER_BOUND('',#1324,.T.);
#792=FACE_OUTER_BOUND('',#1325,.T.);
#793=FACE_OUTER_BOUND('',#1326,.T.);
#794=FACE_OUTER_BOUND('',#1327,.T.);
#795=EDGE_LOOP('',(#5839,#5840,#5841,#5842));
#796=EDGE_LOOP('',(#5843,#5844,#5845,#5846));
#797=EDGE_LOOP('',(#5847,#5848,#5849,#5850));
#798=EDGE_LOOP('',(#5851,#5852,#5853,#5854));
#799=EDGE_LOOP('',(#5855,#5856,#5857,#5858));
#800=EDGE_LOOP('',(#5859,#5860,#5861,#5862));
#801=EDGE_LOOP('',(#5863,#5864,#5865,#5866,#5867,#5868,#5869,#5870,#5871,
#5872,#5873,#5874,#5875,#5876,#5877,#5878,#5879,#5880,#5881,#5882,#5883,
#5884,#5885,#5886,#5887,#5888,#5889,#5890,#5891,#5892,#5893,#5894,#5895,
#5896,#5897,#5898,#5899,#5900,#5901,#5902,#5903,#5904,#5905,#5906,#5907,
#5908,#5909,#5910,#5911,#5912,#5913,#5914,#5915,#5916,#5917,#5918,#5919,
#5920,#5921,#5922));
#802=EDGE_LOOP('',(#5923,#5924,#5925,#5926,#5927,#5928,#5929,#5930,#5931,
#5932,#5933,#5934,#5935,#5936,#5937,#5938,#5939,#5940,#5941,#5942,#5943,
#5944,#5945,#5946,#5947,#5948,#5949,#5950,#5951,#5952,#5953,#5954,#5955,
#5956,#5957,#5958,#5959,#5960,#5961,#5962,#5963,#5964,#5965,#5966));
#803=EDGE_LOOP('',(#5967,#5968,#5969,#5970));
#804=EDGE_LOOP('',(#5971,#5972,#5973,#5974));
#805=EDGE_LOOP('',(#5975,#5976,#5977,#5978));
#806=EDGE_LOOP('',(#5979,#5980,#5981,#5982));
#807=EDGE_LOOP('',(#5983,#5984,#5985,#5986));
#808=EDGE_LOOP('',(#5987,#5988,#5989,#5990));
#809=EDGE_LOOP('',(#5991,#5992,#5993,#5994));
#810=EDGE_LOOP('',(#5995,#5996,#5997,#5998));
#811=EDGE_LOOP('',(#5999,#6000,#6001,#6002));
#812=EDGE_LOOP('',(#6003,#6004,#6005,#6006));
#813=EDGE_LOOP('',(#6007,#6008,#6009,#6010));
#814=EDGE_LOOP('',(#6011,#6012,#6013,#6014));
#815=EDGE_LOOP('',(#6015,#6016,#6017,#6018));
#816=EDGE_LOOP('',(#6019,#6020,#6021,#6022));
#817=EDGE_LOOP('',(#6023,#6024,#6025,#6026));
#818=EDGE_LOOP('',(#6027,#6028,#6029,#6030));
#819=EDGE_LOOP('',(#6031,#6032,#6033,#6034));
#820=EDGE_LOOP('',(#6035,#6036,#6037,#6038));
#821=EDGE_LOOP('',(#6039,#6040,#6041,#6042));
#822=EDGE_LOOP('',(#6043,#6044,#6045,#6046));
#823=EDGE_LOOP('',(#6047,#6048,#6049,#6050));
#824=EDGE_LOOP('',(#6051,#6052,#6053,#6054));
#825=EDGE_LOOP('',(#6055,#6056,#6057,#6058));
#826=EDGE_LOOP('',(#6059,#6060,#6061,#6062));
#827=EDGE_LOOP('',(#6063,#6064,#6065,#6066));
#828=EDGE_LOOP('',(#6067,#6068,#6069,#6070));
#829=EDGE_LOOP('',(#6071,#6072,#6073,#6074));
#830=EDGE_LOOP('',(#6075,#6076,#6077,#6078));
#831=EDGE_LOOP('',(#6079,#6080,#6081,#6082));
#832=EDGE_LOOP('',(#6083,#6084,#6085,#6086));
#833=EDGE_LOOP('',(#6087,#6088,#6089,#6090));
#834=EDGE_LOOP('',(#6091,#6092,#6093,#6094));
#835=EDGE_LOOP('',(#6095,#6096,#6097,#6098));
#836=EDGE_LOOP('',(#6099,#6100,#6101,#6102));
#837=EDGE_LOOP('',(#6103,#6104,#6105,#6106));
#838=EDGE_LOOP('',(#6107,#6108,#6109,#6110));
#839=EDGE_LOOP('',(#6111,#6112,#6113,#6114));
#840=EDGE_LOOP('',(#6115,#6116,#6117,#6118));
#841=EDGE_LOOP('',(#6119,#6120,#6121,#6122));
#842=EDGE_LOOP('',(#6123,#6124,#6125,#6126));
#843=EDGE_LOOP('',(#6127,#6128,#6129,#6130));
#844=EDGE_LOOP('',(#6131,#6132,#6133,#6134));
#845=EDGE_LOOP('',(#6135,#6136,#6137,#6138));
#846=EDGE_LOOP('',(#6139,#6140,#6141,#6142));
#847=EDGE_LOOP('',(#6143,#6144,#6145,#6146));
#848=EDGE_LOOP('',(#6147,#6148,#6149,#6150));
#849=EDGE_LOOP('',(#6151,#6152,#6153,#6154));
#850=EDGE_LOOP('',(#6155,#6156,#6157,#6158));
#851=EDGE_LOOP('',(#6159,#6160,#6161,#6162));
#852=EDGE_LOOP('',(#6163,#6164,#6165,#6166));
#853=EDGE_LOOP('',(#6167,#6168,#6169,#6170));
#854=EDGE_LOOP('',(#6171,#6172,#6173,#6174));
#855=EDGE_LOOP('',(#6175,#6176,#6177,#6178));
#856=EDGE_LOOP('',(#6179,#6180,#6181,#6182));
#857=EDGE_LOOP('',(#6183,#6184,#6185,#6186));
#858=EDGE_LOOP('',(#6187,#6188,#6189,#6190,#6191,#6192));
#859=EDGE_LOOP('',(#6193,#6194,#6195,#6196));
#860=EDGE_LOOP('',(#6197,#6198,#6199,#6200,#6201,#6202));
#861=EDGE_LOOP('',(#6203,#6204,#6205,#6206));
#862=EDGE_LOOP('',(#6207,#6208,#6209,#6210));
#863=EDGE_LOOP('',(#6211,#6212,#6213,#6214));
#864=EDGE_LOOP('',(#6215,#6216,#6217,#6218));
#865=EDGE_LOOP('',(#6219,#6220,#6221,#6222));
#866=EDGE_LOOP('',(#6223,#6224,#6225,#6226));
#867=EDGE_LOOP('',(#6227,#6228,#6229,#6230));
#868=EDGE_LOOP('',(#6231,#6232,#6233,#6234,#6235,#6236,#6237,#6238,#6239,
#6240,#6241,#6242,#6243,#6244,#6245,#6246,#6247,#6248,#6249,#6250,#6251,
#6252,#6253,#6254,#6255,#6256,#6257,#6258,#6259,#6260,#6261,#6262,#6263,
#6264,#6265,#6266,#6267,#6268,#6269,#6270,#6271,#6272,#6273,#6274,#6275,
#6276,#6277,#6278,#6279,#6280,#6281,#6282,#6283,#6284,#6285,#6286,#6287,
#6288,#6289,#6290,#6291,#6292,#6293,#6294,#6295,#6296));
#869=EDGE_LOOP('',(#6297,#6298,#6299,#6300,#6301,#6302,#6303,#6304));
#870=EDGE_LOOP('',(#6305,#6306,#6307,#6308,#6309,#6310,#6311,#6312));
#871=EDGE_LOOP('',(#6313,#6314,#6315,#6316,#6317,#6318,#6319,#6320));
#872=EDGE_LOOP('',(#6321,#6322,#6323,#6324,#6325,#6326,#6327,#6328));
#873=EDGE_LOOP('',(#6329,#6330,#6331,#6332,#6333,#6334,#6335,#6336));
#874=EDGE_LOOP('',(#6337,#6338,#6339,#6340,#6341,#6342,#6343,#6344));
#875=EDGE_LOOP('',(#6345,#6346,#6347,#6348,#6349,#6350,#6351,#6352));
#876=EDGE_LOOP('',(#6353,#6354,#6355,#6356,#6357,#6358,#6359,#6360));
#877=EDGE_LOOP('',(#6361,#6362,#6363,#6364,#6365,#6366,#6367,#6368));
#878=EDGE_LOOP('',(#6369,#6370,#6371,#6372,#6373,#6374,#6375,#6376));
#879=EDGE_LOOP('',(#6377,#6378,#6379,#6380,#6381,#6382,#6383,#6384));
#880=EDGE_LOOP('',(#6385,#6386,#6387,#6388,#6389,#6390,#6391,#6392));
#881=EDGE_LOOP('',(#6393,#6394,#6395,#6396,#6397,#6398,#6399,#6400));
#882=EDGE_LOOP('',(#6401,#6402,#6403,#6404,#6405,#6406,#6407,#6408));
#883=EDGE_LOOP('',(#6409,#6410,#6411,#6412,#6413,#6414,#6415,#6416,#6417,
#6418,#6419,#6420,#6421,#6422,#6423,#6424,#6425,#6426,#6427,#6428,#6429,
#6430,#6431,#6432,#6433,#6434,#6435,#6436,#6437,#6438,#6439,#6440,#6441,
#6442,#6443,#6444,#6445,#6446,#6447,#6448,#6449,#6450,#6451,#6452,#6453,
#6454,#6455,#6456,#6457,#6458,#6459,#6460,#6461,#6462,#6463,#6464,#6465,
#6466,#6467,#6468));
#884=EDGE_LOOP('',(#6469,#6470,#6471,#6472,#6473,#6474,#6475,#6476));
#885=EDGE_LOOP('',(#6477,#6478,#6479,#6480,#6481,#6482,#6483,#6484));
#886=EDGE_LOOP('',(#6485,#6486,#6487,#6488,#6489,#6490,#6491,#6492));
#887=EDGE_LOOP('',(#6493,#6494,#6495,#6496,#6497,#6498,#6499,#6500));
#888=EDGE_LOOP('',(#6501,#6502,#6503,#6504,#6505,#6506,#6507,#6508));
#889=EDGE_LOOP('',(#6509,#6510,#6511,#6512,#6513,#6514,#6515,#6516));
#890=EDGE_LOOP('',(#6517,#6518,#6519,#6520,#6521,#6522,#6523,#6524));
#891=EDGE_LOOP('',(#6525,#6526,#6527,#6528,#6529,#6530,#6531,#6532));
#892=EDGE_LOOP('',(#6533,#6534,#6535,#6536,#6537,#6538,#6539,#6540));
#893=EDGE_LOOP('',(#6541,#6542,#6543,#6544,#6545,#6546,#6547,#6548));
#894=EDGE_LOOP('',(#6549,#6550,#6551,#6552,#6553,#6554,#6555,#6556));
#895=EDGE_LOOP('',(#6557,#6558,#6559,#6560,#6561,#6562,#6563,#6564));
#896=EDGE_LOOP('',(#6565,#6566,#6567,#6568,#6569,#6570,#6571,#6572));
#897=EDGE_LOOP('',(#6573,#6574,#6575,#6576,#6577,#6578,#6579,#6580));
#898=EDGE_LOOP('',(#6581,#6582,#6583,#6584,#6585,#6586,#6587,#6588));
#899=EDGE_LOOP('',(#6589,#6590,#6591,#6592,#6593,#6594,#6595,#6596));
#900=EDGE_LOOP('',(#6597,#6598,#6599,#6600,#6601,#6602,#6603,#6604));
#901=EDGE_LOOP('',(#6605,#6606,#6607,#6608,#6609,#6610,#6611,#6612));
#902=EDGE_LOOP('',(#6613,#6614,#6615,#6616,#6617,#6618,#6619,#6620));
#903=EDGE_LOOP('',(#6621,#6622,#6623,#6624,#6625,#6626,#6627,#6628));
#904=EDGE_LOOP('',(#6629,#6630,#6631,#6632,#6633,#6634,#6635,#6636));
#905=EDGE_LOOP('',(#6637,#6638,#6639,#6640,#6641,#6642,#6643,#6644));
#906=EDGE_LOOP('',(#6645,#6646,#6647,#6648,#6649,#6650,#6651,#6652));
#907=EDGE_LOOP('',(#6653,#6654,#6655,#6656,#6657,#6658,#6659,#6660));
#908=EDGE_LOOP('',(#6661,#6662,#6663,#6664,#6665,#6666,#6667,#6668));
#909=EDGE_LOOP('',(#6669));
#910=EDGE_LOOP('',(#6670,#6671,#6672,#6673));
#911=EDGE_LOOP('',(#6674,#6675,#6676,#6677));
#912=EDGE_LOOP('',(#6678,#6679,#6680,#6681));
#913=EDGE_LOOP('',(#6682,#6683,#6684,#6685,#6686,#6687,#6688,#6689,#6690,
#6691,#6692,#6693,#6694,#6695,#6696,#6697,#6698,#6699,#6700,#6701,#6702,
#6703,#6704,#6705,#6706,#6707,#6708,#6709,#6710,#6711));
#914=EDGE_LOOP('',(#6712,#6713,#6714,#6715));
#915=EDGE_LOOP('',(#6716,#6717,#6718,#6719,#6720,#6721,#6722,#6723));
#916=EDGE_LOOP('',(#6724,#6725,#6726,#6727,#6728,#6729,#6730,#6731));
#917=EDGE_LOOP('',(#6732,#6733,#6734,#6735,#6736,#6737,#6738,#6739));
#918=EDGE_LOOP('',(#6740,#6741,#6742,#6743,#6744,#6745,#6746,#6747));
#919=EDGE_LOOP('',(#6748,#6749,#6750,#6751,#6752,#6753,#6754,#6755));
#920=EDGE_LOOP('',(#6756,#6757,#6758,#6759,#6760,#6761,#6762,#6763));
#921=EDGE_LOOP('',(#6764,#6765,#6766,#6767,#6768,#6769,#6770,#6771));
#922=EDGE_LOOP('',(#6772,#6773,#6774,#6775,#6776,#6777,#6778,#6779));
#923=EDGE_LOOP('',(#6780,#6781,#6782,#6783,#6784,#6785,#6786,#6787));
#924=EDGE_LOOP('',(#6788,#6789,#6790,#6791,#6792,#6793,#6794,#6795));
#925=EDGE_LOOP('',(#6796,#6797,#6798,#6799,#6800,#6801,#6802,#6803));
#926=EDGE_LOOP('',(#6804,#6805,#6806,#6807,#6808,#6809,#6810,#6811));
#927=EDGE_LOOP('',(#6812,#6813,#6814,#6815,#6816,#6817,#6818,#6819));
#928=EDGE_LOOP('',(#6820,#6821,#6822,#6823,#6824,#6825,#6826,#6827));
#929=EDGE_LOOP('',(#6828,#6829,#6830,#6831,#6832,#6833,#6834,#6835));
#930=EDGE_LOOP('',(#6836,#6837,#6838,#6839,#6840,#6841,#6842,#6843));
#931=EDGE_LOOP('',(#6844,#6845,#6846,#6847,#6848,#6849,#6850,#6851));
#932=EDGE_LOOP('',(#6852,#6853,#6854,#6855,#6856,#6857,#6858,#6859));
#933=EDGE_LOOP('',(#6860,#6861,#6862,#6863,#6864,#6865,#6866,#6867));
#934=EDGE_LOOP('',(#6868,#6869,#6870,#6871,#6872,#6873,#6874,#6875));
#935=EDGE_LOOP('',(#6876,#6877,#6878,#6879,#6880,#6881,#6882,#6883));
#936=EDGE_LOOP('',(#6884,#6885,#6886,#6887,#6888,#6889,#6890,#6891));
#937=EDGE_LOOP('',(#6892,#6893,#6894,#6895,#6896,#6897,#6898,#6899));
#938=EDGE_LOOP('',(#6900,#6901,#6902,#6903,#6904,#6905,#6906,#6907));
#939=EDGE_LOOP('',(#6908,#6909,#6910,#6911,#6912,#6913,#6914,#6915));
#940=EDGE_LOOP('',(#6916,#6917,#6918,#6919,#6920,#6921,#6922,#6923));
#941=EDGE_LOOP('',(#6924,#6925,#6926,#6927,#6928,#6929,#6930,#6931));
#942=EDGE_LOOP('',(#6932,#6933,#6934,#6935,#6936,#6937,#6938,#6939));
#943=EDGE_LOOP('',(#6940,#6941,#6942,#6943,#6944,#6945,#6946,#6947));
#944=EDGE_LOOP('',(#6948,#6949,#6950,#6951,#6952,#6953,#6954,#6955));
#945=EDGE_LOOP('',(#6956,#6957,#6958,#6959,#6960,#6961,#6962,#6963));
#946=EDGE_LOOP('',(#6964,#6965,#6966,#6967,#6968,#6969,#6970,#6971));
#947=EDGE_LOOP('',(#6972,#6973,#6974,#6975,#6976,#6977,#6978,#6979));
#948=EDGE_LOOP('',(#6980,#6981,#6982,#6983,#6984,#6985,#6986,#6987));
#949=EDGE_LOOP('',(#6988,#6989,#6990,#6991,#6992,#6993,#6994,#6995));
#950=EDGE_LOOP('',(#6996,#6997,#6998,#6999,#7000,#7001,#7002,#7003));
#951=EDGE_LOOP('',(#7004,#7005,#7006,#7007,#7008,#7009,#7010,#7011));
#952=EDGE_LOOP('',(#7012,#7013,#7014,#7015,#7016,#7017,#7018,#7019));
#953=EDGE_LOOP('',(#7020,#7021,#7022,#7023,#7024,#7025,#7026,#7027));
#954=EDGE_LOOP('',(#7028));
#955=EDGE_LOOP('',(#7029,#7030,#7031,#7032));
#956=EDGE_LOOP('',(#7033,#7034,#7035,#7036));
#957=EDGE_LOOP('',(#7037,#7038,#7039,#7040));
#958=EDGE_LOOP('',(#7041,#7042,#7043,#7044));
#959=EDGE_LOOP('',(#7045,#7046,#7047,#7048));
#960=EDGE_LOOP('',(#7049,#7050,#7051,#7052));
#961=EDGE_LOOP('',(#7053,#7054,#7055,#7056));
#962=EDGE_LOOP('',(#7057,#7058,#7059,#7060));
#963=EDGE_LOOP('',(#7061,#7062,#7063,#7064));
#964=EDGE_LOOP('',(#7065,#7066,#7067,#7068));
#965=EDGE_LOOP('',(#7069,#7070,#7071,#7072));
#966=EDGE_LOOP('',(#7073,#7074,#7075,#7076));
#967=EDGE_LOOP('',(#7077,#7078,#7079,#7080));
#968=EDGE_LOOP('',(#7081,#7082,#7083,#7084));
#969=EDGE_LOOP('',(#7085,#7086,#7087,#7088));
#970=EDGE_LOOP('',(#7089,#7090,#7091,#7092));
#971=EDGE_LOOP('',(#7093,#7094,#7095,#7096));
#972=EDGE_LOOP('',(#7097,#7098,#7099,#7100));
#973=EDGE_LOOP('',(#7101,#7102,#7103,#7104));
#974=EDGE_LOOP('',(#7105,#7106,#7107,#7108));
#975=EDGE_LOOP('',(#7109,#7110,#7111,#7112));
#976=EDGE_LOOP('',(#7113,#7114,#7115,#7116));
#977=EDGE_LOOP('',(#7117,#7118,#7119,#7120));
#978=EDGE_LOOP('',(#7121,#7122,#7123,#7124));
#979=EDGE_LOOP('',(#7125,#7126,#7127,#7128));
#980=EDGE_LOOP('',(#7129,#7130,#7131,#7132));
#981=EDGE_LOOP('',(#7133,#7134,#7135,#7136));
#982=EDGE_LOOP('',(#7137,#7138,#7139,#7140));
#983=EDGE_LOOP('',(#7141,#7142,#7143,#7144));
#984=EDGE_LOOP('',(#7145,#7146,#7147,#7148));
#985=EDGE_LOOP('',(#7149,#7150,#7151,#7152));
#986=EDGE_LOOP('',(#7153,#7154,#7155,#7156));
#987=EDGE_LOOP('',(#7157,#7158,#7159,#7160));
#988=EDGE_LOOP('',(#7161,#7162,#7163,#7164));
#989=EDGE_LOOP('',(#7165,#7166,#7167,#7168));
#990=EDGE_LOOP('',(#7169,#7170,#7171,#7172));
#991=EDGE_LOOP('',(#7173,#7174,#7175,#7176));
#992=EDGE_LOOP('',(#7177,#7178,#7179,#7180));
#993=EDGE_LOOP('',(#7181,#7182,#7183,#7184));
#994=EDGE_LOOP('',(#7185,#7186,#7187,#7188));
#995=EDGE_LOOP('',(#7189,#7190,#7191,#7192));
#996=EDGE_LOOP('',(#7193,#7194,#7195,#7196));
#997=EDGE_LOOP('',(#7197,#7198,#7199,#7200));
#998=EDGE_LOOP('',(#7201,#7202,#7203,#7204));
#999=EDGE_LOOP('',(#7205,#7206,#7207,#7208));
#1000=EDGE_LOOP('',(#7209,#7210,#7211,#7212));
#1001=EDGE_LOOP('',(#7213,#7214,#7215,#7216));
#1002=EDGE_LOOP('',(#7217,#7218,#7219,#7220));
#1003=EDGE_LOOP('',(#7221,#7222,#7223,#7224));
#1004=EDGE_LOOP('',(#7225,#7226,#7227,#7228));
#1005=EDGE_LOOP('',(#7229,#7230,#7231,#7232));
#1006=EDGE_LOOP('',(#7233,#7234,#7235,#7236));
#1007=EDGE_LOOP('',(#7237,#7238,#7239,#7240));
#1008=EDGE_LOOP('',(#7241,#7242,#7243,#7244));
#1009=EDGE_LOOP('',(#7245,#7246,#7247,#7248));
#1010=EDGE_LOOP('',(#7249,#7250,#7251,#7252));
#1011=EDGE_LOOP('',(#7253,#7254,#7255,#7256));
#1012=EDGE_LOOP('',(#7257,#7258,#7259,#7260));
#1013=EDGE_LOOP('',(#7261,#7262,#7263,#7264));
#1014=EDGE_LOOP('',(#7265,#7266,#7267,#7268));
#1015=EDGE_LOOP('',(#7269,#7270,#7271,#7272));
#1016=EDGE_LOOP('',(#7273,#7274,#7275,#7276));
#1017=EDGE_LOOP('',(#7277,#7278,#7279,#7280));
#1018=EDGE_LOOP('',(#7281,#7282,#7283,#7284));
#1019=EDGE_LOOP('',(#7285,#7286,#7287,#7288));
#1020=EDGE_LOOP('',(#7289,#7290,#7291,#7292));
#1021=EDGE_LOOP('',(#7293,#7294,#7295,#7296));
#1022=EDGE_LOOP('',(#7297,#7298,#7299,#7300));
#1023=EDGE_LOOP('',(#7301,#7302,#7303,#7304));
#1024=EDGE_LOOP('',(#7305,#7306,#7307,#7308));
#1025=EDGE_LOOP('',(#7309,#7310,#7311,#7312));
#1026=EDGE_LOOP('',(#7313,#7314,#7315,#7316));
#1027=EDGE_LOOP('',(#7317,#7318,#7319,#7320));
#1028=EDGE_LOOP('',(#7321,#7322,#7323,#7324));
#1029=EDGE_LOOP('',(#7325,#7326,#7327,#7328));
#1030=EDGE_LOOP('',(#7329,#7330,#7331,#7332));
#1031=EDGE_LOOP('',(#7333,#7334,#7335,#7336));
#1032=EDGE_LOOP('',(#7337,#7338,#7339,#7340));
#1033=EDGE_LOOP('',(#7341,#7342,#7343,#7344));
#1034=EDGE_LOOP('',(#7345,#7346,#7347,#7348));
#1035=EDGE_LOOP('',(#7349,#7350,#7351,#7352));
#1036=EDGE_LOOP('',(#7353,#7354,#7355,#7356));
#1037=EDGE_LOOP('',(#7357,#7358,#7359,#7360));
#1038=EDGE_LOOP('',(#7361,#7362,#7363,#7364));
#1039=EDGE_LOOP('',(#7365,#7366,#7367,#7368));
#1040=EDGE_LOOP('',(#7369,#7370,#7371,#7372));
#1041=EDGE_LOOP('',(#7373,#7374,#7375,#7376));
#1042=EDGE_LOOP('',(#7377,#7378,#7379,#7380));
#1043=EDGE_LOOP('',(#7381,#7382,#7383,#7384));
#1044=EDGE_LOOP('',(#7385,#7386,#7387,#7388));
#1045=EDGE_LOOP('',(#7389,#7390,#7391,#7392));
#1046=EDGE_LOOP('',(#7393,#7394,#7395,#7396));
#1047=EDGE_LOOP('',(#7397,#7398,#7399,#7400));
#1048=EDGE_LOOP('',(#7401,#7402,#7403,#7404));
#1049=EDGE_LOOP('',(#7405,#7406,#7407,#7408));
#1050=EDGE_LOOP('',(#7409,#7410,#7411,#7412));
#1051=EDGE_LOOP('',(#7413,#7414,#7415,#7416));
#1052=EDGE_LOOP('',(#7417,#7418,#7419,#7420));
#1053=EDGE_LOOP('',(#7421,#7422,#7423,#7424));
#1054=EDGE_LOOP('',(#7425,#7426,#7427,#7428));
#1055=EDGE_LOOP('',(#7429,#7430,#7431,#7432));
#1056=EDGE_LOOP('',(#7433,#7434,#7435,#7436));
#1057=EDGE_LOOP('',(#7437,#7438,#7439,#7440));
#1058=EDGE_LOOP('',(#7441,#7442,#7443,#7444));
#1059=EDGE_LOOP('',(#7445,#7446,#7447,#7448));
#1060=EDGE_LOOP('',(#7449,#7450,#7451,#7452));
#1061=EDGE_LOOP('',(#7453,#7454,#7455,#7456));
#1062=EDGE_LOOP('',(#7457,#7458,#7459,#7460));
#1063=EDGE_LOOP('',(#7461,#7462,#7463,#7464));
#1064=EDGE_LOOP('',(#7465,#7466,#7467,#7468));
#1065=EDGE_LOOP('',(#7469,#7470,#7471,#7472));
#1066=EDGE_LOOP('',(#7473,#7474,#7475,#7476));
#1067=EDGE_LOOP('',(#7477,#7478,#7479,#7480));
#1068=EDGE_LOOP('',(#7481,#7482,#7483,#7484));
#1069=EDGE_LOOP('',(#7485,#7486,#7487,#7488));
#1070=EDGE_LOOP('',(#7489,#7490,#7491,#7492));
#1071=EDGE_LOOP('',(#7493,#7494,#7495,#7496));
#1072=EDGE_LOOP('',(#7497,#7498,#7499,#7500));
#1073=EDGE_LOOP('',(#7501,#7502,#7503,#7504));
#1074=EDGE_LOOP('',(#7505,#7506,#7507,#7508));
#1075=EDGE_LOOP('',(#7509,#7510,#7511,#7512));
#1076=EDGE_LOOP('',(#7513,#7514,#7515,#7516));
#1077=EDGE_LOOP('',(#7517,#7518,#7519,#7520));
#1078=EDGE_LOOP('',(#7521,#7522,#7523,#7524));
#1079=EDGE_LOOP('',(#7525,#7526,#7527,#7528));
#1080=EDGE_LOOP('',(#7529,#7530,#7531,#7532));
#1081=EDGE_LOOP('',(#7533,#7534,#7535,#7536));
#1082=EDGE_LOOP('',(#7537,#7538,#7539,#7540));
#1083=EDGE_LOOP('',(#7541,#7542,#7543,#7544));
#1084=EDGE_LOOP('',(#7545,#7546,#7547,#7548));
#1085=EDGE_LOOP('',(#7549,#7550,#7551,#7552));
#1086=EDGE_LOOP('',(#7553,#7554,#7555,#7556));
#1087=EDGE_LOOP('',(#7557,#7558,#7559,#7560));
#1088=EDGE_LOOP('',(#7561,#7562,#7563,#7564));
#1089=EDGE_LOOP('',(#7565,#7566,#7567,#7568));
#1090=EDGE_LOOP('',(#7569,#7570,#7571,#7572));
#1091=EDGE_LOOP('',(#7573,#7574,#7575,#7576));
#1092=EDGE_LOOP('',(#7577,#7578,#7579,#7580));
#1093=EDGE_LOOP('',(#7581,#7582,#7583,#7584));
#1094=EDGE_LOOP('',(#7585,#7586,#7587,#7588));
#1095=EDGE_LOOP('',(#7589,#7590,#7591,#7592));
#1096=EDGE_LOOP('',(#7593,#7594,#7595,#7596));
#1097=EDGE_LOOP('',(#7597,#7598,#7599,#7600));
#1098=EDGE_LOOP('',(#7601,#7602,#7603,#7604));
#1099=EDGE_LOOP('',(#7605,#7606,#7607,#7608));
#1100=EDGE_LOOP('',(#7609,#7610,#7611,#7612));
#1101=EDGE_LOOP('',(#7613,#7614,#7615,#7616));
#1102=EDGE_LOOP('',(#7617,#7618,#7619,#7620));
#1103=EDGE_LOOP('',(#7621,#7622,#7623,#7624));
#1104=EDGE_LOOP('',(#7625,#7626,#7627,#7628));
#1105=EDGE_LOOP('',(#7629,#7630,#7631,#7632));
#1106=EDGE_LOOP('',(#7633,#7634,#7635,#7636));
#1107=EDGE_LOOP('',(#7637,#7638,#7639,#7640));
#1108=EDGE_LOOP('',(#7641,#7642,#7643,#7644));
#1109=EDGE_LOOP('',(#7645,#7646,#7647,#7648));
#1110=EDGE_LOOP('',(#7649,#7650,#7651,#7652));
#1111=EDGE_LOOP('',(#7653,#7654,#7655,#7656));
#1112=EDGE_LOOP('',(#7657,#7658,#7659,#7660));
#1113=EDGE_LOOP('',(#7661,#7662,#7663,#7664));
#1114=EDGE_LOOP('',(#7665,#7666,#7667,#7668));
#1115=EDGE_LOOP('',(#7669,#7670,#7671,#7672));
#1116=EDGE_LOOP('',(#7673,#7674,#7675,#7676));
#1117=EDGE_LOOP('',(#7677,#7678,#7679,#7680));
#1118=EDGE_LOOP('',(#7681,#7682,#7683,#7684));
#1119=EDGE_LOOP('',(#7685,#7686,#7687,#7688));
#1120=EDGE_LOOP('',(#7689,#7690,#7691,#7692));
#1121=EDGE_LOOP('',(#7693,#7694,#7695,#7696));
#1122=EDGE_LOOP('',(#7697,#7698,#7699,#7700));
#1123=EDGE_LOOP('',(#7701,#7702,#7703,#7704));
#1124=EDGE_LOOP('',(#7705,#7706,#7707,#7708));
#1125=EDGE_LOOP('',(#7709,#7710,#7711,#7712));
#1126=EDGE_LOOP('',(#7713,#7714,#7715,#7716));
#1127=EDGE_LOOP('',(#7717,#7718,#7719,#7720));
#1128=EDGE_LOOP('',(#7721,#7722,#7723,#7724));
#1129=EDGE_LOOP('',(#7725,#7726,#7727,#7728));
#1130=EDGE_LOOP('',(#7729,#7730,#7731,#7732));
#1131=EDGE_LOOP('',(#7733,#7734,#7735,#7736));
#1132=EDGE_LOOP('',(#7737,#7738,#7739,#7740));
#1133=EDGE_LOOP('',(#7741,#7742,#7743,#7744));
#1134=EDGE_LOOP('',(#7745,#7746,#7747,#7748));
#1135=EDGE_LOOP('',(#7749,#7750,#7751,#7752));
#1136=EDGE_LOOP('',(#7753,#7754,#7755,#7756));
#1137=EDGE_LOOP('',(#7757,#7758,#7759,#7760));
#1138=EDGE_LOOP('',(#7761,#7762,#7763,#7764));
#1139=EDGE_LOOP('',(#7765,#7766,#7767,#7768));
#1140=EDGE_LOOP('',(#7769,#7770,#7771,#7772));
#1141=EDGE_LOOP('',(#7773,#7774,#7775,#7776));
#1142=EDGE_LOOP('',(#7777,#7778,#7779,#7780));
#1143=EDGE_LOOP('',(#7781,#7782,#7783,#7784));
#1144=EDGE_LOOP('',(#7785,#7786,#7787,#7788));
#1145=EDGE_LOOP('',(#7789,#7790,#7791,#7792));
#1146=EDGE_LOOP('',(#7793,#7794,#7795,#7796));
#1147=EDGE_LOOP('',(#7797,#7798,#7799,#7800));
#1148=EDGE_LOOP('',(#7801,#7802,#7803,#7804));
#1149=EDGE_LOOP('',(#7805,#7806,#7807,#7808));
#1150=EDGE_LOOP('',(#7809,#7810,#7811,#7812));
#1151=EDGE_LOOP('',(#7813,#7814,#7815,#7816));
#1152=EDGE_LOOP('',(#7817,#7818,#7819,#7820));
#1153=EDGE_LOOP('',(#7821,#7822,#7823,#7824));
#1154=EDGE_LOOP('',(#7825,#7826,#7827,#7828));
#1155=EDGE_LOOP('',(#7829,#7830,#7831,#7832));
#1156=EDGE_LOOP('',(#7833,#7834,#7835,#7836));
#1157=EDGE_LOOP('',(#7837,#7838,#7839,#7840));
#1158=EDGE_LOOP('',(#7841,#7842,#7843,#7844));
#1159=EDGE_LOOP('',(#7845,#7846,#7847,#7848));
#1160=EDGE_LOOP('',(#7849,#7850,#7851,#7852));
#1161=EDGE_LOOP('',(#7853,#7854,#7855,#7856));
#1162=EDGE_LOOP('',(#7857,#7858,#7859,#7860));
#1163=EDGE_LOOP('',(#7861,#7862,#7863,#7864));
#1164=EDGE_LOOP('',(#7865,#7866,#7867,#7868));
#1165=EDGE_LOOP('',(#7869,#7870,#7871,#7872));
#1166=EDGE_LOOP('',(#7873,#7874,#7875,#7876));
#1167=EDGE_LOOP('',(#7877,#7878,#7879,#7880));
#1168=EDGE_LOOP('',(#7881,#7882,#7883,#7884));
#1169=EDGE_LOOP('',(#7885,#7886,#7887,#7888));
#1170=EDGE_LOOP('',(#7889,#7890,#7891,#7892));
#1171=EDGE_LOOP('',(#7893,#7894,#7895,#7896));
#1172=EDGE_LOOP('',(#7897,#7898,#7899,#7900));
#1173=EDGE_LOOP('',(#7901,#7902,#7903,#7904));
#1174=EDGE_LOOP('',(#7905,#7906,#7907,#7908));
#1175=EDGE_LOOP('',(#7909,#7910,#7911,#7912));
#1176=EDGE_LOOP('',(#7913,#7914,#7915,#7916));
#1177=EDGE_LOOP('',(#7917,#7918,#7919,#7920));
#1178=EDGE_LOOP('',(#7921,#7922,#7923,#7924));
#1179=EDGE_LOOP('',(#7925,#7926,#7927,#7928));
#1180=EDGE_LOOP('',(#7929,#7930,#7931,#7932));
#1181=EDGE_LOOP('',(#7933,#7934,#7935,#7936));
#1182=EDGE_LOOP('',(#7937,#7938,#7939,#7940));
#1183=EDGE_LOOP('',(#7941,#7942,#7943,#7944));
#1184=EDGE_LOOP('',(#7945,#7946,#7947,#7948));
#1185=EDGE_LOOP('',(#7949,#7950,#7951,#7952));
#1186=EDGE_LOOP('',(#7953,#7954,#7955,#7956));
#1187=EDGE_LOOP('',(#7957,#7958,#7959,#7960));
#1188=EDGE_LOOP('',(#7961,#7962,#7963,#7964));
#1189=EDGE_LOOP('',(#7965,#7966,#7967,#7968));
#1190=EDGE_LOOP('',(#7969,#7970,#7971,#7972));
#1191=EDGE_LOOP('',(#7973,#7974,#7975,#7976));
#1192=EDGE_LOOP('',(#7977,#7978,#7979,#7980));
#1193=EDGE_LOOP('',(#7981,#7982,#7983,#7984));
#1194=EDGE_LOOP('',(#7985,#7986,#7987,#7988));
#1195=EDGE_LOOP('',(#7989,#7990,#7991,#7992));
#1196=EDGE_LOOP('',(#7993,#7994,#7995,#7996));
#1197=EDGE_LOOP('',(#7997,#7998,#7999,#8000));
#1198=EDGE_LOOP('',(#8001,#8002,#8003,#8004));
#1199=EDGE_LOOP('',(#8005,#8006,#8007,#8008));
#1200=EDGE_LOOP('',(#8009,#8010,#8011,#8012));
#1201=EDGE_LOOP('',(#8013,#8014,#8015,#8016));
#1202=EDGE_LOOP('',(#8017,#8018,#8019,#8020));
#1203=EDGE_LOOP('',(#8021,#8022,#8023,#8024));
#1204=EDGE_LOOP('',(#8025,#8026,#8027,#8028));
#1205=EDGE_LOOP('',(#8029,#8030,#8031,#8032));
#1206=EDGE_LOOP('',(#8033,#8034,#8035,#8036));
#1207=EDGE_LOOP('',(#8037,#8038,#8039,#8040));
#1208=EDGE_LOOP('',(#8041,#8042,#8043,#8044));
#1209=EDGE_LOOP('',(#8045,#8046,#8047,#8048));
#1210=EDGE_LOOP('',(#8049,#8050,#8051,#8052));
#1211=EDGE_LOOP('',(#8053,#8054,#8055,#8056));
#1212=EDGE_LOOP('',(#8057,#8058,#8059,#8060));
#1213=EDGE_LOOP('',(#8061,#8062,#8063,#8064));
#1214=EDGE_LOOP('',(#8065,#8066,#8067,#8068));
#1215=EDGE_LOOP('',(#8069,#8070,#8071,#8072));
#1216=EDGE_LOOP('',(#8073,#8074,#8075,#8076));
#1217=EDGE_LOOP('',(#8077,#8078,#8079,#8080));
#1218=EDGE_LOOP('',(#8081,#8082,#8083,#8084));
#1219=EDGE_LOOP('',(#8085,#8086,#8087,#8088));
#1220=EDGE_LOOP('',(#8089,#8090,#8091,#8092));
#1221=EDGE_LOOP('',(#8093,#8094,#8095,#8096));
#1222=EDGE_LOOP('',(#8097,#8098,#8099,#8100));
#1223=EDGE_LOOP('',(#8101,#8102,#8103,#8104));
#1224=EDGE_LOOP('',(#8105,#8106,#8107,#8108));
#1225=EDGE_LOOP('',(#8109,#8110,#8111,#8112));
#1226=EDGE_LOOP('',(#8113,#8114,#8115,#8116));
#1227=EDGE_LOOP('',(#8117,#8118,#8119,#8120));
#1228=EDGE_LOOP('',(#8121,#8122,#8123,#8124));
#1229=EDGE_LOOP('',(#8125,#8126,#8127,#8128));
#1230=EDGE_LOOP('',(#8129,#8130,#8131,#8132));
#1231=EDGE_LOOP('',(#8133,#8134,#8135,#8136));
#1232=EDGE_LOOP('',(#8137,#8138,#8139,#8140));
#1233=EDGE_LOOP('',(#8141,#8142,#8143,#8144));
#1234=EDGE_LOOP('',(#8145,#8146,#8147,#8148));
#1235=EDGE_LOOP('',(#8149,#8150,#8151,#8152));
#1236=EDGE_LOOP('',(#8153,#8154,#8155,#8156));
#1237=EDGE_LOOP('',(#8157,#8158,#8159,#8160));
#1238=EDGE_LOOP('',(#8161,#8162,#8163,#8164));
#1239=EDGE_LOOP('',(#8165,#8166,#8167,#8168));
#1240=EDGE_LOOP('',(#8169,#8170,#8171,#8172));
#1241=EDGE_LOOP('',(#8173,#8174,#8175,#8176));
#1242=EDGE_LOOP('',(#8177,#8178,#8179,#8180));
#1243=EDGE_LOOP('',(#8181,#8182,#8183,#8184));
#1244=EDGE_LOOP('',(#8185,#8186,#8187,#8188));
#1245=EDGE_LOOP('',(#8189,#8190,#8191,#8192));
#1246=EDGE_LOOP('',(#8193,#8194,#8195,#8196));
#1247=EDGE_LOOP('',(#8197,#8198,#8199,#8200));
#1248=EDGE_LOOP('',(#8201,#8202,#8203,#8204));
#1249=EDGE_LOOP('',(#8205,#8206,#8207,#8208));
#1250=EDGE_LOOP('',(#8209,#8210,#8211,#8212));
#1251=EDGE_LOOP('',(#8213,#8214,#8215,#8216));
#1252=EDGE_LOOP('',(#8217,#8218,#8219,#8220));
#1253=EDGE_LOOP('',(#8221,#8222,#8223,#8224));
#1254=EDGE_LOOP('',(#8225,#8226,#8227,#8228));
#1255=EDGE_LOOP('',(#8229,#8230,#8231,#8232));
#1256=EDGE_LOOP('',(#8233,#8234,#8235,#8236));
#1257=EDGE_LOOP('',(#8237,#8238,#8239,#8240));
#1258=EDGE_LOOP('',(#8241,#8242,#8243,#8244));
#1259=EDGE_LOOP('',(#8245,#8246,#8247,#8248));
#1260=EDGE_LOOP('',(#8249,#8250,#8251,#8252));
#1261=EDGE_LOOP('',(#8253,#8254,#8255,#8256));
#1262=EDGE_LOOP('',(#8257,#8258,#8259,#8260));
#1263=EDGE_LOOP('',(#8261,#8262,#8263,#8264));
#1264=EDGE_LOOP('',(#8265,#8266,#8267,#8268));
#1265=EDGE_LOOP('',(#8269,#8270,#8271,#8272));
#1266=EDGE_LOOP('',(#8273,#8274,#8275,#8276));
#1267=EDGE_LOOP('',(#8277,#8278,#8279,#8280));
#1268=EDGE_LOOP('',(#8281,#8282,#8283,#8284));
#1269=EDGE_LOOP('',(#8285,#8286,#8287,#8288));
#1270=EDGE_LOOP('',(#8289,#8290,#8291,#8292));
#1271=EDGE_LOOP('',(#8293,#8294,#8295,#8296));
#1272=EDGE_LOOP('',(#8297,#8298,#8299,#8300));
#1273=EDGE_LOOP('',(#8301,#8302,#8303,#8304));
#1274=EDGE_LOOP('',(#8305,#8306,#8307,#8308));
#1275=EDGE_LOOP('',(#8309,#8310,#8311,#8312));
#1276=EDGE_LOOP('',(#8313,#8314,#8315,#8316));
#1277=EDGE_LOOP('',(#8317,#8318,#8319,#8320));
#1278=EDGE_LOOP('',(#8321,#8322,#8323,#8324));
#1279=EDGE_LOOP('',(#8325,#8326,#8327,#8328));
#1280=EDGE_LOOP('',(#8329,#8330,#8331,#8332));
#1281=EDGE_LOOP('',(#8333,#8334,#8335,#8336));
#1282=EDGE_LOOP('',(#8337,#8338,#8339,#8340));
#1283=EDGE_LOOP('',(#8341,#8342,#8343,#8344));
#1284=EDGE_LOOP('',(#8345,#8346,#8347,#8348));
#1285=EDGE_LOOP('',(#8349,#8350,#8351,#8352));
#1286=EDGE_LOOP('',(#8353,#8354,#8355,#8356));
#1287=EDGE_LOOP('',(#8357,#8358,#8359,#8360));
#1288=EDGE_LOOP('',(#8361,#8362,#8363,#8364));
#1289=EDGE_LOOP('',(#8365,#8366,#8367,#8368));
#1290=EDGE_LOOP('',(#8369,#8370,#8371,#8372));
#1291=EDGE_LOOP('',(#8373,#8374,#8375,#8376));
#1292=EDGE_LOOP('',(#8377,#8378,#8379,#8380));
#1293=EDGE_LOOP('',(#8381,#8382,#8383,#8384));
#1294=EDGE_LOOP('',(#8385,#8386,#8387,#8388));
#1295=EDGE_LOOP('',(#8389,#8390,#8391,#8392));
#1296=EDGE_LOOP('',(#8393,#8394,#8395,#8396));
#1297=EDGE_LOOP('',(#8397,#8398,#8399,#8400));
#1298=EDGE_LOOP('',(#8401,#8402,#8403,#8404));
#1299=EDGE_LOOP('',(#8405,#8406,#8407,#8408));
#1300=EDGE_LOOP('',(#8409,#8410,#8411,#8412));
#1301=EDGE_LOOP('',(#8413,#8414,#8415,#8416));
#1302=EDGE_LOOP('',(#8417,#8418,#8419,#8420));
#1303=EDGE_LOOP('',(#8421,#8422,#8423,#8424));
#1304=EDGE_LOOP('',(#8425,#8426,#8427,#8428));
#1305=EDGE_LOOP('',(#8429,#8430,#8431,#8432));
#1306=EDGE_LOOP('',(#8433,#8434,#8435,#8436));
#1307=EDGE_LOOP('',(#8437,#8438,#8439,#8440));
#1308=EDGE_LOOP('',(#8441,#8442,#8443,#8444));
#1309=EDGE_LOOP('',(#8445,#8446,#8447,#8448));
#1310=EDGE_LOOP('',(#8449,#8450,#8451,#8452));
#1311=EDGE_LOOP('',(#8453,#8454,#8455,#8456));
#1312=EDGE_LOOP('',(#8457,#8458,#8459,#8460));
#1313=EDGE_LOOP('',(#8461,#8462,#8463,#8464));
#1314=EDGE_LOOP('',(#8465,#8466,#8467,#8468));
#1315=EDGE_LOOP('',(#8469,#8470,#8471,#8472));
#1316=EDGE_LOOP('',(#8473,#8474,#8475,#8476));
#1317=EDGE_LOOP('',(#8477,#8478,#8479,#8480));
#1318=EDGE_LOOP('',(#8481,#8482,#8483,#8484));
#1319=EDGE_LOOP('',(#8485,#8486,#8487,#8488));
#1320=EDGE_LOOP('',(#8489,#8490,#8491,#8492));
#1321=EDGE_LOOP('',(#8493,#8494,#8495,#8496));
#1322=EDGE_LOOP('',(#8497,#8498,#8499,#8500));
#1323=EDGE_LOOP('',(#8501,#8502,#8503,#8504));
#1324=EDGE_LOOP('',(#8505,#8506,#8507,#8508));
#1325=EDGE_LOOP('',(#8509,#8510,#8511,#8512));
#1326=EDGE_LOOP('',(#8513,#8514,#8515,#8516));
#1327=EDGE_LOOP('',(#8517,#8518,#8519,#8520));
#1328=LINE('',#12698,#2263);
#1329=LINE('',#12703,#2264);
#1330=LINE('',#12705,#2265);
#1331=LINE('',#12707,#2266);
#1332=LINE('',#12708,#2267);
#1333=LINE('',#12711,#2268);
#1334=LINE('',#12713,#2269);
#1335=LINE('',#12714,#2270);
#1336=LINE('',#12717,#2271);
#1337=LINE('',#12719,#2272);
#1338=LINE('',#12720,#2273);
#1339=LINE('',#12722,#2274);
#1340=LINE('',#12723,#2275);
#1341=LINE('',#12729,#2276);
#1342=LINE('',#12733,#2277);
#1343=LINE('',#12735,#2278);
#1344=LINE('',#12739,#2279);
#1345=LINE('',#12741,#2280);
#1346=LINE('',#12745,#2281);
#1347=LINE('',#12749,#2282);
#1348=LINE('',#12751,#2283);
#1349=LINE('',#12753,#2284);
#1350=LINE('',#12757,#2285);
#1351=LINE('',#12761,#2286);
#1352=LINE('',#12763,#2287);
#1353=LINE('',#12765,#2288);
#1354=LINE('',#12769,#2289);
#1355=LINE('',#12773,#2290);
#1356=LINE('',#12775,#2291);
#1357=LINE('',#12779,#2292);
#1358=LINE('',#12781,#2293);
#1359=LINE('',#12785,#2294);
#1360=LINE('',#12789,#2295);
#1361=LINE('',#12793,#2296);
#1362=LINE('',#12797,#2297);
#1363=LINE('',#12801,#2298);
#1364=LINE('',#12805,#2299);
#1365=LINE('',#12807,#2300);
#1366=LINE('',#12811,#2301);
#1367=LINE('',#12813,#2302);
#1368=LINE('',#12817,#2303);
#1369=LINE('',#12821,#2304);
#1370=LINE('',#12823,#2305);
#1371=LINE('',#12827,#2306);
#1372=LINE('',#12829,#2307);
#1373=LINE('',#12833,#2308);
#1374=LINE('',#12837,#2309);
#1375=LINE('',#12841,#2310);
#1376=LINE('',#12844,#2311);
#1377=LINE('',#12848,#2312);
#1378=LINE('',#12850,#2313);
#1379=LINE('',#12852,#2314);
#1380=LINE('',#12854,#2315);
#1381=LINE('',#12856,#2316);
#1382=LINE('',#12858,#2317);
#1383=LINE('',#12860,#2318);
#1384=LINE('',#12864,#2319);
#1385=LINE('',#12868,#2320);
#1386=LINE('',#12870,#2321);
#1387=LINE('',#12874,#2322);
#1388=LINE('',#12878,#2323);
#1389=LINE('',#12882,#2324);
#1390=LINE('',#12884,#2325);
#1391=LINE('',#12888,#2326);
#1392=LINE('',#12890,#2327);
#1393=LINE('',#12894,#2328);
#1394=LINE('',#12898,#2329);
#1395=LINE('',#12902,#2330);
#1396=LINE('',#12906,#2331);
#1397=LINE('',#12910,#2332);
#1398=LINE('',#12914,#2333);
#1399=LINE('',#12918,#2334);
#1400=LINE('',#12922,#2335);
#1401=LINE('',#12924,#2336);
#1402=LINE('',#12928,#2337);
#1403=LINE('',#12932,#2338);
#1404=LINE('',#12933,#2339);
#1405=LINE('',#12936,#2340);
#1406=LINE('',#12938,#2341);
#1407=LINE('',#12939,#2342);
#1408=LINE('',#12942,#2343);
#1409=LINE('',#12943,#2344);
#1410=LINE('',#12946,#2345);
#1411=LINE('',#12947,#2346);
#1412=LINE('',#12950,#2347);
#1413=LINE('',#12952,#2348);
#1414=LINE('',#12953,#2349);
#1415=LINE('',#12956,#2350);
#1416=LINE('',#12960,#2351);
#1417=LINE('',#12961,#2352);
#1418=LINE('',#12964,#2353);
#1419=LINE('',#12968,#2354);
#1420=LINE('',#12969,#2355);
#1421=LINE('',#12972,#2356);
#1422=LINE('',#12973,#2357);
#1423=LINE('',#12976,#2358);
#1424=LINE('',#12980,#2359);
#1425=LINE('',#12981,#2360);
#1426=LINE('',#12984,#2361);
#1427=LINE('',#12985,#2362);
#1428=LINE('',#12988,#2363);
#1429=LINE('',#12992,#2364);
#1430=LINE('',#12993,#2365);
#1431=LINE('',#12996,#2366);
#1432=LINE('',#13000,#2367);
#1433=LINE('',#13001,#2368);
#1434=LINE('',#13004,#2369);
#1435=LINE('',#13005,#2370);
#1436=LINE('',#13008,#2371);
#1437=LINE('',#13009,#2372);
#1438=LINE('',#13012,#2373);
#1439=LINE('',#13016,#2374);
#1440=LINE('',#13017,#2375);
#1441=LINE('',#13020,#2376);
#1442=LINE('',#13024,#2377);
#1443=LINE('',#13025,#2378);
#1444=LINE('',#13028,#2379);
#1445=LINE('',#13029,#2380);
#1446=LINE('',#13032,#2381);
#1447=LINE('',#13033,#2382);
#1448=LINE('',#13036,#2383);
#1449=LINE('',#13040,#2384);
#1450=LINE('',#13041,#2385);
#1451=LINE('',#13044,#2386);
#1452=LINE('',#13048,#2387);
#1453=LINE('',#13049,#2388);
#1454=LINE('',#13052,#2389);
#1455=LINE('',#13053,#2390);
#1456=LINE('',#13056,#2391);
#1457=LINE('',#13060,#2392);
#1458=LINE('',#13061,#2393);
#1459=LINE('',#13064,#2394);
#1460=LINE('',#13065,#2395);
#1461=LINE('',#13068,#2396);
#1462=LINE('',#13072,#2397);
#1463=LINE('',#13075,#2398);
#1464=LINE('',#13078,#2399);
#1465=LINE('',#13079,#2400);
#1466=LINE('',#13082,#2401);
#1467=LINE('',#13086,#2402);
#1468=LINE('',#13087,#2403);
#1469=LINE('',#13090,#2404);
#1470=LINE('',#13094,#2405);
#1471=LINE('',#13095,#2406);
#1472=LINE('',#13098,#2407);
#1473=LINE('',#13099,#2408);
#1474=LINE('',#13102,#2409);
#1475=LINE('',#13106,#2410);
#1476=LINE('',#13107,#2411);
#1477=LINE('',#13110,#2412);
#1478=LINE('',#13111,#2413);
#1479=LINE('',#13114,#2414);
#1480=LINE('',#13118,#2415);
#1481=LINE('',#13119,#2416);
#1482=LINE('',#13122,#2417);
#1483=LINE('',#13126,#2418);
#1484=LINE('',#13127,#2419);
#1485=LINE('',#13130,#2420);
#1486=LINE('',#13134,#2421);
#1487=LINE('',#13135,#2422);
#1488=LINE('',#13138,#2423);
#1489=LINE('',#13139,#2424);
#1490=LINE('',#13142,#2425);
#1491=LINE('',#13146,#2426);
#1492=LINE('',#13147,#2427);
#1493=LINE('',#13150,#2428);
#1494=LINE('',#13154,#2429);
#1495=LINE('',#13155,#2430);
#1496=LINE('',#13158,#2431);
#1497=LINE('',#13159,#2432);
#1498=LINE('',#13162,#2433);
#1499=LINE('',#13164,#2434);
#1500=LINE('',#13165,#2435);
#1501=LINE('',#13169,#2436);
#1502=LINE('',#13171,#2437);
#1503=LINE('',#13173,#2438);
#1504=LINE('',#13174,#2439);
#1505=LINE('',#13177,#2440);
#1506=LINE('',#13179,#2441);
#1507=LINE('',#13181,#2442);
#1508=LINE('',#13182,#2443);
#1509=LINE('',#13186,#2444);
#1510=LINE('',#13188,#2445);
#1511=LINE('',#13190,#2446);
#1512=LINE('',#13191,#2447);
#1513=LINE('',#13194,#2448);
#1514=LINE('',#13196,#2449);
#1515=LINE('',#13197,#2450);
#1516=LINE('',#13200,#2451);
#1517=LINE('',#13202,#2452);
#1518=LINE('',#13203,#2453);
#1519=LINE('',#13206,#2454);
#1520=LINE('',#13208,#2455);
#1521=LINE('',#13209,#2456);
#1522=LINE('',#13212,#2457);
#1523=LINE('',#13214,#2458);
#1524=LINE('',#13215,#2459);
#1525=LINE('',#13217,#2460);
#1526=LINE('',#13218,#2461);
#1527=LINE('',#13220,#2462);
#1528=LINE('',#13221,#2463);
#1529=LINE('',#13224,#2464);
#1530=LINE('',#13228,#2465);
#1531=LINE('',#13230,#2466);
#1532=LINE('',#13232,#2467);
#1533=LINE('',#13236,#2468);
#1534=LINE('',#13240,#2469);
#1535=LINE('',#13244,#2470);
#1536=LINE('',#13248,#2471);
#1537=LINE('',#13250,#2472);
#1538=LINE('',#13252,#2473);
#1539=LINE('',#13255,#2474);
#1540=LINE('',#13257,#2475);
#1541=LINE('',#13259,#2476);
#1542=LINE('',#13263,#2477);
#1543=LINE('',#13267,#2478);
#1544=LINE('',#13269,#2479);
#1545=LINE('',#13273,#2480);
#1546=LINE('',#13277,#2481);
#1547=LINE('',#13281,#2482);
#1548=LINE('',#13285,#2483);
#1549=LINE('',#13288,#2484);
#1550=LINE('',#13293,#2485);
#1551=LINE('',#13297,#2486);
#1552=LINE('',#13301,#2487);
#1553=LINE('',#13304,#2488);
#1554=LINE('',#13309,#2489);
#1555=LINE('',#13313,#2490);
#1556=LINE('',#13317,#2491);
#1557=LINE('',#13320,#2492);
#1558=LINE('',#13325,#2493);
#1559=LINE('',#13329,#2494);
#1560=LINE('',#13333,#2495);
#1561=LINE('',#13336,#2496);
#1562=LINE('',#13341,#2497);
#1563=LINE('',#13345,#2498);
#1564=LINE('',#13349,#2499);
#1565=LINE('',#13352,#2500);
#1566=LINE('',#13357,#2501);
#1567=LINE('',#13361,#2502);
#1568=LINE('',#13365,#2503);
#1569=LINE('',#13368,#2504);
#1570=LINE('',#13373,#2505);
#1571=LINE('',#13377,#2506);
#1572=LINE('',#13381,#2507);
#1573=LINE('',#13384,#2508);
#1574=LINE('',#13389,#2509);
#1575=LINE('',#13393,#2510);
#1576=LINE('',#13397,#2511);
#1577=LINE('',#13400,#2512);
#1578=LINE('',#13405,#2513);
#1579=LINE('',#13409,#2514);
#1580=LINE('',#13413,#2515);
#1581=LINE('',#13416,#2516);
#1582=LINE('',#13421,#2517);
#1583=LINE('',#13425,#2518);
#1584=LINE('',#13429,#2519);
#1585=LINE('',#13432,#2520);
#1586=LINE('',#13437,#2521);
#1587=LINE('',#13441,#2522);
#1588=LINE('',#13445,#2523);
#1589=LINE('',#13448,#2524);
#1590=LINE('',#13453,#2525);
#1591=LINE('',#13457,#2526);
#1592=LINE('',#13461,#2527);
#1593=LINE('',#13464,#2528);
#1594=LINE('',#13469,#2529);
#1595=LINE('',#13473,#2530);
#1596=LINE('',#13477,#2531);
#1597=LINE('',#13480,#2532);
#1598=LINE('',#13485,#2533);
#1599=LINE('',#13489,#2534);
#1600=LINE('',#13493,#2535);
#1601=LINE('',#13496,#2536);
#1602=LINE('',#13501,#2537);
#1603=LINE('',#13505,#2538);
#1604=LINE('',#13509,#2539);
#1605=LINE('',#13512,#2540);
#1606=LINE('',#13514,#2541);
#1607=LINE('',#13518,#2542);
#1608=LINE('',#13522,#2543);
#1609=LINE('',#13526,#2544);
#1610=LINE('',#13530,#2545);
#1611=LINE('',#13534,#2546);
#1612=LINE('',#13536,#2547);
#1613=LINE('',#13540,#2548);
#1614=LINE('',#13542,#2549);
#1615=LINE('',#13546,#2550);
#1616=LINE('',#13550,#2551);
#1617=LINE('',#13552,#2552);
#1618=LINE('',#13556,#2553);
#1619=LINE('',#13558,#2554);
#1620=LINE('',#13562,#2555);
#1621=LINE('',#13566,#2556);
#1622=LINE('',#13570,#2557);
#1623=LINE('',#13576,#2558);
#1624=LINE('',#13580,#2559);
#1625=LINE('',#13584,#2560);
#1626=LINE('',#13587,#2561);
#1627=LINE('',#13592,#2562);
#1628=LINE('',#13596,#2563);
#1629=LINE('',#13600,#2564);
#1630=LINE('',#13603,#2565);
#1631=LINE('',#13608,#2566);
#1632=LINE('',#13612,#2567);
#1633=LINE('',#13616,#2568);
#1634=LINE('',#13619,#2569);
#1635=LINE('',#13624,#2570);
#1636=LINE('',#13628,#2571);
#1637=LINE('',#13632,#2572);
#1638=LINE('',#13635,#2573);
#1639=LINE('',#13640,#2574);
#1640=LINE('',#13644,#2575);
#1641=LINE('',#13648,#2576);
#1642=LINE('',#13651,#2577);
#1643=LINE('',#13656,#2578);
#1644=LINE('',#13660,#2579);
#1645=LINE('',#13664,#2580);
#1646=LINE('',#13667,#2581);
#1647=LINE('',#13672,#2582);
#1648=LINE('',#13676,#2583);
#1649=LINE('',#13680,#2584);
#1650=LINE('',#13683,#2585);
#1651=LINE('',#13688,#2586);
#1652=LINE('',#13692,#2587);
#1653=LINE('',#13696,#2588);
#1654=LINE('',#13699,#2589);
#1655=LINE('',#13704,#2590);
#1656=LINE('',#13708,#2591);
#1657=LINE('',#13712,#2592);
#1658=LINE('',#13715,#2593);
#1659=LINE('',#13720,#2594);
#1660=LINE('',#13724,#2595);
#1661=LINE('',#13728,#2596);
#1662=LINE('',#13731,#2597);
#1663=LINE('',#13736,#2598);
#1664=LINE('',#13740,#2599);
#1665=LINE('',#13744,#2600);
#1666=LINE('',#13747,#2601);
#1667=LINE('',#13752,#2602);
#1668=LINE('',#13756,#2603);
#1669=LINE('',#13760,#2604);
#1670=LINE('',#13763,#2605);
#1671=LINE('',#13768,#2606);
#1672=LINE('',#13772,#2607);
#1673=LINE('',#13776,#2608);
#1674=LINE('',#13779,#2609);
#1675=LINE('',#13784,#2610);
#1676=LINE('',#13788,#2611);
#1677=LINE('',#13792,#2612);
#1678=LINE('',#13795,#2613);
#1679=LINE('',#13800,#2614);
#1680=LINE('',#13804,#2615);
#1681=LINE('',#13808,#2616);
#1682=LINE('',#13811,#2617);
#1683=LINE('',#13816,#2618);
#1684=LINE('',#13820,#2619);
#1685=LINE('',#13824,#2620);
#1686=LINE('',#13827,#2621);
#1687=LINE('',#13832,#2622);
#1688=LINE('',#13836,#2623);
#1689=LINE('',#13840,#2624);
#1690=LINE('',#13843,#2625);
#1691=LINE('',#13848,#2626);
#1692=LINE('',#13852,#2627);
#1693=LINE('',#13856,#2628);
#1694=LINE('',#13859,#2629);
#1695=LINE('',#13864,#2630);
#1696=LINE('',#13868,#2631);
#1697=LINE('',#13872,#2632);
#1698=LINE('',#13875,#2633);
#1699=LINE('',#13880,#2634);
#1700=LINE('',#13884,#2635);
#1701=LINE('',#13888,#2636);
#1702=LINE('',#13891,#2637);
#1703=LINE('',#13896,#2638);
#1704=LINE('',#13900,#2639);
#1705=LINE('',#13904,#2640);
#1706=LINE('',#13907,#2641);
#1707=LINE('',#13912,#2642);
#1708=LINE('',#13916,#2643);
#1709=LINE('',#13920,#2644);
#1710=LINE('',#13923,#2645);
#1711=LINE('',#13928,#2646);
#1712=LINE('',#13932,#2647);
#1713=LINE('',#13936,#2648);
#1714=LINE('',#13939,#2649);
#1715=LINE('',#13944,#2650);
#1716=LINE('',#13948,#2651);
#1717=LINE('',#13952,#2652);
#1718=LINE('',#13955,#2653);
#1719=LINE('',#13960,#2654);
#1720=LINE('',#13964,#2655);
#1721=LINE('',#13968,#2656);
#1722=LINE('',#13971,#2657);
#1723=LINE('',#13973,#2658);
#1724=LINE('',#13976,#2659);
#1725=LINE('',#13979,#2660);
#1726=LINE('',#13982,#2661);
#1727=LINE('',#13983,#2662);
#1728=LINE('',#13986,#2663);
#1729=LINE('',#13990,#2664);
#1730=LINE('',#13991,#2665);
#1731=LINE('',#13993,#2666);
#1732=LINE('',#13997,#2667);
#1733=LINE('',#14001,#2668);
#1734=LINE('',#14005,#2669);
#1735=LINE('',#14007,#2670);
#1736=LINE('',#14009,#2671);
#1737=LINE('',#14012,#2672);
#1738=LINE('',#14017,#2673);
#1739=LINE('',#14021,#2674);
#1740=LINE('',#14025,#2675);
#1741=LINE('',#14028,#2676);
#1742=LINE('',#14033,#2677);
#1743=LINE('',#14037,#2678);
#1744=LINE('',#14041,#2679);
#1745=LINE('',#14044,#2680);
#1746=LINE('',#14049,#2681);
#1747=LINE('',#14053,#2682);
#1748=LINE('',#14057,#2683);
#1749=LINE('',#14060,#2684);
#1750=LINE('',#14065,#2685);
#1751=LINE('',#14069,#2686);
#1752=LINE('',#14073,#2687);
#1753=LINE('',#14076,#2688);
#1754=LINE('',#14081,#2689);
#1755=LINE('',#14085,#2690);
#1756=LINE('',#14089,#2691);
#1757=LINE('',#14092,#2692);
#1758=LINE('',#14097,#2693);
#1759=LINE('',#14101,#2694);
#1760=LINE('',#14105,#2695);
#1761=LINE('',#14108,#2696);
#1762=LINE('',#14113,#2697);
#1763=LINE('',#14117,#2698);
#1764=LINE('',#14121,#2699);
#1765=LINE('',#14124,#2700);
#1766=LINE('',#14129,#2701);
#1767=LINE('',#14133,#2702);
#1768=LINE('',#14137,#2703);
#1769=LINE('',#14140,#2704);
#1770=LINE('',#14145,#2705);
#1771=LINE('',#14149,#2706);
#1772=LINE('',#14153,#2707);
#1773=LINE('',#14156,#2708);
#1774=LINE('',#14161,#2709);
#1775=LINE('',#14165,#2710);
#1776=LINE('',#14169,#2711);
#1777=LINE('',#14172,#2712);
#1778=LINE('',#14177,#2713);
#1779=LINE('',#14181,#2714);
#1780=LINE('',#14185,#2715);
#1781=LINE('',#14188,#2716);
#1782=LINE('',#14193,#2717);
#1783=LINE('',#14197,#2718);
#1784=LINE('',#14201,#2719);
#1785=LINE('',#14204,#2720);
#1786=LINE('',#14209,#2721);
#1787=LINE('',#14213,#2722);
#1788=LINE('',#14217,#2723);
#1789=LINE('',#14220,#2724);
#1790=LINE('',#14225,#2725);
#1791=LINE('',#14229,#2726);
#1792=LINE('',#14233,#2727);
#1793=LINE('',#14236,#2728);
#1794=LINE('',#14241,#2729);
#1795=LINE('',#14245,#2730);
#1796=LINE('',#14249,#2731);
#1797=LINE('',#14252,#2732);
#1798=LINE('',#14257,#2733);
#1799=LINE('',#14261,#2734);
#1800=LINE('',#14265,#2735);
#1801=LINE('',#14268,#2736);
#1802=LINE('',#14273,#2737);
#1803=LINE('',#14277,#2738);
#1804=LINE('',#14281,#2739);
#1805=LINE('',#14284,#2740);
#1806=LINE('',#14289,#2741);
#1807=LINE('',#14293,#2742);
#1808=LINE('',#14297,#2743);
#1809=LINE('',#14300,#2744);
#1810=LINE('',#14305,#2745);
#1811=LINE('',#14309,#2746);
#1812=LINE('',#14313,#2747);
#1813=LINE('',#14316,#2748);
#1814=LINE('',#14321,#2749);
#1815=LINE('',#14325,#2750);
#1816=LINE('',#14329,#2751);
#1817=LINE('',#14332,#2752);
#1818=LINE('',#14337,#2753);
#1819=LINE('',#14341,#2754);
#1820=LINE('',#14345,#2755);
#1821=LINE('',#14348,#2756);
#1822=LINE('',#14353,#2757);
#1823=LINE('',#14357,#2758);
#1824=LINE('',#14361,#2759);
#1825=LINE('',#14364,#2760);
#1826=LINE('',#14369,#2761);
#1827=LINE('',#14373,#2762);
#1828=LINE('',#14377,#2763);
#1829=LINE('',#14380,#2764);
#1830=LINE('',#14385,#2765);
#1831=LINE('',#14389,#2766);
#1832=LINE('',#14393,#2767);
#1833=LINE('',#14396,#2768);
#1834=LINE('',#14401,#2769);
#1835=LINE('',#14405,#2770);
#1836=LINE('',#14409,#2771);
#1837=LINE('',#14412,#2772);
#1838=LINE('',#14417,#2773);
#1839=LINE('',#14421,#2774);
#1840=LINE('',#14425,#2775);
#1841=LINE('',#14428,#2776);
#1842=LINE('',#14433,#2777);
#1843=LINE('',#14437,#2778);
#1844=LINE('',#14441,#2779);
#1845=LINE('',#14444,#2780);
#1846=LINE('',#14449,#2781);
#1847=LINE('',#14453,#2782);
#1848=LINE('',#14457,#2783);
#1849=LINE('',#14460,#2784);
#1850=LINE('',#14465,#2785);
#1851=LINE('',#14469,#2786);
#1852=LINE('',#14473,#2787);
#1853=LINE('',#14476,#2788);
#1854=LINE('',#14481,#2789);
#1855=LINE('',#14485,#2790);
#1856=LINE('',#14489,#2791);
#1857=LINE('',#14492,#2792);
#1858=LINE('',#14497,#2793);
#1859=LINE('',#14501,#2794);
#1860=LINE('',#14505,#2795);
#1861=LINE('',#14508,#2796);
#1862=LINE('',#14513,#2797);
#1863=LINE('',#14517,#2798);
#1864=LINE('',#14521,#2799);
#1865=LINE('',#14524,#2800);
#1866=LINE('',#14529,#2801);
#1867=LINE('',#14533,#2802);
#1868=LINE('',#14537,#2803);
#1869=LINE('',#14540,#2804);
#1870=LINE('',#14545,#2805);
#1871=LINE('',#14549,#2806);
#1872=LINE('',#14553,#2807);
#1873=LINE('',#14556,#2808);
#1874=LINE('',#14561,#2809);
#1875=LINE('',#14565,#2810);
#1876=LINE('',#14569,#2811);
#1877=LINE('',#14572,#2812);
#1878=LINE('',#14577,#2813);
#1879=LINE('',#14581,#2814);
#1880=LINE('',#14585,#2815);
#1881=LINE('',#14588,#2816);
#1882=LINE('',#14593,#2817);
#1883=LINE('',#14597,#2818);
#1884=LINE('',#14601,#2819);
#1885=LINE('',#14604,#2820);
#1886=LINE('',#14609,#2821);
#1887=LINE('',#14613,#2822);
#1888=LINE('',#14617,#2823);
#1889=LINE('',#14620,#2824);
#1890=LINE('',#14625,#2825);
#1891=LINE('',#14629,#2826);
#1892=LINE('',#14633,#2827);
#1893=LINE('',#14636,#2828);
#1894=LINE('',#14638,#2829);
#1895=LINE('',#14639,#2830);
#1896=LINE('',#14642,#2831);
#1897=LINE('',#14643,#2832);
#1898=LINE('',#14646,#2833);
#1899=LINE('',#14647,#2834);
#1900=LINE('',#14649,#2835);
#1901=LINE('',#14651,#2836);
#1902=LINE('',#14653,#2837);
#1903=LINE('',#14655,#2838);
#1904=LINE('',#14658,#2839);
#1905=LINE('',#14659,#2840);
#1906=LINE('',#14661,#2841);
#1907=LINE('',#14663,#2842);
#1908=LINE('',#14665,#2843);
#1909=LINE('',#14667,#2844);
#1910=LINE('',#14669,#2845);
#1911=LINE('',#14671,#2846);
#1912=LINE('',#14674,#2847);
#1913=LINE('',#14675,#2848);
#1914=LINE('',#14677,#2849);
#1915=LINE('',#14679,#2850);
#1916=LINE('',#14681,#2851);
#1917=LINE('',#14683,#2852);
#1918=LINE('',#14685,#2853);
#1919=LINE('',#14687,#2854);
#1920=LINE('',#14690,#2855);
#1921=LINE('',#14691,#2856);
#1922=LINE('',#14693,#2857);
#1923=LINE('',#14695,#2858);
#1924=LINE('',#14697,#2859);
#1925=LINE('',#14699,#2860);
#1926=LINE('',#14701,#2861);
#1927=LINE('',#14703,#2862);
#1928=LINE('',#14706,#2863);
#1929=LINE('',#14707,#2864);
#1930=LINE('',#14709,#2865);
#1931=LINE('',#14711,#2866);
#1932=LINE('',#14713,#2867);
#1933=LINE('',#14715,#2868);
#1934=LINE('',#14717,#2869);
#1935=LINE('',#14719,#2870);
#1936=LINE('',#14722,#2871);
#1937=LINE('',#14723,#2872);
#1938=LINE('',#14725,#2873);
#1939=LINE('',#14727,#2874);
#1940=LINE('',#14729,#2875);
#1941=LINE('',#14731,#2876);
#1942=LINE('',#14733,#2877);
#1943=LINE('',#14735,#2878);
#1944=LINE('',#14738,#2879);
#1945=LINE('',#14739,#2880);
#1946=LINE('',#14741,#2881);
#1947=LINE('',#14743,#2882);
#1948=LINE('',#14745,#2883);
#1949=LINE('',#14747,#2884);
#1950=LINE('',#14749,#2885);
#1951=LINE('',#14751,#2886);
#1952=LINE('',#14754,#2887);
#1953=LINE('',#14755,#2888);
#1954=LINE('',#14757,#2889);
#1955=LINE('',#14759,#2890);
#1956=LINE('',#14761,#2891);
#1957=LINE('',#14763,#2892);
#1958=LINE('',#14765,#2893);
#1959=LINE('',#14767,#2894);
#1960=LINE('',#14770,#2895);
#1961=LINE('',#14771,#2896);
#1962=LINE('',#14773,#2897);
#1963=LINE('',#14775,#2898);
#1964=LINE('',#14777,#2899);
#1965=LINE('',#14779,#2900);
#1966=LINE('',#14781,#2901);
#1967=LINE('',#14783,#2902);
#1968=LINE('',#14786,#2903);
#1969=LINE('',#14787,#2904);
#1970=LINE('',#14789,#2905);
#1971=LINE('',#14791,#2906);
#1972=LINE('',#14793,#2907);
#1973=LINE('',#14795,#2908);
#1974=LINE('',#14797,#2909);
#1975=LINE('',#14799,#2910);
#1976=LINE('',#14802,#2911);
#1977=LINE('',#14803,#2912);
#1978=LINE('',#14805,#2913);
#1979=LINE('',#14807,#2914);
#1980=LINE('',#14809,#2915);
#1981=LINE('',#14811,#2916);
#1982=LINE('',#14813,#2917);
#1983=LINE('',#14815,#2918);
#1984=LINE('',#14818,#2919);
#1985=LINE('',#14819,#2920);
#1986=LINE('',#14821,#2921);
#1987=LINE('',#14823,#2922);
#1988=LINE('',#14825,#2923);
#1989=LINE('',#14827,#2924);
#1990=LINE('',#14829,#2925);
#1991=LINE('',#14831,#2926);
#1992=LINE('',#14834,#2927);
#1993=LINE('',#14835,#2928);
#1994=LINE('',#14837,#2929);
#1995=LINE('',#14839,#2930);
#1996=LINE('',#14841,#2931);
#1997=LINE('',#14843,#2932);
#1998=LINE('',#14845,#2933);
#1999=LINE('',#14847,#2934);
#2000=LINE('',#14850,#2935);
#2001=LINE('',#14852,#2936);
#2002=LINE('',#14854,#2937);
#2003=LINE('',#14856,#2938);
#2004=LINE('',#14858,#2939);
#2005=LINE('',#14860,#2940);
#2006=LINE('',#14862,#2941);
#2007=LINE('',#14864,#2942);
#2008=LINE('',#14866,#2943);
#2009=LINE('',#14868,#2944);
#2010=LINE('',#14870,#2945);
#2011=LINE('',#14872,#2946);
#2012=LINE('',#14874,#2947);
#2013=LINE('',#14876,#2948);
#2014=LINE('',#14878,#2949);
#2015=LINE('',#14881,#2950);
#2016=LINE('',#14882,#2951);
#2017=LINE('',#14884,#2952);
#2018=LINE('',#14886,#2953);
#2019=LINE('',#14888,#2954);
#2020=LINE('',#14890,#2955);
#2021=LINE('',#14892,#2956);
#2022=LINE('',#14894,#2957);
#2023=LINE('',#14897,#2958);
#2024=LINE('',#14898,#2959);
#2025=LINE('',#14900,#2960);
#2026=LINE('',#14902,#2961);
#2027=LINE('',#14904,#2962);
#2028=LINE('',#14906,#2963);
#2029=LINE('',#14908,#2964);
#2030=LINE('',#14910,#2965);
#2031=LINE('',#14913,#2966);
#2032=LINE('',#14914,#2967);
#2033=LINE('',#14916,#2968);
#2034=LINE('',#14918,#2969);
#2035=LINE('',#14920,#2970);
#2036=LINE('',#14922,#2971);
#2037=LINE('',#14924,#2972);
#2038=LINE('',#14926,#2973);
#2039=LINE('',#14929,#2974);
#2040=LINE('',#14930,#2975);
#2041=LINE('',#14932,#2976);
#2042=LINE('',#14934,#2977);
#2043=LINE('',#14936,#2978);
#2044=LINE('',#14938,#2979);
#2045=LINE('',#14940,#2980);
#2046=LINE('',#14942,#2981);
#2047=LINE('',#14945,#2982);
#2048=LINE('',#14946,#2983);
#2049=LINE('',#14948,#2984);
#2050=LINE('',#14950,#2985);
#2051=LINE('',#14952,#2986);
#2052=LINE('',#14954,#2987);
#2053=LINE('',#14956,#2988);
#2054=LINE('',#14958,#2989);
#2055=LINE('',#14961,#2990);
#2056=LINE('',#14962,#2991);
#2057=LINE('',#14964,#2992);
#2058=LINE('',#14966,#2993);
#2059=LINE('',#14968,#2994);
#2060=LINE('',#14970,#2995);
#2061=LINE('',#14972,#2996);
#2062=LINE('',#14974,#2997);
#2063=LINE('',#14977,#2998);
#2064=LINE('',#14978,#2999);
#2065=LINE('',#14980,#3000);
#2066=LINE('',#14982,#3001);
#2067=LINE('',#14984,#3002);
#2068=LINE('',#14986,#3003);
#2069=LINE('',#14988,#3004);
#2070=LINE('',#14990,#3005);
#2071=LINE('',#14993,#3006);
#2072=LINE('',#14994,#3007);
#2073=LINE('',#14996,#3008);
#2074=LINE('',#14998,#3009);
#2075=LINE('',#15000,#3010);
#2076=LINE('',#15002,#3011);
#2077=LINE('',#15004,#3012);
#2078=LINE('',#15006,#3013);
#2079=LINE('',#15009,#3014);
#2080=LINE('',#15010,#3015);
#2081=LINE('',#15012,#3016);
#2082=LINE('',#15014,#3017);
#2083=LINE('',#15016,#3018);
#2084=LINE('',#15018,#3019);
#2085=LINE('',#15020,#3020);
#2086=LINE('',#15022,#3021);
#2087=LINE('',#15025,#3022);
#2088=LINE('',#15026,#3023);
#2089=LINE('',#15028,#3024);
#2090=LINE('',#15030,#3025);
#2091=LINE('',#15032,#3026);
#2092=LINE('',#15034,#3027);
#2093=LINE('',#15036,#3028);
#2094=LINE('',#15038,#3029);
#2095=LINE('',#15041,#3030);
#2096=LINE('',#15042,#3031);
#2097=LINE('',#15044,#3032);
#2098=LINE('',#15046,#3033);
#2099=LINE('',#15048,#3034);
#2100=LINE('',#15050,#3035);
#2101=LINE('',#15052,#3036);
#2102=LINE('',#15054,#3037);
#2103=LINE('',#15057,#3038);
#2104=LINE('',#15058,#3039);
#2105=LINE('',#15060,#3040);
#2106=LINE('',#15062,#3041);
#2107=LINE('',#15064,#3042);
#2108=LINE('',#15066,#3043);
#2109=LINE('',#15068,#3044);
#2110=LINE('',#15070,#3045);
#2111=LINE('',#15073,#3046);
#2112=LINE('',#15074,#3047);
#2113=LINE('',#15076,#3048);
#2114=LINE('',#15078,#3049);
#2115=LINE('',#15080,#3050);
#2116=LINE('',#15082,#3051);
#2117=LINE('',#15084,#3052);
#2118=LINE('',#15086,#3053);
#2119=LINE('',#15089,#3054);
#2120=LINE('',#15091,#3055);
#2121=LINE('',#15093,#3056);
#2122=LINE('',#15095,#3057);
#2123=LINE('',#15097,#3058);
#2124=LINE('',#15099,#3059);
#2125=LINE('',#15101,#3060);
#2126=LINE('',#15103,#3061);
#2127=LINE('',#15105,#3062);
#2128=LINE('',#15107,#3063);
#2129=LINE('',#15109,#3064);
#2130=LINE('',#15111,#3065);
#2131=LINE('',#15113,#3066);
#2132=LINE('',#15115,#3067);
#2133=LINE('',#15117,#3068);
#2134=LINE('',#15119,#3069);
#2135=LINE('',#15121,#3070);
#2136=LINE('',#15123,#3071);
#2137=LINE('',#15125,#3072);
#2138=LINE('',#15127,#3073);
#2139=LINE('',#15129,#3074);
#2140=LINE('',#15131,#3075);
#2141=LINE('',#15133,#3076);
#2142=LINE('',#15135,#3077);
#2143=LINE('',#15137,#3078);
#2144=LINE('',#15139,#3079);
#2145=LINE('',#15141,#3080);
#2146=LINE('',#15143,#3081);
#2147=LINE('',#15145,#3082);
#2148=LINE('',#15148,#3083);
#2149=LINE('',#15149,#3084);
#2150=LINE('',#15151,#3085);
#2151=LINE('',#15153,#3086);
#2152=LINE('',#15155,#3087);
#2153=LINE('',#15157,#3088);
#2154=LINE('',#15159,#3089);
#2155=LINE('',#15161,#3090);
#2156=LINE('',#15164,#3091);
#2157=LINE('',#15165,#3092);
#2158=LINE('',#15167,#3093);
#2159=LINE('',#15169,#3094);
#2160=LINE('',#15171,#3095);
#2161=LINE('',#15173,#3096);
#2162=LINE('',#15175,#3097);
#2163=LINE('',#15177,#3098);
#2164=LINE('',#15180,#3099);
#2165=LINE('',#15181,#3100);
#2166=LINE('',#15183,#3101);
#2167=LINE('',#15185,#3102);
#2168=LINE('',#15187,#3103);
#2169=LINE('',#15189,#3104);
#2170=LINE('',#15191,#3105);
#2171=LINE('',#15193,#3106);
#2172=LINE('',#15196,#3107);
#2173=LINE('',#15197,#3108);
#2174=LINE('',#15199,#3109);
#2175=LINE('',#15201,#3110);
#2176=LINE('',#15203,#3111);
#2177=LINE('',#15205,#3112);
#2178=LINE('',#15207,#3113);
#2179=LINE('',#15209,#3114);
#2180=LINE('',#15212,#3115);
#2181=LINE('',#15213,#3116);
#2182=LINE('',#15215,#3117);
#2183=LINE('',#15217,#3118);
#2184=LINE('',#15219,#3119);
#2185=LINE('',#15221,#3120);
#2186=LINE('',#15223,#3121);
#2187=LINE('',#15225,#3122);
#2188=LINE('',#15228,#3123);
#2189=LINE('',#15229,#3124);
#2190=LINE('',#15231,#3125);
#2191=LINE('',#15233,#3126);
#2192=LINE('',#15235,#3127);
#2193=LINE('',#15237,#3128);
#2194=LINE('',#15239,#3129);
#2195=LINE('',#15241,#3130);
#2196=LINE('',#15244,#3131);
#2197=LINE('',#15245,#3132);
#2198=LINE('',#15247,#3133);
#2199=LINE('',#15249,#3134);
#2200=LINE('',#15251,#3135);
#2201=LINE('',#15253,#3136);
#2202=LINE('',#15255,#3137);
#2203=LINE('',#15257,#3138);
#2204=LINE('',#15260,#3139);
#2205=LINE('',#15261,#3140);
#2206=LINE('',#15263,#3141);
#2207=LINE('',#15265,#3142);
#2208=LINE('',#15267,#3143);
#2209=LINE('',#15269,#3144);
#2210=LINE('',#15271,#3145);
#2211=LINE('',#15273,#3146);
#2212=LINE('',#15276,#3147);
#2213=LINE('',#15277,#3148);
#2214=LINE('',#15279,#3149);
#2215=LINE('',#15281,#3150);
#2216=LINE('',#15283,#3151);
#2217=LINE('',#15285,#3152);
#2218=LINE('',#15287,#3153);
#2219=LINE('',#15289,#3154);
#2220=LINE('',#15292,#3155);
#2221=LINE('',#15293,#3156);
#2222=LINE('',#15295,#3157);
#2223=LINE('',#15297,#3158);
#2224=LINE('',#15299,#3159);
#2225=LINE('',#15301,#3160);
#2226=LINE('',#15303,#3161);
#2227=LINE('',#15305,#3162);
#2228=LINE('',#15308,#3163);
#2229=LINE('',#15309,#3164);
#2230=LINE('',#15311,#3165);
#2231=LINE('',#15313,#3166);
#2232=LINE('',#15315,#3167);
#2233=LINE('',#15317,#3168);
#2234=LINE('',#15319,#3169);
#2235=LINE('',#15321,#3170);
#2236=LINE('',#15324,#3171);
#2237=LINE('',#15325,#3172);
#2238=LINE('',#15327,#3173);
#2239=LINE('',#15329,#3174);
#2240=LINE('',#15331,#3175);
#2241=LINE('',#15333,#3176);
#2242=LINE('',#15335,#3177);
#2243=LINE('',#15337,#3178);
#2244=LINE('',#15340,#3179);
#2245=LINE('',#15341,#3180);
#2246=LINE('',#15343,#3181);
#2247=LINE('',#15345,#3182);
#2248=LINE('',#15347,#3183);
#2249=LINE('',#15349,#3184);
#2250=LINE('',#15351,#3185);
#2251=LINE('',#15353,#3186);
#2252=LINE('',#15356,#3187);
#2253=LINE('',#15357,#3188);
#2254=LINE('',#15359,#3189);
#2255=LINE('',#15361,#3190);
#2256=LINE('',#15363,#3191);
#2257=LINE('',#15365,#3192);
#2258=LINE('',#15367,#3193);
#2259=LINE('',#15369,#3194);
#2260=LINE('',#15372,#3195);
#2261=LINE('',#15375,#3196);
#2262=LINE('',#15377,#3197);
#2263=VECTOR('',#10050,1.4);
#2264=VECTOR('',#10055,10.);
#2265=VECTOR('',#10056,10.);
#2266=VECTOR('',#10057,10.);
#2267=VECTOR('',#10058,10.);
#2268=VECTOR('',#10061,10.);
#2269=VECTOR('',#10062,10.);
#2270=VECTOR('',#10063,10.);
#2271=VECTOR('',#10066,10.);
#2272=VECTOR('',#10067,10.);
#2273=VECTOR('',#10068,10.);
#2274=VECTOR('',#10071,10.);
#2275=VECTOR('',#10072,10.);
#2276=VECTOR('',#10077,10.);
#2277=VECTOR('',#10080,10.);
#2278=VECTOR('',#10081,10.);
#2279=VECTOR('',#10084,10.);
#2280=VECTOR('',#10085,10.);
#2281=VECTOR('',#10088,10.);
#2282=VECTOR('',#10091,10.);
#2283=VECTOR('',#10092,10.);
#2284=VECTOR('',#10093,10.);
#2285=VECTOR('',#10096,10.);
#2286=VECTOR('',#10099,10.);
#2287=VECTOR('',#10100,10.);
#2288=VECTOR('',#10101,10.);
#2289=VECTOR('',#10104,10.);
#2290=VECTOR('',#10107,10.);
#2291=VECTOR('',#10108,10.);
#2292=VECTOR('',#10111,10.);
#2293=VECTOR('',#10112,10.);
#2294=VECTOR('',#10115,10.);
#2295=VECTOR('',#10118,10.);
#2296=VECTOR('',#10121,10.);
#2297=VECTOR('',#10124,10.);
#2298=VECTOR('',#10127,10.);
#2299=VECTOR('',#10130,10.);
#2300=VECTOR('',#10131,10.);
#2301=VECTOR('',#10134,10.);
#2302=VECTOR('',#10135,10.);
#2303=VECTOR('',#10138,10.);
#2304=VECTOR('',#10141,10.);
#2305=VECTOR('',#10142,10.);
#2306=VECTOR('',#10145,10.);
#2307=VECTOR('',#10146,10.);
#2308=VECTOR('',#10149,10.);
#2309=VECTOR('',#10152,10.);
#2310=VECTOR('',#10155,10.);
#2311=VECTOR('',#10158,10.);
#2312=VECTOR('',#10161,10.);
#2313=VECTOR('',#10162,10.);
#2314=VECTOR('',#10163,10.);
#2315=VECTOR('',#10164,10.);
#2316=VECTOR('',#10165,10.);
#2317=VECTOR('',#10166,10.);
#2318=VECTOR('',#10167,10.);
#2319=VECTOR('',#10170,10.);
#2320=VECTOR('',#10173,10.);
#2321=VECTOR('',#10174,10.);
#2322=VECTOR('',#10177,10.);
#2323=VECTOR('',#10180,10.);
#2324=VECTOR('',#10183,10.);
#2325=VECTOR('',#10184,10.);
#2326=VECTOR('',#10187,10.);
#2327=VECTOR('',#10188,10.);
#2328=VECTOR('',#10191,10.);
#2329=VECTOR('',#10194,10.);
#2330=VECTOR('',#10197,10.);
#2331=VECTOR('',#10200,10.);
#2332=VECTOR('',#10203,10.);
#2333=VECTOR('',#10206,10.);
#2334=VECTOR('',#10209,10.);
#2335=VECTOR('',#10212,10.);
#2336=VECTOR('',#10213,10.);
#2337=VECTOR('',#10216,10.);
#2338=VECTOR('',#10219,10.);
#2339=VECTOR('',#10220,10.);
#2340=VECTOR('',#10223,10.);
#2341=VECTOR('',#10224,10.);
#2342=VECTOR('',#10225,10.);
#2343=VECTOR('',#10228,10.);
#2344=VECTOR('',#10229,10.);
#2345=VECTOR('',#10232,10.);
#2346=VECTOR('',#10233,10.);
#2347=VECTOR('',#10236,10.);
#2348=VECTOR('',#10237,10.);
#2349=VECTOR('',#10238,10.);
#2350=VECTOR('',#10241,10.);
#2351=VECTOR('',#10246,10.);
#2352=VECTOR('',#10247,10.);
#2353=VECTOR('',#10250,10.);
#2354=VECTOR('',#10255,10.);
#2355=VECTOR('',#10256,10.);
#2356=VECTOR('',#10259,10.);
#2357=VECTOR('',#10260,10.);
#2358=VECTOR('',#10263,10.);
#2359=VECTOR('',#10268,10.);
#2360=VECTOR('',#10269,10.);
#2361=VECTOR('',#10272,10.);
#2362=VECTOR('',#10273,10.);
#2363=VECTOR('',#10276,10.);
#2364=VECTOR('',#10281,10.);
#2365=VECTOR('',#10282,10.);
#2366=VECTOR('',#10285,10.);
#2367=VECTOR('',#10290,10.);
#2368=VECTOR('',#10291,10.);
#2369=VECTOR('',#10294,10.);
#2370=VECTOR('',#10295,10.);
#2371=VECTOR('',#10298,10.);
#2372=VECTOR('',#10299,10.);
#2373=VECTOR('',#10302,10.);
#2374=VECTOR('',#10307,10.);
#2375=VECTOR('',#10308,10.);
#2376=VECTOR('',#10311,10.);
#2377=VECTOR('',#10316,10.);
#2378=VECTOR('',#10317,10.);
#2379=VECTOR('',#10320,10.);
#2380=VECTOR('',#10321,10.);
#2381=VECTOR('',#10324,10.);
#2382=VECTOR('',#10325,10.);
#2383=VECTOR('',#10328,10.);
#2384=VECTOR('',#10333,10.);
#2385=VECTOR('',#10334,10.);
#2386=VECTOR('',#10337,10.);
#2387=VECTOR('',#10342,10.);
#2388=VECTOR('',#10343,10.);
#2389=VECTOR('',#10346,10.);
#2390=VECTOR('',#10347,10.);
#2391=VECTOR('',#10350,10.);
#2392=VECTOR('',#10355,10.);
#2393=VECTOR('',#10356,10.);
#2394=VECTOR('',#10359,10.);
#2395=VECTOR('',#10360,10.);
#2396=VECTOR('',#10363,10.);
#2397=VECTOR('',#10368,10.);
#2398=VECTOR('',#10371,10.);
#2399=VECTOR('',#10374,10.);
#2400=VECTOR('',#10375,10.);
#2401=VECTOR('',#10378,10.);
#2402=VECTOR('',#10383,10.);
#2403=VECTOR('',#10384,10.);
#2404=VECTOR('',#10387,10.);
#2405=VECTOR('',#10392,10.);
#2406=VECTOR('',#10393,10.);
#2407=VECTOR('',#10396,10.);
#2408=VECTOR('',#10397,10.);
#2409=VECTOR('',#10400,10.);
#2410=VECTOR('',#10405,10.);
#2411=VECTOR('',#10406,10.);
#2412=VECTOR('',#10409,10.);
#2413=VECTOR('',#10410,10.);
#2414=VECTOR('',#10413,10.);
#2415=VECTOR('',#10418,10.);
#2416=VECTOR('',#10419,10.);
#2417=VECTOR('',#10422,10.);
#2418=VECTOR('',#10427,10.);
#2419=VECTOR('',#10428,10.);
#2420=VECTOR('',#10431,10.);
#2421=VECTOR('',#10436,10.);
#2422=VECTOR('',#10437,10.);
#2423=VECTOR('',#10440,10.);
#2424=VECTOR('',#10441,10.);
#2425=VECTOR('',#10444,10.);
#2426=VECTOR('',#10449,10.);
#2427=VECTOR('',#10450,10.);
#2428=VECTOR('',#10453,10.);
#2429=VECTOR('',#10458,10.);
#2430=VECTOR('',#10459,10.);
#2431=VECTOR('',#10462,10.);
#2432=VECTOR('',#10463,10.);
#2433=VECTOR('',#10466,10.);
#2434=VECTOR('',#10467,10.);
#2435=VECTOR('',#10468,10.);
#2436=VECTOR('',#10471,10.);
#2437=VECTOR('',#10472,10.);
#2438=VECTOR('',#10473,10.);
#2439=VECTOR('',#10474,10.);
#2440=VECTOR('',#10477,10.);
#2441=VECTOR('',#10478,10.);
#2442=VECTOR('',#10479,10.);
#2443=VECTOR('',#10480,10.);
#2444=VECTOR('',#10483,10.);
#2445=VECTOR('',#10484,10.);
#2446=VECTOR('',#10485,10.);
#2447=VECTOR('',#10486,10.);
#2448=VECTOR('',#10489,10.);
#2449=VECTOR('',#10490,10.);
#2450=VECTOR('',#10491,10.);
#2451=VECTOR('',#10494,10.);
#2452=VECTOR('',#10495,10.);
#2453=VECTOR('',#10496,10.);
#2454=VECTOR('',#10499,10.);
#2455=VECTOR('',#10500,10.);
#2456=VECTOR('',#10501,10.);
#2457=VECTOR('',#10504,10.);
#2458=VECTOR('',#10505,10.);
#2459=VECTOR('',#10506,10.);
#2460=VECTOR('',#10509,10.);
#2461=VECTOR('',#10510,10.);
#2462=VECTOR('',#10513,10.);
#2463=VECTOR('',#10514,10.);
#2464=VECTOR('',#10517,10.);
#2465=VECTOR('',#10520,10.);
#2466=VECTOR('',#10521,10.);
#2467=VECTOR('',#10522,10.);
#2468=VECTOR('',#10525,10.);
#2469=VECTOR('',#10528,10.);
#2470=VECTOR('',#10531,10.);
#2471=VECTOR('',#10534,10.);
#2472=VECTOR('',#10535,10.);
#2473=VECTOR('',#10536,10.);
#2474=VECTOR('',#10539,10.);
#2475=VECTOR('',#10540,10.);
#2476=VECTOR('',#10541,10.);
#2477=VECTOR('',#10544,10.);
#2478=VECTOR('',#10547,10.);
#2479=VECTOR('',#10548,10.);
#2480=VECTOR('',#10551,10.);
#2481=VECTOR('',#10554,10.);
#2482=VECTOR('',#10557,10.);
#2483=VECTOR('',#10560,10.);
#2484=VECTOR('',#10563,10.);
#2485=VECTOR('',#10566,10.);
#2486=VECTOR('',#10569,10.);
#2487=VECTOR('',#10572,10.);
#2488=VECTOR('',#10575,10.);
#2489=VECTOR('',#10578,10.);
#2490=VECTOR('',#10581,10.);
#2491=VECTOR('',#10584,10.);
#2492=VECTOR('',#10587,10.);
#2493=VECTOR('',#10590,10.);
#2494=VECTOR('',#10593,10.);
#2495=VECTOR('',#10596,10.);
#2496=VECTOR('',#10599,10.);
#2497=VECTOR('',#10602,10.);
#2498=VECTOR('',#10605,10.);
#2499=VECTOR('',#10608,10.);
#2500=VECTOR('',#10611,10.);
#2501=VECTOR('',#10614,10.);
#2502=VECTOR('',#10617,10.);
#2503=VECTOR('',#10620,10.);
#2504=VECTOR('',#10623,10.);
#2505=VECTOR('',#10626,10.);
#2506=VECTOR('',#10629,10.);
#2507=VECTOR('',#10632,10.);
#2508=VECTOR('',#10635,10.);
#2509=VECTOR('',#10638,10.);
#2510=VECTOR('',#10641,10.);
#2511=VECTOR('',#10644,10.);
#2512=VECTOR('',#10647,10.);
#2513=VECTOR('',#10650,10.);
#2514=VECTOR('',#10653,10.);
#2515=VECTOR('',#10656,10.);
#2516=VECTOR('',#10659,10.);
#2517=VECTOR('',#10662,10.);
#2518=VECTOR('',#10665,10.);
#2519=VECTOR('',#10668,10.);
#2520=VECTOR('',#10671,10.);
#2521=VECTOR('',#10674,10.);
#2522=VECTOR('',#10677,10.);
#2523=VECTOR('',#10680,10.);
#2524=VECTOR('',#10683,10.);
#2525=VECTOR('',#10686,10.);
#2526=VECTOR('',#10689,10.);
#2527=VECTOR('',#10692,10.);
#2528=VECTOR('',#10695,10.);
#2529=VECTOR('',#10698,10.);
#2530=VECTOR('',#10701,10.);
#2531=VECTOR('',#10704,10.);
#2532=VECTOR('',#10707,10.);
#2533=VECTOR('',#10710,10.);
#2534=VECTOR('',#10713,10.);
#2535=VECTOR('',#10716,10.);
#2536=VECTOR('',#10719,10.);
#2537=VECTOR('',#10722,10.);
#2538=VECTOR('',#10725,10.);
#2539=VECTOR('',#10728,10.);
#2540=VECTOR('',#10731,10.);
#2541=VECTOR('',#10732,10.);
#2542=VECTOR('',#10735,10.);
#2543=VECTOR('',#10738,10.);
#2544=VECTOR('',#10741,10.);
#2545=VECTOR('',#10744,10.);
#2546=VECTOR('',#10747,10.);
#2547=VECTOR('',#10748,10.);
#2548=VECTOR('',#10751,10.);
#2549=VECTOR('',#10752,10.);
#2550=VECTOR('',#10755,10.);
#2551=VECTOR('',#10758,10.);
#2552=VECTOR('',#10759,10.);
#2553=VECTOR('',#10762,10.);
#2554=VECTOR('',#10763,10.);
#2555=VECTOR('',#10766,10.);
#2556=VECTOR('',#10769,10.);
#2557=VECTOR('',#10772,10.);
#2558=VECTOR('',#10777,10.);
#2559=VECTOR('',#10780,10.);
#2560=VECTOR('',#10783,10.);
#2561=VECTOR('',#10786,10.);
#2562=VECTOR('',#10789,10.);
#2563=VECTOR('',#10792,10.);
#2564=VECTOR('',#10795,10.);
#2565=VECTOR('',#10798,10.);
#2566=VECTOR('',#10801,10.);
#2567=VECTOR('',#10804,10.);
#2568=VECTOR('',#10807,10.);
#2569=VECTOR('',#10810,10.);
#2570=VECTOR('',#10813,10.);
#2571=VECTOR('',#10816,10.);
#2572=VECTOR('',#10819,10.);
#2573=VECTOR('',#10822,10.);
#2574=VECTOR('',#10825,10.);
#2575=VECTOR('',#10828,10.);
#2576=VECTOR('',#10831,10.);
#2577=VECTOR('',#10834,10.);
#2578=VECTOR('',#10837,10.);
#2579=VECTOR('',#10840,10.);
#2580=VECTOR('',#10843,10.);
#2581=VECTOR('',#10846,10.);
#2582=VECTOR('',#10849,10.);
#2583=VECTOR('',#10852,10.);
#2584=VECTOR('',#10855,10.);
#2585=VECTOR('',#10858,10.);
#2586=VECTOR('',#10861,10.);
#2587=VECTOR('',#10864,10.);
#2588=VECTOR('',#10867,10.);
#2589=VECTOR('',#10870,10.);
#2590=VECTOR('',#10873,10.);
#2591=VECTOR('',#10876,10.);
#2592=VECTOR('',#10879,10.);
#2593=VECTOR('',#10882,10.);
#2594=VECTOR('',#10885,10.);
#2595=VECTOR('',#10888,10.);
#2596=VECTOR('',#10891,10.);
#2597=VECTOR('',#10894,10.);
#2598=VECTOR('',#10897,10.);
#2599=VECTOR('',#10900,10.);
#2600=VECTOR('',#10903,10.);
#2601=VECTOR('',#10906,10.);
#2602=VECTOR('',#10909,10.);
#2603=VECTOR('',#10912,10.);
#2604=VECTOR('',#10915,10.);
#2605=VECTOR('',#10918,10.);
#2606=VECTOR('',#10921,10.);
#2607=VECTOR('',#10924,10.);
#2608=VECTOR('',#10927,10.);
#2609=VECTOR('',#10930,10.);
#2610=VECTOR('',#10933,10.);
#2611=VECTOR('',#10936,10.);
#2612=VECTOR('',#10939,10.);
#2613=VECTOR('',#10942,10.);
#2614=VECTOR('',#10945,10.);
#2615=VECTOR('',#10948,10.);
#2616=VECTOR('',#10951,10.);
#2617=VECTOR('',#10954,10.);
#2618=VECTOR('',#10957,10.);
#2619=VECTOR('',#10960,10.);
#2620=VECTOR('',#10963,10.);
#2621=VECTOR('',#10966,10.);
#2622=VECTOR('',#10969,10.);
#2623=VECTOR('',#10972,10.);
#2624=VECTOR('',#10975,10.);
#2625=VECTOR('',#10978,10.);
#2626=VECTOR('',#10981,10.);
#2627=VECTOR('',#10984,10.);
#2628=VECTOR('',#10987,10.);
#2629=VECTOR('',#10990,10.);
#2630=VECTOR('',#10993,10.);
#2631=VECTOR('',#10996,10.);
#2632=VECTOR('',#10999,10.);
#2633=VECTOR('',#11002,10.);
#2634=VECTOR('',#11005,10.);
#2635=VECTOR('',#11008,10.);
#2636=VECTOR('',#11011,10.);
#2637=VECTOR('',#11014,10.);
#2638=VECTOR('',#11017,10.);
#2639=VECTOR('',#11020,10.);
#2640=VECTOR('',#11023,10.);
#2641=VECTOR('',#11026,10.);
#2642=VECTOR('',#11029,10.);
#2643=VECTOR('',#11032,10.);
#2644=VECTOR('',#11035,10.);
#2645=VECTOR('',#11038,10.);
#2646=VECTOR('',#11041,10.);
#2647=VECTOR('',#11044,10.);
#2648=VECTOR('',#11047,10.);
#2649=VECTOR('',#11050,10.);
#2650=VECTOR('',#11053,10.);
#2651=VECTOR('',#11056,10.);
#2652=VECTOR('',#11059,10.);
#2653=VECTOR('',#11062,10.);
#2654=VECTOR('',#11065,10.);
#2655=VECTOR('',#11068,10.);
#2656=VECTOR('',#11071,10.);
#2657=VECTOR('',#11074,10.);
#2658=VECTOR('',#11077,10.);
#2659=VECTOR('',#11080,10.);
#2660=VECTOR('',#11083,10.);
#2661=VECTOR('',#11086,10.);
#2662=VECTOR('',#11087,10.);
#2663=VECTOR('',#11090,10.);
#2664=VECTOR('',#11093,10.);
#2665=VECTOR('',#11094,10.);
#2666=VECTOR('',#11095,10.);
#2667=VECTOR('',#11098,10.);
#2668=VECTOR('',#11101,10.);
#2669=VECTOR('',#11104,10.);
#2670=VECTOR('',#11105,10.);
#2671=VECTOR('',#11106,10.);
#2672=VECTOR('',#11109,10.);
#2673=VECTOR('',#11112,10.);
#2674=VECTOR('',#11115,10.);
#2675=VECTOR('',#11118,10.);
#2676=VECTOR('',#11121,10.);
#2677=VECTOR('',#11124,10.);
#2678=VECTOR('',#11127,10.);
#2679=VECTOR('',#11130,10.);
#2680=VECTOR('',#11133,10.);
#2681=VECTOR('',#11136,10.);
#2682=VECTOR('',#11139,10.);
#2683=VECTOR('',#11142,10.);
#2684=VECTOR('',#11145,10.);
#2685=VECTOR('',#11148,10.);
#2686=VECTOR('',#11151,10.);
#2687=VECTOR('',#11154,10.);
#2688=VECTOR('',#11157,10.);
#2689=VECTOR('',#11160,10.);
#2690=VECTOR('',#11163,10.);
#2691=VECTOR('',#11166,10.);
#2692=VECTOR('',#11169,10.);
#2693=VECTOR('',#11172,10.);
#2694=VECTOR('',#11175,10.);
#2695=VECTOR('',#11178,10.);
#2696=VECTOR('',#11181,10.);
#2697=VECTOR('',#11184,10.);
#2698=VECTOR('',#11187,10.);
#2699=VECTOR('',#11190,10.);
#2700=VECTOR('',#11193,10.);
#2701=VECTOR('',#11196,10.);
#2702=VECTOR('',#11199,10.);
#2703=VECTOR('',#11202,10.);
#2704=VECTOR('',#11205,10.);
#2705=VECTOR('',#11208,10.);
#2706=VECTOR('',#11211,10.);
#2707=VECTOR('',#11214,10.);
#2708=VECTOR('',#11217,10.);
#2709=VECTOR('',#11220,10.);
#2710=VECTOR('',#11223,10.);
#2711=VECTOR('',#11226,10.);
#2712=VECTOR('',#11229,10.);
#2713=VECTOR('',#11232,10.);
#2714=VECTOR('',#11235,10.);
#2715=VECTOR('',#11238,10.);
#2716=VECTOR('',#11241,10.);
#2717=VECTOR('',#11244,10.);
#2718=VECTOR('',#11247,10.);
#2719=VECTOR('',#11250,10.);
#2720=VECTOR('',#11253,10.);
#2721=VECTOR('',#11256,10.);
#2722=VECTOR('',#11259,10.);
#2723=VECTOR('',#11262,10.);
#2724=VECTOR('',#11265,10.);
#2725=VECTOR('',#11268,10.);
#2726=VECTOR('',#11271,10.);
#2727=VECTOR('',#11274,10.);
#2728=VECTOR('',#11277,10.);
#2729=VECTOR('',#11280,10.);
#2730=VECTOR('',#11283,10.);
#2731=VECTOR('',#11286,10.);
#2732=VECTOR('',#11289,10.);
#2733=VECTOR('',#11292,10.);
#2734=VECTOR('',#11295,10.);
#2735=VECTOR('',#11298,10.);
#2736=VECTOR('',#11301,10.);
#2737=VECTOR('',#11304,10.);
#2738=VECTOR('',#11307,10.);
#2739=VECTOR('',#11310,10.);
#2740=VECTOR('',#11313,10.);
#2741=VECTOR('',#11316,10.);
#2742=VECTOR('',#11319,10.);
#2743=VECTOR('',#11322,10.);
#2744=VECTOR('',#11325,10.);
#2745=VECTOR('',#11328,10.);
#2746=VECTOR('',#11331,10.);
#2747=VECTOR('',#11334,10.);
#2748=VECTOR('',#11337,10.);
#2749=VECTOR('',#11340,10.);
#2750=VECTOR('',#11343,10.);
#2751=VECTOR('',#11346,10.);
#2752=VECTOR('',#11349,10.);
#2753=VECTOR('',#11352,10.);
#2754=VECTOR('',#11355,10.);
#2755=VECTOR('',#11358,10.);
#2756=VECTOR('',#11361,10.);
#2757=VECTOR('',#11364,10.);
#2758=VECTOR('',#11367,10.);
#2759=VECTOR('',#11370,10.);
#2760=VECTOR('',#11373,10.);
#2761=VECTOR('',#11376,10.);
#2762=VECTOR('',#11379,10.);
#2763=VECTOR('',#11382,10.);
#2764=VECTOR('',#11385,10.);
#2765=VECTOR('',#11388,10.);
#2766=VECTOR('',#11391,10.);
#2767=VECTOR('',#11394,10.);
#2768=VECTOR('',#11397,10.);
#2769=VECTOR('',#11400,10.);
#2770=VECTOR('',#11403,10.);
#2771=VECTOR('',#11406,10.);
#2772=VECTOR('',#11409,10.);
#2773=VECTOR('',#11412,10.);
#2774=VECTOR('',#11415,10.);
#2775=VECTOR('',#11418,10.);
#2776=VECTOR('',#11421,10.);
#2777=VECTOR('',#11424,10.);
#2778=VECTOR('',#11427,10.);
#2779=VECTOR('',#11430,10.);
#2780=VECTOR('',#11433,10.);
#2781=VECTOR('',#11436,10.);
#2782=VECTOR('',#11439,10.);
#2783=VECTOR('',#11442,10.);
#2784=VECTOR('',#11445,10.);
#2785=VECTOR('',#11448,10.);
#2786=VECTOR('',#11451,10.);
#2787=VECTOR('',#11454,10.);
#2788=VECTOR('',#11457,10.);
#2789=VECTOR('',#11460,10.);
#2790=VECTOR('',#11463,10.);
#2791=VECTOR('',#11466,10.);
#2792=VECTOR('',#11469,10.);
#2793=VECTOR('',#11472,10.);
#2794=VECTOR('',#11475,10.);
#2795=VECTOR('',#11478,10.);
#2796=VECTOR('',#11481,10.);
#2797=VECTOR('',#11484,10.);
#2798=VECTOR('',#11487,10.);
#2799=VECTOR('',#11490,10.);
#2800=VECTOR('',#11493,10.);
#2801=VECTOR('',#11496,10.);
#2802=VECTOR('',#11499,10.);
#2803=VECTOR('',#11502,10.);
#2804=VECTOR('',#11505,10.);
#2805=VECTOR('',#11508,10.);
#2806=VECTOR('',#11511,10.);
#2807=VECTOR('',#11514,10.);
#2808=VECTOR('',#11517,10.);
#2809=VECTOR('',#11520,10.);
#2810=VECTOR('',#11523,10.);
#2811=VECTOR('',#11526,10.);
#2812=VECTOR('',#11529,10.);
#2813=VECTOR('',#11532,10.);
#2814=VECTOR('',#11535,10.);
#2815=VECTOR('',#11538,10.);
#2816=VECTOR('',#11541,10.);
#2817=VECTOR('',#11544,10.);
#2818=VECTOR('',#11547,10.);
#2819=VECTOR('',#11550,10.);
#2820=VECTOR('',#11553,10.);
#2821=VECTOR('',#11556,10.);
#2822=VECTOR('',#11559,10.);
#2823=VECTOR('',#11562,10.);
#2824=VECTOR('',#11565,10.);
#2825=VECTOR('',#11568,10.);
#2826=VECTOR('',#11571,10.);
#2827=VECTOR('',#11574,10.);
#2828=VECTOR('',#11577,10.);
#2829=VECTOR('',#11580,10.);
#2830=VECTOR('',#11581,10.);
#2831=VECTOR('',#11586,10.);
#2832=VECTOR('',#11587,10.);
#2833=VECTOR('',#11592,10.);
#2834=VECTOR('',#11593,10.);
#2835=VECTOR('',#11596,10.);
#2836=VECTOR('',#11599,10.);
#2837=VECTOR('',#11602,10.);
#2838=VECTOR('',#11605,10.);
#2839=VECTOR('',#11610,10.);
#2840=VECTOR('',#11611,10.);
#2841=VECTOR('',#11614,10.);
#2842=VECTOR('',#11617,10.);
#2843=VECTOR('',#11620,10.);
#2844=VECTOR('',#11623,10.);
#2845=VECTOR('',#11626,10.);
#2846=VECTOR('',#11629,10.);
#2847=VECTOR('',#11634,10.);
#2848=VECTOR('',#11635,10.);
#2849=VECTOR('',#11638,10.);
#2850=VECTOR('',#11641,10.);
#2851=VECTOR('',#11644,10.);
#2852=VECTOR('',#11647,10.);
#2853=VECTOR('',#11650,10.);
#2854=VECTOR('',#11653,10.);
#2855=VECTOR('',#11658,10.);
#2856=VECTOR('',#11659,10.);
#2857=VECTOR('',#11662,10.);
#2858=VECTOR('',#11665,10.);
#2859=VECTOR('',#11668,10.);
#2860=VECTOR('',#11671,10.);
#2861=VECTOR('',#11674,10.);
#2862=VECTOR('',#11677,10.);
#2863=VECTOR('',#11682,10.);
#2864=VECTOR('',#11683,10.);
#2865=VECTOR('',#11686,10.);
#2866=VECTOR('',#11689,10.);
#2867=VECTOR('',#11692,10.);
#2868=VECTOR('',#11695,10.);
#2869=VECTOR('',#11698,10.);
#2870=VECTOR('',#11701,10.);
#2871=VECTOR('',#11706,10.);
#2872=VECTOR('',#11707,10.);
#2873=VECTOR('',#11710,10.);
#2874=VECTOR('',#11713,10.);
#2875=VECTOR('',#11716,10.);
#2876=VECTOR('',#11719,10.);
#2877=VECTOR('',#11722,10.);
#2878=VECTOR('',#11725,10.);
#2879=VECTOR('',#11730,10.);
#2880=VECTOR('',#11731,10.);
#2881=VECTOR('',#11734,10.);
#2882=VECTOR('',#11737,10.);
#2883=VECTOR('',#11740,10.);
#2884=VECTOR('',#11743,10.);
#2885=VECTOR('',#11746,10.);
#2886=VECTOR('',#11749,10.);
#2887=VECTOR('',#11754,10.);
#2888=VECTOR('',#11755,10.);
#2889=VECTOR('',#11758,10.);
#2890=VECTOR('',#11761,10.);
#2891=VECTOR('',#11764,10.);
#2892=VECTOR('',#11767,10.);
#2893=VECTOR('',#11770,10.);
#2894=VECTOR('',#11773,10.);
#2895=VECTOR('',#11778,10.);
#2896=VECTOR('',#11779,10.);
#2897=VECTOR('',#11782,10.);
#2898=VECTOR('',#11785,10.);
#2899=VECTOR('',#11788,10.);
#2900=VECTOR('',#11791,10.);
#2901=VECTOR('',#11794,10.);
#2902=VECTOR('',#11797,10.);
#2903=VECTOR('',#11802,10.);
#2904=VECTOR('',#11803,10.);
#2905=VECTOR('',#11806,10.);
#2906=VECTOR('',#11809,10.);
#2907=VECTOR('',#11812,10.);
#2908=VECTOR('',#11815,10.);
#2909=VECTOR('',#11818,10.);
#2910=VECTOR('',#11821,10.);
#2911=VECTOR('',#11826,10.);
#2912=VECTOR('',#11827,10.);
#2913=VECTOR('',#11830,10.);
#2914=VECTOR('',#11833,10.);
#2915=VECTOR('',#11836,10.);
#2916=VECTOR('',#11839,10.);
#2917=VECTOR('',#11842,10.);
#2918=VECTOR('',#11845,10.);
#2919=VECTOR('',#11850,10.);
#2920=VECTOR('',#11851,10.);
#2921=VECTOR('',#11854,10.);
#2922=VECTOR('',#11857,10.);
#2923=VECTOR('',#11860,10.);
#2924=VECTOR('',#11863,10.);
#2925=VECTOR('',#11866,10.);
#2926=VECTOR('',#11869,10.);
#2927=VECTOR('',#11874,10.);
#2928=VECTOR('',#11875,10.);
#2929=VECTOR('',#11878,10.);
#2930=VECTOR('',#11881,10.);
#2931=VECTOR('',#11884,10.);
#2932=VECTOR('',#11887,10.);
#2933=VECTOR('',#11890,10.);
#2934=VECTOR('',#11893,10.);
#2935=VECTOR('',#11898,10.);
#2936=VECTOR('',#11901,10.);
#2937=VECTOR('',#11904,10.);
#2938=VECTOR('',#11907,10.);
#2939=VECTOR('',#11910,10.);
#2940=VECTOR('',#11913,10.);
#2941=VECTOR('',#11916,10.);
#2942=VECTOR('',#11919,10.);
#2943=VECTOR('',#11922,10.);
#2944=VECTOR('',#11925,10.);
#2945=VECTOR('',#11928,10.);
#2946=VECTOR('',#11931,10.);
#2947=VECTOR('',#11934,10.);
#2948=VECTOR('',#11937,10.);
#2949=VECTOR('',#11940,10.);
#2950=VECTOR('',#11945,10.);
#2951=VECTOR('',#11946,10.);
#2952=VECTOR('',#11949,10.);
#2953=VECTOR('',#11952,10.);
#2954=VECTOR('',#11955,10.);
#2955=VECTOR('',#11958,10.);
#2956=VECTOR('',#11961,10.);
#2957=VECTOR('',#11964,10.);
#2958=VECTOR('',#11969,10.);
#2959=VECTOR('',#11970,10.);
#2960=VECTOR('',#11973,10.);
#2961=VECTOR('',#11976,10.);
#2962=VECTOR('',#11979,10.);
#2963=VECTOR('',#11982,10.);
#2964=VECTOR('',#11985,10.);
#2965=VECTOR('',#11988,10.);
#2966=VECTOR('',#11993,10.);
#2967=VECTOR('',#11994,10.);
#2968=VECTOR('',#11997,10.);
#2969=VECTOR('',#12000,10.);
#2970=VECTOR('',#12003,10.);
#2971=VECTOR('',#12006,10.);
#2972=VECTOR('',#12009,10.);
#2973=VECTOR('',#12012,10.);
#2974=VECTOR('',#12017,10.);
#2975=VECTOR('',#12018,10.);
#2976=VECTOR('',#12021,10.);
#2977=VECTOR('',#12024,10.);
#2978=VECTOR('',#12027,10.);
#2979=VECTOR('',#12030,10.);
#2980=VECTOR('',#12033,10.);
#2981=VECTOR('',#12036,10.);
#2982=VECTOR('',#12041,10.);
#2983=VECTOR('',#12042,10.);
#2984=VECTOR('',#12045,10.);
#2985=VECTOR('',#12048,10.);
#2986=VECTOR('',#12051,10.);
#2987=VECTOR('',#12054,10.);
#2988=VECTOR('',#12057,10.);
#2989=VECTOR('',#12060,10.);
#2990=VECTOR('',#12065,10.);
#2991=VECTOR('',#12066,10.);
#2992=VECTOR('',#12069,10.);
#2993=VECTOR('',#12072,10.);
#2994=VECTOR('',#12075,10.);
#2995=VECTOR('',#12078,10.);
#2996=VECTOR('',#12081,10.);
#2997=VECTOR('',#12084,10.);
#2998=VECTOR('',#12089,10.);
#2999=VECTOR('',#12090,10.);
#3000=VECTOR('',#12093,10.);
#3001=VECTOR('',#12096,10.);
#3002=VECTOR('',#12099,10.);
#3003=VECTOR('',#12102,10.);
#3004=VECTOR('',#12105,10.);
#3005=VECTOR('',#12108,10.);
#3006=VECTOR('',#12113,10.);
#3007=VECTOR('',#12114,10.);
#3008=VECTOR('',#12117,10.);
#3009=VECTOR('',#12120,10.);
#3010=VECTOR('',#12123,10.);
#3011=VECTOR('',#12126,10.);
#3012=VECTOR('',#12129,10.);
#3013=VECTOR('',#12132,10.);
#3014=VECTOR('',#12137,10.);
#3015=VECTOR('',#12138,10.);
#3016=VECTOR('',#12141,10.);
#3017=VECTOR('',#12144,10.);
#3018=VECTOR('',#12147,10.);
#3019=VECTOR('',#12150,10.);
#3020=VECTOR('',#12153,10.);
#3021=VECTOR('',#12156,10.);
#3022=VECTOR('',#12161,10.);
#3023=VECTOR('',#12162,10.);
#3024=VECTOR('',#12165,10.);
#3025=VECTOR('',#12168,10.);
#3026=VECTOR('',#12171,10.);
#3027=VECTOR('',#12174,10.);
#3028=VECTOR('',#12177,10.);
#3029=VECTOR('',#12180,10.);
#3030=VECTOR('',#12185,10.);
#3031=VECTOR('',#12186,10.);
#3032=VECTOR('',#12189,10.);
#3033=VECTOR('',#12192,10.);
#3034=VECTOR('',#12195,10.);
#3035=VECTOR('',#12198,10.);
#3036=VECTOR('',#12201,10.);
#3037=VECTOR('',#12204,10.);
#3038=VECTOR('',#12209,10.);
#3039=VECTOR('',#12210,10.);
#3040=VECTOR('',#12213,10.);
#3041=VECTOR('',#12216,10.);
#3042=VECTOR('',#12219,10.);
#3043=VECTOR('',#12222,10.);
#3044=VECTOR('',#12225,10.);
#3045=VECTOR('',#12228,10.);
#3046=VECTOR('',#12233,10.);
#3047=VECTOR('',#12234,10.);
#3048=VECTOR('',#12237,10.);
#3049=VECTOR('',#12240,10.);
#3050=VECTOR('',#12243,10.);
#3051=VECTOR('',#12246,10.);
#3052=VECTOR('',#12249,10.);
#3053=VECTOR('',#12252,10.);
#3054=VECTOR('',#12257,10.);
#3055=VECTOR('',#12260,10.);
#3056=VECTOR('',#12263,10.);
#3057=VECTOR('',#12266,10.);
#3058=VECTOR('',#12269,10.);
#3059=VECTOR('',#12272,10.);
#3060=VECTOR('',#12275,10.);
#3061=VECTOR('',#12278,10.);
#3062=VECTOR('',#12281,10.);
#3063=VECTOR('',#12284,10.);
#3064=VECTOR('',#12287,10.);
#3065=VECTOR('',#12290,10.);
#3066=VECTOR('',#12293,10.);
#3067=VECTOR('',#12296,10.);
#3068=VECTOR('',#12299,10.);
#3069=VECTOR('',#12302,10.);
#3070=VECTOR('',#12305,10.);
#3071=VECTOR('',#12308,10.);
#3072=VECTOR('',#12311,10.);
#3073=VECTOR('',#12314,10.);
#3074=VECTOR('',#12317,10.);
#3075=VECTOR('',#12320,10.);
#3076=VECTOR('',#12323,10.);
#3077=VECTOR('',#12326,10.);
#3078=VECTOR('',#12329,10.);
#3079=VECTOR('',#12332,10.);
#3080=VECTOR('',#12335,10.);
#3081=VECTOR('',#12338,10.);
#3082=VECTOR('',#12341,10.);
#3083=VECTOR('',#12346,10.);
#3084=VECTOR('',#12347,10.);
#3085=VECTOR('',#12350,10.);
#3086=VECTOR('',#12353,10.);
#3087=VECTOR('',#12356,10.);
#3088=VECTOR('',#12359,10.);
#3089=VECTOR('',#12362,10.);
#3090=VECTOR('',#12365,10.);
#3091=VECTOR('',#12370,10.);
#3092=VECTOR('',#12371,10.);
#3093=VECTOR('',#12374,10.);
#3094=VECTOR('',#12377,10.);
#3095=VECTOR('',#12380,10.);
#3096=VECTOR('',#12383,10.);
#3097=VECTOR('',#12386,10.);
#3098=VECTOR('',#12389,10.);
#3099=VECTOR('',#12394,10.);
#3100=VECTOR('',#12395,10.);
#3101=VECTOR('',#12398,10.);
#3102=VECTOR('',#12401,10.);
#3103=VECTOR('',#12404,10.);
#3104=VECTOR('',#12407,10.);
#3105=VECTOR('',#12410,10.);
#3106=VECTOR('',#12413,10.);
#3107=VECTOR('',#12418,10.);
#3108=VECTOR('',#12419,10.);
#3109=VECTOR('',#12422,10.);
#3110=VECTOR('',#12425,10.);
#3111=VECTOR('',#12428,10.);
#3112=VECTOR('',#12431,10.);
#3113=VECTOR('',#12434,10.);
#3114=VECTOR('',#12437,10.);
#3115=VECTOR('',#12442,10.);
#3116=VECTOR('',#12443,10.);
#3117=VECTOR('',#12446,10.);
#3118=VECTOR('',#12449,10.);
#3119=VECTOR('',#12452,10.);
#3120=VECTOR('',#12455,10.);
#3121=VECTOR('',#12458,10.);
#3122=VECTOR('',#12461,10.);
#3123=VECTOR('',#12466,10.);
#3124=VECTOR('',#12467,10.);
#3125=VECTOR('',#12470,10.);
#3126=VECTOR('',#12473,10.);
#3127=VECTOR('',#12476,10.);
#3128=VECTOR('',#12479,10.);
#3129=VECTOR('',#12482,10.);
#3130=VECTOR('',#12485,10.);
#3131=VECTOR('',#12490,10.);
#3132=VECTOR('',#12491,10.);
#3133=VECTOR('',#12494,10.);
#3134=VECTOR('',#12497,10.);
#3135=VECTOR('',#12500,10.);
#3136=VECTOR('',#12503,10.);
#3137=VECTOR('',#12506,10.);
#3138=VECTOR('',#12509,10.);
#3139=VECTOR('',#12514,10.);
#3140=VECTOR('',#12515,10.);
#3141=VECTOR('',#12518,10.);
#3142=VECTOR('',#12521,10.);
#3143=VECTOR('',#12524,10.);
#3144=VECTOR('',#12527,10.);
#3145=VECTOR('',#12530,10.);
#3146=VECTOR('',#12533,10.);
#3147=VECTOR('',#12538,10.);
#3148=VECTOR('',#12539,10.);
#3149=VECTOR('',#12542,10.);
#3150=VECTOR('',#12545,10.);
#3151=VECTOR('',#12548,10.);
#3152=VECTOR('',#12551,10.);
#3153=VECTOR('',#12554,10.);
#3154=VECTOR('',#12557,10.);
#3155=VECTOR('',#12562,10.);
#3156=VECTOR('',#12563,10.);
#3157=VECTOR('',#12566,10.);
#3158=VECTOR('',#12569,10.);
#3159=VECTOR('',#12572,10.);
#3160=VECTOR('',#12575,10.);
#3161=VECTOR('',#12578,10.);
#3162=VECTOR('',#12581,10.);
#3163=VECTOR('',#12586,10.);
#3164=VECTOR('',#12587,10.);
#3165=VECTOR('',#12590,10.);
#3166=VECTOR('',#12593,10.);
#3167=VECTOR('',#12596,10.);
#3168=VECTOR('',#12599,10.);
#3169=VECTOR('',#12602,10.);
#3170=VECTOR('',#12605,10.);
#3171=VECTOR('',#12610,10.);
#3172=VECTOR('',#12611,10.);
#3173=VECTOR('',#12614,10.);
#3174=VECTOR('',#12617,10.);
#3175=VECTOR('',#12620,10.);
#3176=VECTOR('',#12623,10.);
#3177=VECTOR('',#12626,10.);
#3178=VECTOR('',#12629,10.);
#3179=VECTOR('',#12634,10.);
#3180=VECTOR('',#12635,10.);
#3181=VECTOR('',#12638,10.);
#3182=VECTOR('',#12641,10.);
#3183=VECTOR('',#12644,10.);
#3184=VECTOR('',#12647,10.);
#3185=VECTOR('',#12650,10.);
#3186=VECTOR('',#12653,10.);
#3187=VECTOR('',#12658,10.);
#3188=VECTOR('',#12659,10.);
#3189=VECTOR('',#12662,10.);
#3190=VECTOR('',#12665,10.);
#3191=VECTOR('',#12668,10.);
#3192=VECTOR('',#12671,10.);
#3193=VECTOR('',#12674,10.);
#3194=VECTOR('',#12677,10.);
#3195=VECTOR('',#12682,10.);
#3196=VECTOR('',#12687,10.);
#3197=VECTOR('',#12690,10.);
#3198=CIRCLE('',#9189,1.4);
#3199=CIRCLE('',#9190,1.4);
#3200=CIRCLE('',#9196,0.500000000000007);
#3201=CIRCLE('',#9197,0.500000000000007);
#3202=CIRCLE('',#9198,0.500000000000003);
#3203=CIRCLE('',#9199,0.500000000000003);
#3204=CIRCLE('',#9200,0.500000000000007);
#3205=CIRCLE('',#9201,0.500000000000003);
#3206=CIRCLE('',#9202,0.499999999999989);
#3207=CIRCLE('',#9203,0.5);
#3208=CIRCLE('',#9204,0.500000000000007);
#3209=CIRCLE('',#9205,0.500000000000007);
#3210=CIRCLE('',#9206,0.5);
#3211=CIRCLE('',#9207,0.499999999999999);
#3212=CIRCLE('',#9208,0.499999999999999);
#3213=CIRCLE('',#9209,0.500000000000002);
#3214=CIRCLE('',#9210,0.500000000000007);
#3215=CIRCLE('',#9211,0.499999999999989);
#3216=CIRCLE('',#9212,0.500000000000007);
#3217=CIRCLE('',#9213,0.499999999999998);
#3218=CIRCLE('',#9214,0.500000000000007);
#3219=CIRCLE('',#9215,0.499999999999998);
#3220=CIRCLE('',#9216,0.500000000000003);
#3221=CIRCLE('',#9217,0.499999999999998);
#3222=CIRCLE('',#9218,0.500000000000007);
#3223=CIRCLE('',#9219,0.499999999999989);
#3224=CIRCLE('',#9221,0.500000000000007);
#3225=CIRCLE('',#9222,0.500000000000007);
#3226=CIRCLE('',#9223,0.500000000000007);
#3227=CIRCLE('',#9224,0.500000000000007);
#3228=CIRCLE('',#9225,0.499999999999989);
#3229=CIRCLE('',#9226,0.500000000000007);
#3230=CIRCLE('',#9227,0.500000000000007);
#3231=CIRCLE('',#9228,0.499999999999989);
#3232=CIRCLE('',#9229,0.500000000000007);
#3233=CIRCLE('',#9230,0.499999999999989);
#3234=CIRCLE('',#9231,0.499999999999989);
#3235=CIRCLE('',#9232,0.499999999999989);
#3236=CIRCLE('',#9233,0.500000000000007);
#3237=CIRCLE('',#9234,0.499999999999989);
#3238=CIRCLE('',#9235,0.499999999999989);
#3239=CIRCLE('',#9236,0.500000000000007);
#3240=CIRCLE('',#9242,0.499999999999999);
#3241=CIRCLE('',#9245,0.5);
#3242=CIRCLE('',#9249,0.500000000000007);
#3243=CIRCLE('',#9253,0.500000000000007);
#3244=CIRCLE('',#9256,0.5);
#3245=CIRCLE('',#9261,0.499999999999989);
#3246=CIRCLE('',#9264,0.500000000000003);
#3247=CIRCLE('',#9269,0.500000000000007);
#3248=CIRCLE('',#9272,0.500000000000003);
#3249=CIRCLE('',#9276,0.500000000000003);
#3250=CIRCLE('',#9280,0.500000000000007);
#3251=CIRCLE('',#9282,0.500000000000007);
#3252=CIRCLE('',#9285,0.499999999999989);
#3253=CIRCLE('',#9288,0.500000000000007);
#3254=CIRCLE('',#9292,0.500000000000007);
#3255=CIRCLE('',#9296,0.499999999999989);
#3256=CIRCLE('',#9299,0.500000000000007);
#3257=CIRCLE('',#9302,0.500000000000007);
#3258=CIRCLE('',#9306,0.500000000000007);
#3259=CIRCLE('',#9309,0.500000000000007);
#3260=CIRCLE('',#9323,5.);
#3261=CIRCLE('',#9324,5.);
#3262=CIRCLE('',#9325,5.);
#3263=CIRCLE('',#9326,5.);
#3264=CIRCLE('',#9327,5.);
#3265=CIRCLE('',#9328,5.);
#3266=CIRCLE('',#9329,0.500000000000007);
#3267=CIRCLE('',#9330,0.499999999999989);
#3268=CIRCLE('',#9331,0.499999999999989);
#3269=CIRCLE('',#9332,0.500000000000007);
#3270=CIRCLE('',#9333,0.499999999999989);
#3271=CIRCLE('',#9334,0.499999999999989);
#3272=CIRCLE('',#9335,0.499999999999989);
#3273=CIRCLE('',#9336,0.499999999999998);
#3274=CIRCLE('',#9337,0.500000000000007);
#3275=CIRCLE('',#9338,0.500000000000003);
#3276=CIRCLE('',#9339,0.499999999999989);
#3277=CIRCLE('',#9340,0.499999999999998);
#3278=CIRCLE('',#9341,0.499999999999989);
#3279=CIRCLE('',#9342,0.499999999999998);
#3280=CIRCLE('',#9343,0.499999999999998);
#3281=CIRCLE('',#9344,0.499999999999989);
#3282=CIRCLE('',#9345,0.499999999999989);
#3283=CIRCLE('',#9346,0.500000000000007);
#3284=CIRCLE('',#9347,0.500000000000007);
#3285=CIRCLE('',#9348,0.499999999999998);
#3286=CIRCLE('',#9349,0.500000000000007);
#3287=CIRCLE('',#9350,0.499999999999998);
#3288=CIRCLE('',#9351,0.499999999999998);
#3289=CIRCLE('',#9352,0.499999999999998);
#3290=CIRCLE('',#9353,0.499999999999998);
#3291=CIRCLE('',#9354,0.499999999999998);
#3292=CIRCLE('',#9355,0.5);
#3293=CIRCLE('',#9356,0.499999999999989);
#3294=CIRCLE('',#9357,0.500000000000007);
#3295=CIRCLE('',#9358,0.500000000000007);
#3296=CIRCLE('',#9359,0.500000000000007);
#3297=CIRCLE('',#9360,0.499999999999989);
#3298=CIRCLE('',#9361,0.500000000000007);
#3299=CIRCLE('',#9362,0.500000000000007);
#3300=CIRCLE('',#9363,0.500000000000007);
#3301=CIRCLE('',#9364,0.499999999999998);
#3302=CIRCLE('',#9365,0.500000000000007);
#3303=CIRCLE('',#9366,0.499999999999998);
#3304=CIRCLE('',#9367,0.500000000000007);
#3305=CIRCLE('',#9368,0.499999999999998);
#3306=CIRCLE('',#9369,0.499999999999998);
#3307=CIRCLE('',#9370,0.500000000000003);
#3308=CIRCLE('',#9371,0.499999999999998);
#3309=CIRCLE('',#9372,0.5);
#3310=CIRCLE('',#9373,0.500000000000007);
#3311=CIRCLE('',#9374,0.499999999999998);
#3312=CIRCLE('',#9375,0.500000000000007);
#3313=CIRCLE('',#9376,0.500000000000007);
#3314=CIRCLE('',#9377,0.499999999999998);
#3315=CIRCLE('',#9378,0.500000000000007);
#3316=CIRCLE('',#9379,0.5);
#3317=CIRCLE('',#9380,0.499999999999989);
#3318=CIRCLE('',#9381,0.499999999999998);
#3319=CIRCLE('',#9382,0.500000000000007);
#3320=CIRCLE('',#9383,0.499999999999998);
#3321=CIRCLE('',#9384,0.499999999999989);
#3322=CIRCLE('',#9385,0.500000000000007);
#3323=CIRCLE('',#9386,0.500000000000007);
#3324=CIRCLE('',#9387,0.499999999999989);
#3325=CIRCLE('',#9388,0.499999999999989);
#3326=CIRCLE('',#9389,0.499999999999998);
#3327=CIRCLE('',#9390,0.500000000000007);
#3328=CIRCLE('',#9391,0.499999999999998);
#3329=CIRCLE('',#9392,0.500000000000007);
#3330=CIRCLE('',#9393,0.499999999999989);
#3331=CIRCLE('',#9394,0.500000000000007);
#3332=CIRCLE('',#9395,0.499999999999998);
#3333=CIRCLE('',#9396,0.500000000000003);
#3334=CIRCLE('',#9397,0.499999999999998);
#3335=CIRCLE('',#9398,0.500000000000007);
#3336=CIRCLE('',#9399,0.499999999999998);
#3337=CIRCLE('',#9400,0.500000000000007);
#3338=CIRCLE('',#9401,0.499999999999989);
#3339=CIRCLE('',#9402,0.500000000000007);
#3340=CIRCLE('',#9403,0.500000000000002);
#3341=CIRCLE('',#9404,0.499999999999999);
#3342=CIRCLE('',#9405,0.499999999999998);
#3343=CIRCLE('',#9406,0.500000000000007);
#3344=CIRCLE('',#9407,0.499999999999998);
#3345=CIRCLE('',#9408,0.499999999999989);
#3346=CIRCLE('',#9409,0.499999999999998);
#3347=CIRCLE('',#9410,0.500000000000003);
#3348=CIRCLE('',#9411,0.500000000000003);
#3349=CIRCLE('',#9412,0.499999999999998);
#3350=CIRCLE('',#9413,0.500000000000007);
#3351=CIRCLE('',#9414,0.499999999999998);
#3352=CIRCLE('',#9415,0.500000000000007);
#3353=CIRCLE('',#9416,0.499999999999998);
#3354=CIRCLE('',#9417,0.499999999999998);
#3355=CIRCLE('',#9418,0.499999999999989);
#3356=CIRCLE('',#9419,0.500000000000003);
#3357=CIRCLE('',#9420,0.499999999999998);
#3358=CIRCLE('',#9421,0.5);
#3359=CIRCLE('',#9422,0.499999999999989);
#3360=CIRCLE('',#9423,0.499999999999998);
#3361=CIRCLE('',#9424,0.500000000000007);
#3362=CIRCLE('',#9425,0.5);
#3363=CIRCLE('',#9426,0.499999999999998);
#3364=CIRCLE('',#9427,0.499999999999998);
#3365=CIRCLE('',#9428,0.5);
#3366=CIRCLE('',#9429,0.5);
#3367=CIRCLE('',#9430,0.499999999999989);
#3368=CIRCLE('',#9431,0.499999999999998);
#3369=CIRCLE('',#9432,0.499999999999998);
#3370=CIRCLE('',#9433,0.5);
#3371=CIRCLE('',#9434,0.500000000000007);
#3372=CIRCLE('',#9435,0.499999999999998);
#3373=CIRCLE('',#9436,0.499999999999989);
#3374=CIRCLE('',#9437,0.499999999999998);
#3375=CIRCLE('',#9438,0.500000000000007);
#3376=CIRCLE('',#9439,0.499999999999998);
#3377=CIRCLE('',#9440,0.500000000000007);
#3378=CIRCLE('',#9441,0.5);
#3379=CIRCLE('',#9442,0.499999999999998);
#3380=CIRCLE('',#9443,0.499999999999998);
#3381=CIRCLE('',#9444,0.499999999999998);
#3382=CIRCLE('',#9445,0.499999999999998);
#3383=CIRCLE('',#9446,0.500000000000007);
#3384=CIRCLE('',#9447,0.499999999999998);
#3385=CIRCLE('',#9448,0.500000000000007);
#3386=CIRCLE('',#9449,0.499999999999998);
#3387=CIRCLE('',#9450,0.500000000000007);
#3388=CIRCLE('',#9451,0.500000000000003);
#3389=CIRCLE('',#9452,0.500000000000007);
#3390=CIRCLE('',#9453,0.499999999999998);
#3391=CIRCLE('',#9454,0.500000000000007);
#3392=CIRCLE('',#9455,0.499999999999998);
#3393=CIRCLE('',#9456,0.500000000000007);
#3394=CIRCLE('',#9457,0.499999999999998);
#3395=CIRCLE('',#9458,0.499999999999998);
#3396=CIRCLE('',#9459,0.499999999999998);
#3397=CIRCLE('',#9460,0.499999999999998);
#3398=CIRCLE('',#9461,0.499999999999998);
#3399=CIRCLE('',#9462,0.499999999999989);
#3400=CIRCLE('',#9463,0.499999999999998);
#3401=CIRCLE('',#9464,0.499999999999998);
#3402=CIRCLE('',#9465,0.5);
#3403=CIRCLE('',#9466,0.499999999999998);
#3404=CIRCLE('',#9467,0.499999999999998);
#3405=CIRCLE('',#9468,0.500000000000003);
#3406=CIRCLE('',#9469,0.499999999999998);
#3407=CIRCLE('',#9470,0.500000000000007);
#3408=CIRCLE('',#9471,0.500000000000003);
#3409=CIRCLE('',#9472,0.500000000000007);
#3410=CIRCLE('',#9473,0.499999999999998);
#3411=CIRCLE('',#9474,0.499999999999998);
#3412=CIRCLE('',#9475,0.499999999999998);
#3413=CIRCLE('',#9476,0.5);
#3414=CIRCLE('',#9477,0.499999999999998);
#3415=CIRCLE('',#9478,0.500000000000007);
#3416=CIRCLE('',#9479,0.499999999999998);
#3417=CIRCLE('',#9480,0.499999999999989);
#3418=CIRCLE('',#9481,0.499999999999998);
#3419=CIRCLE('',#9482,0.499999999999998);
#3420=CIRCLE('',#9483,0.499999999999998);
#3421=CIRCLE('',#9484,0.500000000000003);
#3422=CIRCLE('',#9485,0.499999999999998);
#3423=CIRCLE('',#9486,0.500000000000007);
#3424=CIRCLE('',#9487,0.499999999999998);
#3425=CIRCLE('',#9488,0.500000000000007);
#3426=CIRCLE('',#9489,0.500000000000007);
#3427=CIRCLE('',#9490,0.500000000000007);
#3428=CIRCLE('',#9491,0.500000000000007);
#3429=CIRCLE('',#9492,0.499999999999998);
#3430=CIRCLE('',#9493,0.499999999999998);
#3431=CIRCLE('',#9494,0.500000000000007);
#3432=CIRCLE('',#9495,0.499999999999998);
#3433=CIRCLE('',#9496,0.499999999999998);
#3434=CIRCLE('',#9497,0.499999999999998);
#3435=CIRCLE('',#9498,0.499999999999998);
#3436=CIRCLE('',#9499,0.500000000000003);
#3437=CIRCLE('',#9500,0.499999999999998);
#3438=CIRCLE('',#9501,0.499999999999998);
#3439=CIRCLE('',#9502,0.499999999999998);
#3440=CIRCLE('',#9503,0.500000000000003);
#3441=CIRCLE('',#9504,0.5);
#3442=CIRCLE('',#9507,5.);
#3443=CIRCLE('',#9510,5.);
#3444=CIRCLE('',#9511,5.);
#3445=CIRCLE('',#9512,5.);
#3446=CIRCLE('',#9513,5.);
#3447=CIRCLE('',#9514,5.);
#3448=CIRCLE('',#9515,0.499999999999998);
#3449=CIRCLE('',#9516,0.499999999999989);
#3450=CIRCLE('',#9517,0.500000000000003);
#3451=CIRCLE('',#9518,0.500000000000007);
#3452=CIRCLE('',#9519,0.499999999999998);
#3453=CIRCLE('',#9520,0.499999999999998);
#3454=CIRCLE('',#9521,0.499999999999998);
#3455=CIRCLE('',#9522,0.499999999999989);
#3456=CIRCLE('',#9523,0.499999999999989);
#3457=CIRCLE('',#9524,0.500000000000007);
#3458=CIRCLE('',#9525,0.500000000000007);
#3459=CIRCLE('',#9526,0.499999999999989);
#3460=CIRCLE('',#9527,0.499999999999998);
#3461=CIRCLE('',#9528,0.499999999999998);
#3462=CIRCLE('',#9529,0.499999999999998);
#3463=CIRCLE('',#9530,0.500000000000007);
#3464=CIRCLE('',#9531,0.499999999999998);
#3465=CIRCLE('',#9532,0.5);
#3466=CIRCLE('',#9533,0.499999999999998);
#3467=CIRCLE('',#9534,0.499999999999998);
#3468=CIRCLE('',#9535,0.499999999999989);
#3469=CIRCLE('',#9536,0.500000000000007);
#3470=CIRCLE('',#9537,0.500000000000007);
#3471=CIRCLE('',#9538,0.500000000000007);
#3472=CIRCLE('',#9539,0.499999999999989);
#3473=CIRCLE('',#9540,0.500000000000007);
#3474=CIRCLE('',#9541,0.500000000000007);
#3475=CIRCLE('',#9542,0.500000000000007);
#3476=CIRCLE('',#9543,0.499999999999998);
#3477=CIRCLE('',#9544,0.500000000000007);
#3478=CIRCLE('',#9545,0.499999999999998);
#3479=CIRCLE('',#9546,0.500000000000007);
#3480=CIRCLE('',#9547,0.499999999999998);
#3481=CIRCLE('',#9548,0.499999999999998);
#3482=CIRCLE('',#9549,0.500000000000003);
#3483=CIRCLE('',#9550,0.499999999999998);
#3484=CIRCLE('',#9551,0.5);
#3485=CIRCLE('',#9552,0.500000000000007);
#3486=CIRCLE('',#9553,0.499999999999998);
#3487=CIRCLE('',#9554,0.500000000000007);
#3488=CIRCLE('',#9555,0.500000000000007);
#3489=CIRCLE('',#9556,0.5);
#3490=CIRCLE('',#9557,0.500000000000007);
#3491=CIRCLE('',#9558,0.499999999999998);
#3492=CIRCLE('',#9559,0.499999999999989);
#3493=CIRCLE('',#9560,0.499999999999998);
#3494=CIRCLE('',#9561,0.500000000000007);
#3495=CIRCLE('',#9562,0.499999999999998);
#3496=CIRCLE('',#9563,0.499999999999989);
#3497=CIRCLE('',#9564,0.499999999999989);
#3498=CIRCLE('',#9565,0.500000000000007);
#3499=CIRCLE('',#9566,0.500000000000007);
#3500=CIRCLE('',#9567,0.499999999999989);
#3501=CIRCLE('',#9568,0.499999999999998);
#3502=CIRCLE('',#9569,0.500000000000007);
#3503=CIRCLE('',#9570,0.499999999999998);
#3504=CIRCLE('',#9571,0.499999999999998);
#3505=CIRCLE('',#9572,0.499999999999989);
#3506=CIRCLE('',#9573,0.499999999999998);
#3507=CIRCLE('',#9574,0.500000000000007);
#3508=CIRCLE('',#9575,0.499999999999998);
#3509=CIRCLE('',#9576,0.499999999999998);
#3510=CIRCLE('',#9577,0.500000000000003);
#3511=CIRCLE('',#9578,0.500000000000003);
#3512=CIRCLE('',#9579,0.500000000000007);
#3513=CIRCLE('',#9580,0.499999999999998);
#3514=CIRCLE('',#9581,0.500000000000007);
#3515=CIRCLE('',#9582,0.499999999999998);
#3516=CIRCLE('',#9583,0.499999999999998);
#3517=CIRCLE('',#9584,0.499999999999998);
#3518=CIRCLE('',#9585,0.500000000000003);
#3519=CIRCLE('',#9586,0.499999999999989);
#3520=CIRCLE('',#9587,0.5);
#3521=CIRCLE('',#9588,0.500000000000007);
#3522=CIRCLE('',#9589,0.499999999999998);
#3523=CIRCLE('',#9590,0.499999999999989);
#3524=CIRCLE('',#9591,0.5);
#3525=CIRCLE('',#9592,0.5);
#3526=CIRCLE('',#9593,0.499999999999998);
#3527=CIRCLE('',#9594,0.499999999999998);
#3528=CIRCLE('',#9595,0.5);
#3529=CIRCLE('',#9596,0.499999999999998);
#3530=CIRCLE('',#9597,0.499999999999998);
#3531=CIRCLE('',#9598,0.499999999999989);
#3532=CIRCLE('',#9599,0.5);
#3533=CIRCLE('',#9600,0.499999999999989);
#3534=CIRCLE('',#9601,0.499999999999998);
#3535=CIRCLE('',#9602,0.500000000000007);
#3536=CIRCLE('',#9603,0.499999999999998);
#3537=CIRCLE('',#9604,0.500000000000007);
#3538=CIRCLE('',#9605,0.499999999999998);
#3539=CIRCLE('',#9606,0.500000000000007);
#3540=CIRCLE('',#9607,0.5);
#3541=CIRCLE('',#9608,0.499999999999998);
#3542=CIRCLE('',#9609,0.499999999999998);
#3543=CIRCLE('',#9610,0.499999999999998);
#3544=CIRCLE('',#9611,0.499999999999998);
#3545=CIRCLE('',#9612,0.500000000000007);
#3546=CIRCLE('',#9613,0.499999999999998);
#3547=CIRCLE('',#9614,0.500000000000007);
#3548=CIRCLE('',#9615,0.499999999999998);
#3549=CIRCLE('',#9616,0.500000000000007);
#3550=CIRCLE('',#9617,0.500000000000003);
#3551=CIRCLE('',#9618,0.500000000000007);
#3552=CIRCLE('',#9619,0.499999999999998);
#3553=CIRCLE('',#9620,0.500000000000007);
#3554=CIRCLE('',#9621,0.499999999999998);
#3555=CIRCLE('',#9622,0.500000000000007);
#3556=CIRCLE('',#9623,0.499999999999998);
#3557=CIRCLE('',#9624,0.499999999999998);
#3558=CIRCLE('',#9625,0.499999999999998);
#3559=CIRCLE('',#9626,0.499999999999998);
#3560=CIRCLE('',#9627,0.499999999999998);
#3561=CIRCLE('',#9628,0.499999999999998);
#3562=CIRCLE('',#9629,0.499999999999998);
#3563=CIRCLE('',#9630,0.499999999999989);
#3564=CIRCLE('',#9631,0.5);
#3565=CIRCLE('',#9632,0.500000000000003);
#3566=CIRCLE('',#9633,0.499999999999998);
#3567=CIRCLE('',#9634,0.499999999999998);
#3568=CIRCLE('',#9635,0.499999999999998);
#3569=CIRCLE('',#9636,0.500000000000007);
#3570=CIRCLE('',#9637,0.500000000000003);
#3571=CIRCLE('',#9638,0.500000000000007);
#3572=CIRCLE('',#9639,0.499999999999998);
#3573=CIRCLE('',#9640,0.5);
#3574=CIRCLE('',#9641,0.499999999999998);
#3575=CIRCLE('',#9642,0.499999999999998);
#3576=CIRCLE('',#9643,0.499999999999998);
#3577=CIRCLE('',#9644,0.499999999999989);
#3578=CIRCLE('',#9645,0.499999999999998);
#3579=CIRCLE('',#9646,0.500000000000007);
#3580=CIRCLE('',#9647,0.499999999999998);
#3581=CIRCLE('',#9648,0.500000000000003);
#3582=CIRCLE('',#9649,0.499999999999998);
#3583=CIRCLE('',#9650,0.499999999999998);
#3584=CIRCLE('',#9651,0.499999999999998);
#3585=CIRCLE('',#9652,0.500000000000007);
#3586=CIRCLE('',#9653,0.499999999999998);
#3587=CIRCLE('',#9654,0.500000000000007);
#3588=CIRCLE('',#9655,0.500000000000007);
#3589=CIRCLE('',#9656,0.499999999999998);
#3590=CIRCLE('',#9657,0.500000000000007);
#3591=CIRCLE('',#9658,0.500000000000007);
#3592=CIRCLE('',#9659,0.499999999999998);
#3593=CIRCLE('',#9660,0.499999999999998);
#3594=CIRCLE('',#9661,0.499999999999998);
#3595=CIRCLE('',#9662,0.500000000000007);
#3596=CIRCLE('',#9663,0.499999999999998);
#3597=CIRCLE('',#9664,0.499999999999998);
#3598=CIRCLE('',#9665,0.500000000000003);
#3599=CIRCLE('',#9666,0.499999999999998);
#3600=CIRCLE('',#9667,0.499999999999998);
#3601=CIRCLE('',#9668,0.5);
#3602=CIRCLE('',#9669,0.500000000000003);
#3603=CIRCLE('',#9670,0.499999999999998);
#3604=VERTEX_POINT('',#12695);
#3605=VERTEX_POINT('',#12697);
#3606=VERTEX_POINT('',#12701);
#3607=VERTEX_POINT('',#12702);
#3608=VERTEX_POINT('',#12704);
#3609=VERTEX_POINT('',#12706);
#3610=VERTEX_POINT('',#12710);
#3611=VERTEX_POINT('',#12712);
#3612=VERTEX_POINT('',#12716);
#3613=VERTEX_POINT('',#12718);
#3614=VERTEX_POINT('',#12725);
#3615=VERTEX_POINT('',#12726);
#3616=VERTEX_POINT('',#12728);
#3617=VERTEX_POINT('',#12730);
#3618=VERTEX_POINT('',#12732);
#3619=VERTEX_POINT('',#12734);
#3620=VERTEX_POINT('',#12736);
#3621=VERTEX_POINT('',#12738);
#3622=VERTEX_POINT('',#12740);
#3623=VERTEX_POINT('',#12742);
#3624=VERTEX_POINT('',#12744);
#3625=VERTEX_POINT('',#12746);
#3626=VERTEX_POINT('',#12748);
#3627=VERTEX_POINT('',#12750);
#3628=VERTEX_POINT('',#12752);
#3629=VERTEX_POINT('',#12754);
#3630=VERTEX_POINT('',#12756);
#3631=VERTEX_POINT('',#12758);
#3632=VERTEX_POINT('',#12760);
#3633=VERTEX_POINT('',#12762);
#3634=VERTEX_POINT('',#12764);
#3635=VERTEX_POINT('',#12766);
#3636=VERTEX_POINT('',#12768);
#3637=VERTEX_POINT('',#12770);
#3638=VERTEX_POINT('',#12772);
#3639=VERTEX_POINT('',#12774);
#3640=VERTEX_POINT('',#12776);
#3641=VERTEX_POINT('',#12778);
#3642=VERTEX_POINT('',#12780);
#3643=VERTEX_POINT('',#12782);
#3644=VERTEX_POINT('',#12784);
#3645=VERTEX_POINT('',#12786);
#3646=VERTEX_POINT('',#12788);
#3647=VERTEX_POINT('',#12790);
#3648=VERTEX_POINT('',#12792);
#3649=VERTEX_POINT('',#12794);
#3650=VERTEX_POINT('',#12796);
#3651=VERTEX_POINT('',#12798);
#3652=VERTEX_POINT('',#12800);
#3653=VERTEX_POINT('',#12802);
#3654=VERTEX_POINT('',#12804);
#3655=VERTEX_POINT('',#12806);
#3656=VERTEX_POINT('',#12808);
#3657=VERTEX_POINT('',#12810);
#3658=VERTEX_POINT('',#12812);
#3659=VERTEX_POINT('',#12814);
#3660=VERTEX_POINT('',#12816);
#3661=VERTEX_POINT('',#12818);
#3662=VERTEX_POINT('',#12820);
#3663=VERTEX_POINT('',#12822);
#3664=VERTEX_POINT('',#12824);
#3665=VERTEX_POINT('',#12826);
#3666=VERTEX_POINT('',#12828);
#3667=VERTEX_POINT('',#12830);
#3668=VERTEX_POINT('',#12832);
#3669=VERTEX_POINT('',#12834);
#3670=VERTEX_POINT('',#12836);
#3671=VERTEX_POINT('',#12838);
#3672=VERTEX_POINT('',#12840);
#3673=VERTEX_POINT('',#12842);
#3674=VERTEX_POINT('',#12846);
#3675=VERTEX_POINT('',#12847);
#3676=VERTEX_POINT('',#12849);
#3677=VERTEX_POINT('',#12851);
#3678=VERTEX_POINT('',#12853);
#3679=VERTEX_POINT('',#12855);
#3680=VERTEX_POINT('',#12857);
#3681=VERTEX_POINT('',#12859);
#3682=VERTEX_POINT('',#12861);
#3683=VERTEX_POINT('',#12863);
#3684=VERTEX_POINT('',#12865);
#3685=VERTEX_POINT('',#12867);
#3686=VERTEX_POINT('',#12869);
#3687=VERTEX_POINT('',#12871);
#3688=VERTEX_POINT('',#12873);
#3689=VERTEX_POINT('',#12875);
#3690=VERTEX_POINT('',#12877);
#3691=VERTEX_POINT('',#12879);
#3692=VERTEX_POINT('',#12881);
#3693=VERTEX_POINT('',#12883);
#3694=VERTEX_POINT('',#12885);
#3695=VERTEX_POINT('',#12887);
#3696=VERTEX_POINT('',#12889);
#3697=VERTEX_POINT('',#12891);
#3698=VERTEX_POINT('',#12893);
#3699=VERTEX_POINT('',#12895);
#3700=VERTEX_POINT('',#12897);
#3701=VERTEX_POINT('',#12899);
#3702=VERTEX_POINT('',#12901);
#3703=VERTEX_POINT('',#12903);
#3704=VERTEX_POINT('',#12905);
#3705=VERTEX_POINT('',#12907);
#3706=VERTEX_POINT('',#12909);
#3707=VERTEX_POINT('',#12911);
#3708=VERTEX_POINT('',#12913);
#3709=VERTEX_POINT('',#12915);
#3710=VERTEX_POINT('',#12917);
#3711=VERTEX_POINT('',#12919);
#3712=VERTEX_POINT('',#12921);
#3713=VERTEX_POINT('',#12923);
#3714=VERTEX_POINT('',#12925);
#3715=VERTEX_POINT('',#12927);
#3716=VERTEX_POINT('',#12929);
#3717=VERTEX_POINT('',#12931);
#3718=VERTEX_POINT('',#12935);
#3719=VERTEX_POINT('',#12937);
#3720=VERTEX_POINT('',#12941);
#3721=VERTEX_POINT('',#12945);
#3722=VERTEX_POINT('',#12949);
#3723=VERTEX_POINT('',#12951);
#3724=VERTEX_POINT('',#12955);
#3725=VERTEX_POINT('',#12959);
#3726=VERTEX_POINT('',#12963);
#3727=VERTEX_POINT('',#12967);
#3728=VERTEX_POINT('',#12971);
#3729=VERTEX_POINT('',#12975);
#3730=VERTEX_POINT('',#12979);
#3731=VERTEX_POINT('',#12983);
#3732=VERTEX_POINT('',#12987);
#3733=VERTEX_POINT('',#12991);
#3734=VERTEX_POINT('',#12995);
#3735=VERTEX_POINT('',#12999);
#3736=VERTEX_POINT('',#13003);
#3737=VERTEX_POINT('',#13007);
#3738=VERTEX_POINT('',#13011);
#3739=VERTEX_POINT('',#13015);
#3740=VERTEX_POINT('',#13019);
#3741=VERTEX_POINT('',#13023);
#3742=VERTEX_POINT('',#13027);
#3743=VERTEX_POINT('',#13031);
#3744=VERTEX_POINT('',#13035);
#3745=VERTEX_POINT('',#13039);
#3746=VERTEX_POINT('',#13043);
#3747=VERTEX_POINT('',#13047);
#3748=VERTEX_POINT('',#13051);
#3749=VERTEX_POINT('',#13055);
#3750=VERTEX_POINT('',#13059);
#3751=VERTEX_POINT('',#13063);
#3752=VERTEX_POINT('',#13067);
#3753=VERTEX_POINT('',#13071);
#3754=VERTEX_POINT('',#13073);
#3755=VERTEX_POINT('',#13077);
#3756=VERTEX_POINT('',#13081);
#3757=VERTEX_POINT('',#13085);
#3758=VERTEX_POINT('',#13089);
#3759=VERTEX_POINT('',#13093);
#3760=VERTEX_POINT('',#13097);
#3761=VERTEX_POINT('',#13101);
#3762=VERTEX_POINT('',#13105);
#3763=VERTEX_POINT('',#13109);
#3764=VERTEX_POINT('',#13113);
#3765=VERTEX_POINT('',#13117);
#3766=VERTEX_POINT('',#13121);
#3767=VERTEX_POINT('',#13125);
#3768=VERTEX_POINT('',#13129);
#3769=VERTEX_POINT('',#13133);
#3770=VERTEX_POINT('',#13137);
#3771=VERTEX_POINT('',#13141);
#3772=VERTEX_POINT('',#13145);
#3773=VERTEX_POINT('',#13149);
#3774=VERTEX_POINT('',#13153);
#3775=VERTEX_POINT('',#13157);
#3776=VERTEX_POINT('',#13161);
#3777=VERTEX_POINT('',#13163);
#3778=VERTEX_POINT('',#13167);
#3779=VERTEX_POINT('',#13168);
#3780=VERTEX_POINT('',#13170);
#3781=VERTEX_POINT('',#13172);
#3782=VERTEX_POINT('',#13176);
#3783=VERTEX_POINT('',#13178);
#3784=VERTEX_POINT('',#13180);
#3785=VERTEX_POINT('',#13184);
#3786=VERTEX_POINT('',#13185);
#3787=VERTEX_POINT('',#13187);
#3788=VERTEX_POINT('',#13189);
#3789=VERTEX_POINT('',#13193);
#3790=VERTEX_POINT('',#13195);
#3791=VERTEX_POINT('',#13199);
#3792=VERTEX_POINT('',#13201);
#3793=VERTEX_POINT('',#13205);
#3794=VERTEX_POINT('',#13207);
#3795=VERTEX_POINT('',#13211);
#3796=VERTEX_POINT('',#13213);
#3797=VERTEX_POINT('',#13223);
#3798=VERTEX_POINT('',#13225);
#3799=VERTEX_POINT('',#13227);
#3800=VERTEX_POINT('',#13229);
#3801=VERTEX_POINT('',#13231);
#3802=VERTEX_POINT('',#13233);
#3803=VERTEX_POINT('',#13235);
#3804=VERTEX_POINT('',#13237);
#3805=VERTEX_POINT('',#13239);
#3806=VERTEX_POINT('',#13241);
#3807=VERTEX_POINT('',#13243);
#3808=VERTEX_POINT('',#13245);
#3809=VERTEX_POINT('',#13247);
#3810=VERTEX_POINT('',#13249);
#3811=VERTEX_POINT('',#13251);
#3812=VERTEX_POINT('',#13253);
#3813=VERTEX_POINT('',#13256);
#3814=VERTEX_POINT('',#13258);
#3815=VERTEX_POINT('',#13260);
#3816=VERTEX_POINT('',#13262);
#3817=VERTEX_POINT('',#13264);
#3818=VERTEX_POINT('',#13266);
#3819=VERTEX_POINT('',#13268);
#3820=VERTEX_POINT('',#13270);
#3821=VERTEX_POINT('',#13272);
#3822=VERTEX_POINT('',#13274);
#3823=VERTEX_POINT('',#13276);
#3824=VERTEX_POINT('',#13278);
#3825=VERTEX_POINT('',#13280);
#3826=VERTEX_POINT('',#13282);
#3827=VERTEX_POINT('',#13284);
#3828=VERTEX_POINT('',#13286);
#3829=VERTEX_POINT('',#13289);
#3830=VERTEX_POINT('',#13290);
#3831=VERTEX_POINT('',#13292);
#3832=VERTEX_POINT('',#13294);
#3833=VERTEX_POINT('',#13296);
#3834=VERTEX_POINT('',#13298);
#3835=VERTEX_POINT('',#13300);
#3836=VERTEX_POINT('',#13302);
#3837=VERTEX_POINT('',#13305);
#3838=VERTEX_POINT('',#13306);
#3839=VERTEX_POINT('',#13308);
#3840=VERTEX_POINT('',#13310);
#3841=VERTEX_POINT('',#13312);
#3842=VERTEX_POINT('',#13314);
#3843=VERTEX_POINT('',#13316);
#3844=VERTEX_POINT('',#13318);
#3845=VERTEX_POINT('',#13321);
#3846=VERTEX_POINT('',#13322);
#3847=VERTEX_POINT('',#13324);
#3848=VERTEX_POINT('',#13326);
#3849=VERTEX_POINT('',#13328);
#3850=VERTEX_POINT('',#13330);
#3851=VERTEX_POINT('',#13332);
#3852=VERTEX_POINT('',#13334);
#3853=VERTEX_POINT('',#13337);
#3854=VERTEX_POINT('',#13338);
#3855=VERTEX_POINT('',#13340);
#3856=VERTEX_POINT('',#13342);
#3857=VERTEX_POINT('',#13344);
#3858=VERTEX_POINT('',#13346);
#3859=VERTEX_POINT('',#13348);
#3860=VERTEX_POINT('',#13350);
#3861=VERTEX_POINT('',#13353);
#3862=VERTEX_POINT('',#13354);
#3863=VERTEX_POINT('',#13356);
#3864=VERTEX_POINT('',#13358);
#3865=VERTEX_POINT('',#13360);
#3866=VERTEX_POINT('',#13362);
#3867=VERTEX_POINT('',#13364);
#3868=VERTEX_POINT('',#13366);
#3869=VERTEX_POINT('',#13369);
#3870=VERTEX_POINT('',#13370);
#3871=VERTEX_POINT('',#13372);
#3872=VERTEX_POINT('',#13374);
#3873=VERTEX_POINT('',#13376);
#3874=VERTEX_POINT('',#13378);
#3875=VERTEX_POINT('',#13380);
#3876=VERTEX_POINT('',#13382);
#3877=VERTEX_POINT('',#13385);
#3878=VERTEX_POINT('',#13386);
#3879=VERTEX_POINT('',#13388);
#3880=VERTEX_POINT('',#13390);
#3881=VERTEX_POINT('',#13392);
#3882=VERTEX_POINT('',#13394);
#3883=VERTEX_POINT('',#13396);
#3884=VERTEX_POINT('',#13398);
#3885=VERTEX_POINT('',#13401);
#3886=VERTEX_POINT('',#13402);
#3887=VERTEX_POINT('',#13404);
#3888=VERTEX_POINT('',#13406);
#3889=VERTEX_POINT('',#13408);
#3890=VERTEX_POINT('',#13410);
#3891=VERTEX_POINT('',#13412);
#3892=VERTEX_POINT('',#13414);
#3893=VERTEX_POINT('',#13417);
#3894=VERTEX_POINT('',#13418);
#3895=VERTEX_POINT('',#13420);
#3896=VERTEX_POINT('',#13422);
#3897=VERTEX_POINT('',#13424);
#3898=VERTEX_POINT('',#13426);
#3899=VERTEX_POINT('',#13428);
#3900=VERTEX_POINT('',#13430);
#3901=VERTEX_POINT('',#13433);
#3902=VERTEX_POINT('',#13434);
#3903=VERTEX_POINT('',#13436);
#3904=VERTEX_POINT('',#13438);
#3905=VERTEX_POINT('',#13440);
#3906=VERTEX_POINT('',#13442);
#3907=VERTEX_POINT('',#13444);
#3908=VERTEX_POINT('',#13446);
#3909=VERTEX_POINT('',#13449);
#3910=VERTEX_POINT('',#13450);
#3911=VERTEX_POINT('',#13452);
#3912=VERTEX_POINT('',#13454);
#3913=VERTEX_POINT('',#13456);
#3914=VERTEX_POINT('',#13458);
#3915=VERTEX_POINT('',#13460);
#3916=VERTEX_POINT('',#13462);
#3917=VERTEX_POINT('',#13465);
#3918=VERTEX_POINT('',#13466);
#3919=VERTEX_POINT('',#13468);
#3920=VERTEX_POINT('',#13470);
#3921=VERTEX_POINT('',#13472);
#3922=VERTEX_POINT('',#13474);
#3923=VERTEX_POINT('',#13476);
#3924=VERTEX_POINT('',#13478);
#3925=VERTEX_POINT('',#13481);
#3926=VERTEX_POINT('',#13482);
#3927=VERTEX_POINT('',#13484);
#3928=VERTEX_POINT('',#13486);
#3929=VERTEX_POINT('',#13488);
#3930=VERTEX_POINT('',#13490);
#3931=VERTEX_POINT('',#13492);
#3932=VERTEX_POINT('',#13494);
#3933=VERTEX_POINT('',#13497);
#3934=VERTEX_POINT('',#13498);
#3935=VERTEX_POINT('',#13500);
#3936=VERTEX_POINT('',#13502);
#3937=VERTEX_POINT('',#13504);
#3938=VERTEX_POINT('',#13506);
#3939=VERTEX_POINT('',#13508);
#3940=VERTEX_POINT('',#13510);
#3941=VERTEX_POINT('',#13513);
#3942=VERTEX_POINT('',#13515);
#3943=VERTEX_POINT('',#13517);
#3944=VERTEX_POINT('',#13519);
#3945=VERTEX_POINT('',#13521);
#3946=VERTEX_POINT('',#13523);
#3947=VERTEX_POINT('',#13525);
#3948=VERTEX_POINT('',#13527);
#3949=VERTEX_POINT('',#13529);
#3950=VERTEX_POINT('',#13531);
#3951=VERTEX_POINT('',#13533);
#3952=VERTEX_POINT('',#13535);
#3953=VERTEX_POINT('',#13537);
#3954=VERTEX_POINT('',#13539);
#3955=VERTEX_POINT('',#13541);
#3956=VERTEX_POINT('',#13543);
#3957=VERTEX_POINT('',#13545);
#3958=VERTEX_POINT('',#13547);
#3959=VERTEX_POINT('',#13549);
#3960=VERTEX_POINT('',#13551);
#3961=VERTEX_POINT('',#13553);
#3962=VERTEX_POINT('',#13555);
#3963=VERTEX_POINT('',#13557);
#3964=VERTEX_POINT('',#13559);
#3965=VERTEX_POINT('',#13561);
#3966=VERTEX_POINT('',#13563);
#3967=VERTEX_POINT('',#13565);
#3968=VERTEX_POINT('',#13567);
#3969=VERTEX_POINT('',#13569);
#3970=VERTEX_POINT('',#13572);
#3971=VERTEX_POINT('',#13573);
#3972=VERTEX_POINT('',#13575);
#3973=VERTEX_POINT('',#13577);
#3974=VERTEX_POINT('',#13579);
#3975=VERTEX_POINT('',#13581);
#3976=VERTEX_POINT('',#13583);
#3977=VERTEX_POINT('',#13585);
#3978=VERTEX_POINT('',#13588);
#3979=VERTEX_POINT('',#13589);
#3980=VERTEX_POINT('',#13591);
#3981=VERTEX_POINT('',#13593);
#3982=VERTEX_POINT('',#13595);
#3983=VERTEX_POINT('',#13597);
#3984=VERTEX_POINT('',#13599);
#3985=VERTEX_POINT('',#13601);
#3986=VERTEX_POINT('',#13604);
#3987=VERTEX_POINT('',#13605);
#3988=VERTEX_POINT('',#13607);
#3989=VERTEX_POINT('',#13609);
#3990=VERTEX_POINT('',#13611);
#3991=VERTEX_POINT('',#13613);
#3992=VERTEX_POINT('',#13615);
#3993=VERTEX_POINT('',#13617);
#3994=VERTEX_POINT('',#13620);
#3995=VERTEX_POINT('',#13621);
#3996=VERTEX_POINT('',#13623);
#3997=VERTEX_POINT('',#13625);
#3998=VERTEX_POINT('',#13627);
#3999=VERTEX_POINT('',#13629);
#4000=VERTEX_POINT('',#13631);
#4001=VERTEX_POINT('',#13633);
#4002=VERTEX_POINT('',#13636);
#4003=VERTEX_POINT('',#13637);
#4004=VERTEX_POINT('',#13639);
#4005=VERTEX_POINT('',#13641);
#4006=VERTEX_POINT('',#13643);
#4007=VERTEX_POINT('',#13645);
#4008=VERTEX_POINT('',#13647);
#4009=VERTEX_POINT('',#13649);
#4010=VERTEX_POINT('',#13652);
#4011=VERTEX_POINT('',#13653);
#4012=VERTEX_POINT('',#13655);
#4013=VERTEX_POINT('',#13657);
#4014=VERTEX_POINT('',#13659);
#4015=VERTEX_POINT('',#13661);
#4016=VERTEX_POINT('',#13663);
#4017=VERTEX_POINT('',#13665);
#4018=VERTEX_POINT('',#13668);
#4019=VERTEX_POINT('',#13669);
#4020=VERTEX_POINT('',#13671);
#4021=VERTEX_POINT('',#13673);
#4022=VERTEX_POINT('',#13675);
#4023=VERTEX_POINT('',#13677);
#4024=VERTEX_POINT('',#13679);
#4025=VERTEX_POINT('',#13681);
#4026=VERTEX_POINT('',#13684);
#4027=VERTEX_POINT('',#13685);
#4028=VERTEX_POINT('',#13687);
#4029=VERTEX_POINT('',#13689);
#4030=VERTEX_POINT('',#13691);
#4031=VERTEX_POINT('',#13693);
#4032=VERTEX_POINT('',#13695);
#4033=VERTEX_POINT('',#13697);
#4034=VERTEX_POINT('',#13700);
#4035=VERTEX_POINT('',#13701);
#4036=VERTEX_POINT('',#13703);
#4037=VERTEX_POINT('',#13705);
#4038=VERTEX_POINT('',#13707);
#4039=VERTEX_POINT('',#13709);
#4040=VERTEX_POINT('',#13711);
#4041=VERTEX_POINT('',#13713);
#4042=VERTEX_POINT('',#13716);
#4043=VERTEX_POINT('',#13717);
#4044=VERTEX_POINT('',#13719);
#4045=VERTEX_POINT('',#13721);
#4046=VERTEX_POINT('',#13723);
#4047=VERTEX_POINT('',#13725);
#4048=VERTEX_POINT('',#13727);
#4049=VERTEX_POINT('',#13729);
#4050=VERTEX_POINT('',#13732);
#4051=VERTEX_POINT('',#13733);
#4052=VERTEX_POINT('',#13735);
#4053=VERTEX_POINT('',#13737);
#4054=VERTEX_POINT('',#13739);
#4055=VERTEX_POINT('',#13741);
#4056=VERTEX_POINT('',#13743);
#4057=VERTEX_POINT('',#13745);
#4058=VERTEX_POINT('',#13748);
#4059=VERTEX_POINT('',#13749);
#4060=VERTEX_POINT('',#13751);
#4061=VERTEX_POINT('',#13753);
#4062=VERTEX_POINT('',#13755);
#4063=VERTEX_POINT('',#13757);
#4064=VERTEX_POINT('',#13759);
#4065=VERTEX_POINT('',#13761);
#4066=VERTEX_POINT('',#13764);
#4067=VERTEX_POINT('',#13765);
#4068=VERTEX_POINT('',#13767);
#4069=VERTEX_POINT('',#13769);
#4070=VERTEX_POINT('',#13771);
#4071=VERTEX_POINT('',#13773);
#4072=VERTEX_POINT('',#13775);
#4073=VERTEX_POINT('',#13777);
#4074=VERTEX_POINT('',#13780);
#4075=VERTEX_POINT('',#13781);
#4076=VERTEX_POINT('',#13783);
#4077=VERTEX_POINT('',#13785);
#4078=VERTEX_POINT('',#13787);
#4079=VERTEX_POINT('',#13789);
#4080=VERTEX_POINT('',#13791);
#4081=VERTEX_POINT('',#13793);
#4082=VERTEX_POINT('',#13796);
#4083=VERTEX_POINT('',#13797);
#4084=VERTEX_POINT('',#13799);
#4085=VERTEX_POINT('',#13801);
#4086=VERTEX_POINT('',#13803);
#4087=VERTEX_POINT('',#13805);
#4088=VERTEX_POINT('',#13807);
#4089=VERTEX_POINT('',#13809);
#4090=VERTEX_POINT('',#13812);
#4091=VERTEX_POINT('',#13813);
#4092=VERTEX_POINT('',#13815);
#4093=VERTEX_POINT('',#13817);
#4094=VERTEX_POINT('',#13819);
#4095=VERTEX_POINT('',#13821);
#4096=VERTEX_POINT('',#13823);
#4097=VERTEX_POINT('',#13825);
#4098=VERTEX_POINT('',#13828);
#4099=VERTEX_POINT('',#13829);
#4100=VERTEX_POINT('',#13831);
#4101=VERTEX_POINT('',#13833);
#4102=VERTEX_POINT('',#13835);
#4103=VERTEX_POINT('',#13837);
#4104=VERTEX_POINT('',#13839);
#4105=VERTEX_POINT('',#13841);
#4106=VERTEX_POINT('',#13844);
#4107=VERTEX_POINT('',#13845);
#4108=VERTEX_POINT('',#13847);
#4109=VERTEX_POINT('',#13849);
#4110=VERTEX_POINT('',#13851);
#4111=VERTEX_POINT('',#13853);
#4112=VERTEX_POINT('',#13855);
#4113=VERTEX_POINT('',#13857);
#4114=VERTEX_POINT('',#13860);
#4115=VERTEX_POINT('',#13861);
#4116=VERTEX_POINT('',#13863);
#4117=VERTEX_POINT('',#13865);
#4118=VERTEX_POINT('',#13867);
#4119=VERTEX_POINT('',#13869);
#4120=VERTEX_POINT('',#13871);
#4121=VERTEX_POINT('',#13873);
#4122=VERTEX_POINT('',#13876);
#4123=VERTEX_POINT('',#13877);
#4124=VERTEX_POINT('',#13879);
#4125=VERTEX_POINT('',#13881);
#4126=VERTEX_POINT('',#13883);
#4127=VERTEX_POINT('',#13885);
#4128=VERTEX_POINT('',#13887);
#4129=VERTEX_POINT('',#13889);
#4130=VERTEX_POINT('',#13892);
#4131=VERTEX_POINT('',#13893);
#4132=VERTEX_POINT('',#13895);
#4133=VERTEX_POINT('',#13897);
#4134=VERTEX_POINT('',#13899);
#4135=VERTEX_POINT('',#13901);
#4136=VERTEX_POINT('',#13903);
#4137=VERTEX_POINT('',#13905);
#4138=VERTEX_POINT('',#13908);
#4139=VERTEX_POINT('',#13909);
#4140=VERTEX_POINT('',#13911);
#4141=VERTEX_POINT('',#13913);
#4142=VERTEX_POINT('',#13915);
#4143=VERTEX_POINT('',#13917);
#4144=VERTEX_POINT('',#13919);
#4145=VERTEX_POINT('',#13921);
#4146=VERTEX_POINT('',#13924);
#4147=VERTEX_POINT('',#13925);
#4148=VERTEX_POINT('',#13927);
#4149=VERTEX_POINT('',#13929);
#4150=VERTEX_POINT('',#13931);
#4151=VERTEX_POINT('',#13933);
#4152=VERTEX_POINT('',#13935);
#4153=VERTEX_POINT('',#13937);
#4154=VERTEX_POINT('',#13940);
#4155=VERTEX_POINT('',#13941);
#4156=VERTEX_POINT('',#13943);
#4157=VERTEX_POINT('',#13945);
#4158=VERTEX_POINT('',#13947);
#4159=VERTEX_POINT('',#13949);
#4160=VERTEX_POINT('',#13951);
#4161=VERTEX_POINT('',#13953);
#4162=VERTEX_POINT('',#13956);
#4163=VERTEX_POINT('',#13957);
#4164=VERTEX_POINT('',#13959);
#4165=VERTEX_POINT('',#13961);
#4166=VERTEX_POINT('',#13963);
#4167=VERTEX_POINT('',#13965);
#4168=VERTEX_POINT('',#13967);
#4169=VERTEX_POINT('',#13969);
#4170=VERTEX_POINT('',#13975);
#4171=VERTEX_POINT('',#13977);
#4172=VERTEX_POINT('',#13981);
#4173=VERTEX_POINT('',#13985);
#4174=VERTEX_POINT('',#13987);
#4175=VERTEX_POINT('',#13989);
#4176=VERTEX_POINT('',#13992);
#4177=VERTEX_POINT('',#13994);
#4178=VERTEX_POINT('',#13996);
#4179=VERTEX_POINT('',#13998);
#4180=VERTEX_POINT('',#14000);
#4181=VERTEX_POINT('',#14002);
#4182=VERTEX_POINT('',#14004);
#4183=VERTEX_POINT('',#14006);
#4184=VERTEX_POINT('',#14008);
#4185=VERTEX_POINT('',#14010);
#4186=VERTEX_POINT('',#14013);
#4187=VERTEX_POINT('',#14014);
#4188=VERTEX_POINT('',#14016);
#4189=VERTEX_POINT('',#14018);
#4190=VERTEX_POINT('',#14020);
#4191=VERTEX_POINT('',#14022);
#4192=VERTEX_POINT('',#14024);
#4193=VERTEX_POINT('',#14026);
#4194=VERTEX_POINT('',#14029);
#4195=VERTEX_POINT('',#14030);
#4196=VERTEX_POINT('',#14032);
#4197=VERTEX_POINT('',#14034);
#4198=VERTEX_POINT('',#14036);
#4199=VERTEX_POINT('',#14038);
#4200=VERTEX_POINT('',#14040);
#4201=VERTEX_POINT('',#14042);
#4202=VERTEX_POINT('',#14045);
#4203=VERTEX_POINT('',#14046);
#4204=VERTEX_POINT('',#14048);
#4205=VERTEX_POINT('',#14050);
#4206=VERTEX_POINT('',#14052);
#4207=VERTEX_POINT('',#14054);
#4208=VERTEX_POINT('',#14056);
#4209=VERTEX_POINT('',#14058);
#4210=VERTEX_POINT('',#14061);
#4211=VERTEX_POINT('',#14062);
#4212=VERTEX_POINT('',#14064);
#4213=VERTEX_POINT('',#14066);
#4214=VERTEX_POINT('',#14068);
#4215=VERTEX_POINT('',#14070);
#4216=VERTEX_POINT('',#14072);
#4217=VERTEX_POINT('',#14074);
#4218=VERTEX_POINT('',#14077);
#4219=VERTEX_POINT('',#14078);
#4220=VERTEX_POINT('',#14080);
#4221=VERTEX_POINT('',#14082);
#4222=VERTEX_POINT('',#14084);
#4223=VERTEX_POINT('',#14086);
#4224=VERTEX_POINT('',#14088);
#4225=VERTEX_POINT('',#14090);
#4226=VERTEX_POINT('',#14093);
#4227=VERTEX_POINT('',#14094);
#4228=VERTEX_POINT('',#14096);
#4229=VERTEX_POINT('',#14098);
#4230=VERTEX_POINT('',#14100);
#4231=VERTEX_POINT('',#14102);
#4232=VERTEX_POINT('',#14104);
#4233=VERTEX_POINT('',#14106);
#4234=VERTEX_POINT('',#14109);
#4235=VERTEX_POINT('',#14110);
#4236=VERTEX_POINT('',#14112);
#4237=VERTEX_POINT('',#14114);
#4238=VERTEX_POINT('',#14116);
#4239=VERTEX_POINT('',#14118);
#4240=VERTEX_POINT('',#14120);
#4241=VERTEX_POINT('',#14122);
#4242=VERTEX_POINT('',#14125);
#4243=VERTEX_POINT('',#14126);
#4244=VERTEX_POINT('',#14128);
#4245=VERTEX_POINT('',#14130);
#4246=VERTEX_POINT('',#14132);
#4247=VERTEX_POINT('',#14134);
#4248=VERTEX_POINT('',#14136);
#4249=VERTEX_POINT('',#14138);
#4250=VERTEX_POINT('',#14141);
#4251=VERTEX_POINT('',#14142);
#4252=VERTEX_POINT('',#14144);
#4253=VERTEX_POINT('',#14146);
#4254=VERTEX_POINT('',#14148);
#4255=VERTEX_POINT('',#14150);
#4256=VERTEX_POINT('',#14152);
#4257=VERTEX_POINT('',#14154);
#4258=VERTEX_POINT('',#14157);
#4259=VERTEX_POINT('',#14158);
#4260=VERTEX_POINT('',#14160);
#4261=VERTEX_POINT('',#14162);
#4262=VERTEX_POINT('',#14164);
#4263=VERTEX_POINT('',#14166);
#4264=VERTEX_POINT('',#14168);
#4265=VERTEX_POINT('',#14170);
#4266=VERTEX_POINT('',#14173);
#4267=VERTEX_POINT('',#14174);
#4268=VERTEX_POINT('',#14176);
#4269=VERTEX_POINT('',#14178);
#4270=VERTEX_POINT('',#14180);
#4271=VERTEX_POINT('',#14182);
#4272=VERTEX_POINT('',#14184);
#4273=VERTEX_POINT('',#14186);
#4274=VERTEX_POINT('',#14189);
#4275=VERTEX_POINT('',#14190);
#4276=VERTEX_POINT('',#14192);
#4277=VERTEX_POINT('',#14194);
#4278=VERTEX_POINT('',#14196);
#4279=VERTEX_POINT('',#14198);
#4280=VERTEX_POINT('',#14200);
#4281=VERTEX_POINT('',#14202);
#4282=VERTEX_POINT('',#14205);
#4283=VERTEX_POINT('',#14206);
#4284=VERTEX_POINT('',#14208);
#4285=VERTEX_POINT('',#14210);
#4286=VERTEX_POINT('',#14212);
#4287=VERTEX_POINT('',#14214);
#4288=VERTEX_POINT('',#14216);
#4289=VERTEX_POINT('',#14218);
#4290=VERTEX_POINT('',#14221);
#4291=VERTEX_POINT('',#14222);
#4292=VERTEX_POINT('',#14224);
#4293=VERTEX_POINT('',#14226);
#4294=VERTEX_POINT('',#14228);
#4295=VERTEX_POINT('',#14230);
#4296=VERTEX_POINT('',#14232);
#4297=VERTEX_POINT('',#14234);
#4298=VERTEX_POINT('',#14237);
#4299=VERTEX_POINT('',#14238);
#4300=VERTEX_POINT('',#14240);
#4301=VERTEX_POINT('',#14242);
#4302=VERTEX_POINT('',#14244);
#4303=VERTEX_POINT('',#14246);
#4304=VERTEX_POINT('',#14248);
#4305=VERTEX_POINT('',#14250);
#4306=VERTEX_POINT('',#14253);
#4307=VERTEX_POINT('',#14254);
#4308=VERTEX_POINT('',#14256);
#4309=VERTEX_POINT('',#14258);
#4310=VERTEX_POINT('',#14260);
#4311=VERTEX_POINT('',#14262);
#4312=VERTEX_POINT('',#14264);
#4313=VERTEX_POINT('',#14266);
#4314=VERTEX_POINT('',#14269);
#4315=VERTEX_POINT('',#14270);
#4316=VERTEX_POINT('',#14272);
#4317=VERTEX_POINT('',#14274);
#4318=VERTEX_POINT('',#14276);
#4319=VERTEX_POINT('',#14278);
#4320=VERTEX_POINT('',#14280);
#4321=VERTEX_POINT('',#14282);
#4322=VERTEX_POINT('',#14285);
#4323=VERTEX_POINT('',#14286);
#4324=VERTEX_POINT('',#14288);
#4325=VERTEX_POINT('',#14290);
#4326=VERTEX_POINT('',#14292);
#4327=VERTEX_POINT('',#14294);
#4328=VERTEX_POINT('',#14296);
#4329=VERTEX_POINT('',#14298);
#4330=VERTEX_POINT('',#14301);
#4331=VERTEX_POINT('',#14302);
#4332=VERTEX_POINT('',#14304);
#4333=VERTEX_POINT('',#14306);
#4334=VERTEX_POINT('',#14308);
#4335=VERTEX_POINT('',#14310);
#4336=VERTEX_POINT('',#14312);
#4337=VERTEX_POINT('',#14314);
#4338=VERTEX_POINT('',#14317);
#4339=VERTEX_POINT('',#14318);
#4340=VERTEX_POINT('',#14320);
#4341=VERTEX_POINT('',#14322);
#4342=VERTEX_POINT('',#14324);
#4343=VERTEX_POINT('',#14326);
#4344=VERTEX_POINT('',#14328);
#4345=VERTEX_POINT('',#14330);
#4346=VERTEX_POINT('',#14333);
#4347=VERTEX_POINT('',#14334);
#4348=VERTEX_POINT('',#14336);
#4349=VERTEX_POINT('',#14338);
#4350=VERTEX_POINT('',#14340);
#4351=VERTEX_POINT('',#14342);
#4352=VERTEX_POINT('',#14344);
#4353=VERTEX_POINT('',#14346);
#4354=VERTEX_POINT('',#14349);
#4355=VERTEX_POINT('',#14350);
#4356=VERTEX_POINT('',#14352);
#4357=VERTEX_POINT('',#14354);
#4358=VERTEX_POINT('',#14356);
#4359=VERTEX_POINT('',#14358);
#4360=VERTEX_POINT('',#14360);
#4361=VERTEX_POINT('',#14362);
#4362=VERTEX_POINT('',#14365);
#4363=VERTEX_POINT('',#14366);
#4364=VERTEX_POINT('',#14368);
#4365=VERTEX_POINT('',#14370);
#4366=VERTEX_POINT('',#14372);
#4367=VERTEX_POINT('',#14374);
#4368=VERTEX_POINT('',#14376);
#4369=VERTEX_POINT('',#14378);
#4370=VERTEX_POINT('',#14381);
#4371=VERTEX_POINT('',#14382);
#4372=VERTEX_POINT('',#14384);
#4373=VERTEX_POINT('',#14386);
#4374=VERTEX_POINT('',#14388);
#4375=VERTEX_POINT('',#14390);
#4376=VERTEX_POINT('',#14392);
#4377=VERTEX_POINT('',#14394);
#4378=VERTEX_POINT('',#14397);
#4379=VERTEX_POINT('',#14398);
#4380=VERTEX_POINT('',#14400);
#4381=VERTEX_POINT('',#14402);
#4382=VERTEX_POINT('',#14404);
#4383=VERTEX_POINT('',#14406);
#4384=VERTEX_POINT('',#14408);
#4385=VERTEX_POINT('',#14410);
#4386=VERTEX_POINT('',#14413);
#4387=VERTEX_POINT('',#14414);
#4388=VERTEX_POINT('',#14416);
#4389=VERTEX_POINT('',#14418);
#4390=VERTEX_POINT('',#14420);
#4391=VERTEX_POINT('',#14422);
#4392=VERTEX_POINT('',#14424);
#4393=VERTEX_POINT('',#14426);
#4394=VERTEX_POINT('',#14429);
#4395=VERTEX_POINT('',#14430);
#4396=VERTEX_POINT('',#14432);
#4397=VERTEX_POINT('',#14434);
#4398=VERTEX_POINT('',#14436);
#4399=VERTEX_POINT('',#14438);
#4400=VERTEX_POINT('',#14440);
#4401=VERTEX_POINT('',#14442);
#4402=VERTEX_POINT('',#14445);
#4403=VERTEX_POINT('',#14446);
#4404=VERTEX_POINT('',#14448);
#4405=VERTEX_POINT('',#14450);
#4406=VERTEX_POINT('',#14452);
#4407=VERTEX_POINT('',#14454);
#4408=VERTEX_POINT('',#14456);
#4409=VERTEX_POINT('',#14458);
#4410=VERTEX_POINT('',#14461);
#4411=VERTEX_POINT('',#14462);
#4412=VERTEX_POINT('',#14464);
#4413=VERTEX_POINT('',#14466);
#4414=VERTEX_POINT('',#14468);
#4415=VERTEX_POINT('',#14470);
#4416=VERTEX_POINT('',#14472);
#4417=VERTEX_POINT('',#14474);
#4418=VERTEX_POINT('',#14477);
#4419=VERTEX_POINT('',#14478);
#4420=VERTEX_POINT('',#14480);
#4421=VERTEX_POINT('',#14482);
#4422=VERTEX_POINT('',#14484);
#4423=VERTEX_POINT('',#14486);
#4424=VERTEX_POINT('',#14488);
#4425=VERTEX_POINT('',#14490);
#4426=VERTEX_POINT('',#14493);
#4427=VERTEX_POINT('',#14494);
#4428=VERTEX_POINT('',#14496);
#4429=VERTEX_POINT('',#14498);
#4430=VERTEX_POINT('',#14500);
#4431=VERTEX_POINT('',#14502);
#4432=VERTEX_POINT('',#14504);
#4433=VERTEX_POINT('',#14506);
#4434=VERTEX_POINT('',#14509);
#4435=VERTEX_POINT('',#14510);
#4436=VERTEX_POINT('',#14512);
#4437=VERTEX_POINT('',#14514);
#4438=VERTEX_POINT('',#14516);
#4439=VERTEX_POINT('',#14518);
#4440=VERTEX_POINT('',#14520);
#4441=VERTEX_POINT('',#14522);
#4442=VERTEX_POINT('',#14525);
#4443=VERTEX_POINT('',#14526);
#4444=VERTEX_POINT('',#14528);
#4445=VERTEX_POINT('',#14530);
#4446=VERTEX_POINT('',#14532);
#4447=VERTEX_POINT('',#14534);
#4448=VERTEX_POINT('',#14536);
#4449=VERTEX_POINT('',#14538);
#4450=VERTEX_POINT('',#14541);
#4451=VERTEX_POINT('',#14542);
#4452=VERTEX_POINT('',#14544);
#4453=VERTEX_POINT('',#14546);
#4454=VERTEX_POINT('',#14548);
#4455=VERTEX_POINT('',#14550);
#4456=VERTEX_POINT('',#14552);
#4457=VERTEX_POINT('',#14554);
#4458=VERTEX_POINT('',#14557);
#4459=VERTEX_POINT('',#14558);
#4460=VERTEX_POINT('',#14560);
#4461=VERTEX_POINT('',#14562);
#4462=VERTEX_POINT('',#14564);
#4463=VERTEX_POINT('',#14566);
#4464=VERTEX_POINT('',#14568);
#4465=VERTEX_POINT('',#14570);
#4466=VERTEX_POINT('',#14573);
#4467=VERTEX_POINT('',#14574);
#4468=VERTEX_POINT('',#14576);
#4469=VERTEX_POINT('',#14578);
#4470=VERTEX_POINT('',#14580);
#4471=VERTEX_POINT('',#14582);
#4472=VERTEX_POINT('',#14584);
#4473=VERTEX_POINT('',#14586);
#4474=VERTEX_POINT('',#14589);
#4475=VERTEX_POINT('',#14590);
#4476=VERTEX_POINT('',#14592);
#4477=VERTEX_POINT('',#14594);
#4478=VERTEX_POINT('',#14596);
#4479=VERTEX_POINT('',#14598);
#4480=VERTEX_POINT('',#14600);
#4481=VERTEX_POINT('',#14602);
#4482=VERTEX_POINT('',#14605);
#4483=VERTEX_POINT('',#14606);
#4484=VERTEX_POINT('',#14608);
#4485=VERTEX_POINT('',#14610);
#4486=VERTEX_POINT('',#14612);
#4487=VERTEX_POINT('',#14614);
#4488=VERTEX_POINT('',#14616);
#4489=VERTEX_POINT('',#14618);
#4490=VERTEX_POINT('',#14621);
#4491=VERTEX_POINT('',#14622);
#4492=VERTEX_POINT('',#14624);
#4493=VERTEX_POINT('',#14626);
#4494=VERTEX_POINT('',#14628);
#4495=VERTEX_POINT('',#14630);
#4496=VERTEX_POINT('',#14632);
#4497=VERTEX_POINT('',#14634);
#4498=EDGE_CURVE('',#3604,#3604,#3198,.T.);
#4499=EDGE_CURVE('',#3604,#3605,#1328,.T.);
#4500=EDGE_CURVE('',#3605,#3605,#3199,.T.);
#4501=EDGE_CURVE('',#3606,#3607,#1329,.T.);
#4502=EDGE_CURVE('',#3606,#3608,#1330,.T.);
#4503=EDGE_CURVE('',#3608,#3609,#1331,.T.);
#4504=EDGE_CURVE('',#3607,#3609,#1332,.T.);
#4505=EDGE_CURVE('',#3610,#3606,#1333,.T.);
#4506=EDGE_CURVE('',#3610,#3611,#1334,.T.);
#4507=EDGE_CURVE('',#3611,#3608,#1335,.T.);
#4508=EDGE_CURVE('',#3612,#3610,#1336,.T.);
#4509=EDGE_CURVE('',#3612,#3613,#1337,.T.);
#4510=EDGE_CURVE('',#3613,#3611,#1338,.T.);
#4511=EDGE_CURVE('',#3607,#3612,#1339,.T.);
#4512=EDGE_CURVE('',#3609,#3613,#1340,.T.);
#4513=EDGE_CURVE('',#3614,#3615,#3200,.T.);
#4514=EDGE_CURVE('',#3616,#3614,#1341,.T.);
#4515=EDGE_CURVE('',#3617,#3616,#3201,.T.);
#4516=EDGE_CURVE('',#3618,#3617,#1342,.T.);
#4517=EDGE_CURVE('',#3619,#3618,#1343,.T.);
#4518=EDGE_CURVE('',#3620,#3619,#3202,.T.);
#4519=EDGE_CURVE('',#3621,#3620,#1344,.T.);
#4520=EDGE_CURVE('',#3622,#3621,#1345,.T.);
#4521=EDGE_CURVE('',#3623,#3622,#3203,.T.);
#4522=EDGE_CURVE('',#3624,#3623,#1346,.T.);
#4523=EDGE_CURVE('',#3625,#3624,#3204,.T.);
#4524=EDGE_CURVE('',#3626,#3625,#1347,.T.);
#4525=EDGE_CURVE('',#3627,#3626,#1348,.T.);
#4526=EDGE_CURVE('',#3628,#3627,#1349,.T.);
#4527=EDGE_CURVE('',#3629,#3628,#3205,.T.);
#4528=EDGE_CURVE('',#3630,#3629,#1350,.T.);
#4529=EDGE_CURVE('',#3631,#3630,#3206,.T.);
#4530=EDGE_CURVE('',#3632,#3631,#1351,.T.);
#4531=EDGE_CURVE('',#3633,#3632,#1352,.T.);
#4532=EDGE_CURVE('',#3634,#3633,#1353,.T.);
#4533=EDGE_CURVE('',#3635,#3634,#3207,.T.);
#4534=EDGE_CURVE('',#3636,#3635,#1354,.T.);
#4535=EDGE_CURVE('',#3637,#3636,#3208,.T.);
#4536=EDGE_CURVE('',#3638,#3637,#1355,.T.);
#4537=EDGE_CURVE('',#3639,#3638,#1356,.T.);
#4538=EDGE_CURVE('',#3640,#3639,#3209,.T.);
#4539=EDGE_CURVE('',#3641,#3640,#1357,.T.);
#4540=EDGE_CURVE('',#3642,#3641,#1358,.T.);
#4541=EDGE_CURVE('',#3643,#3642,#3210,.T.);
#4542=EDGE_CURVE('',#3644,#3643,#1359,.T.);
#4543=EDGE_CURVE('',#3645,#3644,#3211,.T.);
#4544=EDGE_CURVE('',#3646,#3645,#1360,.T.);
#4545=EDGE_CURVE('',#3647,#3646,#3212,.T.);
#4546=EDGE_CURVE('',#3648,#3647,#1361,.T.);
#4547=EDGE_CURVE('',#3649,#3648,#3213,.T.);
#4548=EDGE_CURVE('',#3650,#3649,#1362,.T.);
#4549=EDGE_CURVE('',#3651,#3650,#3214,.T.);
#4550=EDGE_CURVE('',#3652,#3651,#1363,.T.);
#4551=EDGE_CURVE('',#3653,#3652,#3215,.T.);
#4552=EDGE_CURVE('',#3654,#3653,#1364,.T.);
#4553=EDGE_CURVE('',#3655,#3654,#1365,.T.);
#4554=EDGE_CURVE('',#3656,#3655,#3216,.T.);
#4555=EDGE_CURVE('',#3657,#3656,#1366,.T.);
#4556=EDGE_CURVE('',#3658,#3657,#1367,.T.);
#4557=EDGE_CURVE('',#3659,#3658,#3217,.T.);
#4558=EDGE_CURVE('',#3660,#3659,#1368,.T.);
#4559=EDGE_CURVE('',#3661,#3660,#3218,.T.);
#4560=EDGE_CURVE('',#3662,#3661,#1369,.T.);
#4561=EDGE_CURVE('',#3663,#3662,#1370,.T.);
#4562=EDGE_CURVE('',#3664,#3663,#3219,.T.);
#4563=EDGE_CURVE('',#3665,#3664,#1371,.T.);
#4564=EDGE_CURVE('',#3666,#3665,#1372,.T.);
#4565=EDGE_CURVE('',#3667,#3666,#3220,.T.);
#4566=EDGE_CURVE('',#3668,#3667,#1373,.T.);
#4567=EDGE_CURVE('',#3669,#3668,#3221,.T.);
#4568=EDGE_CURVE('',#3670,#3669,#1374,.T.);
#4569=EDGE_CURVE('',#3671,#3670,#3222,.T.);
#4570=EDGE_CURVE('',#3672,#3671,#1375,.T.);
#4571=EDGE_CURVE('',#3673,#3672,#3223,.T.);
#4572=EDGE_CURVE('',#3615,#3673,#1376,.T.);
#4573=EDGE_CURVE('',#3674,#3675,#1377,.T.);
#4574=EDGE_CURVE('',#3676,#3674,#1378,.T.);
#4575=EDGE_CURVE('',#3677,#3676,#1379,.T.);
#4576=EDGE_CURVE('',#3678,#3677,#1380,.T.);
#4577=EDGE_CURVE('',#3679,#3678,#1381,.T.);
#4578=EDGE_CURVE('',#3680,#3679,#1382,.T.);
#4579=EDGE_CURVE('',#3681,#3680,#1383,.T.);
#4580=EDGE_CURVE('',#3682,#3681,#3224,.T.);
#4581=EDGE_CURVE('',#3683,#3682,#1384,.T.);
#4582=EDGE_CURVE('',#3684,#3683,#3225,.T.);
#4583=EDGE_CURVE('',#3685,#3684,#1385,.T.);
#4584=EDGE_CURVE('',#3686,#3685,#1386,.T.);
#4585=EDGE_CURVE('',#3687,#3686,#3226,.T.);
#4586=EDGE_CURVE('',#3688,#3687,#1387,.T.);
#4587=EDGE_CURVE('',#3689,#3688,#3227,.T.);
#4588=EDGE_CURVE('',#3690,#3689,#1388,.T.);
#4589=EDGE_CURVE('',#3691,#3690,#3228,.T.);
#4590=EDGE_CURVE('',#3692,#3691,#1389,.T.);
#4591=EDGE_CURVE('',#3693,#3692,#1390,.T.);
#4592=EDGE_CURVE('',#3694,#3693,#3229,.T.);
#4593=EDGE_CURVE('',#3695,#3694,#1391,.T.);
#4594=EDGE_CURVE('',#3696,#3695,#1392,.T.);
#4595=EDGE_CURVE('',#3697,#3696,#3230,.T.);
#4596=EDGE_CURVE('',#3698,#3697,#1393,.T.);
#4597=EDGE_CURVE('',#3699,#3698,#3231,.T.);
#4598=EDGE_CURVE('',#3700,#3699,#1394,.T.);
#4599=EDGE_CURVE('',#3701,#3700,#3232,.T.);
#4600=EDGE_CURVE('',#3702,#3701,#1395,.T.);
#4601=EDGE_CURVE('',#3703,#3702,#3233,.T.);
#4602=EDGE_CURVE('',#3704,#3703,#1396,.T.);
#4603=EDGE_CURVE('',#3705,#3704,#3234,.T.);
#4604=EDGE_CURVE('',#3706,#3705,#1397,.T.);
#4605=EDGE_CURVE('',#3707,#3706,#3235,.T.);
#4606=EDGE_CURVE('',#3708,#3707,#1398,.T.);
#4607=EDGE_CURVE('',#3709,#3708,#3236,.T.);
#4608=EDGE_CURVE('',#3710,#3709,#1399,.T.);
#4609=EDGE_CURVE('',#3711,#3710,#3237,.T.);
#4610=EDGE_CURVE('',#3712,#3711,#1400,.T.);
#4611=EDGE_CURVE('',#3713,#3712,#1401,.T.);
#4612=EDGE_CURVE('',#3714,#3713,#3238,.T.);
#4613=EDGE_CURVE('',#3715,#3714,#1402,.T.);
#4614=EDGE_CURVE('',#3716,#3715,#3239,.T.);
#4615=EDGE_CURVE('',#3717,#3716,#1403,.T.);
#4616=EDGE_CURVE('',#3675,#3717,#1404,.T.);
#4617=EDGE_CURVE('',#3718,#3674,#1405,.T.);
#4618=EDGE_CURVE('',#3719,#3718,#1406,.T.);
#4619=EDGE_CURVE('',#3719,#3676,#1407,.T.);
#4620=EDGE_CURVE('',#3720,#3719,#1408,.T.);
#4621=EDGE_CURVE('',#3720,#3677,#1409,.T.);
#4622=EDGE_CURVE('',#3678,#3721,#1410,.T.);
#4623=EDGE_CURVE('',#3721,#3720,#1411,.T.);
#4624=EDGE_CURVE('',#3645,#3722,#1412,.T.);
#4625=EDGE_CURVE('',#3723,#3722,#1413,.T.);
#4626=EDGE_CURVE('',#3646,#3723,#1414,.T.);
#4627=EDGE_CURVE('',#3644,#3724,#1415,.T.);
#4628=EDGE_CURVE('',#3722,#3724,#3240,.T.);
#4629=EDGE_CURVE('',#3643,#3725,#1416,.T.);
#4630=EDGE_CURVE('',#3724,#3725,#1417,.T.);
#4631=EDGE_CURVE('',#3642,#3726,#1418,.T.);
#4632=EDGE_CURVE('',#3725,#3726,#3241,.T.);
#4633=EDGE_CURVE('',#3641,#3727,#1419,.T.);
#4634=EDGE_CURVE('',#3726,#3727,#1420,.T.);
#4635=EDGE_CURVE('',#3640,#3728,#1421,.T.);
#4636=EDGE_CURVE('',#3727,#3728,#1422,.T.);
#4637=EDGE_CURVE('',#3639,#3729,#1423,.T.);
#4638=EDGE_CURVE('',#3728,#3729,#3242,.T.);
#4639=EDGE_CURVE('',#3638,#3730,#1424,.T.);
#4640=EDGE_CURVE('',#3729,#3730,#1425,.T.);
#4641=EDGE_CURVE('',#3637,#3731,#1426,.T.);
#4642=EDGE_CURVE('',#3730,#3731,#1427,.T.);
#4643=EDGE_CURVE('',#3636,#3732,#1428,.T.);
#4644=EDGE_CURVE('',#3731,#3732,#3243,.T.);
#4645=EDGE_CURVE('',#3635,#3733,#1429,.T.);
#4646=EDGE_CURVE('',#3732,#3733,#1430,.T.);
#4647=EDGE_CURVE('',#3634,#3734,#1431,.T.);
#4648=EDGE_CURVE('',#3733,#3734,#3244,.T.);
#4649=EDGE_CURVE('',#3633,#3735,#1432,.T.);
#4650=EDGE_CURVE('',#3734,#3735,#1433,.T.);
#4651=EDGE_CURVE('',#3632,#3736,#1434,.T.);
#4652=EDGE_CURVE('',#3735,#3736,#1435,.T.);
#4653=EDGE_CURVE('',#3631,#3737,#1436,.T.);
#4654=EDGE_CURVE('',#3736,#3737,#1437,.T.);
#4655=EDGE_CURVE('',#3630,#3738,#1438,.T.);
#4656=EDGE_CURVE('',#3737,#3738,#3245,.T.);
#4657=EDGE_CURVE('',#3629,#3739,#1439,.T.);
#4658=EDGE_CURVE('',#3738,#3739,#1440,.T.);
#4659=EDGE_CURVE('',#3628,#3740,#1441,.T.);
#4660=EDGE_CURVE('',#3739,#3740,#3246,.T.);
#4661=EDGE_CURVE('',#3627,#3741,#1442,.T.);
#4662=EDGE_CURVE('',#3740,#3741,#1443,.T.);
#4663=EDGE_CURVE('',#3626,#3742,#1444,.T.);
#4664=EDGE_CURVE('',#3741,#3742,#1445,.T.);
#4665=EDGE_CURVE('',#3625,#3743,#1446,.T.);
#4666=EDGE_CURVE('',#3742,#3743,#1447,.T.);
#4667=EDGE_CURVE('',#3624,#3744,#1448,.T.);
#4668=EDGE_CURVE('',#3743,#3744,#3247,.T.);
#4669=EDGE_CURVE('',#3623,#3745,#1449,.T.);
#4670=EDGE_CURVE('',#3744,#3745,#1450,.T.);
#4671=EDGE_CURVE('',#3622,#3746,#1451,.T.);
#4672=EDGE_CURVE('',#3745,#3746,#3248,.T.);
#4673=EDGE_CURVE('',#3621,#3747,#1452,.T.);
#4674=EDGE_CURVE('',#3746,#3747,#1453,.T.);
#4675=EDGE_CURVE('',#3620,#3748,#1454,.T.);
#4676=EDGE_CURVE('',#3747,#3748,#1455,.T.);
#4677=EDGE_CURVE('',#3619,#3749,#1456,.T.);
#4678=EDGE_CURVE('',#3748,#3749,#3249,.T.);
#4679=EDGE_CURVE('',#3618,#3750,#1457,.T.);
#4680=EDGE_CURVE('',#3749,#3750,#1458,.T.);
#4681=EDGE_CURVE('',#3617,#3751,#1459,.T.);
#4682=EDGE_CURVE('',#3750,#3751,#1460,.T.);
#4683=EDGE_CURVE('',#3616,#3752,#1461,.T.);
#4684=EDGE_CURVE('',#3751,#3752,#3250,.T.);
#4685=EDGE_CURVE('',#3700,#3753,#1462,.T.);
#4686=EDGE_CURVE('',#3754,#3753,#3251,.T.);
#4687=EDGE_CURVE('',#3701,#3754,#1463,.T.);
#4688=EDGE_CURVE('',#3699,#3755,#1464,.T.);
#4689=EDGE_CURVE('',#3753,#3755,#1465,.T.);
#4690=EDGE_CURVE('',#3698,#3756,#1466,.T.);
#4691=EDGE_CURVE('',#3755,#3756,#3252,.T.);
#4692=EDGE_CURVE('',#3697,#3757,#1467,.T.);
#4693=EDGE_CURVE('',#3756,#3757,#1468,.T.);
#4694=EDGE_CURVE('',#3696,#3758,#1469,.T.);
#4695=EDGE_CURVE('',#3757,#3758,#3253,.T.);
#4696=EDGE_CURVE('',#3695,#3759,#1470,.T.);
#4697=EDGE_CURVE('',#3758,#3759,#1471,.T.);
#4698=EDGE_CURVE('',#3694,#3760,#1472,.T.);
#4699=EDGE_CURVE('',#3759,#3760,#1473,.T.);
#4700=EDGE_CURVE('',#3693,#3761,#1474,.T.);
#4701=EDGE_CURVE('',#3760,#3761,#3254,.T.);
#4702=EDGE_CURVE('',#3692,#3762,#1475,.T.);
#4703=EDGE_CURVE('',#3761,#3762,#1476,.T.);
#4704=EDGE_CURVE('',#3691,#3763,#1477,.T.);
#4705=EDGE_CURVE('',#3762,#3763,#1478,.T.);
#4706=EDGE_CURVE('',#3690,#3764,#1479,.T.);
#4707=EDGE_CURVE('',#3763,#3764,#3255,.T.);
#4708=EDGE_CURVE('',#3689,#3765,#1480,.T.);
#4709=EDGE_CURVE('',#3764,#3765,#1481,.T.);
#4710=EDGE_CURVE('',#3688,#3766,#1482,.T.);
#4711=EDGE_CURVE('',#3765,#3766,#3256,.T.);
#4712=EDGE_CURVE('',#3687,#3767,#1483,.T.);
#4713=EDGE_CURVE('',#3766,#3767,#1484,.T.);
#4714=EDGE_CURVE('',#3686,#3768,#1485,.T.);
#4715=EDGE_CURVE('',#3767,#3768,#3257,.T.);
#4716=EDGE_CURVE('',#3685,#3769,#1486,.T.);
#4717=EDGE_CURVE('',#3768,#3769,#1487,.T.);
#4718=EDGE_CURVE('',#3684,#3770,#1488,.T.);
#4719=EDGE_CURVE('',#3769,#3770,#1489,.T.);
#4720=EDGE_CURVE('',#3683,#3771,#1490,.T.);
#4721=EDGE_CURVE('',#3770,#3771,#3258,.T.);
#4722=EDGE_CURVE('',#3682,#3772,#1491,.T.);
#4723=EDGE_CURVE('',#3771,#3772,#1492,.T.);
#4724=EDGE_CURVE('',#3681,#3773,#1493,.T.);
#4725=EDGE_CURVE('',#3772,#3773,#3259,.T.);
#4726=EDGE_CURVE('',#3680,#3774,#1494,.T.);
#4727=EDGE_CURVE('',#3773,#3774,#1495,.T.);
#4728=EDGE_CURVE('',#3679,#3775,#1496,.T.);
#4729=EDGE_CURVE('',#3774,#3775,#1497,.T.);
#4730=EDGE_CURVE('',#3776,#3721,#1498,.T.);
#4731=EDGE_CURVE('',#3776,#3777,#1499,.T.);
#4732=EDGE_CURVE('',#3775,#3777,#1500,.T.);
#4733=EDGE_CURVE('',#3778,#3779,#1501,.T.);
#4734=EDGE_CURVE('',#3780,#3778,#1502,.T.);
#4735=EDGE_CURVE('',#3781,#3780,#1503,.T.);
#4736=EDGE_CURVE('',#3779,#3781,#1504,.T.);
#4737=EDGE_CURVE('',#3782,#3675,#1505,.T.);
#4738=EDGE_CURVE('',#3783,#3782,#1506,.T.);
#4739=EDGE_CURVE('',#3784,#3783,#1507,.T.);
#4740=EDGE_CURVE('',#3718,#3784,#1508,.T.);
#4741=EDGE_CURVE('',#3785,#3786,#1509,.T.);
#4742=EDGE_CURVE('',#3785,#3787,#1510,.T.);
#4743=EDGE_CURVE('',#3788,#3787,#1511,.T.);
#4744=EDGE_CURVE('',#3786,#3788,#1512,.T.);
#4745=EDGE_CURVE('',#3789,#3785,#1513,.T.);
#4746=EDGE_CURVE('',#3789,#3790,#1514,.T.);
#4747=EDGE_CURVE('',#3787,#3790,#1515,.T.);
#4748=EDGE_CURVE('',#3791,#3789,#1516,.T.);
#4749=EDGE_CURVE('',#3791,#3792,#1517,.T.);
#4750=EDGE_CURVE('',#3790,#3792,#1518,.T.);
#4751=EDGE_CURVE('',#3793,#3791,#1519,.T.);
#4752=EDGE_CURVE('',#3793,#3794,#1520,.T.);
#4753=EDGE_CURVE('',#3792,#3794,#1521,.T.);
#4754=EDGE_CURVE('',#3795,#3793,#1522,.T.);
#4755=EDGE_CURVE('',#3795,#3796,#1523,.T.);
#4756=EDGE_CURVE('',#3794,#3796,#1524,.T.);
#4757=EDGE_CURVE('',#3779,#3795,#1525,.T.);
#4758=EDGE_CURVE('',#3796,#3781,#1526,.T.);
#4759=EDGE_CURVE('',#3786,#3776,#1527,.T.);
#4760=EDGE_CURVE('',#3777,#3788,#1528,.T.);
#4761=EDGE_CURVE('',#3780,#3797,#1529,.T.);
#4762=EDGE_CURVE('',#3798,#3797,#3260,.T.);
#4763=EDGE_CURVE('',#3798,#3799,#1530,.T.);
#4764=EDGE_CURVE('',#3799,#3800,#1531,.T.);
#4765=EDGE_CURVE('',#3800,#3801,#1532,.T.);
#4766=EDGE_CURVE('',#3802,#3801,#3261,.T.);
#4767=EDGE_CURVE('',#3802,#3803,#1533,.T.);
#4768=EDGE_CURVE('',#3804,#3803,#3262,.T.);
#4769=EDGE_CURVE('',#3804,#3805,#1534,.T.);
#4770=EDGE_CURVE('',#3806,#3805,#3263,.T.);
#4771=EDGE_CURVE('',#3806,#3807,#1535,.T.);
#4772=EDGE_CURVE('',#3808,#3807,#3264,.T.);
#4773=EDGE_CURVE('',#3808,#3809,#1536,.T.);
#4774=EDGE_CURVE('',#3809,#3810,#1537,.T.);
#4775=EDGE_CURVE('',#3810,#3811,#1538,.T.);
#4776=EDGE_CURVE('',#3812,#3811,#3265,.T.);
#4777=EDGE_CURVE('',#3812,#3783,#1539,.T.);
#4778=EDGE_CURVE('',#3782,#3813,#1540,.T.);
#4779=EDGE_CURVE('',#3813,#3814,#1541,.T.);
#4780=EDGE_CURVE('',#3814,#3815,#3266,.T.);
#4781=EDGE_CURVE('',#3815,#3816,#1542,.T.);
#4782=EDGE_CURVE('',#3816,#3817,#3267,.T.);
#4783=EDGE_CURVE('',#3817,#3818,#1543,.T.);
#4784=EDGE_CURVE('',#3818,#3819,#1544,.T.);
#4785=EDGE_CURVE('',#3819,#3820,#3268,.T.);
#4786=EDGE_CURVE('',#3820,#3821,#1545,.T.);
#4787=EDGE_CURVE('',#3821,#3822,#3269,.T.);
#4788=EDGE_CURVE('',#3822,#3823,#1546,.T.);
#4789=EDGE_CURVE('',#3823,#3824,#3270,.T.);
#4790=EDGE_CURVE('',#3824,#3825,#1547,.T.);
#4791=EDGE_CURVE('',#3825,#3826,#3271,.T.);
#4792=EDGE_CURVE('',#3826,#3827,#1548,.T.);
#4793=EDGE_CURVE('',#3827,#3828,#3272,.T.);
#4794=EDGE_CURVE('',#3828,#3754,#1549,.T.);
#4795=EDGE_CURVE('',#3829,#3830,#3273,.T.);
#4796=EDGE_CURVE('',#3830,#3831,#1550,.T.);
#4797=EDGE_CURVE('',#3831,#3832,#3274,.T.);
#4798=EDGE_CURVE('',#3832,#3833,#1551,.T.);
#4799=EDGE_CURVE('',#3833,#3834,#3275,.T.);
#4800=EDGE_CURVE('',#3834,#3835,#1552,.T.);
#4801=EDGE_CURVE('',#3835,#3836,#3276,.T.);
#4802=EDGE_CURVE('',#3836,#3829,#1553,.T.);
#4803=EDGE_CURVE('',#3837,#3838,#3277,.T.);
#4804=EDGE_CURVE('',#3838,#3839,#1554,.T.);
#4805=EDGE_CURVE('',#3839,#3840,#3278,.T.);
#4806=EDGE_CURVE('',#3840,#3841,#1555,.T.);
#4807=EDGE_CURVE('',#3841,#3842,#3279,.T.);
#4808=EDGE_CURVE('',#3842,#3843,#1556,.T.);
#4809=EDGE_CURVE('',#3843,#3844,#3280,.T.);
#4810=EDGE_CURVE('',#3844,#3837,#1557,.T.);
#4811=EDGE_CURVE('',#3845,#3846,#3281,.T.);
#4812=EDGE_CURVE('',#3846,#3847,#1558,.T.);
#4813=EDGE_CURVE('',#3847,#3848,#3282,.T.);
#4814=EDGE_CURVE('',#3848,#3849,#1559,.T.);
#4815=EDGE_CURVE('',#3849,#3850,#3283,.T.);
#4816=EDGE_CURVE('',#3850,#3851,#1560,.T.);
#4817=EDGE_CURVE('',#3851,#3852,#3284,.T.);
#4818=EDGE_CURVE('',#3852,#3845,#1561,.T.);
#4819=EDGE_CURVE('',#3853,#3854,#3285,.T.);
#4820=EDGE_CURVE('',#3854,#3855,#1562,.T.);
#4821=EDGE_CURVE('',#3855,#3856,#3286,.T.);
#4822=EDGE_CURVE('',#3856,#3857,#1563,.T.);
#4823=EDGE_CURVE('',#3857,#3858,#3287,.T.);
#4824=EDGE_CURVE('',#3858,#3859,#1564,.T.);
#4825=EDGE_CURVE('',#3859,#3860,#3288,.T.);
#4826=EDGE_CURVE('',#3860,#3853,#1565,.T.);
#4827=EDGE_CURVE('',#3861,#3862,#3289,.T.);
#4828=EDGE_CURVE('',#3862,#3863,#1566,.T.);
#4829=EDGE_CURVE('',#3863,#3864,#3290,.T.);
#4830=EDGE_CURVE('',#3864,#3865,#1567,.T.);
#4831=EDGE_CURVE('',#3865,#3866,#3291,.T.);
#4832=EDGE_CURVE('',#3866,#3867,#1568,.T.);
#4833=EDGE_CURVE('',#3867,#3868,#3292,.T.);
#4834=EDGE_CURVE('',#3868,#3861,#1569,.T.);
#4835=EDGE_CURVE('',#3869,#3870,#3293,.T.);
#4836=EDGE_CURVE('',#3870,#3871,#1570,.T.);
#4837=EDGE_CURVE('',#3871,#3872,#3294,.T.);
#4838=EDGE_CURVE('',#3872,#3873,#1571,.T.);
#4839=EDGE_CURVE('',#3873,#3874,#3295,.T.);
#4840=EDGE_CURVE('',#3874,#3875,#1572,.T.);
#4841=EDGE_CURVE('',#3875,#3876,#3296,.T.);
#4842=EDGE_CURVE('',#3876,#3869,#1573,.T.);
#4843=EDGE_CURVE('',#3877,#3878,#3297,.T.);
#4844=EDGE_CURVE('',#3878,#3879,#1574,.T.);
#4845=EDGE_CURVE('',#3879,#3880,#3298,.T.);
#4846=EDGE_CURVE('',#3880,#3881,#1575,.T.);
#4847=EDGE_CURVE('',#3881,#3882,#3299,.T.);
#4848=EDGE_CURVE('',#3882,#3883,#1576,.T.);
#4849=EDGE_CURVE('',#3883,#3884,#3300,.T.);
#4850=EDGE_CURVE('',#3884,#3877,#1577,.T.);
#4851=EDGE_CURVE('',#3885,#3886,#3301,.T.);
#4852=EDGE_CURVE('',#3886,#3887,#1578,.T.);
#4853=EDGE_CURVE('',#3887,#3888,#3302,.T.);
#4854=EDGE_CURVE('',#3888,#3889,#1579,.T.);
#4855=EDGE_CURVE('',#3889,#3890,#3303,.T.);
#4856=EDGE_CURVE('',#3890,#3891,#1580,.T.);
#4857=EDGE_CURVE('',#3891,#3892,#3304,.T.);
#4858=EDGE_CURVE('',#3892,#3885,#1581,.T.);
#4859=EDGE_CURVE('',#3893,#3894,#3305,.T.);
#4860=EDGE_CURVE('',#3894,#3895,#1582,.T.);
#4861=EDGE_CURVE('',#3895,#3896,#3306,.T.);
#4862=EDGE_CURVE('',#3896,#3897,#1583,.T.);
#4863=EDGE_CURVE('',#3897,#3898,#3307,.T.);
#4864=EDGE_CURVE('',#3898,#3899,#1584,.T.);
#4865=EDGE_CURVE('',#3899,#3900,#3308,.T.);
#4866=EDGE_CURVE('',#3900,#3893,#1585,.T.);
#4867=EDGE_CURVE('',#3901,#3902,#3309,.T.);
#4868=EDGE_CURVE('',#3902,#3903,#1586,.T.);
#4869=EDGE_CURVE('',#3903,#3904,#3310,.T.);
#4870=EDGE_CURVE('',#3904,#3905,#1587,.T.);
#4871=EDGE_CURVE('',#3905,#3906,#3311,.T.);
#4872=EDGE_CURVE('',#3906,#3907,#1588,.T.);
#4873=EDGE_CURVE('',#3907,#3908,#3312,.T.);
#4874=EDGE_CURVE('',#3908,#3901,#1589,.T.);
#4875=EDGE_CURVE('',#3909,#3910,#3313,.T.);
#4876=EDGE_CURVE('',#3910,#3911,#1590,.T.);
#4877=EDGE_CURVE('',#3911,#3912,#3314,.T.);
#4878=EDGE_CURVE('',#3912,#3913,#1591,.T.);
#4879=EDGE_CURVE('',#3913,#3914,#3315,.T.);
#4880=EDGE_CURVE('',#3914,#3915,#1592,.T.);
#4881=EDGE_CURVE('',#3915,#3916,#3316,.T.);
#4882=EDGE_CURVE('',#3916,#3909,#1593,.T.);
#4883=EDGE_CURVE('',#3917,#3918,#3317,.T.);
#4884=EDGE_CURVE('',#3918,#3919,#1594,.T.);
#4885=EDGE_CURVE('',#3919,#3920,#3318,.T.);
#4886=EDGE_CURVE('',#3920,#3921,#1595,.T.);
#4887=EDGE_CURVE('',#3921,#3922,#3319,.T.);
#4888=EDGE_CURVE('',#3922,#3923,#1596,.T.);
#4889=EDGE_CURVE('',#3923,#3924,#3320,.T.);
#4890=EDGE_CURVE('',#3924,#3917,#1597,.T.);
#4891=EDGE_CURVE('',#3925,#3926,#3321,.T.);
#4892=EDGE_CURVE('',#3926,#3927,#1598,.T.);
#4893=EDGE_CURVE('',#3927,#3928,#3322,.T.);
#4894=EDGE_CURVE('',#3928,#3929,#1599,.T.);
#4895=EDGE_CURVE('',#3929,#3930,#3323,.T.);
#4896=EDGE_CURVE('',#3930,#3931,#1600,.T.);
#4897=EDGE_CURVE('',#3931,#3932,#3324,.T.);
#4898=EDGE_CURVE('',#3932,#3925,#1601,.T.);
#4899=EDGE_CURVE('',#3933,#3934,#3325,.T.);
#4900=EDGE_CURVE('',#3934,#3935,#1602,.T.);
#4901=EDGE_CURVE('',#3935,#3936,#3326,.T.);
#4902=EDGE_CURVE('',#3936,#3937,#1603,.T.);
#4903=EDGE_CURVE('',#3937,#3938,#3327,.T.);
#4904=EDGE_CURVE('',#3938,#3939,#1604,.T.);
#4905=EDGE_CURVE('',#3939,#3940,#3328,.T.);
#4906=EDGE_CURVE('',#3940,#3933,#1605,.T.);
#4907=EDGE_CURVE('',#3752,#3941,#1606,.T.);
#4908=EDGE_CURVE('',#3941,#3942,#3329,.T.);
#4909=EDGE_CURVE('',#3942,#3943,#1607,.T.);
#4910=EDGE_CURVE('',#3943,#3944,#3330,.T.);
#4911=EDGE_CURVE('',#3944,#3945,#1608,.T.);
#4912=EDGE_CURVE('',#3945,#3946,#3331,.T.);
#4913=EDGE_CURVE('',#3946,#3947,#1609,.T.);
#4914=EDGE_CURVE('',#3947,#3948,#3332,.T.);
#4915=EDGE_CURVE('',#3948,#3949,#1610,.T.);
#4916=EDGE_CURVE('',#3949,#3950,#3333,.T.);
#4917=EDGE_CURVE('',#3950,#3951,#1611,.T.);
#4918=EDGE_CURVE('',#3951,#3952,#1612,.T.);
#4919=EDGE_CURVE('',#3952,#3953,#3334,.T.);
#4920=EDGE_CURVE('',#3953,#3954,#1613,.T.);
#4921=EDGE_CURVE('',#3954,#3955,#1614,.T.);
#4922=EDGE_CURVE('',#3955,#3956,#3335,.T.);
#4923=EDGE_CURVE('',#3956,#3957,#1615,.T.);
#4924=EDGE_CURVE('',#3957,#3958,#3336,.T.);
#4925=EDGE_CURVE('',#3958,#3959,#1616,.T.);
#4926=EDGE_CURVE('',#3959,#3960,#1617,.T.);
#4927=EDGE_CURVE('',#3960,#3961,#3337,.T.);
#4928=EDGE_CURVE('',#3961,#3962,#1618,.T.);
#4929=EDGE_CURVE('',#3962,#3963,#1619,.T.);
#4930=EDGE_CURVE('',#3963,#3964,#3338,.T.);
#4931=EDGE_CURVE('',#3964,#3965,#1620,.T.);
#4932=EDGE_CURVE('',#3965,#3966,#3339,.T.);
#4933=EDGE_CURVE('',#3966,#3967,#1621,.T.);
#4934=EDGE_CURVE('',#3967,#3968,#3340,.T.);
#4935=EDGE_CURVE('',#3968,#3969,#1622,.T.);
#4936=EDGE_CURVE('',#3969,#3723,#3341,.T.);
#4937=EDGE_CURVE('',#3970,#3971,#3342,.T.);
#4938=EDGE_CURVE('',#3971,#3972,#1623,.T.);
#4939=EDGE_CURVE('',#3972,#3973,#3343,.T.);
#4940=EDGE_CURVE('',#3973,#3974,#1624,.T.);
#4941=EDGE_CURVE('',#3974,#3975,#3344,.T.);
#4942=EDGE_CURVE('',#3975,#3976,#1625,.T.);
#4943=EDGE_CURVE('',#3976,#3977,#3345,.T.);
#4944=EDGE_CURVE('',#3977,#3970,#1626,.T.);
#4945=EDGE_CURVE('',#3978,#3979,#3346,.T.);
#4946=EDGE_CURVE('',#3979,#3980,#1627,.T.);
#4947=EDGE_CURVE('',#3980,#3981,#3347,.T.);
#4948=EDGE_CURVE('',#3981,#3982,#1628,.T.);
#4949=EDGE_CURVE('',#3982,#3983,#3348,.T.);
#4950=EDGE_CURVE('',#3983,#3984,#1629,.T.);
#4951=EDGE_CURVE('',#3984,#3985,#3349,.T.);
#4952=EDGE_CURVE('',#3985,#3978,#1630,.T.);
#4953=EDGE_CURVE('',#3986,#3987,#3350,.T.);
#4954=EDGE_CURVE('',#3987,#3988,#1631,.T.);
#4955=EDGE_CURVE('',#3988,#3989,#3351,.T.);
#4956=EDGE_CURVE('',#3989,#3990,#1632,.T.);
#4957=EDGE_CURVE('',#3990,#3991,#3352,.T.);
#4958=EDGE_CURVE('',#3991,#3992,#1633,.T.);
#4959=EDGE_CURVE('',#3992,#3993,#3353,.T.);
#4960=EDGE_CURVE('',#3993,#3986,#1634,.T.);
#4961=EDGE_CURVE('',#3994,#3995,#3354,.T.);
#4962=EDGE_CURVE('',#3995,#3996,#1635,.T.);
#4963=EDGE_CURVE('',#3996,#3997,#3355,.T.);
#4964=EDGE_CURVE('',#3997,#3998,#1636,.T.);
#4965=EDGE_CURVE('',#3998,#3999,#3356,.T.);
#4966=EDGE_CURVE('',#3999,#4000,#1637,.T.);
#4967=EDGE_CURVE('',#4000,#4001,#3357,.T.);
#4968=EDGE_CURVE('',#4001,#3994,#1638,.T.);
#4969=EDGE_CURVE('',#4002,#4003,#3358,.T.);
#4970=EDGE_CURVE('',#4003,#4004,#1639,.T.);
#4971=EDGE_CURVE('',#4004,#4005,#3359,.T.);
#4972=EDGE_CURVE('',#4005,#4006,#1640,.T.);
#4973=EDGE_CURVE('',#4006,#4007,#3360,.T.);
#4974=EDGE_CURVE('',#4007,#4008,#1641,.T.);
#4975=EDGE_CURVE('',#4008,#4009,#3361,.T.);
#4976=EDGE_CURVE('',#4009,#4002,#1642,.T.);
#4977=EDGE_CURVE('',#4010,#4011,#3362,.T.);
#4978=EDGE_CURVE('',#4011,#4012,#1643,.T.);
#4979=EDGE_CURVE('',#4012,#4013,#3363,.T.);
#4980=EDGE_CURVE('',#4013,#4014,#1644,.T.);
#4981=EDGE_CURVE('',#4014,#4015,#3364,.T.);
#4982=EDGE_CURVE('',#4015,#4016,#1645,.T.);
#4983=EDGE_CURVE('',#4016,#4017,#3365,.T.);
#4984=EDGE_CURVE('',#4017,#4010,#1646,.T.);
#4985=EDGE_CURVE('',#4018,#4019,#3366,.T.);
#4986=EDGE_CURVE('',#4019,#4020,#1647,.T.);
#4987=EDGE_CURVE('',#4020,#4021,#3367,.T.);
#4988=EDGE_CURVE('',#4021,#4022,#1648,.T.);
#4989=EDGE_CURVE('',#4022,#4023,#3368,.T.);
#4990=EDGE_CURVE('',#4023,#4024,#1649,.T.);
#4991=EDGE_CURVE('',#4024,#4025,#3369,.T.);
#4992=EDGE_CURVE('',#4025,#4018,#1650,.T.);
#4993=EDGE_CURVE('',#4026,#4027,#3370,.T.);
#4994=EDGE_CURVE('',#4027,#4028,#1651,.T.);
#4995=EDGE_CURVE('',#4028,#4029,#3371,.T.);
#4996=EDGE_CURVE('',#4029,#4030,#1652,.T.);
#4997=EDGE_CURVE('',#4030,#4031,#3372,.T.);
#4998=EDGE_CURVE('',#4031,#4032,#1653,.T.);
#4999=EDGE_CURVE('',#4032,#4033,#3373,.T.);
#5000=EDGE_CURVE('',#4033,#4026,#1654,.T.);
#5001=EDGE_CURVE('',#4034,#4035,#3374,.T.);
#5002=EDGE_CURVE('',#4035,#4036,#1655,.T.);
#5003=EDGE_CURVE('',#4036,#4037,#3375,.T.);
#5004=EDGE_CURVE('',#4037,#4038,#1656,.T.);
#5005=EDGE_CURVE('',#4038,#4039,#3376,.T.);
#5006=EDGE_CURVE('',#4039,#4040,#1657,.T.);
#5007=EDGE_CURVE('',#4040,#4041,#3377,.T.);
#5008=EDGE_CURVE('',#4041,#4034,#1658,.T.);
#5009=EDGE_CURVE('',#4042,#4043,#3378,.T.);
#5010=EDGE_CURVE('',#4043,#4044,#1659,.T.);
#5011=EDGE_CURVE('',#4044,#4045,#3379,.T.);
#5012=EDGE_CURVE('',#4045,#4046,#1660,.T.);
#5013=EDGE_CURVE('',#4046,#4047,#3380,.T.);
#5014=EDGE_CURVE('',#4047,#4048,#1661,.T.);
#5015=EDGE_CURVE('',#4048,#4049,#3381,.T.);
#5016=EDGE_CURVE('',#4049,#4042,#1662,.T.);
#5017=EDGE_CURVE('',#4050,#4051,#3382,.T.);
#5018=EDGE_CURVE('',#4051,#4052,#1663,.T.);
#5019=EDGE_CURVE('',#4052,#4053,#3383,.T.);
#5020=EDGE_CURVE('',#4053,#4054,#1664,.T.);
#5021=EDGE_CURVE('',#4054,#4055,#3384,.T.);
#5022=EDGE_CURVE('',#4055,#4056,#1665,.T.);
#5023=EDGE_CURVE('',#4056,#4057,#3385,.T.);
#5024=EDGE_CURVE('',#4057,#4050,#1666,.T.);
#5025=EDGE_CURVE('',#4058,#4059,#3386,.T.);
#5026=EDGE_CURVE('',#4059,#4060,#1667,.T.);
#5027=EDGE_CURVE('',#4060,#4061,#3387,.T.);
#5028=EDGE_CURVE('',#4061,#4062,#1668,.T.);
#5029=EDGE_CURVE('',#4062,#4063,#3388,.T.);
#5030=EDGE_CURVE('',#4063,#4064,#1669,.T.);
#5031=EDGE_CURVE('',#4064,#4065,#3389,.T.);
#5032=EDGE_CURVE('',#4065,#4058,#1670,.T.);
#5033=EDGE_CURVE('',#4066,#4067,#3390,.T.);
#5034=EDGE_CURVE('',#4067,#4068,#1671,.T.);
#5035=EDGE_CURVE('',#4068,#4069,#3391,.T.);
#5036=EDGE_CURVE('',#4069,#4070,#1672,.T.);
#5037=EDGE_CURVE('',#4070,#4071,#3392,.T.);
#5038=EDGE_CURVE('',#4071,#4072,#1673,.T.);
#5039=EDGE_CURVE('',#4072,#4073,#3393,.T.);
#5040=EDGE_CURVE('',#4073,#4066,#1674,.T.);
#5041=EDGE_CURVE('',#4074,#4075,#3394,.T.);
#5042=EDGE_CURVE('',#4075,#4076,#1675,.T.);
#5043=EDGE_CURVE('',#4076,#4077,#3395,.T.);
#5044=EDGE_CURVE('',#4077,#4078,#1676,.T.);
#5045=EDGE_CURVE('',#4078,#4079,#3396,.T.);
#5046=EDGE_CURVE('',#4079,#4080,#1677,.T.);
#5047=EDGE_CURVE('',#4080,#4081,#3397,.T.);
#5048=EDGE_CURVE('',#4081,#4074,#1678,.T.);
#5049=EDGE_CURVE('',#4082,#4083,#3398,.T.);
#5050=EDGE_CURVE('',#4083,#4084,#1679,.T.);
#5051=EDGE_CURVE('',#4084,#4085,#3399,.T.);
#5052=EDGE_CURVE('',#4085,#4086,#1680,.T.);
#5053=EDGE_CURVE('',#4086,#4087,#3400,.T.);
#5054=EDGE_CURVE('',#4087,#4088,#1681,.T.);
#5055=EDGE_CURVE('',#4088,#4089,#3401,.T.);
#5056=EDGE_CURVE('',#4089,#4082,#1682,.T.);
#5057=EDGE_CURVE('',#4090,#4091,#3402,.T.);
#5058=EDGE_CURVE('',#4091,#4092,#1683,.T.);
#5059=EDGE_CURVE('',#4092,#4093,#3403,.T.);
#5060=EDGE_CURVE('',#4093,#4094,#1684,.T.);
#5061=EDGE_CURVE('',#4094,#4095,#3404,.T.);
#5062=EDGE_CURVE('',#4095,#4096,#1685,.T.);
#5063=EDGE_CURVE('',#4096,#4097,#3405,.T.);
#5064=EDGE_CURVE('',#4097,#4090,#1686,.T.);
#5065=EDGE_CURVE('',#4098,#4099,#3406,.T.);
#5066=EDGE_CURVE('',#4099,#4100,#1687,.T.);
#5067=EDGE_CURVE('',#4100,#4101,#3407,.T.);
#5068=EDGE_CURVE('',#4101,#4102,#1688,.T.);
#5069=EDGE_CURVE('',#4102,#4103,#3408,.T.);
#5070=EDGE_CURVE('',#4103,#4104,#1689,.T.);
#5071=EDGE_CURVE('',#4104,#4105,#3409,.T.);
#5072=EDGE_CURVE('',#4105,#4098,#1690,.T.);
#5073=EDGE_CURVE('',#4106,#4107,#3410,.T.);
#5074=EDGE_CURVE('',#4107,#4108,#1691,.T.);
#5075=EDGE_CURVE('',#4108,#4109,#3411,.T.);
#5076=EDGE_CURVE('',#4109,#4110,#1692,.T.);
#5077=EDGE_CURVE('',#4110,#4111,#3412,.T.);
#5078=EDGE_CURVE('',#4111,#4112,#1693,.T.);
#5079=EDGE_CURVE('',#4112,#4113,#3413,.T.);
#5080=EDGE_CURVE('',#4113,#4106,#1694,.T.);
#5081=EDGE_CURVE('',#4114,#4115,#3414,.T.);
#5082=EDGE_CURVE('',#4115,#4116,#1695,.T.);
#5083=EDGE_CURVE('',#4116,#4117,#3415,.T.);
#5084=EDGE_CURVE('',#4117,#4118,#1696,.T.);
#5085=EDGE_CURVE('',#4118,#4119,#3416,.T.);
#5086=EDGE_CURVE('',#4119,#4120,#1697,.T.);
#5087=EDGE_CURVE('',#4120,#4121,#3417,.T.);
#5088=EDGE_CURVE('',#4121,#4114,#1698,.T.);
#5089=EDGE_CURVE('',#4122,#4123,#3418,.T.);
#5090=EDGE_CURVE('',#4123,#4124,#1699,.T.);
#5091=EDGE_CURVE('',#4124,#4125,#3419,.T.);
#5092=EDGE_CURVE('',#4125,#4126,#1700,.T.);
#5093=EDGE_CURVE('',#4126,#4127,#3420,.T.);
#5094=EDGE_CURVE('',#4127,#4128,#1701,.T.);
#5095=EDGE_CURVE('',#4128,#4129,#3421,.T.);
#5096=EDGE_CURVE('',#4129,#4122,#1702,.T.);
#5097=EDGE_CURVE('',#4130,#4131,#3422,.T.);
#5098=EDGE_CURVE('',#4131,#4132,#1703,.T.);
#5099=EDGE_CURVE('',#4132,#4133,#3423,.T.);
#5100=EDGE_CURVE('',#4133,#4134,#1704,.T.);
#5101=EDGE_CURVE('',#4134,#4135,#3424,.T.);
#5102=EDGE_CURVE('',#4135,#4136,#1705,.T.);
#5103=EDGE_CURVE('',#4136,#4137,#3425,.T.);
#5104=EDGE_CURVE('',#4137,#4130,#1706,.T.);
#5105=EDGE_CURVE('',#4138,#4139,#3426,.T.);
#5106=EDGE_CURVE('',#4139,#4140,#1707,.T.);
#5107=EDGE_CURVE('',#4140,#4141,#3427,.T.);
#5108=EDGE_CURVE('',#4141,#4142,#1708,.T.);
#5109=EDGE_CURVE('',#4142,#4143,#3428,.T.);
#5110=EDGE_CURVE('',#4143,#4144,#1709,.T.);
#5111=EDGE_CURVE('',#4144,#4145,#3429,.T.);
#5112=EDGE_CURVE('',#4145,#4138,#1710,.T.);
#5113=EDGE_CURVE('',#4146,#4147,#3430,.T.);
#5114=EDGE_CURVE('',#4147,#4148,#1711,.T.);
#5115=EDGE_CURVE('',#4148,#4149,#3431,.T.);
#5116=EDGE_CURVE('',#4149,#4150,#1712,.T.);
#5117=EDGE_CURVE('',#4150,#4151,#3432,.T.);
#5118=EDGE_CURVE('',#4151,#4152,#1713,.T.);
#5119=EDGE_CURVE('',#4152,#4153,#3433,.T.);
#5120=EDGE_CURVE('',#4153,#4146,#1714,.T.);
#5121=EDGE_CURVE('',#4154,#4155,#3434,.T.);
#5122=EDGE_CURVE('',#4155,#4156,#1715,.T.);
#5123=EDGE_CURVE('',#4156,#4157,#3435,.T.);
#5124=EDGE_CURVE('',#4157,#4158,#1716,.T.);
#5125=EDGE_CURVE('',#4158,#4159,#3436,.T.);
#5126=EDGE_CURVE('',#4159,#4160,#1717,.T.);
#5127=EDGE_CURVE('',#4160,#4161,#3437,.T.);
#5128=EDGE_CURVE('',#4161,#4154,#1718,.T.);
#5129=EDGE_CURVE('',#4162,#4163,#3438,.T.);
#5130=EDGE_CURVE('',#4163,#4164,#1719,.T.);
#5131=EDGE_CURVE('',#4164,#4165,#3439,.T.);
#5132=EDGE_CURVE('',#4165,#4166,#1720,.T.);
#5133=EDGE_CURVE('',#4166,#4167,#3440,.T.);
#5134=EDGE_CURVE('',#4167,#4168,#1721,.T.);
#5135=EDGE_CURVE('',#4168,#4169,#3441,.T.);
#5136=EDGE_CURVE('',#4169,#4162,#1722,.T.);
#5137=EDGE_CURVE('',#3717,#3813,#1723,.T.);
#5138=EDGE_CURVE('',#3807,#4170,#1724,.T.);
#5139=EDGE_CURVE('',#4170,#4171,#3442,.T.);
#5140=EDGE_CURVE('',#4171,#3808,#1725,.T.);
#5141=EDGE_CURVE('',#4172,#4171,#1726,.T.);
#5142=EDGE_CURVE('',#4172,#3809,#1727,.T.);
#5143=EDGE_CURVE('',#3784,#4173,#1728,.T.);
#5144=EDGE_CURVE('',#4174,#4173,#3443,.T.);
#5145=EDGE_CURVE('',#4174,#4175,#1729,.T.);
#5146=EDGE_CURVE('',#4175,#4172,#1730,.T.);
#5147=EDGE_CURVE('',#4170,#4176,#1731,.T.);
#5148=EDGE_CURVE('',#4177,#4176,#3444,.T.);
#5149=EDGE_CURVE('',#4177,#4178,#1732,.T.);
#5150=EDGE_CURVE('',#4179,#4178,#3445,.T.);
#5151=EDGE_CURVE('',#4179,#4180,#1733,.T.);
#5152=EDGE_CURVE('',#4181,#4180,#3446,.T.);
#5153=EDGE_CURVE('',#4182,#4181,#1734,.T.);
#5154=EDGE_CURVE('',#4183,#4182,#1735,.T.);
#5155=EDGE_CURVE('',#4184,#4183,#1736,.T.);
#5156=EDGE_CURVE('',#4185,#4184,#3447,.T.);
#5157=EDGE_CURVE('',#4185,#3778,#1737,.T.);
#5158=EDGE_CURVE('',#4186,#4187,#3448,.T.);
#5159=EDGE_CURVE('',#4188,#4186,#1738,.T.);
#5160=EDGE_CURVE('',#4189,#4188,#3449,.T.);
#5161=EDGE_CURVE('',#4190,#4189,#1739,.T.);
#5162=EDGE_CURVE('',#4191,#4190,#3450,.T.);
#5163=EDGE_CURVE('',#4192,#4191,#1740,.T.);
#5164=EDGE_CURVE('',#4193,#4192,#3451,.T.);
#5165=EDGE_CURVE('',#4187,#4193,#1741,.T.);
#5166=EDGE_CURVE('',#4194,#4195,#3452,.T.);
#5167=EDGE_CURVE('',#4196,#4194,#1742,.T.);
#5168=EDGE_CURVE('',#4197,#4196,#3453,.T.);
#5169=EDGE_CURVE('',#4198,#4197,#1743,.T.);
#5170=EDGE_CURVE('',#4199,#4198,#3454,.T.);
#5171=EDGE_CURVE('',#4200,#4199,#1744,.T.);
#5172=EDGE_CURVE('',#4201,#4200,#3455,.T.);
#5173=EDGE_CURVE('',#4195,#4201,#1745,.T.);
#5174=EDGE_CURVE('',#4202,#4203,#3456,.T.);
#5175=EDGE_CURVE('',#4204,#4202,#1746,.T.);
#5176=EDGE_CURVE('',#4205,#4204,#3457,.T.);
#5177=EDGE_CURVE('',#4206,#4205,#1747,.T.);
#5178=EDGE_CURVE('',#4207,#4206,#3458,.T.);
#5179=EDGE_CURVE('',#4208,#4207,#1748,.T.);
#5180=EDGE_CURVE('',#4209,#4208,#3459,.T.);
#5181=EDGE_CURVE('',#4203,#4209,#1749,.T.);
#5182=EDGE_CURVE('',#4210,#4211,#3460,.T.);
#5183=EDGE_CURVE('',#4212,#4210,#1750,.T.);
#5184=EDGE_CURVE('',#4213,#4212,#3461,.T.);
#5185=EDGE_CURVE('',#4214,#4213,#1751,.T.);
#5186=EDGE_CURVE('',#4215,#4214,#3462,.T.);
#5187=EDGE_CURVE('',#4216,#4215,#1752,.T.);
#5188=EDGE_CURVE('',#4217,#4216,#3463,.T.);
#5189=EDGE_CURVE('',#4211,#4217,#1753,.T.);
#5190=EDGE_CURVE('',#4218,#4219,#3464,.T.);
#5191=EDGE_CURVE('',#4220,#4218,#1754,.T.);
#5192=EDGE_CURVE('',#4221,#4220,#3465,.T.);
#5193=EDGE_CURVE('',#4222,#4221,#1755,.T.);
#5194=EDGE_CURVE('',#4223,#4222,#3466,.T.);
#5195=EDGE_CURVE('',#4224,#4223,#1756,.T.);
#5196=EDGE_CURVE('',#4225,#4224,#3467,.T.);
#5197=EDGE_CURVE('',#4219,#4225,#1757,.T.);
#5198=EDGE_CURVE('',#4226,#4227,#3468,.T.);
#5199=EDGE_CURVE('',#4228,#4226,#1758,.T.);
#5200=EDGE_CURVE('',#4229,#4228,#3469,.T.);
#5201=EDGE_CURVE('',#4230,#4229,#1759,.T.);
#5202=EDGE_CURVE('',#4231,#4230,#3470,.T.);
#5203=EDGE_CURVE('',#4232,#4231,#1760,.T.);
#5204=EDGE_CURVE('',#4233,#4232,#3471,.T.);
#5205=EDGE_CURVE('',#4227,#4233,#1761,.T.);
#5206=EDGE_CURVE('',#4234,#4235,#3472,.T.);
#5207=EDGE_CURVE('',#4236,#4234,#1762,.T.);
#5208=EDGE_CURVE('',#4237,#4236,#3473,.T.);
#5209=EDGE_CURVE('',#4238,#4237,#1763,.T.);
#5210=EDGE_CURVE('',#4239,#4238,#3474,.T.);
#5211=EDGE_CURVE('',#4240,#4239,#1764,.T.);
#5212=EDGE_CURVE('',#4241,#4240,#3475,.T.);
#5213=EDGE_CURVE('',#4235,#4241,#1765,.T.);
#5214=EDGE_CURVE('',#4242,#4243,#3476,.T.);
#5215=EDGE_CURVE('',#4244,#4242,#1766,.T.);
#5216=EDGE_CURVE('',#4245,#4244,#3477,.T.);
#5217=EDGE_CURVE('',#4246,#4245,#1767,.T.);
#5218=EDGE_CURVE('',#4247,#4246,#3478,.T.);
#5219=EDGE_CURVE('',#4248,#4247,#1768,.T.);
#5220=EDGE_CURVE('',#4249,#4248,#3479,.T.);
#5221=EDGE_CURVE('',#4243,#4249,#1769,.T.);
#5222=EDGE_CURVE('',#4250,#4251,#3480,.T.);
#5223=EDGE_CURVE('',#4252,#4250,#1770,.T.);
#5224=EDGE_CURVE('',#4253,#4252,#3481,.T.);
#5225=EDGE_CURVE('',#4254,#4253,#1771,.T.);
#5226=EDGE_CURVE('',#4255,#4254,#3482,.T.);
#5227=EDGE_CURVE('',#4256,#4255,#1772,.T.);
#5228=EDGE_CURVE('',#4257,#4256,#3483,.T.);
#5229=EDGE_CURVE('',#4251,#4257,#1773,.T.);
#5230=EDGE_CURVE('',#4258,#4259,#3484,.T.);
#5231=EDGE_CURVE('',#4260,#4258,#1774,.T.);
#5232=EDGE_CURVE('',#4261,#4260,#3485,.T.);
#5233=EDGE_CURVE('',#4262,#4261,#1775,.T.);
#5234=EDGE_CURVE('',#4263,#4262,#3486,.T.);
#5235=EDGE_CURVE('',#4264,#4263,#1776,.T.);
#5236=EDGE_CURVE('',#4265,#4264,#3487,.T.);
#5237=EDGE_CURVE('',#4259,#4265,#1777,.T.);
#5238=EDGE_CURVE('',#4266,#4267,#3488,.T.);
#5239=EDGE_CURVE('',#4268,#4266,#1778,.T.);
#5240=EDGE_CURVE('',#4269,#4268,#3489,.T.);
#5241=EDGE_CURVE('',#4270,#4269,#1779,.T.);
#5242=EDGE_CURVE('',#4271,#4270,#3490,.T.);
#5243=EDGE_CURVE('',#4272,#4271,#1780,.T.);
#5244=EDGE_CURVE('',#4273,#4272,#3491,.T.);
#5245=EDGE_CURVE('',#4267,#4273,#1781,.T.);
#5246=EDGE_CURVE('',#4274,#4275,#3492,.T.);
#5247=EDGE_CURVE('',#4276,#4274,#1782,.T.);
#5248=EDGE_CURVE('',#4277,#4276,#3493,.T.);
#5249=EDGE_CURVE('',#4278,#4277,#1783,.T.);
#5250=EDGE_CURVE('',#4279,#4278,#3494,.T.);
#5251=EDGE_CURVE('',#4280,#4279,#1784,.T.);
#5252=EDGE_CURVE('',#4281,#4280,#3495,.T.);
#5253=EDGE_CURVE('',#4275,#4281,#1785,.T.);
#5254=EDGE_CURVE('',#4282,#4283,#3496,.T.);
#5255=EDGE_CURVE('',#4284,#4282,#1786,.T.);
#5256=EDGE_CURVE('',#4285,#4284,#3497,.T.);
#5257=EDGE_CURVE('',#4286,#4285,#1787,.T.);
#5258=EDGE_CURVE('',#4287,#4286,#3498,.T.);
#5259=EDGE_CURVE('',#4288,#4287,#1788,.T.);
#5260=EDGE_CURVE('',#4289,#4288,#3499,.T.);
#5261=EDGE_CURVE('',#4283,#4289,#1789,.T.);
#5262=EDGE_CURVE('',#4290,#4291,#3500,.T.);
#5263=EDGE_CURVE('',#4292,#4290,#1790,.T.);
#5264=EDGE_CURVE('',#4293,#4292,#3501,.T.);
#5265=EDGE_CURVE('',#4294,#4293,#1791,.T.);
#5266=EDGE_CURVE('',#4295,#4294,#3502,.T.);
#5267=EDGE_CURVE('',#4296,#4295,#1792,.T.);
#5268=EDGE_CURVE('',#4297,#4296,#3503,.T.);
#5269=EDGE_CURVE('',#4291,#4297,#1793,.T.);
#5270=EDGE_CURVE('',#4298,#4299,#3504,.T.);
#5271=EDGE_CURVE('',#4300,#4298,#1794,.T.);
#5272=EDGE_CURVE('',#4301,#4300,#3505,.T.);
#5273=EDGE_CURVE('',#4302,#4301,#1795,.T.);
#5274=EDGE_CURVE('',#4303,#4302,#3506,.T.);
#5275=EDGE_CURVE('',#4304,#4303,#1796,.T.);
#5276=EDGE_CURVE('',#4305,#4304,#3507,.T.);
#5277=EDGE_CURVE('',#4299,#4305,#1797,.T.);
#5278=EDGE_CURVE('',#4306,#4307,#3508,.T.);
#5279=EDGE_CURVE('',#4308,#4306,#1798,.T.);
#5280=EDGE_CURVE('',#4309,#4308,#3509,.T.);
#5281=EDGE_CURVE('',#4310,#4309,#1799,.T.);
#5282=EDGE_CURVE('',#4311,#4310,#3510,.T.);
#5283=EDGE_CURVE('',#4312,#4311,#1800,.T.);
#5284=EDGE_CURVE('',#4313,#4312,#3511,.T.);
#5285=EDGE_CURVE('',#4307,#4313,#1801,.T.);
#5286=EDGE_CURVE('',#4314,#4315,#3512,.T.);
#5287=EDGE_CURVE('',#4316,#4314,#1802,.T.);
#5288=EDGE_CURVE('',#4317,#4316,#3513,.T.);
#5289=EDGE_CURVE('',#4318,#4317,#1803,.T.);
#5290=EDGE_CURVE('',#4319,#4318,#3514,.T.);
#5291=EDGE_CURVE('',#4320,#4319,#1804,.T.);
#5292=EDGE_CURVE('',#4321,#4320,#3515,.T.);
#5293=EDGE_CURVE('',#4315,#4321,#1805,.T.);
#5294=EDGE_CURVE('',#4322,#4323,#3516,.T.);
#5295=EDGE_CURVE('',#4324,#4322,#1806,.T.);
#5296=EDGE_CURVE('',#4325,#4324,#3517,.T.);
#5297=EDGE_CURVE('',#4326,#4325,#1807,.T.);
#5298=EDGE_CURVE('',#4327,#4326,#3518,.T.);
#5299=EDGE_CURVE('',#4328,#4327,#1808,.T.);
#5300=EDGE_CURVE('',#4329,#4328,#3519,.T.);
#5301=EDGE_CURVE('',#4323,#4329,#1809,.T.);
#5302=EDGE_CURVE('',#4330,#4331,#3520,.T.);
#5303=EDGE_CURVE('',#4332,#4330,#1810,.T.);
#5304=EDGE_CURVE('',#4333,#4332,#3521,.T.);
#5305=EDGE_CURVE('',#4334,#4333,#1811,.T.);
#5306=EDGE_CURVE('',#4335,#4334,#3522,.T.);
#5307=EDGE_CURVE('',#4336,#4335,#1812,.T.);
#5308=EDGE_CURVE('',#4337,#4336,#3523,.T.);
#5309=EDGE_CURVE('',#4331,#4337,#1813,.T.);
#5310=EDGE_CURVE('',#4338,#4339,#3524,.T.);
#5311=EDGE_CURVE('',#4340,#4338,#1814,.T.);
#5312=EDGE_CURVE('',#4341,#4340,#3525,.T.);
#5313=EDGE_CURVE('',#4342,#4341,#1815,.T.);
#5314=EDGE_CURVE('',#4343,#4342,#3526,.T.);
#5315=EDGE_CURVE('',#4344,#4343,#1816,.T.);
#5316=EDGE_CURVE('',#4345,#4344,#3527,.T.);
#5317=EDGE_CURVE('',#4339,#4345,#1817,.T.);
#5318=EDGE_CURVE('',#4346,#4347,#3528,.T.);
#5319=EDGE_CURVE('',#4348,#4346,#1818,.T.);
#5320=EDGE_CURVE('',#4349,#4348,#3529,.T.);
#5321=EDGE_CURVE('',#4350,#4349,#1819,.T.);
#5322=EDGE_CURVE('',#4351,#4350,#3530,.T.);
#5323=EDGE_CURVE('',#4352,#4351,#1820,.T.);
#5324=EDGE_CURVE('',#4353,#4352,#3531,.T.);
#5325=EDGE_CURVE('',#4347,#4353,#1821,.T.);
#5326=EDGE_CURVE('',#4354,#4355,#3532,.T.);
#5327=EDGE_CURVE('',#4356,#4354,#1822,.T.);
#5328=EDGE_CURVE('',#4357,#4356,#3533,.T.);
#5329=EDGE_CURVE('',#4358,#4357,#1823,.T.);
#5330=EDGE_CURVE('',#4359,#4358,#3534,.T.);
#5331=EDGE_CURVE('',#4360,#4359,#1824,.T.);
#5332=EDGE_CURVE('',#4361,#4360,#3535,.T.);
#5333=EDGE_CURVE('',#4355,#4361,#1825,.T.);
#5334=EDGE_CURVE('',#4362,#4363,#3536,.T.);
#5335=EDGE_CURVE('',#4364,#4362,#1826,.T.);
#5336=EDGE_CURVE('',#4365,#4364,#3537,.T.);
#5337=EDGE_CURVE('',#4366,#4365,#1827,.T.);
#5338=EDGE_CURVE('',#4367,#4366,#3538,.T.);
#5339=EDGE_CURVE('',#4368,#4367,#1828,.T.);
#5340=EDGE_CURVE('',#4369,#4368,#3539,.T.);
#5341=EDGE_CURVE('',#4363,#4369,#1829,.T.);
#5342=EDGE_CURVE('',#4370,#4371,#3540,.T.);
#5343=EDGE_CURVE('',#4372,#4370,#1830,.T.);
#5344=EDGE_CURVE('',#4373,#4372,#3541,.T.);
#5345=EDGE_CURVE('',#4374,#4373,#1831,.T.);
#5346=EDGE_CURVE('',#4375,#4374,#3542,.T.);
#5347=EDGE_CURVE('',#4376,#4375,#1832,.T.);
#5348=EDGE_CURVE('',#4377,#4376,#3543,.T.);
#5349=EDGE_CURVE('',#4371,#4377,#1833,.T.);
#5350=EDGE_CURVE('',#4378,#4379,#3544,.T.);
#5351=EDGE_CURVE('',#4380,#4378,#1834,.T.);
#5352=EDGE_CURVE('',#4381,#4380,#3545,.T.);
#5353=EDGE_CURVE('',#4382,#4381,#1835,.T.);
#5354=EDGE_CURVE('',#4383,#4382,#3546,.T.);
#5355=EDGE_CURVE('',#4384,#4383,#1836,.T.);
#5356=EDGE_CURVE('',#4385,#4384,#3547,.T.);
#5357=EDGE_CURVE('',#4379,#4385,#1837,.T.);
#5358=EDGE_CURVE('',#4386,#4387,#3548,.T.);
#5359=EDGE_CURVE('',#4388,#4386,#1838,.T.);
#5360=EDGE_CURVE('',#4389,#4388,#3549,.T.);
#5361=EDGE_CURVE('',#4390,#4389,#1839,.T.);
#5362=EDGE_CURVE('',#4391,#4390,#3550,.T.);
#5363=EDGE_CURVE('',#4392,#4391,#1840,.T.);
#5364=EDGE_CURVE('',#4393,#4392,#3551,.T.);
#5365=EDGE_CURVE('',#4387,#4393,#1841,.T.);
#5366=EDGE_CURVE('',#4394,#4395,#3552,.T.);
#5367=EDGE_CURVE('',#4396,#4394,#1842,.T.);
#5368=EDGE_CURVE('',#4397,#4396,#3553,.T.);
#5369=EDGE_CURVE('',#4398,#4397,#1843,.T.);
#5370=EDGE_CURVE('',#4399,#4398,#3554,.T.);
#5371=EDGE_CURVE('',#4400,#4399,#1844,.T.);
#5372=EDGE_CURVE('',#4401,#4400,#3555,.T.);
#5373=EDGE_CURVE('',#4395,#4401,#1845,.T.);
#5374=EDGE_CURVE('',#4402,#4403,#3556,.T.);
#5375=EDGE_CURVE('',#4404,#4402,#1846,.T.);
#5376=EDGE_CURVE('',#4405,#4404,#3557,.T.);
#5377=EDGE_CURVE('',#4406,#4405,#1847,.T.);
#5378=EDGE_CURVE('',#4407,#4406,#3558,.T.);
#5379=EDGE_CURVE('',#4408,#4407,#1848,.T.);
#5380=EDGE_CURVE('',#4409,#4408,#3559,.T.);
#5381=EDGE_CURVE('',#4403,#4409,#1849,.T.);
#5382=EDGE_CURVE('',#4410,#4411,#3560,.T.);
#5383=EDGE_CURVE('',#4412,#4410,#1850,.T.);
#5384=EDGE_CURVE('',#4413,#4412,#3561,.T.);
#5385=EDGE_CURVE('',#4414,#4413,#1851,.T.);
#5386=EDGE_CURVE('',#4415,#4414,#3562,.T.);
#5387=EDGE_CURVE('',#4416,#4415,#1852,.T.);
#5388=EDGE_CURVE('',#4417,#4416,#3563,.T.);
#5389=EDGE_CURVE('',#4411,#4417,#1853,.T.);
#5390=EDGE_CURVE('',#4418,#4419,#3564,.T.);
#5391=EDGE_CURVE('',#4420,#4418,#1854,.T.);
#5392=EDGE_CURVE('',#4421,#4420,#3565,.T.);
#5393=EDGE_CURVE('',#4422,#4421,#1855,.T.);
#5394=EDGE_CURVE('',#4423,#4422,#3566,.T.);
#5395=EDGE_CURVE('',#4424,#4423,#1856,.T.);
#5396=EDGE_CURVE('',#4425,#4424,#3567,.T.);
#5397=EDGE_CURVE('',#4419,#4425,#1857,.T.);
#5398=EDGE_CURVE('',#4426,#4427,#3568,.T.);
#5399=EDGE_CURVE('',#4428,#4426,#1858,.T.);
#5400=EDGE_CURVE('',#4429,#4428,#3569,.T.);
#5401=EDGE_CURVE('',#4430,#4429,#1859,.T.);
#5402=EDGE_CURVE('',#4431,#4430,#3570,.T.);
#5403=EDGE_CURVE('',#4432,#4431,#1860,.T.);
#5404=EDGE_CURVE('',#4433,#4432,#3571,.T.);
#5405=EDGE_CURVE('',#4427,#4433,#1861,.T.);
#5406=EDGE_CURVE('',#4434,#4435,#3572,.T.);
#5407=EDGE_CURVE('',#4436,#4434,#1862,.T.);
#5408=EDGE_CURVE('',#4437,#4436,#3573,.T.);
#5409=EDGE_CURVE('',#4438,#4437,#1863,.T.);
#5410=EDGE_CURVE('',#4439,#4438,#3574,.T.);
#5411=EDGE_CURVE('',#4440,#4439,#1864,.T.);
#5412=EDGE_CURVE('',#4441,#4440,#3575,.T.);
#5413=EDGE_CURVE('',#4435,#4441,#1865,.T.);
#5414=EDGE_CURVE('',#4442,#4443,#3576,.T.);
#5415=EDGE_CURVE('',#4444,#4442,#1866,.T.);
#5416=EDGE_CURVE('',#4445,#4444,#3577,.T.);
#5417=EDGE_CURVE('',#4446,#4445,#1867,.T.);
#5418=EDGE_CURVE('',#4447,#4446,#3578,.T.);
#5419=EDGE_CURVE('',#4448,#4447,#1868,.T.);
#5420=EDGE_CURVE('',#4449,#4448,#3579,.T.);
#5421=EDGE_CURVE('',#4443,#4449,#1869,.T.);
#5422=EDGE_CURVE('',#4450,#4451,#3580,.T.);
#5423=EDGE_CURVE('',#4452,#4450,#1870,.T.);
#5424=EDGE_CURVE('',#4453,#4452,#3581,.T.);
#5425=EDGE_CURVE('',#4454,#4453,#1871,.T.);
#5426=EDGE_CURVE('',#4455,#4454,#3582,.T.);
#5427=EDGE_CURVE('',#4456,#4455,#1872,.T.);
#5428=EDGE_CURVE('',#4457,#4456,#3583,.T.);
#5429=EDGE_CURVE('',#4451,#4457,#1873,.T.);
#5430=EDGE_CURVE('',#4458,#4459,#3584,.T.);
#5431=EDGE_CURVE('',#4460,#4458,#1874,.T.);
#5432=EDGE_CURVE('',#4461,#4460,#3585,.T.);
#5433=EDGE_CURVE('',#4462,#4461,#1875,.T.);
#5434=EDGE_CURVE('',#4463,#4462,#3586,.T.);
#5435=EDGE_CURVE('',#4464,#4463,#1876,.T.);
#5436=EDGE_CURVE('',#4465,#4464,#3587,.T.);
#5437=EDGE_CURVE('',#4459,#4465,#1877,.T.);
#5438=EDGE_CURVE('',#4466,#4467,#3588,.T.);
#5439=EDGE_CURVE('',#4468,#4466,#1878,.T.);
#5440=EDGE_CURVE('',#4469,#4468,#3589,.T.);
#5441=EDGE_CURVE('',#4470,#4469,#1879,.T.);
#5442=EDGE_CURVE('',#4471,#4470,#3590,.T.);
#5443=EDGE_CURVE('',#4472,#4471,#1880,.T.);
#5444=EDGE_CURVE('',#4473,#4472,#3591,.T.);
#5445=EDGE_CURVE('',#4467,#4473,#1881,.T.);
#5446=EDGE_CURVE('',#4474,#4475,#3592,.T.);
#5447=EDGE_CURVE('',#4476,#4474,#1882,.T.);
#5448=EDGE_CURVE('',#4477,#4476,#3593,.T.);
#5449=EDGE_CURVE('',#4478,#4477,#1883,.T.);
#5450=EDGE_CURVE('',#4479,#4478,#3594,.T.);
#5451=EDGE_CURVE('',#4480,#4479,#1884,.T.);
#5452=EDGE_CURVE('',#4481,#4480,#3595,.T.);
#5453=EDGE_CURVE('',#4475,#4481,#1885,.T.);
#5454=EDGE_CURVE('',#4482,#4483,#3596,.T.);
#5455=EDGE_CURVE('',#4484,#4482,#1886,.T.);
#5456=EDGE_CURVE('',#4485,#4484,#3597,.T.);
#5457=EDGE_CURVE('',#4486,#4485,#1887,.T.);
#5458=EDGE_CURVE('',#4487,#4486,#3598,.T.);
#5459=EDGE_CURVE('',#4488,#4487,#1888,.T.);
#5460=EDGE_CURVE('',#4489,#4488,#3599,.T.);
#5461=EDGE_CURVE('',#4483,#4489,#1889,.T.);
#5462=EDGE_CURVE('',#4490,#4491,#3600,.T.);
#5463=EDGE_CURVE('',#4492,#4490,#1890,.T.);
#5464=EDGE_CURVE('',#4493,#4492,#3601,.T.);
#5465=EDGE_CURVE('',#4494,#4493,#1891,.T.);
#5466=EDGE_CURVE('',#4495,#4494,#3602,.T.);
#5467=EDGE_CURVE('',#4496,#4495,#1892,.T.);
#5468=EDGE_CURVE('',#4497,#4496,#3603,.T.);
#5469=EDGE_CURVE('',#4491,#4497,#1893,.T.);
#5470=EDGE_CURVE('',#3811,#4174,#1894,.T.);
#5471=EDGE_CURVE('',#4173,#3812,#1895,.T.);
#5472=EDGE_CURVE('',#3797,#4185,#1896,.T.);
#5473=EDGE_CURVE('',#4184,#3798,#1897,.T.);
#5474=EDGE_CURVE('',#3801,#4181,#1898,.T.);
#5475=EDGE_CURVE('',#4180,#3802,#1899,.T.);
#5476=EDGE_CURVE('',#3803,#4179,#1900,.T.);
#5477=EDGE_CURVE('',#4178,#3804,#1901,.T.);
#5478=EDGE_CURVE('',#3805,#4177,#1902,.T.);
#5479=EDGE_CURVE('',#4176,#3806,#1903,.T.);
#5480=EDGE_CURVE('',#4490,#4162,#1904,.T.);
#5481=EDGE_CURVE('',#4492,#4169,#1905,.T.);
#5482=EDGE_CURVE('',#4493,#4168,#1906,.T.);
#5483=EDGE_CURVE('',#4494,#4167,#1907,.T.);
#5484=EDGE_CURVE('',#4495,#4166,#1908,.T.);
#5485=EDGE_CURVE('',#4496,#4165,#1909,.T.);
#5486=EDGE_CURVE('',#4497,#4164,#1910,.T.);
#5487=EDGE_CURVE('',#4491,#4163,#1911,.T.);
#5488=EDGE_CURVE('',#4482,#4154,#1912,.T.);
#5489=EDGE_CURVE('',#4484,#4161,#1913,.T.);
#5490=EDGE_CURVE('',#4485,#4160,#1914,.T.);
#5491=EDGE_CURVE('',#4486,#4159,#1915,.T.);
#5492=EDGE_CURVE('',#4487,#4158,#1916,.T.);
#5493=EDGE_CURVE('',#4488,#4157,#1917,.T.);
#5494=EDGE_CURVE('',#4489,#4156,#1918,.T.);
#5495=EDGE_CURVE('',#4483,#4155,#1919,.T.);
#5496=EDGE_CURVE('',#4474,#4146,#1920,.T.);
#5497=EDGE_CURVE('',#4476,#4153,#1921,.T.);
#5498=EDGE_CURVE('',#4477,#4152,#1922,.T.);
#5499=EDGE_CURVE('',#4478,#4151,#1923,.T.);
#5500=EDGE_CURVE('',#4479,#4150,#1924,.T.);
#5501=EDGE_CURVE('',#4480,#4149,#1925,.T.);
#5502=EDGE_CURVE('',#4481,#4148,#1926,.T.);
#5503=EDGE_CURVE('',#4475,#4147,#1927,.T.);
#5504=EDGE_CURVE('',#4466,#4138,#1928,.T.);
#5505=EDGE_CURVE('',#4468,#4145,#1929,.T.);
#5506=EDGE_CURVE('',#4469,#4144,#1930,.T.);
#5507=EDGE_CURVE('',#4470,#4143,#1931,.T.);
#5508=EDGE_CURVE('',#4471,#4142,#1932,.T.);
#5509=EDGE_CURVE('',#4472,#4141,#1933,.T.);
#5510=EDGE_CURVE('',#4473,#4140,#1934,.T.);
#5511=EDGE_CURVE('',#4467,#4139,#1935,.T.);
#5512=EDGE_CURVE('',#4458,#4130,#1936,.T.);
#5513=EDGE_CURVE('',#4460,#4137,#1937,.T.);
#5514=EDGE_CURVE('',#4461,#4136,#1938,.T.);
#5515=EDGE_CURVE('',#4462,#4135,#1939,.T.);
#5516=EDGE_CURVE('',#4463,#4134,#1940,.T.);
#5517=EDGE_CURVE('',#4464,#4133,#1941,.T.);
#5518=EDGE_CURVE('',#4465,#4132,#1942,.T.);
#5519=EDGE_CURVE('',#4459,#4131,#1943,.T.);
#5520=EDGE_CURVE('',#4450,#4122,#1944,.T.);
#5521=EDGE_CURVE('',#4452,#4129,#1945,.T.);
#5522=EDGE_CURVE('',#4453,#4128,#1946,.T.);
#5523=EDGE_CURVE('',#4454,#4127,#1947,.T.);
#5524=EDGE_CURVE('',#4455,#4126,#1948,.T.);
#5525=EDGE_CURVE('',#4456,#4125,#1949,.T.);
#5526=EDGE_CURVE('',#4457,#4124,#1950,.T.);
#5527=EDGE_CURVE('',#4451,#4123,#1951,.T.);
#5528=EDGE_CURVE('',#4442,#4114,#1952,.T.);
#5529=EDGE_CURVE('',#4444,#4121,#1953,.T.);
#5530=EDGE_CURVE('',#4445,#4120,#1954,.T.);
#5531=EDGE_CURVE('',#4446,#4119,#1955,.T.);
#5532=EDGE_CURVE('',#4447,#4118,#1956,.T.);
#5533=EDGE_CURVE('',#4448,#4117,#1957,.T.);
#5534=EDGE_CURVE('',#4449,#4116,#1958,.T.);
#5535=EDGE_CURVE('',#4443,#4115,#1959,.T.);
#5536=EDGE_CURVE('',#4434,#4106,#1960,.T.);
#5537=EDGE_CURVE('',#4436,#4113,#1961,.T.);
#5538=EDGE_CURVE('',#4437,#4112,#1962,.T.);
#5539=EDGE_CURVE('',#4438,#4111,#1963,.T.);
#5540=EDGE_CURVE('',#4439,#4110,#1964,.T.);
#5541=EDGE_CURVE('',#4440,#4109,#1965,.T.);
#5542=EDGE_CURVE('',#4441,#4108,#1966,.T.);
#5543=EDGE_CURVE('',#4435,#4107,#1967,.T.);
#5544=EDGE_CURVE('',#4426,#4098,#1968,.T.);
#5545=EDGE_CURVE('',#4428,#4105,#1969,.T.);
#5546=EDGE_CURVE('',#4429,#4104,#1970,.T.);
#5547=EDGE_CURVE('',#4430,#4103,#1971,.T.);
#5548=EDGE_CURVE('',#4431,#4102,#1972,.T.);
#5549=EDGE_CURVE('',#4432,#4101,#1973,.T.);
#5550=EDGE_CURVE('',#4433,#4100,#1974,.T.);
#5551=EDGE_CURVE('',#4427,#4099,#1975,.T.);
#5552=EDGE_CURVE('',#4418,#4090,#1976,.T.);
#5553=EDGE_CURVE('',#4420,#4097,#1977,.T.);
#5554=EDGE_CURVE('',#4421,#4096,#1978,.T.);
#5555=EDGE_CURVE('',#4422,#4095,#1979,.T.);
#5556=EDGE_CURVE('',#4423,#4094,#1980,.T.);
#5557=EDGE_CURVE('',#4424,#4093,#1981,.T.);
#5558=EDGE_CURVE('',#4425,#4092,#1982,.T.);
#5559=EDGE_CURVE('',#4419,#4091,#1983,.T.);
#5560=EDGE_CURVE('',#4410,#4082,#1984,.T.);
#5561=EDGE_CURVE('',#4412,#4089,#1985,.T.);
#5562=EDGE_CURVE('',#4413,#4088,#1986,.T.);
#5563=EDGE_CURVE('',#4414,#4087,#1987,.T.);
#5564=EDGE_CURVE('',#4415,#4086,#1988,.T.);
#5565=EDGE_CURVE('',#4416,#4085,#1989,.T.);
#5566=EDGE_CURVE('',#4417,#4084,#1990,.T.);
#5567=EDGE_CURVE('',#4411,#4083,#1991,.T.);
#5568=EDGE_CURVE('',#4402,#4074,#1992,.T.);
#5569=EDGE_CURVE('',#4404,#4081,#1993,.T.);
#5570=EDGE_CURVE('',#4405,#4080,#1994,.T.);
#5571=EDGE_CURVE('',#4406,#4079,#1995,.T.);
#5572=EDGE_CURVE('',#4407,#4078,#1996,.T.);
#5573=EDGE_CURVE('',#4408,#4077,#1997,.T.);
#5574=EDGE_CURVE('',#4409,#4076,#1998,.T.);
#5575=EDGE_CURVE('',#4403,#4075,#1999,.T.);
#5576=EDGE_CURVE('',#3702,#3828,#2000,.T.);
#5577=EDGE_CURVE('',#3703,#3827,#2001,.T.);
#5578=EDGE_CURVE('',#3704,#3826,#2002,.T.);
#5579=EDGE_CURVE('',#3705,#3825,#2003,.T.);
#5580=EDGE_CURVE('',#3706,#3824,#2004,.T.);
#5581=EDGE_CURVE('',#3707,#3823,#2005,.T.);
#5582=EDGE_CURVE('',#3708,#3822,#2006,.T.);
#5583=EDGE_CURVE('',#3709,#3821,#2007,.T.);
#5584=EDGE_CURVE('',#3710,#3820,#2008,.T.);
#5585=EDGE_CURVE('',#3711,#3819,#2009,.T.);
#5586=EDGE_CURVE('',#3712,#3818,#2010,.T.);
#5587=EDGE_CURVE('',#3713,#3817,#2011,.T.);
#5588=EDGE_CURVE('',#3714,#3816,#2012,.T.);
#5589=EDGE_CURVE('',#3715,#3815,#2013,.T.);
#5590=EDGE_CURVE('',#3716,#3814,#2014,.T.);
#5591=EDGE_CURVE('',#4394,#4066,#2015,.T.);
#5592=EDGE_CURVE('',#4396,#4073,#2016,.T.);
#5593=EDGE_CURVE('',#4397,#4072,#2017,.T.);
#5594=EDGE_CURVE('',#4398,#4071,#2018,.T.);
#5595=EDGE_CURVE('',#4399,#4070,#2019,.T.);
#5596=EDGE_CURVE('',#4400,#4069,#2020,.T.);
#5597=EDGE_CURVE('',#4401,#4068,#2021,.T.);
#5598=EDGE_CURVE('',#4395,#4067,#2022,.T.);
#5599=EDGE_CURVE('',#4386,#4058,#2023,.T.);
#5600=EDGE_CURVE('',#4388,#4065,#2024,.T.);
#5601=EDGE_CURVE('',#4389,#4064,#2025,.T.);
#5602=EDGE_CURVE('',#4390,#4063,#2026,.T.);
#5603=EDGE_CURVE('',#4391,#4062,#2027,.T.);
#5604=EDGE_CURVE('',#4392,#4061,#2028,.T.);
#5605=EDGE_CURVE('',#4393,#4060,#2029,.T.);
#5606=EDGE_CURVE('',#4387,#4059,#2030,.T.);
#5607=EDGE_CURVE('',#4378,#4050,#2031,.T.);
#5608=EDGE_CURVE('',#4380,#4057,#2032,.T.);
#5609=EDGE_CURVE('',#4381,#4056,#2033,.T.);
#5610=EDGE_CURVE('',#4382,#4055,#2034,.T.);
#5611=EDGE_CURVE('',#4383,#4054,#2035,.T.);
#5612=EDGE_CURVE('',#4384,#4053,#2036,.T.);
#5613=EDGE_CURVE('',#4385,#4052,#2037,.T.);
#5614=EDGE_CURVE('',#4379,#4051,#2038,.T.);
#5615=EDGE_CURVE('',#4370,#4042,#2039,.T.);
#5616=EDGE_CURVE('',#4372,#4049,#2040,.T.);
#5617=EDGE_CURVE('',#4373,#4048,#2041,.T.);
#5618=EDGE_CURVE('',#4374,#4047,#2042,.T.);
#5619=EDGE_CURVE('',#4375,#4046,#2043,.T.);
#5620=EDGE_CURVE('',#4376,#4045,#2044,.T.);
#5621=EDGE_CURVE('',#4377,#4044,#2045,.T.);
#5622=EDGE_CURVE('',#4371,#4043,#2046,.T.);
#5623=EDGE_CURVE('',#4362,#4034,#2047,.T.);
#5624=EDGE_CURVE('',#4364,#4041,#2048,.T.);
#5625=EDGE_CURVE('',#4365,#4040,#2049,.T.);
#5626=EDGE_CURVE('',#4366,#4039,#2050,.T.);
#5627=EDGE_CURVE('',#4367,#4038,#2051,.T.);
#5628=EDGE_CURVE('',#4368,#4037,#2052,.T.);
#5629=EDGE_CURVE('',#4369,#4036,#2053,.T.);
#5630=EDGE_CURVE('',#4363,#4035,#2054,.T.);
#5631=EDGE_CURVE('',#4354,#4026,#2055,.T.);
#5632=EDGE_CURVE('',#4356,#4033,#2056,.T.);
#5633=EDGE_CURVE('',#4357,#4032,#2057,.T.);
#5634=EDGE_CURVE('',#4358,#4031,#2058,.T.);
#5635=EDGE_CURVE('',#4359,#4030,#2059,.T.);
#5636=EDGE_CURVE('',#4360,#4029,#2060,.T.);
#5637=EDGE_CURVE('',#4361,#4028,#2061,.T.);
#5638=EDGE_CURVE('',#4355,#4027,#2062,.T.);
#5639=EDGE_CURVE('',#4346,#4018,#2063,.T.);
#5640=EDGE_CURVE('',#4348,#4025,#2064,.T.);
#5641=EDGE_CURVE('',#4349,#4024,#2065,.T.);
#5642=EDGE_CURVE('',#4350,#4023,#2066,.T.);
#5643=EDGE_CURVE('',#4351,#4022,#2067,.T.);
#5644=EDGE_CURVE('',#4352,#4021,#2068,.T.);
#5645=EDGE_CURVE('',#4353,#4020,#2069,.T.);
#5646=EDGE_CURVE('',#4347,#4019,#2070,.T.);
#5647=EDGE_CURVE('',#4338,#4010,#2071,.T.);
#5648=EDGE_CURVE('',#4340,#4017,#2072,.T.);
#5649=EDGE_CURVE('',#4341,#4016,#2073,.T.);
#5650=EDGE_CURVE('',#4342,#4015,#2074,.T.);
#5651=EDGE_CURVE('',#4343,#4014,#2075,.T.);
#5652=EDGE_CURVE('',#4344,#4013,#2076,.T.);
#5653=EDGE_CURVE('',#4345,#4012,#2077,.T.);
#5654=EDGE_CURVE('',#4339,#4011,#2078,.T.);
#5655=EDGE_CURVE('',#4330,#4002,#2079,.T.);
#5656=EDGE_CURVE('',#4332,#4009,#2080,.T.);
#5657=EDGE_CURVE('',#4333,#4008,#2081,.T.);
#5658=EDGE_CURVE('',#4334,#4007,#2082,.T.);
#5659=EDGE_CURVE('',#4335,#4006,#2083,.T.);
#5660=EDGE_CURVE('',#4336,#4005,#2084,.T.);
#5661=EDGE_CURVE('',#4337,#4004,#2085,.T.);
#5662=EDGE_CURVE('',#4331,#4003,#2086,.T.);
#5663=EDGE_CURVE('',#4322,#3994,#2087,.T.);
#5664=EDGE_CURVE('',#4324,#4001,#2088,.T.);
#5665=EDGE_CURVE('',#4325,#4000,#2089,.T.);
#5666=EDGE_CURVE('',#4326,#3999,#2090,.T.);
#5667=EDGE_CURVE('',#4327,#3998,#2091,.T.);
#5668=EDGE_CURVE('',#4328,#3997,#2092,.T.);
#5669=EDGE_CURVE('',#4329,#3996,#2093,.T.);
#5670=EDGE_CURVE('',#4323,#3995,#2094,.T.);
#5671=EDGE_CURVE('',#4314,#3986,#2095,.T.);
#5672=EDGE_CURVE('',#4316,#3993,#2096,.T.);
#5673=EDGE_CURVE('',#4317,#3992,#2097,.T.);
#5674=EDGE_CURVE('',#4318,#3991,#2098,.T.);
#5675=EDGE_CURVE('',#4319,#3990,#2099,.T.);
#5676=EDGE_CURVE('',#4320,#3989,#2100,.T.);
#5677=EDGE_CURVE('',#4321,#3988,#2101,.T.);
#5678=EDGE_CURVE('',#4315,#3987,#2102,.T.);
#5679=EDGE_CURVE('',#4306,#3978,#2103,.T.);
#5680=EDGE_CURVE('',#4308,#3985,#2104,.T.);
#5681=EDGE_CURVE('',#4309,#3984,#2105,.T.);
#5682=EDGE_CURVE('',#4310,#3983,#2106,.T.);
#5683=EDGE_CURVE('',#4311,#3982,#2107,.T.);
#5684=EDGE_CURVE('',#4312,#3981,#2108,.T.);
#5685=EDGE_CURVE('',#4313,#3980,#2109,.T.);
#5686=EDGE_CURVE('',#4307,#3979,#2110,.T.);
#5687=EDGE_CURVE('',#4298,#3970,#2111,.T.);
#5688=EDGE_CURVE('',#4300,#3977,#2112,.T.);
#5689=EDGE_CURVE('',#4301,#3976,#2113,.T.);
#5690=EDGE_CURVE('',#4302,#3975,#2114,.T.);
#5691=EDGE_CURVE('',#4303,#3974,#2115,.T.);
#5692=EDGE_CURVE('',#4304,#3973,#2116,.T.);
#5693=EDGE_CURVE('',#4305,#3972,#2117,.T.);
#5694=EDGE_CURVE('',#4299,#3971,#2118,.T.);
#5695=EDGE_CURVE('',#3647,#3969,#2119,.T.);
#5696=EDGE_CURVE('',#3648,#3968,#2120,.T.);
#5697=EDGE_CURVE('',#3649,#3967,#2121,.T.);
#5698=EDGE_CURVE('',#3650,#3966,#2122,.T.);
#5699=EDGE_CURVE('',#3651,#3965,#2123,.T.);
#5700=EDGE_CURVE('',#3652,#3964,#2124,.T.);
#5701=EDGE_CURVE('',#3653,#3963,#2125,.T.);
#5702=EDGE_CURVE('',#3654,#3962,#2126,.T.);
#5703=EDGE_CURVE('',#3655,#3961,#2127,.T.);
#5704=EDGE_CURVE('',#3656,#3960,#2128,.T.);
#5705=EDGE_CURVE('',#3657,#3959,#2129,.T.);
#5706=EDGE_CURVE('',#3658,#3958,#2130,.T.);
#5707=EDGE_CURVE('',#3659,#3957,#2131,.T.);
#5708=EDGE_CURVE('',#3660,#3956,#2132,.T.);
#5709=EDGE_CURVE('',#3661,#3955,#2133,.T.);
#5710=EDGE_CURVE('',#3662,#3954,#2134,.T.);
#5711=EDGE_CURVE('',#3663,#3953,#2135,.T.);
#5712=EDGE_CURVE('',#3664,#3952,#2136,.T.);
#5713=EDGE_CURVE('',#3665,#3951,#2137,.T.);
#5714=EDGE_CURVE('',#3666,#3950,#2138,.T.);
#5715=EDGE_CURVE('',#3667,#3949,#2139,.T.);
#5716=EDGE_CURVE('',#3668,#3948,#2140,.T.);
#5717=EDGE_CURVE('',#3669,#3947,#2141,.T.);
#5718=EDGE_CURVE('',#3670,#3946,#2142,.T.);
#5719=EDGE_CURVE('',#3671,#3945,#2143,.T.);
#5720=EDGE_CURVE('',#3672,#3944,#2144,.T.);
#5721=EDGE_CURVE('',#3673,#3943,#2145,.T.);
#5722=EDGE_CURVE('',#3615,#3942,#2146,.T.);
#5723=EDGE_CURVE('',#3614,#3941,#2147,.T.);
#5724=EDGE_CURVE('',#4290,#3933,#2148,.T.);
#5725=EDGE_CURVE('',#4292,#3940,#2149,.T.);
#5726=EDGE_CURVE('',#4293,#3939,#2150,.T.);
#5727=EDGE_CURVE('',#4294,#3938,#2151,.T.);
#5728=EDGE_CURVE('',#4295,#3937,#2152,.T.);
#5729=EDGE_CURVE('',#4296,#3936,#2153,.T.);
#5730=EDGE_CURVE('',#4297,#3935,#2154,.T.);
#5731=EDGE_CURVE('',#4291,#3934,#2155,.T.);
#5732=EDGE_CURVE('',#4282,#3925,#2156,.T.);
#5733=EDGE_CURVE('',#4284,#3932,#2157,.T.);
#5734=EDGE_CURVE('',#4285,#3931,#2158,.T.);
#5735=EDGE_CURVE('',#4286,#3930,#2159,.T.);
#5736=EDGE_CURVE('',#4287,#3929,#2160,.T.);
#5737=EDGE_CURVE('',#4288,#3928,#2161,.T.);
#5738=EDGE_CURVE('',#4289,#3927,#2162,.T.);
#5739=EDGE_CURVE('',#4283,#3926,#2163,.T.);
#5740=EDGE_CURVE('',#4274,#3917,#2164,.T.);
#5741=EDGE_CURVE('',#4276,#3924,#2165,.T.);
#5742=EDGE_CURVE('',#4277,#3923,#2166,.T.);
#5743=EDGE_CURVE('',#4278,#3922,#2167,.T.);
#5744=EDGE_CURVE('',#4279,#3921,#2168,.T.);
#5745=EDGE_CURVE('',#4280,#3920,#2169,.T.);
#5746=EDGE_CURVE('',#4281,#3919,#2170,.T.);
#5747=EDGE_CURVE('',#4275,#3918,#2171,.T.);
#5748=EDGE_CURVE('',#4266,#3909,#2172,.T.);
#5749=EDGE_CURVE('',#4268,#3916,#2173,.T.);
#5750=EDGE_CURVE('',#4269,#3915,#2174,.T.);
#5751=EDGE_CURVE('',#4270,#3914,#2175,.T.);
#5752=EDGE_CURVE('',#4271,#3913,#2176,.T.);
#5753=EDGE_CURVE('',#4272,#3912,#2177,.T.);
#5754=EDGE_CURVE('',#4273,#3911,#2178,.T.);
#5755=EDGE_CURVE('',#4267,#3910,#2179,.T.);
#5756=EDGE_CURVE('',#4258,#3901,#2180,.T.);
#5757=EDGE_CURVE('',#4260,#3908,#2181,.T.);
#5758=EDGE_CURVE('',#4261,#3907,#2182,.T.);
#5759=EDGE_CURVE('',#4262,#3906,#2183,.T.);
#5760=EDGE_CURVE('',#4263,#3905,#2184,.T.);
#5761=EDGE_CURVE('',#4264,#3904,#2185,.T.);
#5762=EDGE_CURVE('',#4265,#3903,#2186,.T.);
#5763=EDGE_CURVE('',#4259,#3902,#2187,.T.);
#5764=EDGE_CURVE('',#4250,#3893,#2188,.T.);
#5765=EDGE_CURVE('',#4252,#3900,#2189,.T.);
#5766=EDGE_CURVE('',#4253,#3899,#2190,.T.);
#5767=EDGE_CURVE('',#4254,#3898,#2191,.T.);
#5768=EDGE_CURVE('',#4255,#3897,#2192,.T.);
#5769=EDGE_CURVE('',#4256,#3896,#2193,.T.);
#5770=EDGE_CURVE('',#4257,#3895,#2194,.T.);
#5771=EDGE_CURVE('',#4251,#3894,#2195,.T.);
#5772=EDGE_CURVE('',#4242,#3885,#2196,.T.);
#5773=EDGE_CURVE('',#4244,#3892,#2197,.T.);
#5774=EDGE_CURVE('',#4245,#3891,#2198,.T.);
#5775=EDGE_CURVE('',#4246,#3890,#2199,.T.);
#5776=EDGE_CURVE('',#4247,#3889,#2200,.T.);
#5777=EDGE_CURVE('',#4248,#3888,#2201,.T.);
#5778=EDGE_CURVE('',#4249,#3887,#2202,.T.);
#5779=EDGE_CURVE('',#4243,#3886,#2203,.T.);
#5780=EDGE_CURVE('',#4234,#3877,#2204,.T.);
#5781=EDGE_CURVE('',#4236,#3884,#2205,.T.);
#5782=EDGE_CURVE('',#4237,#3883,#2206,.T.);
#5783=EDGE_CURVE('',#4238,#3882,#2207,.T.);
#5784=EDGE_CURVE('',#4239,#3881,#2208,.T.);
#5785=EDGE_CURVE('',#4240,#3880,#2209,.T.);
#5786=EDGE_CURVE('',#4241,#3879,#2210,.T.);
#5787=EDGE_CURVE('',#4235,#3878,#2211,.T.);
#5788=EDGE_CURVE('',#4226,#3869,#2212,.T.);
#5789=EDGE_CURVE('',#4228,#3876,#2213,.T.);
#5790=EDGE_CURVE('',#4229,#3875,#2214,.T.);
#5791=EDGE_CURVE('',#4230,#3874,#2215,.T.);
#5792=EDGE_CURVE('',#4231,#3873,#2216,.T.);
#5793=EDGE_CURVE('',#4232,#3872,#2217,.T.);
#5794=EDGE_CURVE('',#4233,#3871,#2218,.T.);
#5795=EDGE_CURVE('',#4227,#3870,#2219,.T.);
#5796=EDGE_CURVE('',#4218,#3861,#2220,.T.);
#5797=EDGE_CURVE('',#4220,#3868,#2221,.T.);
#5798=EDGE_CURVE('',#4221,#3867,#2222,.T.);
#5799=EDGE_CURVE('',#4222,#3866,#2223,.T.);
#5800=EDGE_CURVE('',#4223,#3865,#2224,.T.);
#5801=EDGE_CURVE('',#4224,#3864,#2225,.T.);
#5802=EDGE_CURVE('',#4225,#3863,#2226,.T.);
#5803=EDGE_CURVE('',#4219,#3862,#2227,.T.);
#5804=EDGE_CURVE('',#4210,#3853,#2228,.T.);
#5805=EDGE_CURVE('',#4212,#3860,#2229,.T.);
#5806=EDGE_CURVE('',#4213,#3859,#2230,.T.);
#5807=EDGE_CURVE('',#4214,#3858,#2231,.T.);
#5808=EDGE_CURVE('',#4215,#3857,#2232,.T.);
#5809=EDGE_CURVE('',#4216,#3856,#2233,.T.);
#5810=EDGE_CURVE('',#4217,#3855,#2234,.T.);
#5811=EDGE_CURVE('',#4211,#3854,#2235,.T.);
#5812=EDGE_CURVE('',#4202,#3845,#2236,.T.);
#5813=EDGE_CURVE('',#4204,#3852,#2237,.T.);
#5814=EDGE_CURVE('',#4205,#3851,#2238,.T.);
#5815=EDGE_CURVE('',#4206,#3850,#2239,.T.);
#5816=EDGE_CURVE('',#4207,#3849,#2240,.T.);
#5817=EDGE_CURVE('',#4208,#3848,#2241,.T.);
#5818=EDGE_CURVE('',#4209,#3847,#2242,.T.);
#5819=EDGE_CURVE('',#4203,#3846,#2243,.T.);
#5820=EDGE_CURVE('',#4194,#3837,#2244,.T.);
#5821=EDGE_CURVE('',#4196,#3844,#2245,.T.);
#5822=EDGE_CURVE('',#4197,#3843,#2246,.T.);
#5823=EDGE_CURVE('',#4198,#3842,#2247,.T.);
#5824=EDGE_CURVE('',#4199,#3841,#2248,.T.);
#5825=EDGE_CURVE('',#4200,#3840,#2249,.T.);
#5826=EDGE_CURVE('',#4201,#3839,#2250,.T.);
#5827=EDGE_CURVE('',#4195,#3838,#2251,.T.);
#5828=EDGE_CURVE('',#4186,#3829,#2252,.T.);
#5829=EDGE_CURVE('',#4188,#3836,#2253,.T.);
#5830=EDGE_CURVE('',#4189,#3835,#2254,.T.);
#5831=EDGE_CURVE('',#4190,#3834,#2255,.T.);
#5832=EDGE_CURVE('',#4191,#3833,#2256,.T.);
#5833=EDGE_CURVE('',#4192,#3832,#2257,.T.);
#5834=EDGE_CURVE('',#4193,#3831,#2258,.T.);
#5835=EDGE_CURVE('',#4187,#3830,#2259,.T.);
#5836=EDGE_CURVE('',#4175,#3810,#2260,.T.);
#5837=EDGE_CURVE('',#4182,#3800,#2261,.T.);
#5838=EDGE_CURVE('',#4183,#3799,#2262,.T.);
#5839=ORIENTED_EDGE('',*,*,#4498,.F.);
#5840=ORIENTED_EDGE('',*,*,#4499,.T.);
#5841=ORIENTED_EDGE('',*,*,#4500,.F.);
#5842=ORIENTED_EDGE('',*,*,#4499,.F.);
#5843=ORIENTED_EDGE('',*,*,#4501,.F.);
#5844=ORIENTED_EDGE('',*,*,#4502,.T.);
#5845=ORIENTED_EDGE('',*,*,#4503,.T.);
#5846=ORIENTED_EDGE('',*,*,#4504,.F.);
#5847=ORIENTED_EDGE('',*,*,#4505,.F.);
#5848=ORIENTED_EDGE('',*,*,#4506,.T.);
#5849=ORIENTED_EDGE('',*,*,#4507,.T.);
#5850=ORIENTED_EDGE('',*,*,#4502,.F.);
#5851=ORIENTED_EDGE('',*,*,#4508,.F.);
#5852=ORIENTED_EDGE('',*,*,#4509,.T.);
#5853=ORIENTED_EDGE('',*,*,#4510,.T.);
#5854=ORIENTED_EDGE('',*,*,#4506,.F.);
#5855=ORIENTED_EDGE('',*,*,#4511,.F.);
#5856=ORIENTED_EDGE('',*,*,#4504,.T.);
#5857=ORIENTED_EDGE('',*,*,#4512,.T.);
#5858=ORIENTED_EDGE('',*,*,#4509,.F.);
#5859=ORIENTED_EDGE('',*,*,#4512,.F.);
#5860=ORIENTED_EDGE('',*,*,#4503,.F.);
#5861=ORIENTED_EDGE('',*,*,#4507,.F.);
#5862=ORIENTED_EDGE('',*,*,#4510,.F.);
#5863=ORIENTED_EDGE('',*,*,#4513,.F.);
#5864=ORIENTED_EDGE('',*,*,#4514,.F.);
#5865=ORIENTED_EDGE('',*,*,#4515,.F.);
#5866=ORIENTED_EDGE('',*,*,#4516,.F.);
#5867=ORIENTED_EDGE('',*,*,#4517,.F.);
#5868=ORIENTED_EDGE('',*,*,#4518,.F.);
#5869=ORIENTED_EDGE('',*,*,#4519,.F.);
#5870=ORIENTED_EDGE('',*,*,#4520,.F.);
#5871=ORIENTED_EDGE('',*,*,#4521,.F.);
#5872=ORIENTED_EDGE('',*,*,#4522,.F.);
#5873=ORIENTED_EDGE('',*,*,#4523,.F.);
#5874=ORIENTED_EDGE('',*,*,#4524,.F.);
#5875=ORIENTED_EDGE('',*,*,#4525,.F.);
#5876=ORIENTED_EDGE('',*,*,#4526,.F.);
#5877=ORIENTED_EDGE('',*,*,#4527,.F.);
#5878=ORIENTED_EDGE('',*,*,#4528,.F.);
#5879=ORIENTED_EDGE('',*,*,#4529,.F.);
#5880=ORIENTED_EDGE('',*,*,#4530,.F.);
#5881=ORIENTED_EDGE('',*,*,#4531,.F.);
#5882=ORIENTED_EDGE('',*,*,#4532,.F.);
#5883=ORIENTED_EDGE('',*,*,#4533,.F.);
#5884=ORIENTED_EDGE('',*,*,#4534,.F.);
#5885=ORIENTED_EDGE('',*,*,#4535,.F.);
#5886=ORIENTED_EDGE('',*,*,#4536,.F.);
#5887=ORIENTED_EDGE('',*,*,#4537,.F.);
#5888=ORIENTED_EDGE('',*,*,#4538,.F.);
#5889=ORIENTED_EDGE('',*,*,#4539,.F.);
#5890=ORIENTED_EDGE('',*,*,#4540,.F.);
#5891=ORIENTED_EDGE('',*,*,#4541,.F.);
#5892=ORIENTED_EDGE('',*,*,#4542,.F.);
#5893=ORIENTED_EDGE('',*,*,#4543,.F.);
#5894=ORIENTED_EDGE('',*,*,#4544,.F.);
#5895=ORIENTED_EDGE('',*,*,#4545,.F.);
#5896=ORIENTED_EDGE('',*,*,#4546,.F.);
#5897=ORIENTED_EDGE('',*,*,#4547,.F.);
#5898=ORIENTED_EDGE('',*,*,#4548,.F.);
#5899=ORIENTED_EDGE('',*,*,#4549,.F.);
#5900=ORIENTED_EDGE('',*,*,#4550,.F.);
#5901=ORIENTED_EDGE('',*,*,#4551,.F.);
#5902=ORIENTED_EDGE('',*,*,#4552,.F.);
#5903=ORIENTED_EDGE('',*,*,#4553,.F.);
#5904=ORIENTED_EDGE('',*,*,#4554,.F.);
#5905=ORIENTED_EDGE('',*,*,#4555,.F.);
#5906=ORIENTED_EDGE('',*,*,#4556,.F.);
#5907=ORIENTED_EDGE('',*,*,#4557,.F.);
#5908=ORIENTED_EDGE('',*,*,#4558,.F.);
#5909=ORIENTED_EDGE('',*,*,#4559,.F.);
#5910=ORIENTED_EDGE('',*,*,#4560,.F.);
#5911=ORIENTED_EDGE('',*,*,#4561,.F.);
#5912=ORIENTED_EDGE('',*,*,#4562,.F.);
#5913=ORIENTED_EDGE('',*,*,#4563,.F.);
#5914=ORIENTED_EDGE('',*,*,#4564,.F.);
#5915=ORIENTED_EDGE('',*,*,#4565,.F.);
#5916=ORIENTED_EDGE('',*,*,#4566,.F.);
#5917=ORIENTED_EDGE('',*,*,#4567,.F.);
#5918=ORIENTED_EDGE('',*,*,#4568,.F.);
#5919=ORIENTED_EDGE('',*,*,#4569,.F.);
#5920=ORIENTED_EDGE('',*,*,#4570,.F.);
#5921=ORIENTED_EDGE('',*,*,#4571,.F.);
#5922=ORIENTED_EDGE('',*,*,#4572,.F.);
#5923=ORIENTED_EDGE('',*,*,#4573,.F.);
#5924=ORIENTED_EDGE('',*,*,#4574,.F.);
#5925=ORIENTED_EDGE('',*,*,#4575,.F.);
#5926=ORIENTED_EDGE('',*,*,#4576,.F.);
#5927=ORIENTED_EDGE('',*,*,#4577,.F.);
#5928=ORIENTED_EDGE('',*,*,#4578,.F.);
#5929=ORIENTED_EDGE('',*,*,#4579,.F.);
#5930=ORIENTED_EDGE('',*,*,#4580,.F.);
#5931=ORIENTED_EDGE('',*,*,#4581,.F.);
#5932=ORIENTED_EDGE('',*,*,#4582,.F.);
#5933=ORIENTED_EDGE('',*,*,#4583,.F.);
#5934=ORIENTED_EDGE('',*,*,#4584,.F.);
#5935=ORIENTED_EDGE('',*,*,#4585,.F.);
#5936=ORIENTED_EDGE('',*,*,#4586,.F.);
#5937=ORIENTED_EDGE('',*,*,#4587,.F.);
#5938=ORIENTED_EDGE('',*,*,#4588,.F.);
#5939=ORIENTED_EDGE('',*,*,#4589,.F.);
#5940=ORIENTED_EDGE('',*,*,#4590,.F.);
#5941=ORIENTED_EDGE('',*,*,#4591,.F.);
#5942=ORIENTED_EDGE('',*,*,#4592,.F.);
#5943=ORIENTED_EDGE('',*,*,#4593,.F.);
#5944=ORIENTED_EDGE('',*,*,#4594,.F.);
#5945=ORIENTED_EDGE('',*,*,#4595,.F.);
#5946=ORIENTED_EDGE('',*,*,#4596,.F.);
#5947=ORIENTED_EDGE('',*,*,#4597,.F.);
#5948=ORIENTED_EDGE('',*,*,#4598,.F.);
#5949=ORIENTED_EDGE('',*,*,#4599,.F.);
#5950=ORIENTED_EDGE('',*,*,#4600,.F.);
#5951=ORIENTED_EDGE('',*,*,#4601,.F.);
#5952=ORIENTED_EDGE('',*,*,#4602,.F.);
#5953=ORIENTED_EDGE('',*,*,#4603,.F.);
#5954=ORIENTED_EDGE('',*,*,#4604,.F.);
#5955=ORIENTED_EDGE('',*,*,#4605,.F.);
#5956=ORIENTED_EDGE('',*,*,#4606,.F.);
#5957=ORIENTED_EDGE('',*,*,#4607,.F.);
#5958=ORIENTED_EDGE('',*,*,#4608,.F.);
#5959=ORIENTED_EDGE('',*,*,#4609,.F.);
#5960=ORIENTED_EDGE('',*,*,#4610,.F.);
#5961=ORIENTED_EDGE('',*,*,#4611,.F.);
#5962=ORIENTED_EDGE('',*,*,#4612,.F.);
#5963=ORIENTED_EDGE('',*,*,#4613,.F.);
#5964=ORIENTED_EDGE('',*,*,#4614,.F.);
#5965=ORIENTED_EDGE('',*,*,#4615,.F.);
#5966=ORIENTED_EDGE('',*,*,#4616,.F.);
#5967=ORIENTED_EDGE('',*,*,#4617,.F.);
#5968=ORIENTED_EDGE('',*,*,#4618,.F.);
#5969=ORIENTED_EDGE('',*,*,#4619,.T.);
#5970=ORIENTED_EDGE('',*,*,#4574,.T.);
#5971=ORIENTED_EDGE('',*,*,#4620,.F.);
#5972=ORIENTED_EDGE('',*,*,#4621,.T.);
#5973=ORIENTED_EDGE('',*,*,#4575,.T.);
#5974=ORIENTED_EDGE('',*,*,#4619,.F.);
#5975=ORIENTED_EDGE('',*,*,#4622,.F.);
#5976=ORIENTED_EDGE('',*,*,#4576,.T.);
#5977=ORIENTED_EDGE('',*,*,#4621,.F.);
#5978=ORIENTED_EDGE('',*,*,#4623,.F.);
#5979=ORIENTED_EDGE('',*,*,#4544,.T.);
#5980=ORIENTED_EDGE('',*,*,#4624,.T.);
#5981=ORIENTED_EDGE('',*,*,#4625,.F.);
#5982=ORIENTED_EDGE('',*,*,#4626,.F.);
#5983=ORIENTED_EDGE('',*,*,#4543,.T.);
#5984=ORIENTED_EDGE('',*,*,#4627,.T.);
#5985=ORIENTED_EDGE('',*,*,#4628,.F.);
#5986=ORIENTED_EDGE('',*,*,#4624,.F.);
#5987=ORIENTED_EDGE('',*,*,#4542,.T.);
#5988=ORIENTED_EDGE('',*,*,#4629,.T.);
#5989=ORIENTED_EDGE('',*,*,#4630,.F.);
#5990=ORIENTED_EDGE('',*,*,#4627,.F.);
#5991=ORIENTED_EDGE('',*,*,#4541,.T.);
#5992=ORIENTED_EDGE('',*,*,#4631,.T.);
#5993=ORIENTED_EDGE('',*,*,#4632,.F.);
#5994=ORIENTED_EDGE('',*,*,#4629,.F.);
#5995=ORIENTED_EDGE('',*,*,#4540,.T.);
#5996=ORIENTED_EDGE('',*,*,#4633,.T.);
#5997=ORIENTED_EDGE('',*,*,#4634,.F.);
#5998=ORIENTED_EDGE('',*,*,#4631,.F.);
#5999=ORIENTED_EDGE('',*,*,#4539,.T.);
#6000=ORIENTED_EDGE('',*,*,#4635,.T.);
#6001=ORIENTED_EDGE('',*,*,#4636,.F.);
#6002=ORIENTED_EDGE('',*,*,#4633,.F.);
#6003=ORIENTED_EDGE('',*,*,#4538,.T.);
#6004=ORIENTED_EDGE('',*,*,#4637,.T.);
#6005=ORIENTED_EDGE('',*,*,#4638,.F.);
#6006=ORIENTED_EDGE('',*,*,#4635,.F.);
#6007=ORIENTED_EDGE('',*,*,#4537,.T.);
#6008=ORIENTED_EDGE('',*,*,#4639,.T.);
#6009=ORIENTED_EDGE('',*,*,#4640,.F.);
#6010=ORIENTED_EDGE('',*,*,#4637,.F.);
#6011=ORIENTED_EDGE('',*,*,#4536,.T.);
#6012=ORIENTED_EDGE('',*,*,#4641,.T.);
#6013=ORIENTED_EDGE('',*,*,#4642,.F.);
#6014=ORIENTED_EDGE('',*,*,#4639,.F.);
#6015=ORIENTED_EDGE('',*,*,#4535,.T.);
#6016=ORIENTED_EDGE('',*,*,#4643,.T.);
#6017=ORIENTED_EDGE('',*,*,#4644,.F.);
#6018=ORIENTED_EDGE('',*,*,#4641,.F.);
#6019=ORIENTED_EDGE('',*,*,#4534,.T.);
#6020=ORIENTED_EDGE('',*,*,#4645,.T.);
#6021=ORIENTED_EDGE('',*,*,#4646,.F.);
#6022=ORIENTED_EDGE('',*,*,#4643,.F.);
#6023=ORIENTED_EDGE('',*,*,#4533,.T.);
#6024=ORIENTED_EDGE('',*,*,#4647,.T.);
#6025=ORIENTED_EDGE('',*,*,#4648,.F.);
#6026=ORIENTED_EDGE('',*,*,#4645,.F.);
#6027=ORIENTED_EDGE('',*,*,#4532,.T.);
#6028=ORIENTED_EDGE('',*,*,#4649,.T.);
#6029=ORIENTED_EDGE('',*,*,#4650,.F.);
#6030=ORIENTED_EDGE('',*,*,#4647,.F.);
#6031=ORIENTED_EDGE('',*,*,#4531,.T.);
#6032=ORIENTED_EDGE('',*,*,#4651,.T.);
#6033=ORIENTED_EDGE('',*,*,#4652,.F.);
#6034=ORIENTED_EDGE('',*,*,#4649,.F.);
#6035=ORIENTED_EDGE('',*,*,#4530,.T.);
#6036=ORIENTED_EDGE('',*,*,#4653,.T.);
#6037=ORIENTED_EDGE('',*,*,#4654,.F.);
#6038=ORIENTED_EDGE('',*,*,#4651,.F.);
#6039=ORIENTED_EDGE('',*,*,#4529,.T.);
#6040=ORIENTED_EDGE('',*,*,#4655,.T.);
#6041=ORIENTED_EDGE('',*,*,#4656,.F.);
#6042=ORIENTED_EDGE('',*,*,#4653,.F.);
#6043=ORIENTED_EDGE('',*,*,#4528,.T.);
#6044=ORIENTED_EDGE('',*,*,#4657,.T.);
#6045=ORIENTED_EDGE('',*,*,#4658,.F.);
#6046=ORIENTED_EDGE('',*,*,#4655,.F.);
#6047=ORIENTED_EDGE('',*,*,#4527,.T.);
#6048=ORIENTED_EDGE('',*,*,#4659,.T.);
#6049=ORIENTED_EDGE('',*,*,#4660,.F.);
#6050=ORIENTED_EDGE('',*,*,#4657,.F.);
#6051=ORIENTED_EDGE('',*,*,#4526,.T.);
#6052=ORIENTED_EDGE('',*,*,#4661,.T.);
#6053=ORIENTED_EDGE('',*,*,#4662,.F.);
#6054=ORIENTED_EDGE('',*,*,#4659,.F.);
#6055=ORIENTED_EDGE('',*,*,#4525,.T.);
#6056=ORIENTED_EDGE('',*,*,#4663,.T.);
#6057=ORIENTED_EDGE('',*,*,#4664,.F.);
#6058=ORIENTED_EDGE('',*,*,#4661,.F.);
#6059=ORIENTED_EDGE('',*,*,#4524,.T.);
#6060=ORIENTED_EDGE('',*,*,#4665,.T.);
#6061=ORIENTED_EDGE('',*,*,#4666,.F.);
#6062=ORIENTED_EDGE('',*,*,#4663,.F.);
#6063=ORIENTED_EDGE('',*,*,#4523,.T.);
#6064=ORIENTED_EDGE('',*,*,#4667,.T.);
#6065=ORIENTED_EDGE('',*,*,#4668,.F.);
#6066=ORIENTED_EDGE('',*,*,#4665,.F.);
#6067=ORIENTED_EDGE('',*,*,#4522,.T.);
#6068=ORIENTED_EDGE('',*,*,#4669,.T.);
#6069=ORIENTED_EDGE('',*,*,#4670,.F.);
#6070=ORIENTED_EDGE('',*,*,#4667,.F.);
#6071=ORIENTED_EDGE('',*,*,#4521,.T.);
#6072=ORIENTED_EDGE('',*,*,#4671,.T.);
#6073=ORIENTED_EDGE('',*,*,#4672,.F.);
#6074=ORIENTED_EDGE('',*,*,#4669,.F.);
#6075=ORIENTED_EDGE('',*,*,#4520,.T.);
#6076=ORIENTED_EDGE('',*,*,#4673,.T.);
#6077=ORIENTED_EDGE('',*,*,#4674,.F.);
#6078=ORIENTED_EDGE('',*,*,#4671,.F.);
#6079=ORIENTED_EDGE('',*,*,#4519,.T.);
#6080=ORIENTED_EDGE('',*,*,#4675,.T.);
#6081=ORIENTED_EDGE('',*,*,#4676,.F.);
#6082=ORIENTED_EDGE('',*,*,#4673,.F.);
#6083=ORIENTED_EDGE('',*,*,#4518,.T.);
#6084=ORIENTED_EDGE('',*,*,#4677,.T.);
#6085=ORIENTED_EDGE('',*,*,#4678,.F.);
#6086=ORIENTED_EDGE('',*,*,#4675,.F.);
#6087=ORIENTED_EDGE('',*,*,#4517,.T.);
#6088=ORIENTED_EDGE('',*,*,#4679,.T.);
#6089=ORIENTED_EDGE('',*,*,#4680,.F.);
#6090=ORIENTED_EDGE('',*,*,#4677,.F.);
#6091=ORIENTED_EDGE('',*,*,#4516,.T.);
#6092=ORIENTED_EDGE('',*,*,#4681,.T.);
#6093=ORIENTED_EDGE('',*,*,#4682,.F.);
#6094=ORIENTED_EDGE('',*,*,#4679,.F.);
#6095=ORIENTED_EDGE('',*,*,#4515,.T.);
#6096=ORIENTED_EDGE('',*,*,#4683,.T.);
#6097=ORIENTED_EDGE('',*,*,#4684,.F.);
#6098=ORIENTED_EDGE('',*,*,#4681,.F.);
#6099=ORIENTED_EDGE('',*,*,#4599,.T.);
#6100=ORIENTED_EDGE('',*,*,#4685,.T.);
#6101=ORIENTED_EDGE('',*,*,#4686,.F.);
#6102=ORIENTED_EDGE('',*,*,#4687,.F.);
#6103=ORIENTED_EDGE('',*,*,#4598,.T.);
#6104=ORIENTED_EDGE('',*,*,#4688,.T.);
#6105=ORIENTED_EDGE('',*,*,#4689,.F.);
#6106=ORIENTED_EDGE('',*,*,#4685,.F.);
#6107=ORIENTED_EDGE('',*,*,#4597,.T.);
#6108=ORIENTED_EDGE('',*,*,#4690,.T.);
#6109=ORIENTED_EDGE('',*,*,#4691,.F.);
#6110=ORIENTED_EDGE('',*,*,#4688,.F.);
#6111=ORIENTED_EDGE('',*,*,#4596,.T.);
#6112=ORIENTED_EDGE('',*,*,#4692,.T.);
#6113=ORIENTED_EDGE('',*,*,#4693,.F.);
#6114=ORIENTED_EDGE('',*,*,#4690,.F.);
#6115=ORIENTED_EDGE('',*,*,#4595,.T.);
#6116=ORIENTED_EDGE('',*,*,#4694,.T.);
#6117=ORIENTED_EDGE('',*,*,#4695,.F.);
#6118=ORIENTED_EDGE('',*,*,#4692,.F.);
#6119=ORIENTED_EDGE('',*,*,#4594,.T.);
#6120=ORIENTED_EDGE('',*,*,#4696,.T.);
#6121=ORIENTED_EDGE('',*,*,#4697,.F.);
#6122=ORIENTED_EDGE('',*,*,#4694,.F.);
#6123=ORIENTED_EDGE('',*,*,#4593,.T.);
#6124=ORIENTED_EDGE('',*,*,#4698,.T.);
#6125=ORIENTED_EDGE('',*,*,#4699,.F.);
#6126=ORIENTED_EDGE('',*,*,#4696,.F.);
#6127=ORIENTED_EDGE('',*,*,#4592,.T.);
#6128=ORIENTED_EDGE('',*,*,#4700,.T.);
#6129=ORIENTED_EDGE('',*,*,#4701,.F.);
#6130=ORIENTED_EDGE('',*,*,#4698,.F.);
#6131=ORIENTED_EDGE('',*,*,#4591,.T.);
#6132=ORIENTED_EDGE('',*,*,#4702,.T.);
#6133=ORIENTED_EDGE('',*,*,#4703,.F.);
#6134=ORIENTED_EDGE('',*,*,#4700,.F.);
#6135=ORIENTED_EDGE('',*,*,#4590,.T.);
#6136=ORIENTED_EDGE('',*,*,#4704,.T.);
#6137=ORIENTED_EDGE('',*,*,#4705,.F.);
#6138=ORIENTED_EDGE('',*,*,#4702,.F.);
#6139=ORIENTED_EDGE('',*,*,#4589,.T.);
#6140=ORIENTED_EDGE('',*,*,#4706,.T.);
#6141=ORIENTED_EDGE('',*,*,#4707,.F.);
#6142=ORIENTED_EDGE('',*,*,#4704,.F.);
#6143=ORIENTED_EDGE('',*,*,#4588,.T.);
#6144=ORIENTED_EDGE('',*,*,#4708,.T.);
#6145=ORIENTED_EDGE('',*,*,#4709,.F.);
#6146=ORIENTED_EDGE('',*,*,#4706,.F.);
#6147=ORIENTED_EDGE('',*,*,#4587,.T.);
#6148=ORIENTED_EDGE('',*,*,#4710,.T.);
#6149=ORIENTED_EDGE('',*,*,#4711,.F.);
#6150=ORIENTED_EDGE('',*,*,#4708,.F.);
#6151=ORIENTED_EDGE('',*,*,#4586,.T.);
#6152=ORIENTED_EDGE('',*,*,#4712,.T.);
#6153=ORIENTED_EDGE('',*,*,#4713,.F.);
#6154=ORIENTED_EDGE('',*,*,#4710,.F.);
#6155=ORIENTED_EDGE('',*,*,#4585,.T.);
#6156=ORIENTED_EDGE('',*,*,#4714,.T.);
#6157=ORIENTED_EDGE('',*,*,#4715,.F.);
#6158=ORIENTED_EDGE('',*,*,#4712,.F.);
#6159=ORIENTED_EDGE('',*,*,#4584,.T.);
#6160=ORIENTED_EDGE('',*,*,#4716,.T.);
#6161=ORIENTED_EDGE('',*,*,#4717,.F.);
#6162=ORIENTED_EDGE('',*,*,#4714,.F.);
#6163=ORIENTED_EDGE('',*,*,#4583,.T.);
#6164=ORIENTED_EDGE('',*,*,#4718,.T.);
#6165=ORIENTED_EDGE('',*,*,#4719,.F.);
#6166=ORIENTED_EDGE('',*,*,#4716,.F.);
#6167=ORIENTED_EDGE('',*,*,#4582,.T.);
#6168=ORIENTED_EDGE('',*,*,#4720,.T.);
#6169=ORIENTED_EDGE('',*,*,#4721,.F.);
#6170=ORIENTED_EDGE('',*,*,#4718,.F.);
#6171=ORIENTED_EDGE('',*,*,#4581,.T.);
#6172=ORIENTED_EDGE('',*,*,#4722,.T.);
#6173=ORIENTED_EDGE('',*,*,#4723,.F.);
#6174=ORIENTED_EDGE('',*,*,#4720,.F.);
#6175=ORIENTED_EDGE('',*,*,#4580,.T.);
#6176=ORIENTED_EDGE('',*,*,#4724,.T.);
#6177=ORIENTED_EDGE('',*,*,#4725,.F.);
#6178=ORIENTED_EDGE('',*,*,#4722,.F.);
#6179=ORIENTED_EDGE('',*,*,#4579,.T.);
#6180=ORIENTED_EDGE('',*,*,#4726,.T.);
#6181=ORIENTED_EDGE('',*,*,#4727,.F.);
#6182=ORIENTED_EDGE('',*,*,#4724,.F.);
#6183=ORIENTED_EDGE('',*,*,#4578,.T.);
#6184=ORIENTED_EDGE('',*,*,#4728,.T.);
#6185=ORIENTED_EDGE('',*,*,#4729,.F.);
#6186=ORIENTED_EDGE('',*,*,#4726,.F.);
#6187=ORIENTED_EDGE('',*,*,#4577,.T.);
#6188=ORIENTED_EDGE('',*,*,#4622,.T.);
#6189=ORIENTED_EDGE('',*,*,#4730,.F.);
#6190=ORIENTED_EDGE('',*,*,#4731,.T.);
#6191=ORIENTED_EDGE('',*,*,#4732,.F.);
#6192=ORIENTED_EDGE('',*,*,#4728,.F.);
#6193=ORIENTED_EDGE('',*,*,#4733,.F.);
#6194=ORIENTED_EDGE('',*,*,#4734,.F.);
#6195=ORIENTED_EDGE('',*,*,#4735,.F.);
#6196=ORIENTED_EDGE('',*,*,#4736,.F.);
#6197=ORIENTED_EDGE('',*,*,#4573,.T.);
#6198=ORIENTED_EDGE('',*,*,#4737,.F.);
#6199=ORIENTED_EDGE('',*,*,#4738,.F.);
#6200=ORIENTED_EDGE('',*,*,#4739,.F.);
#6201=ORIENTED_EDGE('',*,*,#4740,.F.);
#6202=ORIENTED_EDGE('',*,*,#4617,.T.);
#6203=ORIENTED_EDGE('',*,*,#4741,.F.);
#6204=ORIENTED_EDGE('',*,*,#4742,.T.);
#6205=ORIENTED_EDGE('',*,*,#4743,.F.);
#6206=ORIENTED_EDGE('',*,*,#4744,.F.);
#6207=ORIENTED_EDGE('',*,*,#4745,.F.);
#6208=ORIENTED_EDGE('',*,*,#4746,.T.);
#6209=ORIENTED_EDGE('',*,*,#4747,.F.);
#6210=ORIENTED_EDGE('',*,*,#4742,.F.);
#6211=ORIENTED_EDGE('',*,*,#4748,.F.);
#6212=ORIENTED_EDGE('',*,*,#4749,.T.);
#6213=ORIENTED_EDGE('',*,*,#4750,.F.);
#6214=ORIENTED_EDGE('',*,*,#4746,.F.);
#6215=ORIENTED_EDGE('',*,*,#4751,.F.);
#6216=ORIENTED_EDGE('',*,*,#4752,.T.);
#6217=ORIENTED_EDGE('',*,*,#4753,.F.);
#6218=ORIENTED_EDGE('',*,*,#4749,.F.);
#6219=ORIENTED_EDGE('',*,*,#4754,.F.);
#6220=ORIENTED_EDGE('',*,*,#4755,.T.);
#6221=ORIENTED_EDGE('',*,*,#4756,.F.);
#6222=ORIENTED_EDGE('',*,*,#4752,.F.);
#6223=ORIENTED_EDGE('',*,*,#4757,.F.);
#6224=ORIENTED_EDGE('',*,*,#4736,.T.);
#6225=ORIENTED_EDGE('',*,*,#4758,.F.);
#6226=ORIENTED_EDGE('',*,*,#4755,.F.);
#6227=ORIENTED_EDGE('',*,*,#4759,.F.);
#6228=ORIENTED_EDGE('',*,*,#4744,.T.);
#6229=ORIENTED_EDGE('',*,*,#4760,.F.);
#6230=ORIENTED_EDGE('',*,*,#4731,.F.);
#6231=ORIENTED_EDGE('',*,*,#4732,.T.);
#6232=ORIENTED_EDGE('',*,*,#4760,.T.);
#6233=ORIENTED_EDGE('',*,*,#4743,.T.);
#6234=ORIENTED_EDGE('',*,*,#4747,.T.);
#6235=ORIENTED_EDGE('',*,*,#4750,.T.);
#6236=ORIENTED_EDGE('',*,*,#4753,.T.);
#6237=ORIENTED_EDGE('',*,*,#4756,.T.);
#6238=ORIENTED_EDGE('',*,*,#4758,.T.);
#6239=ORIENTED_EDGE('',*,*,#4735,.T.);
#6240=ORIENTED_EDGE('',*,*,#4761,.T.);
#6241=ORIENTED_EDGE('',*,*,#4762,.F.);
#6242=ORIENTED_EDGE('',*,*,#4763,.T.);
#6243=ORIENTED_EDGE('',*,*,#4764,.T.);
#6244=ORIENTED_EDGE('',*,*,#4765,.T.);
#6245=ORIENTED_EDGE('',*,*,#4766,.F.);
#6246=ORIENTED_EDGE('',*,*,#4767,.T.);
#6247=ORIENTED_EDGE('',*,*,#4768,.F.);
#6248=ORIENTED_EDGE('',*,*,#4769,.T.);
#6249=ORIENTED_EDGE('',*,*,#4770,.F.);
#6250=ORIENTED_EDGE('',*,*,#4771,.T.);
#6251=ORIENTED_EDGE('',*,*,#4772,.F.);
#6252=ORIENTED_EDGE('',*,*,#4773,.T.);
#6253=ORIENTED_EDGE('',*,*,#4774,.T.);
#6254=ORIENTED_EDGE('',*,*,#4775,.T.);
#6255=ORIENTED_EDGE('',*,*,#4776,.F.);
#6256=ORIENTED_EDGE('',*,*,#4777,.T.);
#6257=ORIENTED_EDGE('',*,*,#4738,.T.);
#6258=ORIENTED_EDGE('',*,*,#4778,.T.);
#6259=ORIENTED_EDGE('',*,*,#4779,.T.);
#6260=ORIENTED_EDGE('',*,*,#4780,.T.);
#6261=ORIENTED_EDGE('',*,*,#4781,.T.);
#6262=ORIENTED_EDGE('',*,*,#4782,.T.);
#6263=ORIENTED_EDGE('',*,*,#4783,.T.);
#6264=ORIENTED_EDGE('',*,*,#4784,.T.);
#6265=ORIENTED_EDGE('',*,*,#4785,.T.);
#6266=ORIENTED_EDGE('',*,*,#4786,.T.);
#6267=ORIENTED_EDGE('',*,*,#4787,.T.);
#6268=ORIENTED_EDGE('',*,*,#4788,.T.);
#6269=ORIENTED_EDGE('',*,*,#4789,.T.);
#6270=ORIENTED_EDGE('',*,*,#4790,.T.);
#6271=ORIENTED_EDGE('',*,*,#4791,.T.);
#6272=ORIENTED_EDGE('',*,*,#4792,.T.);
#6273=ORIENTED_EDGE('',*,*,#4793,.T.);
#6274=ORIENTED_EDGE('',*,*,#4794,.T.);
#6275=ORIENTED_EDGE('',*,*,#4686,.T.);
#6276=ORIENTED_EDGE('',*,*,#4689,.T.);
#6277=ORIENTED_EDGE('',*,*,#4691,.T.);
#6278=ORIENTED_EDGE('',*,*,#4693,.T.);
#6279=ORIENTED_EDGE('',*,*,#4695,.T.);
#6280=ORIENTED_EDGE('',*,*,#4697,.T.);
#6281=ORIENTED_EDGE('',*,*,#4699,.T.);
#6282=ORIENTED_EDGE('',*,*,#4701,.T.);
#6283=ORIENTED_EDGE('',*,*,#4703,.T.);
#6284=ORIENTED_EDGE('',*,*,#4705,.T.);
#6285=ORIENTED_EDGE('',*,*,#4707,.T.);
#6286=ORIENTED_EDGE('',*,*,#4709,.T.);
#6287=ORIENTED_EDGE('',*,*,#4711,.T.);
#6288=ORIENTED_EDGE('',*,*,#4713,.T.);
#6289=ORIENTED_EDGE('',*,*,#4715,.T.);
#6290=ORIENTED_EDGE('',*,*,#4717,.T.);
#6291=ORIENTED_EDGE('',*,*,#4719,.T.);
#6292=ORIENTED_EDGE('',*,*,#4721,.T.);
#6293=ORIENTED_EDGE('',*,*,#4723,.T.);
#6294=ORIENTED_EDGE('',*,*,#4725,.T.);
#6295=ORIENTED_EDGE('',*,*,#4727,.T.);
#6296=ORIENTED_EDGE('',*,*,#4729,.T.);
#6297=ORIENTED_EDGE('',*,*,#4795,.T.);
#6298=ORIENTED_EDGE('',*,*,#4796,.T.);
#6299=ORIENTED_EDGE('',*,*,#4797,.T.);
#6300=ORIENTED_EDGE('',*,*,#4798,.T.);
#6301=ORIENTED_EDGE('',*,*,#4799,.T.);
#6302=ORIENTED_EDGE('',*,*,#4800,.T.);
#6303=ORIENTED_EDGE('',*,*,#4801,.T.);
#6304=ORIENTED_EDGE('',*,*,#4802,.T.);
#6305=ORIENTED_EDGE('',*,*,#4803,.T.);
#6306=ORIENTED_EDGE('',*,*,#4804,.T.);
#6307=ORIENTED_EDGE('',*,*,#4805,.T.);
#6308=ORIENTED_EDGE('',*,*,#4806,.T.);
#6309=ORIENTED_EDGE('',*,*,#4807,.T.);
#6310=ORIENTED_EDGE('',*,*,#4808,.T.);
#6311=ORIENTED_EDGE('',*,*,#4809,.T.);
#6312=ORIENTED_EDGE('',*,*,#4810,.T.);
#6313=ORIENTED_EDGE('',*,*,#4811,.T.);
#6314=ORIENTED_EDGE('',*,*,#4812,.T.);
#6315=ORIENTED_EDGE('',*,*,#4813,.T.);
#6316=ORIENTED_EDGE('',*,*,#4814,.T.);
#6317=ORIENTED_EDGE('',*,*,#4815,.T.);
#6318=ORIENTED_EDGE('',*,*,#4816,.T.);
#6319=ORIENTED_EDGE('',*,*,#4817,.T.);
#6320=ORIENTED_EDGE('',*,*,#4818,.T.);
#6321=ORIENTED_EDGE('',*,*,#4819,.T.);
#6322=ORIENTED_EDGE('',*,*,#4820,.T.);
#6323=ORIENTED_EDGE('',*,*,#4821,.T.);
#6324=ORIENTED_EDGE('',*,*,#4822,.T.);
#6325=ORIENTED_EDGE('',*,*,#4823,.T.);
#6326=ORIENTED_EDGE('',*,*,#4824,.T.);
#6327=ORIENTED_EDGE('',*,*,#4825,.T.);
#6328=ORIENTED_EDGE('',*,*,#4826,.T.);
#6329=ORIENTED_EDGE('',*,*,#4827,.T.);
#6330=ORIENTED_EDGE('',*,*,#4828,.T.);
#6331=ORIENTED_EDGE('',*,*,#4829,.T.);
#6332=ORIENTED_EDGE('',*,*,#4830,.T.);
#6333=ORIENTED_EDGE('',*,*,#4831,.T.);
#6334=ORIENTED_EDGE('',*,*,#4832,.T.);
#6335=ORIENTED_EDGE('',*,*,#4833,.T.);
#6336=ORIENTED_EDGE('',*,*,#4834,.T.);
#6337=ORIENTED_EDGE('',*,*,#4835,.T.);
#6338=ORIENTED_EDGE('',*,*,#4836,.T.);
#6339=ORIENTED_EDGE('',*,*,#4837,.T.);
#6340=ORIENTED_EDGE('',*,*,#4838,.T.);
#6341=ORIENTED_EDGE('',*,*,#4839,.T.);
#6342=ORIENTED_EDGE('',*,*,#4840,.T.);
#6343=ORIENTED_EDGE('',*,*,#4841,.T.);
#6344=ORIENTED_EDGE('',*,*,#4842,.T.);
#6345=ORIENTED_EDGE('',*,*,#4843,.T.);
#6346=ORIENTED_EDGE('',*,*,#4844,.T.);
#6347=ORIENTED_EDGE('',*,*,#4845,.T.);
#6348=ORIENTED_EDGE('',*,*,#4846,.T.);
#6349=ORIENTED_EDGE('',*,*,#4847,.T.);
#6350=ORIENTED_EDGE('',*,*,#4848,.T.);
#6351=ORIENTED_EDGE('',*,*,#4849,.T.);
#6352=ORIENTED_EDGE('',*,*,#4850,.T.);
#6353=ORIENTED_EDGE('',*,*,#4851,.T.);
#6354=ORIENTED_EDGE('',*,*,#4852,.T.);
#6355=ORIENTED_EDGE('',*,*,#4853,.T.);
#6356=ORIENTED_EDGE('',*,*,#4854,.T.);
#6357=ORIENTED_EDGE('',*,*,#4855,.T.);
#6358=ORIENTED_EDGE('',*,*,#4856,.T.);
#6359=ORIENTED_EDGE('',*,*,#4857,.T.);
#6360=ORIENTED_EDGE('',*,*,#4858,.T.);
#6361=ORIENTED_EDGE('',*,*,#4859,.T.);
#6362=ORIENTED_EDGE('',*,*,#4860,.T.);
#6363=ORIENTED_EDGE('',*,*,#4861,.T.);
#6364=ORIENTED_EDGE('',*,*,#4862,.T.);
#6365=ORIENTED_EDGE('',*,*,#4863,.T.);
#6366=ORIENTED_EDGE('',*,*,#4864,.T.);
#6367=ORIENTED_EDGE('',*,*,#4865,.T.);
#6368=ORIENTED_EDGE('',*,*,#4866,.T.);
#6369=ORIENTED_EDGE('',*,*,#4867,.T.);
#6370=ORIENTED_EDGE('',*,*,#4868,.T.);
#6371=ORIENTED_EDGE('',*,*,#4869,.T.);
#6372=ORIENTED_EDGE('',*,*,#4870,.T.);
#6373=ORIENTED_EDGE('',*,*,#4871,.T.);
#6374=ORIENTED_EDGE('',*,*,#4872,.T.);
#6375=ORIENTED_EDGE('',*,*,#4873,.T.);
#6376=ORIENTED_EDGE('',*,*,#4874,.T.);
#6377=ORIENTED_EDGE('',*,*,#4875,.T.);
#6378=ORIENTED_EDGE('',*,*,#4876,.T.);
#6379=ORIENTED_EDGE('',*,*,#4877,.T.);
#6380=ORIENTED_EDGE('',*,*,#4878,.T.);
#6381=ORIENTED_EDGE('',*,*,#4879,.T.);
#6382=ORIENTED_EDGE('',*,*,#4880,.T.);
#6383=ORIENTED_EDGE('',*,*,#4881,.T.);
#6384=ORIENTED_EDGE('',*,*,#4882,.T.);
#6385=ORIENTED_EDGE('',*,*,#4883,.T.);
#6386=ORIENTED_EDGE('',*,*,#4884,.T.);
#6387=ORIENTED_EDGE('',*,*,#4885,.T.);
#6388=ORIENTED_EDGE('',*,*,#4886,.T.);
#6389=ORIENTED_EDGE('',*,*,#4887,.T.);
#6390=ORIENTED_EDGE('',*,*,#4888,.T.);
#6391=ORIENTED_EDGE('',*,*,#4889,.T.);
#6392=ORIENTED_EDGE('',*,*,#4890,.T.);
#6393=ORIENTED_EDGE('',*,*,#4891,.T.);
#6394=ORIENTED_EDGE('',*,*,#4892,.T.);
#6395=ORIENTED_EDGE('',*,*,#4893,.T.);
#6396=ORIENTED_EDGE('',*,*,#4894,.T.);
#6397=ORIENTED_EDGE('',*,*,#4895,.T.);
#6398=ORIENTED_EDGE('',*,*,#4896,.T.);
#6399=ORIENTED_EDGE('',*,*,#4897,.T.);
#6400=ORIENTED_EDGE('',*,*,#4898,.T.);
#6401=ORIENTED_EDGE('',*,*,#4899,.T.);
#6402=ORIENTED_EDGE('',*,*,#4900,.T.);
#6403=ORIENTED_EDGE('',*,*,#4901,.T.);
#6404=ORIENTED_EDGE('',*,*,#4902,.T.);
#6405=ORIENTED_EDGE('',*,*,#4903,.T.);
#6406=ORIENTED_EDGE('',*,*,#4904,.T.);
#6407=ORIENTED_EDGE('',*,*,#4905,.T.);
#6408=ORIENTED_EDGE('',*,*,#4906,.T.);
#6409=ORIENTED_EDGE('',*,*,#4682,.T.);
#6410=ORIENTED_EDGE('',*,*,#4684,.T.);
#6411=ORIENTED_EDGE('',*,*,#4907,.T.);
#6412=ORIENTED_EDGE('',*,*,#4908,.T.);
#6413=ORIENTED_EDGE('',*,*,#4909,.T.);
#6414=ORIENTED_EDGE('',*,*,#4910,.T.);
#6415=ORIENTED_EDGE('',*,*,#4911,.T.);
#6416=ORIENTED_EDGE('',*,*,#4912,.T.);
#6417=ORIENTED_EDGE('',*,*,#4913,.T.);
#6418=ORIENTED_EDGE('',*,*,#4914,.T.);
#6419=ORIENTED_EDGE('',*,*,#4915,.T.);
#6420=ORIENTED_EDGE('',*,*,#4916,.T.);
#6421=ORIENTED_EDGE('',*,*,#4917,.T.);
#6422=ORIENTED_EDGE('',*,*,#4918,.T.);
#6423=ORIENTED_EDGE('',*,*,#4919,.T.);
#6424=ORIENTED_EDGE('',*,*,#4920,.T.);
#6425=ORIENTED_EDGE('',*,*,#4921,.T.);
#6426=ORIENTED_EDGE('',*,*,#4922,.T.);
#6427=ORIENTED_EDGE('',*,*,#4923,.T.);
#6428=ORIENTED_EDGE('',*,*,#4924,.T.);
#6429=ORIENTED_EDGE('',*,*,#4925,.T.);
#6430=ORIENTED_EDGE('',*,*,#4926,.T.);
#6431=ORIENTED_EDGE('',*,*,#4927,.T.);
#6432=ORIENTED_EDGE('',*,*,#4928,.T.);
#6433=ORIENTED_EDGE('',*,*,#4929,.T.);
#6434=ORIENTED_EDGE('',*,*,#4930,.T.);
#6435=ORIENTED_EDGE('',*,*,#4931,.T.);
#6436=ORIENTED_EDGE('',*,*,#4932,.T.);
#6437=ORIENTED_EDGE('',*,*,#4933,.T.);
#6438=ORIENTED_EDGE('',*,*,#4934,.T.);
#6439=ORIENTED_EDGE('',*,*,#4935,.T.);
#6440=ORIENTED_EDGE('',*,*,#4936,.T.);
#6441=ORIENTED_EDGE('',*,*,#4625,.T.);
#6442=ORIENTED_EDGE('',*,*,#4628,.T.);
#6443=ORIENTED_EDGE('',*,*,#4630,.T.);
#6444=ORIENTED_EDGE('',*,*,#4632,.T.);
#6445=ORIENTED_EDGE('',*,*,#4634,.T.);
#6446=ORIENTED_EDGE('',*,*,#4636,.T.);
#6447=ORIENTED_EDGE('',*,*,#4638,.T.);
#6448=ORIENTED_EDGE('',*,*,#4640,.T.);
#6449=ORIENTED_EDGE('',*,*,#4642,.T.);
#6450=ORIENTED_EDGE('',*,*,#4644,.T.);
#6451=ORIENTED_EDGE('',*,*,#4646,.T.);
#6452=ORIENTED_EDGE('',*,*,#4648,.T.);
#6453=ORIENTED_EDGE('',*,*,#4650,.T.);
#6454=ORIENTED_EDGE('',*,*,#4652,.T.);
#6455=ORIENTED_EDGE('',*,*,#4654,.T.);
#6456=ORIENTED_EDGE('',*,*,#4656,.T.);
#6457=ORIENTED_EDGE('',*,*,#4658,.T.);
#6458=ORIENTED_EDGE('',*,*,#4660,.T.);
#6459=ORIENTED_EDGE('',*,*,#4662,.T.);
#6460=ORIENTED_EDGE('',*,*,#4664,.T.);
#6461=ORIENTED_EDGE('',*,*,#4666,.T.);
#6462=ORIENTED_EDGE('',*,*,#4668,.T.);
#6463=ORIENTED_EDGE('',*,*,#4670,.T.);
#6464=ORIENTED_EDGE('',*,*,#4672,.T.);
#6465=ORIENTED_EDGE('',*,*,#4674,.T.);
#6466=ORIENTED_EDGE('',*,*,#4676,.T.);
#6467=ORIENTED_EDGE('',*,*,#4678,.T.);
#6468=ORIENTED_EDGE('',*,*,#4680,.T.);
#6469=ORIENTED_EDGE('',*,*,#4937,.T.);
#6470=ORIENTED_EDGE('',*,*,#4938,.T.);
#6471=ORIENTED_EDGE('',*,*,#4939,.T.);
#6472=ORIENTED_EDGE('',*,*,#4940,.T.);
#6473=ORIENTED_EDGE('',*,*,#4941,.T.);
#6474=ORIENTED_EDGE('',*,*,#4942,.T.);
#6475=ORIENTED_EDGE('',*,*,#4943,.T.);
#6476=ORIENTED_EDGE('',*,*,#4944,.T.);
#6477=ORIENTED_EDGE('',*,*,#4945,.T.);
#6478=ORIENTED_EDGE('',*,*,#4946,.T.);
#6479=ORIENTED_EDGE('',*,*,#4947,.T.);
#6480=ORIENTED_EDGE('',*,*,#4948,.T.);
#6481=ORIENTED_EDGE('',*,*,#4949,.T.);
#6482=ORIENTED_EDGE('',*,*,#4950,.T.);
#6483=ORIENTED_EDGE('',*,*,#4951,.T.);
#6484=ORIENTED_EDGE('',*,*,#4952,.T.);
#6485=ORIENTED_EDGE('',*,*,#4953,.T.);
#6486=ORIENTED_EDGE('',*,*,#4954,.T.);
#6487=ORIENTED_EDGE('',*,*,#4955,.T.);
#6488=ORIENTED_EDGE('',*,*,#4956,.T.);
#6489=ORIENTED_EDGE('',*,*,#4957,.T.);
#6490=ORIENTED_EDGE('',*,*,#4958,.T.);
#6491=ORIENTED_EDGE('',*,*,#4959,.T.);
#6492=ORIENTED_EDGE('',*,*,#4960,.T.);
#6493=ORIENTED_EDGE('',*,*,#4961,.T.);
#6494=ORIENTED_EDGE('',*,*,#4962,.T.);
#6495=ORIENTED_EDGE('',*,*,#4963,.T.);
#6496=ORIENTED_EDGE('',*,*,#4964,.T.);
#6497=ORIENTED_EDGE('',*,*,#4965,.T.);
#6498=ORIENTED_EDGE('',*,*,#4966,.T.);
#6499=ORIENTED_EDGE('',*,*,#4967,.T.);
#6500=ORIENTED_EDGE('',*,*,#4968,.T.);
#6501=ORIENTED_EDGE('',*,*,#4969,.T.);
#6502=ORIENTED_EDGE('',*,*,#4970,.T.);
#6503=ORIENTED_EDGE('',*,*,#4971,.T.);
#6504=ORIENTED_EDGE('',*,*,#4972,.T.);
#6505=ORIENTED_EDGE('',*,*,#4973,.T.);
#6506=ORIENTED_EDGE('',*,*,#4974,.T.);
#6507=ORIENTED_EDGE('',*,*,#4975,.T.);
#6508=ORIENTED_EDGE('',*,*,#4976,.T.);
#6509=ORIENTED_EDGE('',*,*,#4977,.T.);
#6510=ORIENTED_EDGE('',*,*,#4978,.T.);
#6511=ORIENTED_EDGE('',*,*,#4979,.T.);
#6512=ORIENTED_EDGE('',*,*,#4980,.T.);
#6513=ORIENTED_EDGE('',*,*,#4981,.T.);
#6514=ORIENTED_EDGE('',*,*,#4982,.T.);
#6515=ORIENTED_EDGE('',*,*,#4983,.T.);
#6516=ORIENTED_EDGE('',*,*,#4984,.T.);
#6517=ORIENTED_EDGE('',*,*,#4985,.T.);
#6518=ORIENTED_EDGE('',*,*,#4986,.T.);
#6519=ORIENTED_EDGE('',*,*,#4987,.T.);
#6520=ORIENTED_EDGE('',*,*,#4988,.T.);
#6521=ORIENTED_EDGE('',*,*,#4989,.T.);
#6522=ORIENTED_EDGE('',*,*,#4990,.T.);
#6523=ORIENTED_EDGE('',*,*,#4991,.T.);
#6524=ORIENTED_EDGE('',*,*,#4992,.T.);
#6525=ORIENTED_EDGE('',*,*,#4993,.T.);
#6526=ORIENTED_EDGE('',*,*,#4994,.T.);
#6527=ORIENTED_EDGE('',*,*,#4995,.T.);
#6528=ORIENTED_EDGE('',*,*,#4996,.T.);
#6529=ORIENTED_EDGE('',*,*,#4997,.T.);
#6530=ORIENTED_EDGE('',*,*,#4998,.T.);
#6531=ORIENTED_EDGE('',*,*,#4999,.T.);
#6532=ORIENTED_EDGE('',*,*,#5000,.T.);
#6533=ORIENTED_EDGE('',*,*,#5001,.T.);
#6534=ORIENTED_EDGE('',*,*,#5002,.T.);
#6535=ORIENTED_EDGE('',*,*,#5003,.T.);
#6536=ORIENTED_EDGE('',*,*,#5004,.T.);
#6537=ORIENTED_EDGE('',*,*,#5005,.T.);
#6538=ORIENTED_EDGE('',*,*,#5006,.T.);
#6539=ORIENTED_EDGE('',*,*,#5007,.T.);
#6540=ORIENTED_EDGE('',*,*,#5008,.T.);
#6541=ORIENTED_EDGE('',*,*,#5009,.T.);
#6542=ORIENTED_EDGE('',*,*,#5010,.T.);
#6543=ORIENTED_EDGE('',*,*,#5011,.T.);
#6544=ORIENTED_EDGE('',*,*,#5012,.T.);
#6545=ORIENTED_EDGE('',*,*,#5013,.T.);
#6546=ORIENTED_EDGE('',*,*,#5014,.T.);
#6547=ORIENTED_EDGE('',*,*,#5015,.T.);
#6548=ORIENTED_EDGE('',*,*,#5016,.T.);
#6549=ORIENTED_EDGE('',*,*,#5017,.T.);
#6550=ORIENTED_EDGE('',*,*,#5018,.T.);
#6551=ORIENTED_EDGE('',*,*,#5019,.T.);
#6552=ORIENTED_EDGE('',*,*,#5020,.T.);
#6553=ORIENTED_EDGE('',*,*,#5021,.T.);
#6554=ORIENTED_EDGE('',*,*,#5022,.T.);
#6555=ORIENTED_EDGE('',*,*,#5023,.T.);
#6556=ORIENTED_EDGE('',*,*,#5024,.T.);
#6557=ORIENTED_EDGE('',*,*,#5025,.T.);
#6558=ORIENTED_EDGE('',*,*,#5026,.T.);
#6559=ORIENTED_EDGE('',*,*,#5027,.T.);
#6560=ORIENTED_EDGE('',*,*,#5028,.T.);
#6561=ORIENTED_EDGE('',*,*,#5029,.T.);
#6562=ORIENTED_EDGE('',*,*,#5030,.T.);
#6563=ORIENTED_EDGE('',*,*,#5031,.T.);
#6564=ORIENTED_EDGE('',*,*,#5032,.T.);
#6565=ORIENTED_EDGE('',*,*,#5033,.T.);
#6566=ORIENTED_EDGE('',*,*,#5034,.T.);
#6567=ORIENTED_EDGE('',*,*,#5035,.T.);
#6568=ORIENTED_EDGE('',*,*,#5036,.T.);
#6569=ORIENTED_EDGE('',*,*,#5037,.T.);
#6570=ORIENTED_EDGE('',*,*,#5038,.T.);
#6571=ORIENTED_EDGE('',*,*,#5039,.T.);
#6572=ORIENTED_EDGE('',*,*,#5040,.T.);
#6573=ORIENTED_EDGE('',*,*,#5041,.T.);
#6574=ORIENTED_EDGE('',*,*,#5042,.T.);
#6575=ORIENTED_EDGE('',*,*,#5043,.T.);
#6576=ORIENTED_EDGE('',*,*,#5044,.T.);
#6577=ORIENTED_EDGE('',*,*,#5045,.T.);
#6578=ORIENTED_EDGE('',*,*,#5046,.T.);
#6579=ORIENTED_EDGE('',*,*,#5047,.T.);
#6580=ORIENTED_EDGE('',*,*,#5048,.T.);
#6581=ORIENTED_EDGE('',*,*,#5049,.T.);
#6582=ORIENTED_EDGE('',*,*,#5050,.T.);
#6583=ORIENTED_EDGE('',*,*,#5051,.T.);
#6584=ORIENTED_EDGE('',*,*,#5052,.T.);
#6585=ORIENTED_EDGE('',*,*,#5053,.T.);
#6586=ORIENTED_EDGE('',*,*,#5054,.T.);
#6587=ORIENTED_EDGE('',*,*,#5055,.T.);
#6588=ORIENTED_EDGE('',*,*,#5056,.T.);
#6589=ORIENTED_EDGE('',*,*,#5057,.T.);
#6590=ORIENTED_EDGE('',*,*,#5058,.T.);
#6591=ORIENTED_EDGE('',*,*,#5059,.T.);
#6592=ORIENTED_EDGE('',*,*,#5060,.T.);
#6593=ORIENTED_EDGE('',*,*,#5061,.T.);
#6594=ORIENTED_EDGE('',*,*,#5062,.T.);
#6595=ORIENTED_EDGE('',*,*,#5063,.T.);
#6596=ORIENTED_EDGE('',*,*,#5064,.T.);
#6597=ORIENTED_EDGE('',*,*,#5065,.T.);
#6598=ORIENTED_EDGE('',*,*,#5066,.T.);
#6599=ORIENTED_EDGE('',*,*,#5067,.T.);
#6600=ORIENTED_EDGE('',*,*,#5068,.T.);
#6601=ORIENTED_EDGE('',*,*,#5069,.T.);
#6602=ORIENTED_EDGE('',*,*,#5070,.T.);
#6603=ORIENTED_EDGE('',*,*,#5071,.T.);
#6604=ORIENTED_EDGE('',*,*,#5072,.T.);
#6605=ORIENTED_EDGE('',*,*,#5073,.T.);
#6606=ORIENTED_EDGE('',*,*,#5074,.T.);
#6607=ORIENTED_EDGE('',*,*,#5075,.T.);
#6608=ORIENTED_EDGE('',*,*,#5076,.T.);
#6609=ORIENTED_EDGE('',*,*,#5077,.T.);
#6610=ORIENTED_EDGE('',*,*,#5078,.T.);
#6611=ORIENTED_EDGE('',*,*,#5079,.T.);
#6612=ORIENTED_EDGE('',*,*,#5080,.T.);
#6613=ORIENTED_EDGE('',*,*,#5081,.T.);
#6614=ORIENTED_EDGE('',*,*,#5082,.T.);
#6615=ORIENTED_EDGE('',*,*,#5083,.T.);
#6616=ORIENTED_EDGE('',*,*,#5084,.T.);
#6617=ORIENTED_EDGE('',*,*,#5085,.T.);
#6618=ORIENTED_EDGE('',*,*,#5086,.T.);
#6619=ORIENTED_EDGE('',*,*,#5087,.T.);
#6620=ORIENTED_EDGE('',*,*,#5088,.T.);
#6621=ORIENTED_EDGE('',*,*,#5089,.T.);
#6622=ORIENTED_EDGE('',*,*,#5090,.T.);
#6623=ORIENTED_EDGE('',*,*,#5091,.T.);
#6624=ORIENTED_EDGE('',*,*,#5092,.T.);
#6625=ORIENTED_EDGE('',*,*,#5093,.T.);
#6626=ORIENTED_EDGE('',*,*,#5094,.T.);
#6627=ORIENTED_EDGE('',*,*,#5095,.T.);
#6628=ORIENTED_EDGE('',*,*,#5096,.T.);
#6629=ORIENTED_EDGE('',*,*,#5097,.T.);
#6630=ORIENTED_EDGE('',*,*,#5098,.T.);
#6631=ORIENTED_EDGE('',*,*,#5099,.T.);
#6632=ORIENTED_EDGE('',*,*,#5100,.T.);
#6633=ORIENTED_EDGE('',*,*,#5101,.T.);
#6634=ORIENTED_EDGE('',*,*,#5102,.T.);
#6635=ORIENTED_EDGE('',*,*,#5103,.T.);
#6636=ORIENTED_EDGE('',*,*,#5104,.T.);
#6637=ORIENTED_EDGE('',*,*,#5105,.T.);
#6638=ORIENTED_EDGE('',*,*,#5106,.T.);
#6639=ORIENTED_EDGE('',*,*,#5107,.T.);
#6640=ORIENTED_EDGE('',*,*,#5108,.T.);
#6641=ORIENTED_EDGE('',*,*,#5109,.T.);
#6642=ORIENTED_EDGE('',*,*,#5110,.T.);
#6643=ORIENTED_EDGE('',*,*,#5111,.T.);
#6644=ORIENTED_EDGE('',*,*,#5112,.T.);
#6645=ORIENTED_EDGE('',*,*,#5113,.T.);
#6646=ORIENTED_EDGE('',*,*,#5114,.T.);
#6647=ORIENTED_EDGE('',*,*,#5115,.T.);
#6648=ORIENTED_EDGE('',*,*,#5116,.T.);
#6649=ORIENTED_EDGE('',*,*,#5117,.T.);
#6650=ORIENTED_EDGE('',*,*,#5118,.T.);
#6651=ORIENTED_EDGE('',*,*,#5119,.T.);
#6652=ORIENTED_EDGE('',*,*,#5120,.T.);
#6653=ORIENTED_EDGE('',*,*,#5121,.T.);
#6654=ORIENTED_EDGE('',*,*,#5122,.T.);
#6655=ORIENTED_EDGE('',*,*,#5123,.T.);
#6656=ORIENTED_EDGE('',*,*,#5124,.T.);
#6657=ORIENTED_EDGE('',*,*,#5125,.T.);
#6658=ORIENTED_EDGE('',*,*,#5126,.T.);
#6659=ORIENTED_EDGE('',*,*,#5127,.T.);
#6660=ORIENTED_EDGE('',*,*,#5128,.T.);
#6661=ORIENTED_EDGE('',*,*,#5129,.T.);
#6662=ORIENTED_EDGE('',*,*,#5130,.T.);
#6663=ORIENTED_EDGE('',*,*,#5131,.T.);
#6664=ORIENTED_EDGE('',*,*,#5132,.T.);
#6665=ORIENTED_EDGE('',*,*,#5133,.T.);
#6666=ORIENTED_EDGE('',*,*,#5134,.T.);
#6667=ORIENTED_EDGE('',*,*,#5135,.T.);
#6668=ORIENTED_EDGE('',*,*,#5136,.T.);
#6669=ORIENTED_EDGE('',*,*,#4500,.T.);
#6670=ORIENTED_EDGE('',*,*,#4616,.T.);
#6671=ORIENTED_EDGE('',*,*,#5137,.T.);
#6672=ORIENTED_EDGE('',*,*,#4778,.F.);
#6673=ORIENTED_EDGE('',*,*,#4737,.T.);
#6674=ORIENTED_EDGE('',*,*,#4772,.T.);
#6675=ORIENTED_EDGE('',*,*,#5138,.T.);
#6676=ORIENTED_EDGE('',*,*,#5139,.T.);
#6677=ORIENTED_EDGE('',*,*,#5140,.T.);
#6678=ORIENTED_EDGE('',*,*,#5140,.F.);
#6679=ORIENTED_EDGE('',*,*,#5141,.F.);
#6680=ORIENTED_EDGE('',*,*,#5142,.T.);
#6681=ORIENTED_EDGE('',*,*,#4773,.F.);
#6682=ORIENTED_EDGE('',*,*,#4618,.T.);
#6683=ORIENTED_EDGE('',*,*,#4740,.T.);
#6684=ORIENTED_EDGE('',*,*,#5143,.T.);
#6685=ORIENTED_EDGE('',*,*,#5144,.F.);
#6686=ORIENTED_EDGE('',*,*,#5145,.T.);
#6687=ORIENTED_EDGE('',*,*,#5146,.T.);
#6688=ORIENTED_EDGE('',*,*,#5141,.T.);
#6689=ORIENTED_EDGE('',*,*,#5139,.F.);
#6690=ORIENTED_EDGE('',*,*,#5147,.T.);
#6691=ORIENTED_EDGE('',*,*,#5148,.F.);
#6692=ORIENTED_EDGE('',*,*,#5149,.T.);
#6693=ORIENTED_EDGE('',*,*,#5150,.F.);
#6694=ORIENTED_EDGE('',*,*,#5151,.T.);
#6695=ORIENTED_EDGE('',*,*,#5152,.F.);
#6696=ORIENTED_EDGE('',*,*,#5153,.F.);
#6697=ORIENTED_EDGE('',*,*,#5154,.F.);
#6698=ORIENTED_EDGE('',*,*,#5155,.F.);
#6699=ORIENTED_EDGE('',*,*,#5156,.F.);
#6700=ORIENTED_EDGE('',*,*,#5157,.T.);
#6701=ORIENTED_EDGE('',*,*,#4733,.T.);
#6702=ORIENTED_EDGE('',*,*,#4757,.T.);
#6703=ORIENTED_EDGE('',*,*,#4754,.T.);
#6704=ORIENTED_EDGE('',*,*,#4751,.T.);
#6705=ORIENTED_EDGE('',*,*,#4748,.T.);
#6706=ORIENTED_EDGE('',*,*,#4745,.T.);
#6707=ORIENTED_EDGE('',*,*,#4741,.T.);
#6708=ORIENTED_EDGE('',*,*,#4759,.T.);
#6709=ORIENTED_EDGE('',*,*,#4730,.T.);
#6710=ORIENTED_EDGE('',*,*,#4623,.T.);
#6711=ORIENTED_EDGE('',*,*,#4620,.T.);
#6712=ORIENTED_EDGE('',*,*,#4501,.T.);
#6713=ORIENTED_EDGE('',*,*,#4511,.T.);
#6714=ORIENTED_EDGE('',*,*,#4508,.T.);
#6715=ORIENTED_EDGE('',*,*,#4505,.T.);
#6716=ORIENTED_EDGE('',*,*,#5158,.F.);
#6717=ORIENTED_EDGE('',*,*,#5159,.F.);
#6718=ORIENTED_EDGE('',*,*,#5160,.F.);
#6719=ORIENTED_EDGE('',*,*,#5161,.F.);
#6720=ORIENTED_EDGE('',*,*,#5162,.F.);
#6721=ORIENTED_EDGE('',*,*,#5163,.F.);
#6722=ORIENTED_EDGE('',*,*,#5164,.F.);
#6723=ORIENTED_EDGE('',*,*,#5165,.F.);
#6724=ORIENTED_EDGE('',*,*,#5166,.F.);
#6725=ORIENTED_EDGE('',*,*,#5167,.F.);
#6726=ORIENTED_EDGE('',*,*,#5168,.F.);
#6727=ORIENTED_EDGE('',*,*,#5169,.F.);
#6728=ORIENTED_EDGE('',*,*,#5170,.F.);
#6729=ORIENTED_EDGE('',*,*,#5171,.F.);
#6730=ORIENTED_EDGE('',*,*,#5172,.F.);
#6731=ORIENTED_EDGE('',*,*,#5173,.F.);
#6732=ORIENTED_EDGE('',*,*,#5174,.F.);
#6733=ORIENTED_EDGE('',*,*,#5175,.F.);
#6734=ORIENTED_EDGE('',*,*,#5176,.F.);
#6735=ORIENTED_EDGE('',*,*,#5177,.F.);
#6736=ORIENTED_EDGE('',*,*,#5178,.F.);
#6737=ORIENTED_EDGE('',*,*,#5179,.F.);
#6738=ORIENTED_EDGE('',*,*,#5180,.F.);
#6739=ORIENTED_EDGE('',*,*,#5181,.F.);
#6740=ORIENTED_EDGE('',*,*,#5182,.F.);
#6741=ORIENTED_EDGE('',*,*,#5183,.F.);
#6742=ORIENTED_EDGE('',*,*,#5184,.F.);
#6743=ORIENTED_EDGE('',*,*,#5185,.F.);
#6744=ORIENTED_EDGE('',*,*,#5186,.F.);
#6745=ORIENTED_EDGE('',*,*,#5187,.F.);
#6746=ORIENTED_EDGE('',*,*,#5188,.F.);
#6747=ORIENTED_EDGE('',*,*,#5189,.F.);
#6748=ORIENTED_EDGE('',*,*,#5190,.F.);
#6749=ORIENTED_EDGE('',*,*,#5191,.F.);
#6750=ORIENTED_EDGE('',*,*,#5192,.F.);
#6751=ORIENTED_EDGE('',*,*,#5193,.F.);
#6752=ORIENTED_EDGE('',*,*,#5194,.F.);
#6753=ORIENTED_EDGE('',*,*,#5195,.F.);
#6754=ORIENTED_EDGE('',*,*,#5196,.F.);
#6755=ORIENTED_EDGE('',*,*,#5197,.F.);
#6756=ORIENTED_EDGE('',*,*,#5198,.F.);
#6757=ORIENTED_EDGE('',*,*,#5199,.F.);
#6758=ORIENTED_EDGE('',*,*,#5200,.F.);
#6759=ORIENTED_EDGE('',*,*,#5201,.F.);
#6760=ORIENTED_EDGE('',*,*,#5202,.F.);
#6761=ORIENTED_EDGE('',*,*,#5203,.F.);
#6762=ORIENTED_EDGE('',*,*,#5204,.F.);
#6763=ORIENTED_EDGE('',*,*,#5205,.F.);
#6764=ORIENTED_EDGE('',*,*,#5206,.F.);
#6765=ORIENTED_EDGE('',*,*,#5207,.F.);
#6766=ORIENTED_EDGE('',*,*,#5208,.F.);
#6767=ORIENTED_EDGE('',*,*,#5209,.F.);
#6768=ORIENTED_EDGE('',*,*,#5210,.F.);
#6769=ORIENTED_EDGE('',*,*,#5211,.F.);
#6770=ORIENTED_EDGE('',*,*,#5212,.F.);
#6771=ORIENTED_EDGE('',*,*,#5213,.F.);
#6772=ORIENTED_EDGE('',*,*,#5214,.F.);
#6773=ORIENTED_EDGE('',*,*,#5215,.F.);
#6774=ORIENTED_EDGE('',*,*,#5216,.F.);
#6775=ORIENTED_EDGE('',*,*,#5217,.F.);
#6776=ORIENTED_EDGE('',*,*,#5218,.F.);
#6777=ORIENTED_EDGE('',*,*,#5219,.F.);
#6778=ORIENTED_EDGE('',*,*,#5220,.F.);
#6779=ORIENTED_EDGE('',*,*,#5221,.F.);
#6780=ORIENTED_EDGE('',*,*,#5222,.F.);
#6781=ORIENTED_EDGE('',*,*,#5223,.F.);
#6782=ORIENTED_EDGE('',*,*,#5224,.F.);
#6783=ORIENTED_EDGE('',*,*,#5225,.F.);
#6784=ORIENTED_EDGE('',*,*,#5226,.F.);
#6785=ORIENTED_EDGE('',*,*,#5227,.F.);
#6786=ORIENTED_EDGE('',*,*,#5228,.F.);
#6787=ORIENTED_EDGE('',*,*,#5229,.F.);
#6788=ORIENTED_EDGE('',*,*,#5230,.F.);
#6789=ORIENTED_EDGE('',*,*,#5231,.F.);
#6790=ORIENTED_EDGE('',*,*,#5232,.F.);
#6791=ORIENTED_EDGE('',*,*,#5233,.F.);
#6792=ORIENTED_EDGE('',*,*,#5234,.F.);
#6793=ORIENTED_EDGE('',*,*,#5235,.F.);
#6794=ORIENTED_EDGE('',*,*,#5236,.F.);
#6795=ORIENTED_EDGE('',*,*,#5237,.F.);
#6796=ORIENTED_EDGE('',*,*,#5238,.F.);
#6797=ORIENTED_EDGE('',*,*,#5239,.F.);
#6798=ORIENTED_EDGE('',*,*,#5240,.F.);
#6799=ORIENTED_EDGE('',*,*,#5241,.F.);
#6800=ORIENTED_EDGE('',*,*,#5242,.F.);
#6801=ORIENTED_EDGE('',*,*,#5243,.F.);
#6802=ORIENTED_EDGE('',*,*,#5244,.F.);
#6803=ORIENTED_EDGE('',*,*,#5245,.F.);
#6804=ORIENTED_EDGE('',*,*,#5246,.F.);
#6805=ORIENTED_EDGE('',*,*,#5247,.F.);
#6806=ORIENTED_EDGE('',*,*,#5248,.F.);
#6807=ORIENTED_EDGE('',*,*,#5249,.F.);
#6808=ORIENTED_EDGE('',*,*,#5250,.F.);
#6809=ORIENTED_EDGE('',*,*,#5251,.F.);
#6810=ORIENTED_EDGE('',*,*,#5252,.F.);
#6811=ORIENTED_EDGE('',*,*,#5253,.F.);
#6812=ORIENTED_EDGE('',*,*,#5254,.F.);
#6813=ORIENTED_EDGE('',*,*,#5255,.F.);
#6814=ORIENTED_EDGE('',*,*,#5256,.F.);
#6815=ORIENTED_EDGE('',*,*,#5257,.F.);
#6816=ORIENTED_EDGE('',*,*,#5258,.F.);
#6817=ORIENTED_EDGE('',*,*,#5259,.F.);
#6818=ORIENTED_EDGE('',*,*,#5260,.F.);
#6819=ORIENTED_EDGE('',*,*,#5261,.F.);
#6820=ORIENTED_EDGE('',*,*,#5262,.F.);
#6821=ORIENTED_EDGE('',*,*,#5263,.F.);
#6822=ORIENTED_EDGE('',*,*,#5264,.F.);
#6823=ORIENTED_EDGE('',*,*,#5265,.F.);
#6824=ORIENTED_EDGE('',*,*,#5266,.F.);
#6825=ORIENTED_EDGE('',*,*,#5267,.F.);
#6826=ORIENTED_EDGE('',*,*,#5268,.F.);
#6827=ORIENTED_EDGE('',*,*,#5269,.F.);
#6828=ORIENTED_EDGE('',*,*,#5270,.F.);
#6829=ORIENTED_EDGE('',*,*,#5271,.F.);
#6830=ORIENTED_EDGE('',*,*,#5272,.F.);
#6831=ORIENTED_EDGE('',*,*,#5273,.F.);
#6832=ORIENTED_EDGE('',*,*,#5274,.F.);
#6833=ORIENTED_EDGE('',*,*,#5275,.F.);
#6834=ORIENTED_EDGE('',*,*,#5276,.F.);
#6835=ORIENTED_EDGE('',*,*,#5277,.F.);
#6836=ORIENTED_EDGE('',*,*,#5278,.F.);
#6837=ORIENTED_EDGE('',*,*,#5279,.F.);
#6838=ORIENTED_EDGE('',*,*,#5280,.F.);
#6839=ORIENTED_EDGE('',*,*,#5281,.F.);
#6840=ORIENTED_EDGE('',*,*,#5282,.F.);
#6841=ORIENTED_EDGE('',*,*,#5283,.F.);
#6842=ORIENTED_EDGE('',*,*,#5284,.F.);
#6843=ORIENTED_EDGE('',*,*,#5285,.F.);
#6844=ORIENTED_EDGE('',*,*,#5286,.F.);
#6845=ORIENTED_EDGE('',*,*,#5287,.F.);
#6846=ORIENTED_EDGE('',*,*,#5288,.F.);
#6847=ORIENTED_EDGE('',*,*,#5289,.F.);
#6848=ORIENTED_EDGE('',*,*,#5290,.F.);
#6849=ORIENTED_EDGE('',*,*,#5291,.F.);
#6850=ORIENTED_EDGE('',*,*,#5292,.F.);
#6851=ORIENTED_EDGE('',*,*,#5293,.F.);
#6852=ORIENTED_EDGE('',*,*,#5294,.F.);
#6853=ORIENTED_EDGE('',*,*,#5295,.F.);
#6854=ORIENTED_EDGE('',*,*,#5296,.F.);
#6855=ORIENTED_EDGE('',*,*,#5297,.F.);
#6856=ORIENTED_EDGE('',*,*,#5298,.F.);
#6857=ORIENTED_EDGE('',*,*,#5299,.F.);
#6858=ORIENTED_EDGE('',*,*,#5300,.F.);
#6859=ORIENTED_EDGE('',*,*,#5301,.F.);
#6860=ORIENTED_EDGE('',*,*,#5302,.F.);
#6861=ORIENTED_EDGE('',*,*,#5303,.F.);
#6862=ORIENTED_EDGE('',*,*,#5304,.F.);
#6863=ORIENTED_EDGE('',*,*,#5305,.F.);
#6864=ORIENTED_EDGE('',*,*,#5306,.F.);
#6865=ORIENTED_EDGE('',*,*,#5307,.F.);
#6866=ORIENTED_EDGE('',*,*,#5308,.F.);
#6867=ORIENTED_EDGE('',*,*,#5309,.F.);
#6868=ORIENTED_EDGE('',*,*,#5310,.F.);
#6869=ORIENTED_EDGE('',*,*,#5311,.F.);
#6870=ORIENTED_EDGE('',*,*,#5312,.F.);
#6871=ORIENTED_EDGE('',*,*,#5313,.F.);
#6872=ORIENTED_EDGE('',*,*,#5314,.F.);
#6873=ORIENTED_EDGE('',*,*,#5315,.F.);
#6874=ORIENTED_EDGE('',*,*,#5316,.F.);
#6875=ORIENTED_EDGE('',*,*,#5317,.F.);
#6876=ORIENTED_EDGE('',*,*,#5318,.F.);
#6877=ORIENTED_EDGE('',*,*,#5319,.F.);
#6878=ORIENTED_EDGE('',*,*,#5320,.F.);
#6879=ORIENTED_EDGE('',*,*,#5321,.F.);
#6880=ORIENTED_EDGE('',*,*,#5322,.F.);
#6881=ORIENTED_EDGE('',*,*,#5323,.F.);
#6882=ORIENTED_EDGE('',*,*,#5324,.F.);
#6883=ORIENTED_EDGE('',*,*,#5325,.F.);
#6884=ORIENTED_EDGE('',*,*,#5326,.F.);
#6885=ORIENTED_EDGE('',*,*,#5327,.F.);
#6886=ORIENTED_EDGE('',*,*,#5328,.F.);
#6887=ORIENTED_EDGE('',*,*,#5329,.F.);
#6888=ORIENTED_EDGE('',*,*,#5330,.F.);
#6889=ORIENTED_EDGE('',*,*,#5331,.F.);
#6890=ORIENTED_EDGE('',*,*,#5332,.F.);
#6891=ORIENTED_EDGE('',*,*,#5333,.F.);
#6892=ORIENTED_EDGE('',*,*,#5334,.F.);
#6893=ORIENTED_EDGE('',*,*,#5335,.F.);
#6894=ORIENTED_EDGE('',*,*,#5336,.F.);
#6895=ORIENTED_EDGE('',*,*,#5337,.F.);
#6896=ORIENTED_EDGE('',*,*,#5338,.F.);
#6897=ORIENTED_EDGE('',*,*,#5339,.F.);
#6898=ORIENTED_EDGE('',*,*,#5340,.F.);
#6899=ORIENTED_EDGE('',*,*,#5341,.F.);
#6900=ORIENTED_EDGE('',*,*,#5342,.F.);
#6901=ORIENTED_EDGE('',*,*,#5343,.F.);
#6902=ORIENTED_EDGE('',*,*,#5344,.F.);
#6903=ORIENTED_EDGE('',*,*,#5345,.F.);
#6904=ORIENTED_EDGE('',*,*,#5346,.F.);
#6905=ORIENTED_EDGE('',*,*,#5347,.F.);
#6906=ORIENTED_EDGE('',*,*,#5348,.F.);
#6907=ORIENTED_EDGE('',*,*,#5349,.F.);
#6908=ORIENTED_EDGE('',*,*,#5350,.F.);
#6909=ORIENTED_EDGE('',*,*,#5351,.F.);
#6910=ORIENTED_EDGE('',*,*,#5352,.F.);
#6911=ORIENTED_EDGE('',*,*,#5353,.F.);
#6912=ORIENTED_EDGE('',*,*,#5354,.F.);
#6913=ORIENTED_EDGE('',*,*,#5355,.F.);
#6914=ORIENTED_EDGE('',*,*,#5356,.F.);
#6915=ORIENTED_EDGE('',*,*,#5357,.F.);
#6916=ORIENTED_EDGE('',*,*,#5358,.F.);
#6917=ORIENTED_EDGE('',*,*,#5359,.F.);
#6918=ORIENTED_EDGE('',*,*,#5360,.F.);
#6919=ORIENTED_EDGE('',*,*,#5361,.F.);
#6920=ORIENTED_EDGE('',*,*,#5362,.F.);
#6921=ORIENTED_EDGE('',*,*,#5363,.F.);
#6922=ORIENTED_EDGE('',*,*,#5364,.F.);
#6923=ORIENTED_EDGE('',*,*,#5365,.F.);
#6924=ORIENTED_EDGE('',*,*,#5366,.F.);
#6925=ORIENTED_EDGE('',*,*,#5367,.F.);
#6926=ORIENTED_EDGE('',*,*,#5368,.F.);
#6927=ORIENTED_EDGE('',*,*,#5369,.F.);
#6928=ORIENTED_EDGE('',*,*,#5370,.F.);
#6929=ORIENTED_EDGE('',*,*,#5371,.F.);
#6930=ORIENTED_EDGE('',*,*,#5372,.F.);
#6931=ORIENTED_EDGE('',*,*,#5373,.F.);
#6932=ORIENTED_EDGE('',*,*,#5374,.F.);
#6933=ORIENTED_EDGE('',*,*,#5375,.F.);
#6934=ORIENTED_EDGE('',*,*,#5376,.F.);
#6935=ORIENTED_EDGE('',*,*,#5377,.F.);
#6936=ORIENTED_EDGE('',*,*,#5378,.F.);
#6937=ORIENTED_EDGE('',*,*,#5379,.F.);
#6938=ORIENTED_EDGE('',*,*,#5380,.F.);
#6939=ORIENTED_EDGE('',*,*,#5381,.F.);
#6940=ORIENTED_EDGE('',*,*,#5382,.F.);
#6941=ORIENTED_EDGE('',*,*,#5383,.F.);
#6942=ORIENTED_EDGE('',*,*,#5384,.F.);
#6943=ORIENTED_EDGE('',*,*,#5385,.F.);
#6944=ORIENTED_EDGE('',*,*,#5386,.F.);
#6945=ORIENTED_EDGE('',*,*,#5387,.F.);
#6946=ORIENTED_EDGE('',*,*,#5388,.F.);
#6947=ORIENTED_EDGE('',*,*,#5389,.F.);
#6948=ORIENTED_EDGE('',*,*,#5390,.F.);
#6949=ORIENTED_EDGE('',*,*,#5391,.F.);
#6950=ORIENTED_EDGE('',*,*,#5392,.F.);
#6951=ORIENTED_EDGE('',*,*,#5393,.F.);
#6952=ORIENTED_EDGE('',*,*,#5394,.F.);
#6953=ORIENTED_EDGE('',*,*,#5395,.F.);
#6954=ORIENTED_EDGE('',*,*,#5396,.F.);
#6955=ORIENTED_EDGE('',*,*,#5397,.F.);
#6956=ORIENTED_EDGE('',*,*,#5398,.F.);
#6957=ORIENTED_EDGE('',*,*,#5399,.F.);
#6958=ORIENTED_EDGE('',*,*,#5400,.F.);
#6959=ORIENTED_EDGE('',*,*,#5401,.F.);
#6960=ORIENTED_EDGE('',*,*,#5402,.F.);
#6961=ORIENTED_EDGE('',*,*,#5403,.F.);
#6962=ORIENTED_EDGE('',*,*,#5404,.F.);
#6963=ORIENTED_EDGE('',*,*,#5405,.F.);
#6964=ORIENTED_EDGE('',*,*,#5406,.F.);
#6965=ORIENTED_EDGE('',*,*,#5407,.F.);
#6966=ORIENTED_EDGE('',*,*,#5408,.F.);
#6967=ORIENTED_EDGE('',*,*,#5409,.F.);
#6968=ORIENTED_EDGE('',*,*,#5410,.F.);
#6969=ORIENTED_EDGE('',*,*,#5411,.F.);
#6970=ORIENTED_EDGE('',*,*,#5412,.F.);
#6971=ORIENTED_EDGE('',*,*,#5413,.F.);
#6972=ORIENTED_EDGE('',*,*,#5414,.F.);
#6973=ORIENTED_EDGE('',*,*,#5415,.F.);
#6974=ORIENTED_EDGE('',*,*,#5416,.F.);
#6975=ORIENTED_EDGE('',*,*,#5417,.F.);
#6976=ORIENTED_EDGE('',*,*,#5418,.F.);
#6977=ORIENTED_EDGE('',*,*,#5419,.F.);
#6978=ORIENTED_EDGE('',*,*,#5420,.F.);
#6979=ORIENTED_EDGE('',*,*,#5421,.F.);
#6980=ORIENTED_EDGE('',*,*,#5422,.F.);
#6981=ORIENTED_EDGE('',*,*,#5423,.F.);
#6982=ORIENTED_EDGE('',*,*,#5424,.F.);
#6983=ORIENTED_EDGE('',*,*,#5425,.F.);
#6984=ORIENTED_EDGE('',*,*,#5426,.F.);
#6985=ORIENTED_EDGE('',*,*,#5427,.F.);
#6986=ORIENTED_EDGE('',*,*,#5428,.F.);
#6987=ORIENTED_EDGE('',*,*,#5429,.F.);
#6988=ORIENTED_EDGE('',*,*,#5430,.F.);
#6989=ORIENTED_EDGE('',*,*,#5431,.F.);
#6990=ORIENTED_EDGE('',*,*,#5432,.F.);
#6991=ORIENTED_EDGE('',*,*,#5433,.F.);
#6992=ORIENTED_EDGE('',*,*,#5434,.F.);
#6993=ORIENTED_EDGE('',*,*,#5435,.F.);
#6994=ORIENTED_EDGE('',*,*,#5436,.F.);
#6995=ORIENTED_EDGE('',*,*,#5437,.F.);
#6996=ORIENTED_EDGE('',*,*,#5438,.F.);
#6997=ORIENTED_EDGE('',*,*,#5439,.F.);
#6998=ORIENTED_EDGE('',*,*,#5440,.F.);
#6999=ORIENTED_EDGE('',*,*,#5441,.F.);
#7000=ORIENTED_EDGE('',*,*,#5442,.F.);
#7001=ORIENTED_EDGE('',*,*,#5443,.F.);
#7002=ORIENTED_EDGE('',*,*,#5444,.F.);
#7003=ORIENTED_EDGE('',*,*,#5445,.F.);
#7004=ORIENTED_EDGE('',*,*,#5446,.F.);
#7005=ORIENTED_EDGE('',*,*,#5447,.F.);
#7006=ORIENTED_EDGE('',*,*,#5448,.F.);
#7007=ORIENTED_EDGE('',*,*,#5449,.F.);
#7008=ORIENTED_EDGE('',*,*,#5450,.F.);
#7009=ORIENTED_EDGE('',*,*,#5451,.F.);
#7010=ORIENTED_EDGE('',*,*,#5452,.F.);
#7011=ORIENTED_EDGE('',*,*,#5453,.F.);
#7012=ORIENTED_EDGE('',*,*,#5454,.F.);
#7013=ORIENTED_EDGE('',*,*,#5455,.F.);
#7014=ORIENTED_EDGE('',*,*,#5456,.F.);
#7015=ORIENTED_EDGE('',*,*,#5457,.F.);
#7016=ORIENTED_EDGE('',*,*,#5458,.F.);
#7017=ORIENTED_EDGE('',*,*,#5459,.F.);
#7018=ORIENTED_EDGE('',*,*,#5460,.F.);
#7019=ORIENTED_EDGE('',*,*,#5461,.F.);
#7020=ORIENTED_EDGE('',*,*,#5462,.F.);
#7021=ORIENTED_EDGE('',*,*,#5463,.F.);
#7022=ORIENTED_EDGE('',*,*,#5464,.F.);
#7023=ORIENTED_EDGE('',*,*,#5465,.F.);
#7024=ORIENTED_EDGE('',*,*,#5466,.F.);
#7025=ORIENTED_EDGE('',*,*,#5467,.F.);
#7026=ORIENTED_EDGE('',*,*,#5468,.F.);
#7027=ORIENTED_EDGE('',*,*,#5469,.F.);
#7028=ORIENTED_EDGE('',*,*,#4498,.T.);
#7029=ORIENTED_EDGE('',*,*,#4776,.T.);
#7030=ORIENTED_EDGE('',*,*,#5470,.T.);
#7031=ORIENTED_EDGE('',*,*,#5144,.T.);
#7032=ORIENTED_EDGE('',*,*,#5471,.T.);
#7033=ORIENTED_EDGE('',*,*,#4739,.T.);
#7034=ORIENTED_EDGE('',*,*,#4777,.F.);
#7035=ORIENTED_EDGE('',*,*,#5471,.F.);
#7036=ORIENTED_EDGE('',*,*,#5143,.F.);
#7037=ORIENTED_EDGE('',*,*,#4762,.T.);
#7038=ORIENTED_EDGE('',*,*,#5472,.T.);
#7039=ORIENTED_EDGE('',*,*,#5156,.T.);
#7040=ORIENTED_EDGE('',*,*,#5473,.T.);
#7041=ORIENTED_EDGE('',*,*,#4734,.T.);
#7042=ORIENTED_EDGE('',*,*,#5157,.F.);
#7043=ORIENTED_EDGE('',*,*,#5472,.F.);
#7044=ORIENTED_EDGE('',*,*,#4761,.F.);
#7045=ORIENTED_EDGE('',*,*,#4766,.T.);
#7046=ORIENTED_EDGE('',*,*,#5474,.T.);
#7047=ORIENTED_EDGE('',*,*,#5152,.T.);
#7048=ORIENTED_EDGE('',*,*,#5475,.T.);
#7049=ORIENTED_EDGE('',*,*,#5475,.F.);
#7050=ORIENTED_EDGE('',*,*,#5151,.F.);
#7051=ORIENTED_EDGE('',*,*,#5476,.F.);
#7052=ORIENTED_EDGE('',*,*,#4767,.F.);
#7053=ORIENTED_EDGE('',*,*,#4768,.T.);
#7054=ORIENTED_EDGE('',*,*,#5476,.T.);
#7055=ORIENTED_EDGE('',*,*,#5150,.T.);
#7056=ORIENTED_EDGE('',*,*,#5477,.T.);
#7057=ORIENTED_EDGE('',*,*,#5477,.F.);
#7058=ORIENTED_EDGE('',*,*,#5149,.F.);
#7059=ORIENTED_EDGE('',*,*,#5478,.F.);
#7060=ORIENTED_EDGE('',*,*,#4769,.F.);
#7061=ORIENTED_EDGE('',*,*,#4770,.T.);
#7062=ORIENTED_EDGE('',*,*,#5478,.T.);
#7063=ORIENTED_EDGE('',*,*,#5148,.T.);
#7064=ORIENTED_EDGE('',*,*,#5479,.T.);
#7065=ORIENTED_EDGE('',*,*,#5138,.F.);
#7066=ORIENTED_EDGE('',*,*,#4771,.F.);
#7067=ORIENTED_EDGE('',*,*,#5479,.F.);
#7068=ORIENTED_EDGE('',*,*,#5147,.F.);
#7069=ORIENTED_EDGE('',*,*,#5463,.T.);
#7070=ORIENTED_EDGE('',*,*,#5480,.T.);
#7071=ORIENTED_EDGE('',*,*,#5136,.F.);
#7072=ORIENTED_EDGE('',*,*,#5481,.F.);
#7073=ORIENTED_EDGE('',*,*,#5464,.T.);
#7074=ORIENTED_EDGE('',*,*,#5481,.T.);
#7075=ORIENTED_EDGE('',*,*,#5135,.F.);
#7076=ORIENTED_EDGE('',*,*,#5482,.F.);
#7077=ORIENTED_EDGE('',*,*,#5465,.T.);
#7078=ORIENTED_EDGE('',*,*,#5482,.T.);
#7079=ORIENTED_EDGE('',*,*,#5134,.F.);
#7080=ORIENTED_EDGE('',*,*,#5483,.F.);
#7081=ORIENTED_EDGE('',*,*,#5466,.T.);
#7082=ORIENTED_EDGE('',*,*,#5483,.T.);
#7083=ORIENTED_EDGE('',*,*,#5133,.F.);
#7084=ORIENTED_EDGE('',*,*,#5484,.F.);
#7085=ORIENTED_EDGE('',*,*,#5467,.T.);
#7086=ORIENTED_EDGE('',*,*,#5484,.T.);
#7087=ORIENTED_EDGE('',*,*,#5132,.F.);
#7088=ORIENTED_EDGE('',*,*,#5485,.F.);
#7089=ORIENTED_EDGE('',*,*,#5468,.T.);
#7090=ORIENTED_EDGE('',*,*,#5485,.T.);
#7091=ORIENTED_EDGE('',*,*,#5131,.F.);
#7092=ORIENTED_EDGE('',*,*,#5486,.F.);
#7093=ORIENTED_EDGE('',*,*,#5469,.T.);
#7094=ORIENTED_EDGE('',*,*,#5486,.T.);
#7095=ORIENTED_EDGE('',*,*,#5130,.F.);
#7096=ORIENTED_EDGE('',*,*,#5487,.F.);
#7097=ORIENTED_EDGE('',*,*,#5462,.T.);
#7098=ORIENTED_EDGE('',*,*,#5487,.T.);
#7099=ORIENTED_EDGE('',*,*,#5129,.F.);
#7100=ORIENTED_EDGE('',*,*,#5480,.F.);
#7101=ORIENTED_EDGE('',*,*,#5455,.T.);
#7102=ORIENTED_EDGE('',*,*,#5488,.T.);
#7103=ORIENTED_EDGE('',*,*,#5128,.F.);
#7104=ORIENTED_EDGE('',*,*,#5489,.F.);
#7105=ORIENTED_EDGE('',*,*,#5456,.T.);
#7106=ORIENTED_EDGE('',*,*,#5489,.T.);
#7107=ORIENTED_EDGE('',*,*,#5127,.F.);
#7108=ORIENTED_EDGE('',*,*,#5490,.F.);
#7109=ORIENTED_EDGE('',*,*,#5457,.T.);
#7110=ORIENTED_EDGE('',*,*,#5490,.T.);
#7111=ORIENTED_EDGE('',*,*,#5126,.F.);
#7112=ORIENTED_EDGE('',*,*,#5491,.F.);
#7113=ORIENTED_EDGE('',*,*,#5458,.T.);
#7114=ORIENTED_EDGE('',*,*,#5491,.T.);
#7115=ORIENTED_EDGE('',*,*,#5125,.F.);
#7116=ORIENTED_EDGE('',*,*,#5492,.F.);
#7117=ORIENTED_EDGE('',*,*,#5459,.T.);
#7118=ORIENTED_EDGE('',*,*,#5492,.T.);
#7119=ORIENTED_EDGE('',*,*,#5124,.F.);
#7120=ORIENTED_EDGE('',*,*,#5493,.F.);
#7121=ORIENTED_EDGE('',*,*,#5460,.T.);
#7122=ORIENTED_EDGE('',*,*,#5493,.T.);
#7123=ORIENTED_EDGE('',*,*,#5123,.F.);
#7124=ORIENTED_EDGE('',*,*,#5494,.F.);
#7125=ORIENTED_EDGE('',*,*,#5461,.T.);
#7126=ORIENTED_EDGE('',*,*,#5494,.T.);
#7127=ORIENTED_EDGE('',*,*,#5122,.F.);
#7128=ORIENTED_EDGE('',*,*,#5495,.F.);
#7129=ORIENTED_EDGE('',*,*,#5454,.T.);
#7130=ORIENTED_EDGE('',*,*,#5495,.T.);
#7131=ORIENTED_EDGE('',*,*,#5121,.F.);
#7132=ORIENTED_EDGE('',*,*,#5488,.F.);
#7133=ORIENTED_EDGE('',*,*,#5447,.T.);
#7134=ORIENTED_EDGE('',*,*,#5496,.T.);
#7135=ORIENTED_EDGE('',*,*,#5120,.F.);
#7136=ORIENTED_EDGE('',*,*,#5497,.F.);
#7137=ORIENTED_EDGE('',*,*,#5448,.T.);
#7138=ORIENTED_EDGE('',*,*,#5497,.T.);
#7139=ORIENTED_EDGE('',*,*,#5119,.F.);
#7140=ORIENTED_EDGE('',*,*,#5498,.F.);
#7141=ORIENTED_EDGE('',*,*,#5449,.T.);
#7142=ORIENTED_EDGE('',*,*,#5498,.T.);
#7143=ORIENTED_EDGE('',*,*,#5118,.F.);
#7144=ORIENTED_EDGE('',*,*,#5499,.F.);
#7145=ORIENTED_EDGE('',*,*,#5450,.T.);
#7146=ORIENTED_EDGE('',*,*,#5499,.T.);
#7147=ORIENTED_EDGE('',*,*,#5117,.F.);
#7148=ORIENTED_EDGE('',*,*,#5500,.F.);
#7149=ORIENTED_EDGE('',*,*,#5451,.T.);
#7150=ORIENTED_EDGE('',*,*,#5500,.T.);
#7151=ORIENTED_EDGE('',*,*,#5116,.F.);
#7152=ORIENTED_EDGE('',*,*,#5501,.F.);
#7153=ORIENTED_EDGE('',*,*,#5452,.T.);
#7154=ORIENTED_EDGE('',*,*,#5501,.T.);
#7155=ORIENTED_EDGE('',*,*,#5115,.F.);
#7156=ORIENTED_EDGE('',*,*,#5502,.F.);
#7157=ORIENTED_EDGE('',*,*,#5453,.T.);
#7158=ORIENTED_EDGE('',*,*,#5502,.T.);
#7159=ORIENTED_EDGE('',*,*,#5114,.F.);
#7160=ORIENTED_EDGE('',*,*,#5503,.F.);
#7161=ORIENTED_EDGE('',*,*,#5446,.T.);
#7162=ORIENTED_EDGE('',*,*,#5503,.T.);
#7163=ORIENTED_EDGE('',*,*,#5113,.F.);
#7164=ORIENTED_EDGE('',*,*,#5496,.F.);
#7165=ORIENTED_EDGE('',*,*,#5439,.T.);
#7166=ORIENTED_EDGE('',*,*,#5504,.T.);
#7167=ORIENTED_EDGE('',*,*,#5112,.F.);
#7168=ORIENTED_EDGE('',*,*,#5505,.F.);
#7169=ORIENTED_EDGE('',*,*,#5440,.T.);
#7170=ORIENTED_EDGE('',*,*,#5505,.T.);
#7171=ORIENTED_EDGE('',*,*,#5111,.F.);
#7172=ORIENTED_EDGE('',*,*,#5506,.F.);
#7173=ORIENTED_EDGE('',*,*,#5441,.T.);
#7174=ORIENTED_EDGE('',*,*,#5506,.T.);
#7175=ORIENTED_EDGE('',*,*,#5110,.F.);
#7176=ORIENTED_EDGE('',*,*,#5507,.F.);
#7177=ORIENTED_EDGE('',*,*,#5442,.T.);
#7178=ORIENTED_EDGE('',*,*,#5507,.T.);
#7179=ORIENTED_EDGE('',*,*,#5109,.F.);
#7180=ORIENTED_EDGE('',*,*,#5508,.F.);
#7181=ORIENTED_EDGE('',*,*,#5443,.T.);
#7182=ORIENTED_EDGE('',*,*,#5508,.T.);
#7183=ORIENTED_EDGE('',*,*,#5108,.F.);
#7184=ORIENTED_EDGE('',*,*,#5509,.F.);
#7185=ORIENTED_EDGE('',*,*,#5444,.T.);
#7186=ORIENTED_EDGE('',*,*,#5509,.T.);
#7187=ORIENTED_EDGE('',*,*,#5107,.F.);
#7188=ORIENTED_EDGE('',*,*,#5510,.F.);
#7189=ORIENTED_EDGE('',*,*,#5445,.T.);
#7190=ORIENTED_EDGE('',*,*,#5510,.T.);
#7191=ORIENTED_EDGE('',*,*,#5106,.F.);
#7192=ORIENTED_EDGE('',*,*,#5511,.F.);
#7193=ORIENTED_EDGE('',*,*,#5438,.T.);
#7194=ORIENTED_EDGE('',*,*,#5511,.T.);
#7195=ORIENTED_EDGE('',*,*,#5105,.F.);
#7196=ORIENTED_EDGE('',*,*,#5504,.F.);
#7197=ORIENTED_EDGE('',*,*,#5431,.T.);
#7198=ORIENTED_EDGE('',*,*,#5512,.T.);
#7199=ORIENTED_EDGE('',*,*,#5104,.F.);
#7200=ORIENTED_EDGE('',*,*,#5513,.F.);
#7201=ORIENTED_EDGE('',*,*,#5432,.T.);
#7202=ORIENTED_EDGE('',*,*,#5513,.T.);
#7203=ORIENTED_EDGE('',*,*,#5103,.F.);
#7204=ORIENTED_EDGE('',*,*,#5514,.F.);
#7205=ORIENTED_EDGE('',*,*,#5433,.T.);
#7206=ORIENTED_EDGE('',*,*,#5514,.T.);
#7207=ORIENTED_EDGE('',*,*,#5102,.F.);
#7208=ORIENTED_EDGE('',*,*,#5515,.F.);
#7209=ORIENTED_EDGE('',*,*,#5434,.T.);
#7210=ORIENTED_EDGE('',*,*,#5515,.T.);
#7211=ORIENTED_EDGE('',*,*,#5101,.F.);
#7212=ORIENTED_EDGE('',*,*,#5516,.F.);
#7213=ORIENTED_EDGE('',*,*,#5435,.T.);
#7214=ORIENTED_EDGE('',*,*,#5516,.T.);
#7215=ORIENTED_EDGE('',*,*,#5100,.F.);
#7216=ORIENTED_EDGE('',*,*,#5517,.F.);
#7217=ORIENTED_EDGE('',*,*,#5436,.T.);
#7218=ORIENTED_EDGE('',*,*,#5517,.T.);
#7219=ORIENTED_EDGE('',*,*,#5099,.F.);
#7220=ORIENTED_EDGE('',*,*,#5518,.F.);
#7221=ORIENTED_EDGE('',*,*,#5437,.T.);
#7222=ORIENTED_EDGE('',*,*,#5518,.T.);
#7223=ORIENTED_EDGE('',*,*,#5098,.F.);
#7224=ORIENTED_EDGE('',*,*,#5519,.F.);
#7225=ORIENTED_EDGE('',*,*,#5430,.T.);
#7226=ORIENTED_EDGE('',*,*,#5519,.T.);
#7227=ORIENTED_EDGE('',*,*,#5097,.F.);
#7228=ORIENTED_EDGE('',*,*,#5512,.F.);
#7229=ORIENTED_EDGE('',*,*,#5423,.T.);
#7230=ORIENTED_EDGE('',*,*,#5520,.T.);
#7231=ORIENTED_EDGE('',*,*,#5096,.F.);
#7232=ORIENTED_EDGE('',*,*,#5521,.F.);
#7233=ORIENTED_EDGE('',*,*,#5424,.T.);
#7234=ORIENTED_EDGE('',*,*,#5521,.T.);
#7235=ORIENTED_EDGE('',*,*,#5095,.F.);
#7236=ORIENTED_EDGE('',*,*,#5522,.F.);
#7237=ORIENTED_EDGE('',*,*,#5425,.T.);
#7238=ORIENTED_EDGE('',*,*,#5522,.T.);
#7239=ORIENTED_EDGE('',*,*,#5094,.F.);
#7240=ORIENTED_EDGE('',*,*,#5523,.F.);
#7241=ORIENTED_EDGE('',*,*,#5426,.T.);
#7242=ORIENTED_EDGE('',*,*,#5523,.T.);
#7243=ORIENTED_EDGE('',*,*,#5093,.F.);
#7244=ORIENTED_EDGE('',*,*,#5524,.F.);
#7245=ORIENTED_EDGE('',*,*,#5427,.T.);
#7246=ORIENTED_EDGE('',*,*,#5524,.T.);
#7247=ORIENTED_EDGE('',*,*,#5092,.F.);
#7248=ORIENTED_EDGE('',*,*,#5525,.F.);
#7249=ORIENTED_EDGE('',*,*,#5428,.T.);
#7250=ORIENTED_EDGE('',*,*,#5525,.T.);
#7251=ORIENTED_EDGE('',*,*,#5091,.F.);
#7252=ORIENTED_EDGE('',*,*,#5526,.F.);
#7253=ORIENTED_EDGE('',*,*,#5429,.T.);
#7254=ORIENTED_EDGE('',*,*,#5526,.T.);
#7255=ORIENTED_EDGE('',*,*,#5090,.F.);
#7256=ORIENTED_EDGE('',*,*,#5527,.F.);
#7257=ORIENTED_EDGE('',*,*,#5422,.T.);
#7258=ORIENTED_EDGE('',*,*,#5527,.T.);
#7259=ORIENTED_EDGE('',*,*,#5089,.F.);
#7260=ORIENTED_EDGE('',*,*,#5520,.F.);
#7261=ORIENTED_EDGE('',*,*,#5415,.T.);
#7262=ORIENTED_EDGE('',*,*,#5528,.T.);
#7263=ORIENTED_EDGE('',*,*,#5088,.F.);
#7264=ORIENTED_EDGE('',*,*,#5529,.F.);
#7265=ORIENTED_EDGE('',*,*,#5416,.T.);
#7266=ORIENTED_EDGE('',*,*,#5529,.T.);
#7267=ORIENTED_EDGE('',*,*,#5087,.F.);
#7268=ORIENTED_EDGE('',*,*,#5530,.F.);
#7269=ORIENTED_EDGE('',*,*,#5417,.T.);
#7270=ORIENTED_EDGE('',*,*,#5530,.T.);
#7271=ORIENTED_EDGE('',*,*,#5086,.F.);
#7272=ORIENTED_EDGE('',*,*,#5531,.F.);
#7273=ORIENTED_EDGE('',*,*,#5418,.T.);
#7274=ORIENTED_EDGE('',*,*,#5531,.T.);
#7275=ORIENTED_EDGE('',*,*,#5085,.F.);
#7276=ORIENTED_EDGE('',*,*,#5532,.F.);
#7277=ORIENTED_EDGE('',*,*,#5419,.T.);
#7278=ORIENTED_EDGE('',*,*,#5532,.T.);
#7279=ORIENTED_EDGE('',*,*,#5084,.F.);
#7280=ORIENTED_EDGE('',*,*,#5533,.F.);
#7281=ORIENTED_EDGE('',*,*,#5420,.T.);
#7282=ORIENTED_EDGE('',*,*,#5533,.T.);
#7283=ORIENTED_EDGE('',*,*,#5083,.F.);
#7284=ORIENTED_EDGE('',*,*,#5534,.F.);
#7285=ORIENTED_EDGE('',*,*,#5421,.T.);
#7286=ORIENTED_EDGE('',*,*,#5534,.T.);
#7287=ORIENTED_EDGE('',*,*,#5082,.F.);
#7288=ORIENTED_EDGE('',*,*,#5535,.F.);
#7289=ORIENTED_EDGE('',*,*,#5414,.T.);
#7290=ORIENTED_EDGE('',*,*,#5535,.T.);
#7291=ORIENTED_EDGE('',*,*,#5081,.F.);
#7292=ORIENTED_EDGE('',*,*,#5528,.F.);
#7293=ORIENTED_EDGE('',*,*,#5407,.T.);
#7294=ORIENTED_EDGE('',*,*,#5536,.T.);
#7295=ORIENTED_EDGE('',*,*,#5080,.F.);
#7296=ORIENTED_EDGE('',*,*,#5537,.F.);
#7297=ORIENTED_EDGE('',*,*,#5408,.T.);
#7298=ORIENTED_EDGE('',*,*,#5537,.T.);
#7299=ORIENTED_EDGE('',*,*,#5079,.F.);
#7300=ORIENTED_EDGE('',*,*,#5538,.F.);
#7301=ORIENTED_EDGE('',*,*,#5409,.T.);
#7302=ORIENTED_EDGE('',*,*,#5538,.T.);
#7303=ORIENTED_EDGE('',*,*,#5078,.F.);
#7304=ORIENTED_EDGE('',*,*,#5539,.F.);
#7305=ORIENTED_EDGE('',*,*,#5410,.T.);
#7306=ORIENTED_EDGE('',*,*,#5539,.T.);
#7307=ORIENTED_EDGE('',*,*,#5077,.F.);
#7308=ORIENTED_EDGE('',*,*,#5540,.F.);
#7309=ORIENTED_EDGE('',*,*,#5411,.T.);
#7310=ORIENTED_EDGE('',*,*,#5540,.T.);
#7311=ORIENTED_EDGE('',*,*,#5076,.F.);
#7312=ORIENTED_EDGE('',*,*,#5541,.F.);
#7313=ORIENTED_EDGE('',*,*,#5412,.T.);
#7314=ORIENTED_EDGE('',*,*,#5541,.T.);
#7315=ORIENTED_EDGE('',*,*,#5075,.F.);
#7316=ORIENTED_EDGE('',*,*,#5542,.F.);
#7317=ORIENTED_EDGE('',*,*,#5413,.T.);
#7318=ORIENTED_EDGE('',*,*,#5542,.T.);
#7319=ORIENTED_EDGE('',*,*,#5074,.F.);
#7320=ORIENTED_EDGE('',*,*,#5543,.F.);
#7321=ORIENTED_EDGE('',*,*,#5406,.T.);
#7322=ORIENTED_EDGE('',*,*,#5543,.T.);
#7323=ORIENTED_EDGE('',*,*,#5073,.F.);
#7324=ORIENTED_EDGE('',*,*,#5536,.F.);
#7325=ORIENTED_EDGE('',*,*,#5399,.T.);
#7326=ORIENTED_EDGE('',*,*,#5544,.T.);
#7327=ORIENTED_EDGE('',*,*,#5072,.F.);
#7328=ORIENTED_EDGE('',*,*,#5545,.F.);
#7329=ORIENTED_EDGE('',*,*,#5400,.T.);
#7330=ORIENTED_EDGE('',*,*,#5545,.T.);
#7331=ORIENTED_EDGE('',*,*,#5071,.F.);
#7332=ORIENTED_EDGE('',*,*,#5546,.F.);
#7333=ORIENTED_EDGE('',*,*,#5401,.T.);
#7334=ORIENTED_EDGE('',*,*,#5546,.T.);
#7335=ORIENTED_EDGE('',*,*,#5070,.F.);
#7336=ORIENTED_EDGE('',*,*,#5547,.F.);
#7337=ORIENTED_EDGE('',*,*,#5402,.T.);
#7338=ORIENTED_EDGE('',*,*,#5547,.T.);
#7339=ORIENTED_EDGE('',*,*,#5069,.F.);
#7340=ORIENTED_EDGE('',*,*,#5548,.F.);
#7341=ORIENTED_EDGE('',*,*,#5403,.T.);
#7342=ORIENTED_EDGE('',*,*,#5548,.T.);
#7343=ORIENTED_EDGE('',*,*,#5068,.F.);
#7344=ORIENTED_EDGE('',*,*,#5549,.F.);
#7345=ORIENTED_EDGE('',*,*,#5404,.T.);
#7346=ORIENTED_EDGE('',*,*,#5549,.T.);
#7347=ORIENTED_EDGE('',*,*,#5067,.F.);
#7348=ORIENTED_EDGE('',*,*,#5550,.F.);
#7349=ORIENTED_EDGE('',*,*,#5405,.T.);
#7350=ORIENTED_EDGE('',*,*,#5550,.T.);
#7351=ORIENTED_EDGE('',*,*,#5066,.F.);
#7352=ORIENTED_EDGE('',*,*,#5551,.F.);
#7353=ORIENTED_EDGE('',*,*,#5398,.T.);
#7354=ORIENTED_EDGE('',*,*,#5551,.T.);
#7355=ORIENTED_EDGE('',*,*,#5065,.F.);
#7356=ORIENTED_EDGE('',*,*,#5544,.F.);
#7357=ORIENTED_EDGE('',*,*,#5391,.T.);
#7358=ORIENTED_EDGE('',*,*,#5552,.T.);
#7359=ORIENTED_EDGE('',*,*,#5064,.F.);
#7360=ORIENTED_EDGE('',*,*,#5553,.F.);
#7361=ORIENTED_EDGE('',*,*,#5392,.T.);
#7362=ORIENTED_EDGE('',*,*,#5553,.T.);
#7363=ORIENTED_EDGE('',*,*,#5063,.F.);
#7364=ORIENTED_EDGE('',*,*,#5554,.F.);
#7365=ORIENTED_EDGE('',*,*,#5393,.T.);
#7366=ORIENTED_EDGE('',*,*,#5554,.T.);
#7367=ORIENTED_EDGE('',*,*,#5062,.F.);
#7368=ORIENTED_EDGE('',*,*,#5555,.F.);
#7369=ORIENTED_EDGE('',*,*,#5394,.T.);
#7370=ORIENTED_EDGE('',*,*,#5555,.T.);
#7371=ORIENTED_EDGE('',*,*,#5061,.F.);
#7372=ORIENTED_EDGE('',*,*,#5556,.F.);
#7373=ORIENTED_EDGE('',*,*,#5395,.T.);
#7374=ORIENTED_EDGE('',*,*,#5556,.T.);
#7375=ORIENTED_EDGE('',*,*,#5060,.F.);
#7376=ORIENTED_EDGE('',*,*,#5557,.F.);
#7377=ORIENTED_EDGE('',*,*,#5396,.T.);
#7378=ORIENTED_EDGE('',*,*,#5557,.T.);
#7379=ORIENTED_EDGE('',*,*,#5059,.F.);
#7380=ORIENTED_EDGE('',*,*,#5558,.F.);
#7381=ORIENTED_EDGE('',*,*,#5397,.T.);
#7382=ORIENTED_EDGE('',*,*,#5558,.T.);
#7383=ORIENTED_EDGE('',*,*,#5058,.F.);
#7384=ORIENTED_EDGE('',*,*,#5559,.F.);
#7385=ORIENTED_EDGE('',*,*,#5390,.T.);
#7386=ORIENTED_EDGE('',*,*,#5559,.T.);
#7387=ORIENTED_EDGE('',*,*,#5057,.F.);
#7388=ORIENTED_EDGE('',*,*,#5552,.F.);
#7389=ORIENTED_EDGE('',*,*,#5383,.T.);
#7390=ORIENTED_EDGE('',*,*,#5560,.T.);
#7391=ORIENTED_EDGE('',*,*,#5056,.F.);
#7392=ORIENTED_EDGE('',*,*,#5561,.F.);
#7393=ORIENTED_EDGE('',*,*,#5384,.T.);
#7394=ORIENTED_EDGE('',*,*,#5561,.T.);
#7395=ORIENTED_EDGE('',*,*,#5055,.F.);
#7396=ORIENTED_EDGE('',*,*,#5562,.F.);
#7397=ORIENTED_EDGE('',*,*,#5385,.T.);
#7398=ORIENTED_EDGE('',*,*,#5562,.T.);
#7399=ORIENTED_EDGE('',*,*,#5054,.F.);
#7400=ORIENTED_EDGE('',*,*,#5563,.F.);
#7401=ORIENTED_EDGE('',*,*,#5386,.T.);
#7402=ORIENTED_EDGE('',*,*,#5563,.T.);
#7403=ORIENTED_EDGE('',*,*,#5053,.F.);
#7404=ORIENTED_EDGE('',*,*,#5564,.F.);
#7405=ORIENTED_EDGE('',*,*,#5387,.T.);
#7406=ORIENTED_EDGE('',*,*,#5564,.T.);
#7407=ORIENTED_EDGE('',*,*,#5052,.F.);
#7408=ORIENTED_EDGE('',*,*,#5565,.F.);
#7409=ORIENTED_EDGE('',*,*,#5388,.T.);
#7410=ORIENTED_EDGE('',*,*,#5565,.T.);
#7411=ORIENTED_EDGE('',*,*,#5051,.F.);
#7412=ORIENTED_EDGE('',*,*,#5566,.F.);
#7413=ORIENTED_EDGE('',*,*,#5389,.T.);
#7414=ORIENTED_EDGE('',*,*,#5566,.T.);
#7415=ORIENTED_EDGE('',*,*,#5050,.F.);
#7416=ORIENTED_EDGE('',*,*,#5567,.F.);
#7417=ORIENTED_EDGE('',*,*,#5382,.T.);
#7418=ORIENTED_EDGE('',*,*,#5567,.T.);
#7419=ORIENTED_EDGE('',*,*,#5049,.F.);
#7420=ORIENTED_EDGE('',*,*,#5560,.F.);
#7421=ORIENTED_EDGE('',*,*,#5375,.T.);
#7422=ORIENTED_EDGE('',*,*,#5568,.T.);
#7423=ORIENTED_EDGE('',*,*,#5048,.F.);
#7424=ORIENTED_EDGE('',*,*,#5569,.F.);
#7425=ORIENTED_EDGE('',*,*,#5376,.T.);
#7426=ORIENTED_EDGE('',*,*,#5569,.T.);
#7427=ORIENTED_EDGE('',*,*,#5047,.F.);
#7428=ORIENTED_EDGE('',*,*,#5570,.F.);
#7429=ORIENTED_EDGE('',*,*,#5377,.T.);
#7430=ORIENTED_EDGE('',*,*,#5570,.T.);
#7431=ORIENTED_EDGE('',*,*,#5046,.F.);
#7432=ORIENTED_EDGE('',*,*,#5571,.F.);
#7433=ORIENTED_EDGE('',*,*,#5378,.T.);
#7434=ORIENTED_EDGE('',*,*,#5571,.T.);
#7435=ORIENTED_EDGE('',*,*,#5045,.F.);
#7436=ORIENTED_EDGE('',*,*,#5572,.F.);
#7437=ORIENTED_EDGE('',*,*,#5379,.T.);
#7438=ORIENTED_EDGE('',*,*,#5572,.T.);
#7439=ORIENTED_EDGE('',*,*,#5044,.F.);
#7440=ORIENTED_EDGE('',*,*,#5573,.F.);
#7441=ORIENTED_EDGE('',*,*,#5380,.T.);
#7442=ORIENTED_EDGE('',*,*,#5573,.T.);
#7443=ORIENTED_EDGE('',*,*,#5043,.F.);
#7444=ORIENTED_EDGE('',*,*,#5574,.F.);
#7445=ORIENTED_EDGE('',*,*,#5381,.T.);
#7446=ORIENTED_EDGE('',*,*,#5574,.T.);
#7447=ORIENTED_EDGE('',*,*,#5042,.F.);
#7448=ORIENTED_EDGE('',*,*,#5575,.F.);
#7449=ORIENTED_EDGE('',*,*,#5374,.T.);
#7450=ORIENTED_EDGE('',*,*,#5575,.T.);
#7451=ORIENTED_EDGE('',*,*,#5041,.F.);
#7452=ORIENTED_EDGE('',*,*,#5568,.F.);
#7453=ORIENTED_EDGE('',*,*,#4600,.T.);
#7454=ORIENTED_EDGE('',*,*,#4687,.T.);
#7455=ORIENTED_EDGE('',*,*,#4794,.F.);
#7456=ORIENTED_EDGE('',*,*,#5576,.F.);
#7457=ORIENTED_EDGE('',*,*,#4601,.T.);
#7458=ORIENTED_EDGE('',*,*,#5576,.T.);
#7459=ORIENTED_EDGE('',*,*,#4793,.F.);
#7460=ORIENTED_EDGE('',*,*,#5577,.F.);
#7461=ORIENTED_EDGE('',*,*,#4602,.T.);
#7462=ORIENTED_EDGE('',*,*,#5577,.T.);
#7463=ORIENTED_EDGE('',*,*,#4792,.F.);
#7464=ORIENTED_EDGE('',*,*,#5578,.F.);
#7465=ORIENTED_EDGE('',*,*,#4603,.T.);
#7466=ORIENTED_EDGE('',*,*,#5578,.T.);
#7467=ORIENTED_EDGE('',*,*,#4791,.F.);
#7468=ORIENTED_EDGE('',*,*,#5579,.F.);
#7469=ORIENTED_EDGE('',*,*,#4604,.T.);
#7470=ORIENTED_EDGE('',*,*,#5579,.T.);
#7471=ORIENTED_EDGE('',*,*,#4790,.F.);
#7472=ORIENTED_EDGE('',*,*,#5580,.F.);
#7473=ORIENTED_EDGE('',*,*,#4605,.T.);
#7474=ORIENTED_EDGE('',*,*,#5580,.T.);
#7475=ORIENTED_EDGE('',*,*,#4789,.F.);
#7476=ORIENTED_EDGE('',*,*,#5581,.F.);
#7477=ORIENTED_EDGE('',*,*,#4606,.T.);
#7478=ORIENTED_EDGE('',*,*,#5581,.T.);
#7479=ORIENTED_EDGE('',*,*,#4788,.F.);
#7480=ORIENTED_EDGE('',*,*,#5582,.F.);
#7481=ORIENTED_EDGE('',*,*,#4607,.T.);
#7482=ORIENTED_EDGE('',*,*,#5582,.T.);
#7483=ORIENTED_EDGE('',*,*,#4787,.F.);
#7484=ORIENTED_EDGE('',*,*,#5583,.F.);
#7485=ORIENTED_EDGE('',*,*,#4608,.T.);
#7486=ORIENTED_EDGE('',*,*,#5583,.T.);
#7487=ORIENTED_EDGE('',*,*,#4786,.F.);
#7488=ORIENTED_EDGE('',*,*,#5584,.F.);
#7489=ORIENTED_EDGE('',*,*,#4609,.T.);
#7490=ORIENTED_EDGE('',*,*,#5584,.T.);
#7491=ORIENTED_EDGE('',*,*,#4785,.F.);
#7492=ORIENTED_EDGE('',*,*,#5585,.F.);
#7493=ORIENTED_EDGE('',*,*,#4610,.T.);
#7494=ORIENTED_EDGE('',*,*,#5585,.T.);
#7495=ORIENTED_EDGE('',*,*,#4784,.F.);
#7496=ORIENTED_EDGE('',*,*,#5586,.F.);
#7497=ORIENTED_EDGE('',*,*,#4611,.T.);
#7498=ORIENTED_EDGE('',*,*,#5586,.T.);
#7499=ORIENTED_EDGE('',*,*,#4783,.F.);
#7500=ORIENTED_EDGE('',*,*,#5587,.F.);
#7501=ORIENTED_EDGE('',*,*,#4612,.T.);
#7502=ORIENTED_EDGE('',*,*,#5587,.T.);
#7503=ORIENTED_EDGE('',*,*,#4782,.F.);
#7504=ORIENTED_EDGE('',*,*,#5588,.F.);
#7505=ORIENTED_EDGE('',*,*,#4613,.T.);
#7506=ORIENTED_EDGE('',*,*,#5588,.T.);
#7507=ORIENTED_EDGE('',*,*,#4781,.F.);
#7508=ORIENTED_EDGE('',*,*,#5589,.F.);
#7509=ORIENTED_EDGE('',*,*,#4614,.T.);
#7510=ORIENTED_EDGE('',*,*,#5589,.T.);
#7511=ORIENTED_EDGE('',*,*,#4780,.F.);
#7512=ORIENTED_EDGE('',*,*,#5590,.F.);
#7513=ORIENTED_EDGE('',*,*,#4615,.T.);
#7514=ORIENTED_EDGE('',*,*,#5590,.T.);
#7515=ORIENTED_EDGE('',*,*,#4779,.F.);
#7516=ORIENTED_EDGE('',*,*,#5137,.F.);
#7517=ORIENTED_EDGE('',*,*,#5367,.T.);
#7518=ORIENTED_EDGE('',*,*,#5591,.T.);
#7519=ORIENTED_EDGE('',*,*,#5040,.F.);
#7520=ORIENTED_EDGE('',*,*,#5592,.F.);
#7521=ORIENTED_EDGE('',*,*,#5368,.T.);
#7522=ORIENTED_EDGE('',*,*,#5592,.T.);
#7523=ORIENTED_EDGE('',*,*,#5039,.F.);
#7524=ORIENTED_EDGE('',*,*,#5593,.F.);
#7525=ORIENTED_EDGE('',*,*,#5369,.T.);
#7526=ORIENTED_EDGE('',*,*,#5593,.T.);
#7527=ORIENTED_EDGE('',*,*,#5038,.F.);
#7528=ORIENTED_EDGE('',*,*,#5594,.F.);
#7529=ORIENTED_EDGE('',*,*,#5370,.T.);
#7530=ORIENTED_EDGE('',*,*,#5594,.T.);
#7531=ORIENTED_EDGE('',*,*,#5037,.F.);
#7532=ORIENTED_EDGE('',*,*,#5595,.F.);
#7533=ORIENTED_EDGE('',*,*,#5371,.T.);
#7534=ORIENTED_EDGE('',*,*,#5595,.T.);
#7535=ORIENTED_EDGE('',*,*,#5036,.F.);
#7536=ORIENTED_EDGE('',*,*,#5596,.F.);
#7537=ORIENTED_EDGE('',*,*,#5372,.T.);
#7538=ORIENTED_EDGE('',*,*,#5596,.T.);
#7539=ORIENTED_EDGE('',*,*,#5035,.F.);
#7540=ORIENTED_EDGE('',*,*,#5597,.F.);
#7541=ORIENTED_EDGE('',*,*,#5373,.T.);
#7542=ORIENTED_EDGE('',*,*,#5597,.T.);
#7543=ORIENTED_EDGE('',*,*,#5034,.F.);
#7544=ORIENTED_EDGE('',*,*,#5598,.F.);
#7545=ORIENTED_EDGE('',*,*,#5366,.T.);
#7546=ORIENTED_EDGE('',*,*,#5598,.T.);
#7547=ORIENTED_EDGE('',*,*,#5033,.F.);
#7548=ORIENTED_EDGE('',*,*,#5591,.F.);
#7549=ORIENTED_EDGE('',*,*,#5359,.T.);
#7550=ORIENTED_EDGE('',*,*,#5599,.T.);
#7551=ORIENTED_EDGE('',*,*,#5032,.F.);
#7552=ORIENTED_EDGE('',*,*,#5600,.F.);
#7553=ORIENTED_EDGE('',*,*,#5360,.T.);
#7554=ORIENTED_EDGE('',*,*,#5600,.T.);
#7555=ORIENTED_EDGE('',*,*,#5031,.F.);
#7556=ORIENTED_EDGE('',*,*,#5601,.F.);
#7557=ORIENTED_EDGE('',*,*,#5361,.T.);
#7558=ORIENTED_EDGE('',*,*,#5601,.T.);
#7559=ORIENTED_EDGE('',*,*,#5030,.F.);
#7560=ORIENTED_EDGE('',*,*,#5602,.F.);
#7561=ORIENTED_EDGE('',*,*,#5362,.T.);
#7562=ORIENTED_EDGE('',*,*,#5602,.T.);
#7563=ORIENTED_EDGE('',*,*,#5029,.F.);
#7564=ORIENTED_EDGE('',*,*,#5603,.F.);
#7565=ORIENTED_EDGE('',*,*,#5363,.T.);
#7566=ORIENTED_EDGE('',*,*,#5603,.T.);
#7567=ORIENTED_EDGE('',*,*,#5028,.F.);
#7568=ORIENTED_EDGE('',*,*,#5604,.F.);
#7569=ORIENTED_EDGE('',*,*,#5364,.T.);
#7570=ORIENTED_EDGE('',*,*,#5604,.T.);
#7571=ORIENTED_EDGE('',*,*,#5027,.F.);
#7572=ORIENTED_EDGE('',*,*,#5605,.F.);
#7573=ORIENTED_EDGE('',*,*,#5365,.T.);
#7574=ORIENTED_EDGE('',*,*,#5605,.T.);
#7575=ORIENTED_EDGE('',*,*,#5026,.F.);
#7576=ORIENTED_EDGE('',*,*,#5606,.F.);
#7577=ORIENTED_EDGE('',*,*,#5358,.T.);
#7578=ORIENTED_EDGE('',*,*,#5606,.T.);
#7579=ORIENTED_EDGE('',*,*,#5025,.F.);
#7580=ORIENTED_EDGE('',*,*,#5599,.F.);
#7581=ORIENTED_EDGE('',*,*,#5351,.T.);
#7582=ORIENTED_EDGE('',*,*,#5607,.T.);
#7583=ORIENTED_EDGE('',*,*,#5024,.F.);
#7584=ORIENTED_EDGE('',*,*,#5608,.F.);
#7585=ORIENTED_EDGE('',*,*,#5352,.T.);
#7586=ORIENTED_EDGE('',*,*,#5608,.T.);
#7587=ORIENTED_EDGE('',*,*,#5023,.F.);
#7588=ORIENTED_EDGE('',*,*,#5609,.F.);
#7589=ORIENTED_EDGE('',*,*,#5353,.T.);
#7590=ORIENTED_EDGE('',*,*,#5609,.T.);
#7591=ORIENTED_EDGE('',*,*,#5022,.F.);
#7592=ORIENTED_EDGE('',*,*,#5610,.F.);
#7593=ORIENTED_EDGE('',*,*,#5354,.T.);
#7594=ORIENTED_EDGE('',*,*,#5610,.T.);
#7595=ORIENTED_EDGE('',*,*,#5021,.F.);
#7596=ORIENTED_EDGE('',*,*,#5611,.F.);
#7597=ORIENTED_EDGE('',*,*,#5355,.T.);
#7598=ORIENTED_EDGE('',*,*,#5611,.T.);
#7599=ORIENTED_EDGE('',*,*,#5020,.F.);
#7600=ORIENTED_EDGE('',*,*,#5612,.F.);
#7601=ORIENTED_EDGE('',*,*,#5356,.T.);
#7602=ORIENTED_EDGE('',*,*,#5612,.T.);
#7603=ORIENTED_EDGE('',*,*,#5019,.F.);
#7604=ORIENTED_EDGE('',*,*,#5613,.F.);
#7605=ORIENTED_EDGE('',*,*,#5357,.T.);
#7606=ORIENTED_EDGE('',*,*,#5613,.T.);
#7607=ORIENTED_EDGE('',*,*,#5018,.F.);
#7608=ORIENTED_EDGE('',*,*,#5614,.F.);
#7609=ORIENTED_EDGE('',*,*,#5350,.T.);
#7610=ORIENTED_EDGE('',*,*,#5614,.T.);
#7611=ORIENTED_EDGE('',*,*,#5017,.F.);
#7612=ORIENTED_EDGE('',*,*,#5607,.F.);
#7613=ORIENTED_EDGE('',*,*,#5343,.T.);
#7614=ORIENTED_EDGE('',*,*,#5615,.T.);
#7615=ORIENTED_EDGE('',*,*,#5016,.F.);
#7616=ORIENTED_EDGE('',*,*,#5616,.F.);
#7617=ORIENTED_EDGE('',*,*,#5344,.T.);
#7618=ORIENTED_EDGE('',*,*,#5616,.T.);
#7619=ORIENTED_EDGE('',*,*,#5015,.F.);
#7620=ORIENTED_EDGE('',*,*,#5617,.F.);
#7621=ORIENTED_EDGE('',*,*,#5345,.T.);
#7622=ORIENTED_EDGE('',*,*,#5617,.T.);
#7623=ORIENTED_EDGE('',*,*,#5014,.F.);
#7624=ORIENTED_EDGE('',*,*,#5618,.F.);
#7625=ORIENTED_EDGE('',*,*,#5346,.T.);
#7626=ORIENTED_EDGE('',*,*,#5618,.T.);
#7627=ORIENTED_EDGE('',*,*,#5013,.F.);
#7628=ORIENTED_EDGE('',*,*,#5619,.F.);
#7629=ORIENTED_EDGE('',*,*,#5347,.T.);
#7630=ORIENTED_EDGE('',*,*,#5619,.T.);
#7631=ORIENTED_EDGE('',*,*,#5012,.F.);
#7632=ORIENTED_EDGE('',*,*,#5620,.F.);
#7633=ORIENTED_EDGE('',*,*,#5348,.T.);
#7634=ORIENTED_EDGE('',*,*,#5620,.T.);
#7635=ORIENTED_EDGE('',*,*,#5011,.F.);
#7636=ORIENTED_EDGE('',*,*,#5621,.F.);
#7637=ORIENTED_EDGE('',*,*,#5349,.T.);
#7638=ORIENTED_EDGE('',*,*,#5621,.T.);
#7639=ORIENTED_EDGE('',*,*,#5010,.F.);
#7640=ORIENTED_EDGE('',*,*,#5622,.F.);
#7641=ORIENTED_EDGE('',*,*,#5342,.T.);
#7642=ORIENTED_EDGE('',*,*,#5622,.T.);
#7643=ORIENTED_EDGE('',*,*,#5009,.F.);
#7644=ORIENTED_EDGE('',*,*,#5615,.F.);
#7645=ORIENTED_EDGE('',*,*,#5335,.T.);
#7646=ORIENTED_EDGE('',*,*,#5623,.T.);
#7647=ORIENTED_EDGE('',*,*,#5008,.F.);
#7648=ORIENTED_EDGE('',*,*,#5624,.F.);
#7649=ORIENTED_EDGE('',*,*,#5336,.T.);
#7650=ORIENTED_EDGE('',*,*,#5624,.T.);
#7651=ORIENTED_EDGE('',*,*,#5007,.F.);
#7652=ORIENTED_EDGE('',*,*,#5625,.F.);
#7653=ORIENTED_EDGE('',*,*,#5337,.T.);
#7654=ORIENTED_EDGE('',*,*,#5625,.T.);
#7655=ORIENTED_EDGE('',*,*,#5006,.F.);
#7656=ORIENTED_EDGE('',*,*,#5626,.F.);
#7657=ORIENTED_EDGE('',*,*,#5338,.T.);
#7658=ORIENTED_EDGE('',*,*,#5626,.T.);
#7659=ORIENTED_EDGE('',*,*,#5005,.F.);
#7660=ORIENTED_EDGE('',*,*,#5627,.F.);
#7661=ORIENTED_EDGE('',*,*,#5339,.T.);
#7662=ORIENTED_EDGE('',*,*,#5627,.T.);
#7663=ORIENTED_EDGE('',*,*,#5004,.F.);
#7664=ORIENTED_EDGE('',*,*,#5628,.F.);
#7665=ORIENTED_EDGE('',*,*,#5340,.T.);
#7666=ORIENTED_EDGE('',*,*,#5628,.T.);
#7667=ORIENTED_EDGE('',*,*,#5003,.F.);
#7668=ORIENTED_EDGE('',*,*,#5629,.F.);
#7669=ORIENTED_EDGE('',*,*,#5341,.T.);
#7670=ORIENTED_EDGE('',*,*,#5629,.T.);
#7671=ORIENTED_EDGE('',*,*,#5002,.F.);
#7672=ORIENTED_EDGE('',*,*,#5630,.F.);
#7673=ORIENTED_EDGE('',*,*,#5334,.T.);
#7674=ORIENTED_EDGE('',*,*,#5630,.T.);
#7675=ORIENTED_EDGE('',*,*,#5001,.F.);
#7676=ORIENTED_EDGE('',*,*,#5623,.F.);
#7677=ORIENTED_EDGE('',*,*,#5327,.T.);
#7678=ORIENTED_EDGE('',*,*,#5631,.T.);
#7679=ORIENTED_EDGE('',*,*,#5000,.F.);
#7680=ORIENTED_EDGE('',*,*,#5632,.F.);
#7681=ORIENTED_EDGE('',*,*,#5328,.T.);
#7682=ORIENTED_EDGE('',*,*,#5632,.T.);
#7683=ORIENTED_EDGE('',*,*,#4999,.F.);
#7684=ORIENTED_EDGE('',*,*,#5633,.F.);
#7685=ORIENTED_EDGE('',*,*,#5329,.T.);
#7686=ORIENTED_EDGE('',*,*,#5633,.T.);
#7687=ORIENTED_EDGE('',*,*,#4998,.F.);
#7688=ORIENTED_EDGE('',*,*,#5634,.F.);
#7689=ORIENTED_EDGE('',*,*,#5330,.T.);
#7690=ORIENTED_EDGE('',*,*,#5634,.T.);
#7691=ORIENTED_EDGE('',*,*,#4997,.F.);
#7692=ORIENTED_EDGE('',*,*,#5635,.F.);
#7693=ORIENTED_EDGE('',*,*,#5331,.T.);
#7694=ORIENTED_EDGE('',*,*,#5635,.T.);
#7695=ORIENTED_EDGE('',*,*,#4996,.F.);
#7696=ORIENTED_EDGE('',*,*,#5636,.F.);
#7697=ORIENTED_EDGE('',*,*,#5332,.T.);
#7698=ORIENTED_EDGE('',*,*,#5636,.T.);
#7699=ORIENTED_EDGE('',*,*,#4995,.F.);
#7700=ORIENTED_EDGE('',*,*,#5637,.F.);
#7701=ORIENTED_EDGE('',*,*,#5333,.T.);
#7702=ORIENTED_EDGE('',*,*,#5637,.T.);
#7703=ORIENTED_EDGE('',*,*,#4994,.F.);
#7704=ORIENTED_EDGE('',*,*,#5638,.F.);
#7705=ORIENTED_EDGE('',*,*,#5326,.T.);
#7706=ORIENTED_EDGE('',*,*,#5638,.T.);
#7707=ORIENTED_EDGE('',*,*,#4993,.F.);
#7708=ORIENTED_EDGE('',*,*,#5631,.F.);
#7709=ORIENTED_EDGE('',*,*,#5319,.T.);
#7710=ORIENTED_EDGE('',*,*,#5639,.T.);
#7711=ORIENTED_EDGE('',*,*,#4992,.F.);
#7712=ORIENTED_EDGE('',*,*,#5640,.F.);
#7713=ORIENTED_EDGE('',*,*,#5320,.T.);
#7714=ORIENTED_EDGE('',*,*,#5640,.T.);
#7715=ORIENTED_EDGE('',*,*,#4991,.F.);
#7716=ORIENTED_EDGE('',*,*,#5641,.F.);
#7717=ORIENTED_EDGE('',*,*,#5321,.T.);
#7718=ORIENTED_EDGE('',*,*,#5641,.T.);
#7719=ORIENTED_EDGE('',*,*,#4990,.F.);
#7720=ORIENTED_EDGE('',*,*,#5642,.F.);
#7721=ORIENTED_EDGE('',*,*,#5322,.T.);
#7722=ORIENTED_EDGE('',*,*,#5642,.T.);
#7723=ORIENTED_EDGE('',*,*,#4989,.F.);
#7724=ORIENTED_EDGE('',*,*,#5643,.F.);
#7725=ORIENTED_EDGE('',*,*,#5323,.T.);
#7726=ORIENTED_EDGE('',*,*,#5643,.T.);
#7727=ORIENTED_EDGE('',*,*,#4988,.F.);
#7728=ORIENTED_EDGE('',*,*,#5644,.F.);
#7729=ORIENTED_EDGE('',*,*,#5324,.T.);
#7730=ORIENTED_EDGE('',*,*,#5644,.T.);
#7731=ORIENTED_EDGE('',*,*,#4987,.F.);
#7732=ORIENTED_EDGE('',*,*,#5645,.F.);
#7733=ORIENTED_EDGE('',*,*,#5325,.T.);
#7734=ORIENTED_EDGE('',*,*,#5645,.T.);
#7735=ORIENTED_EDGE('',*,*,#4986,.F.);
#7736=ORIENTED_EDGE('',*,*,#5646,.F.);
#7737=ORIENTED_EDGE('',*,*,#5318,.T.);
#7738=ORIENTED_EDGE('',*,*,#5646,.T.);
#7739=ORIENTED_EDGE('',*,*,#4985,.F.);
#7740=ORIENTED_EDGE('',*,*,#5639,.F.);
#7741=ORIENTED_EDGE('',*,*,#5311,.T.);
#7742=ORIENTED_EDGE('',*,*,#5647,.T.);
#7743=ORIENTED_EDGE('',*,*,#4984,.F.);
#7744=ORIENTED_EDGE('',*,*,#5648,.F.);
#7745=ORIENTED_EDGE('',*,*,#5312,.T.);
#7746=ORIENTED_EDGE('',*,*,#5648,.T.);
#7747=ORIENTED_EDGE('',*,*,#4983,.F.);
#7748=ORIENTED_EDGE('',*,*,#5649,.F.);
#7749=ORIENTED_EDGE('',*,*,#5313,.T.);
#7750=ORIENTED_EDGE('',*,*,#5649,.T.);
#7751=ORIENTED_EDGE('',*,*,#4982,.F.);
#7752=ORIENTED_EDGE('',*,*,#5650,.F.);
#7753=ORIENTED_EDGE('',*,*,#5314,.T.);
#7754=ORIENTED_EDGE('',*,*,#5650,.T.);
#7755=ORIENTED_EDGE('',*,*,#4981,.F.);
#7756=ORIENTED_EDGE('',*,*,#5651,.F.);
#7757=ORIENTED_EDGE('',*,*,#5315,.T.);
#7758=ORIENTED_EDGE('',*,*,#5651,.T.);
#7759=ORIENTED_EDGE('',*,*,#4980,.F.);
#7760=ORIENTED_EDGE('',*,*,#5652,.F.);
#7761=ORIENTED_EDGE('',*,*,#5316,.T.);
#7762=ORIENTED_EDGE('',*,*,#5652,.T.);
#7763=ORIENTED_EDGE('',*,*,#4979,.F.);
#7764=ORIENTED_EDGE('',*,*,#5653,.F.);
#7765=ORIENTED_EDGE('',*,*,#5317,.T.);
#7766=ORIENTED_EDGE('',*,*,#5653,.T.);
#7767=ORIENTED_EDGE('',*,*,#4978,.F.);
#7768=ORIENTED_EDGE('',*,*,#5654,.F.);
#7769=ORIENTED_EDGE('',*,*,#5310,.T.);
#7770=ORIENTED_EDGE('',*,*,#5654,.T.);
#7771=ORIENTED_EDGE('',*,*,#4977,.F.);
#7772=ORIENTED_EDGE('',*,*,#5647,.F.);
#7773=ORIENTED_EDGE('',*,*,#5303,.T.);
#7774=ORIENTED_EDGE('',*,*,#5655,.T.);
#7775=ORIENTED_EDGE('',*,*,#4976,.F.);
#7776=ORIENTED_EDGE('',*,*,#5656,.F.);
#7777=ORIENTED_EDGE('',*,*,#5304,.T.);
#7778=ORIENTED_EDGE('',*,*,#5656,.T.);
#7779=ORIENTED_EDGE('',*,*,#4975,.F.);
#7780=ORIENTED_EDGE('',*,*,#5657,.F.);
#7781=ORIENTED_EDGE('',*,*,#5305,.T.);
#7782=ORIENTED_EDGE('',*,*,#5657,.T.);
#7783=ORIENTED_EDGE('',*,*,#4974,.F.);
#7784=ORIENTED_EDGE('',*,*,#5658,.F.);
#7785=ORIENTED_EDGE('',*,*,#5306,.T.);
#7786=ORIENTED_EDGE('',*,*,#5658,.T.);
#7787=ORIENTED_EDGE('',*,*,#4973,.F.);
#7788=ORIENTED_EDGE('',*,*,#5659,.F.);
#7789=ORIENTED_EDGE('',*,*,#5307,.T.);
#7790=ORIENTED_EDGE('',*,*,#5659,.T.);
#7791=ORIENTED_EDGE('',*,*,#4972,.F.);
#7792=ORIENTED_EDGE('',*,*,#5660,.F.);
#7793=ORIENTED_EDGE('',*,*,#5308,.T.);
#7794=ORIENTED_EDGE('',*,*,#5660,.T.);
#7795=ORIENTED_EDGE('',*,*,#4971,.F.);
#7796=ORIENTED_EDGE('',*,*,#5661,.F.);
#7797=ORIENTED_EDGE('',*,*,#5309,.T.);
#7798=ORIENTED_EDGE('',*,*,#5661,.T.);
#7799=ORIENTED_EDGE('',*,*,#4970,.F.);
#7800=ORIENTED_EDGE('',*,*,#5662,.F.);
#7801=ORIENTED_EDGE('',*,*,#5302,.T.);
#7802=ORIENTED_EDGE('',*,*,#5662,.T.);
#7803=ORIENTED_EDGE('',*,*,#4969,.F.);
#7804=ORIENTED_EDGE('',*,*,#5655,.F.);
#7805=ORIENTED_EDGE('',*,*,#5295,.T.);
#7806=ORIENTED_EDGE('',*,*,#5663,.T.);
#7807=ORIENTED_EDGE('',*,*,#4968,.F.);
#7808=ORIENTED_EDGE('',*,*,#5664,.F.);
#7809=ORIENTED_EDGE('',*,*,#5296,.T.);
#7810=ORIENTED_EDGE('',*,*,#5664,.T.);
#7811=ORIENTED_EDGE('',*,*,#4967,.F.);
#7812=ORIENTED_EDGE('',*,*,#5665,.F.);
#7813=ORIENTED_EDGE('',*,*,#5297,.T.);
#7814=ORIENTED_EDGE('',*,*,#5665,.T.);
#7815=ORIENTED_EDGE('',*,*,#4966,.F.);
#7816=ORIENTED_EDGE('',*,*,#5666,.F.);
#7817=ORIENTED_EDGE('',*,*,#5298,.T.);
#7818=ORIENTED_EDGE('',*,*,#5666,.T.);
#7819=ORIENTED_EDGE('',*,*,#4965,.F.);
#7820=ORIENTED_EDGE('',*,*,#5667,.F.);
#7821=ORIENTED_EDGE('',*,*,#5299,.T.);
#7822=ORIENTED_EDGE('',*,*,#5667,.T.);
#7823=ORIENTED_EDGE('',*,*,#4964,.F.);
#7824=ORIENTED_EDGE('',*,*,#5668,.F.);
#7825=ORIENTED_EDGE('',*,*,#5300,.T.);
#7826=ORIENTED_EDGE('',*,*,#5668,.T.);
#7827=ORIENTED_EDGE('',*,*,#4963,.F.);
#7828=ORIENTED_EDGE('',*,*,#5669,.F.);
#7829=ORIENTED_EDGE('',*,*,#5301,.T.);
#7830=ORIENTED_EDGE('',*,*,#5669,.T.);
#7831=ORIENTED_EDGE('',*,*,#4962,.F.);
#7832=ORIENTED_EDGE('',*,*,#5670,.F.);
#7833=ORIENTED_EDGE('',*,*,#5294,.T.);
#7834=ORIENTED_EDGE('',*,*,#5670,.T.);
#7835=ORIENTED_EDGE('',*,*,#4961,.F.);
#7836=ORIENTED_EDGE('',*,*,#5663,.F.);
#7837=ORIENTED_EDGE('',*,*,#5287,.T.);
#7838=ORIENTED_EDGE('',*,*,#5671,.T.);
#7839=ORIENTED_EDGE('',*,*,#4960,.F.);
#7840=ORIENTED_EDGE('',*,*,#5672,.F.);
#7841=ORIENTED_EDGE('',*,*,#5288,.T.);
#7842=ORIENTED_EDGE('',*,*,#5672,.T.);
#7843=ORIENTED_EDGE('',*,*,#4959,.F.);
#7844=ORIENTED_EDGE('',*,*,#5673,.F.);
#7845=ORIENTED_EDGE('',*,*,#5289,.T.);
#7846=ORIENTED_EDGE('',*,*,#5673,.T.);
#7847=ORIENTED_EDGE('',*,*,#4958,.F.);
#7848=ORIENTED_EDGE('',*,*,#5674,.F.);
#7849=ORIENTED_EDGE('',*,*,#5290,.T.);
#7850=ORIENTED_EDGE('',*,*,#5674,.T.);
#7851=ORIENTED_EDGE('',*,*,#4957,.F.);
#7852=ORIENTED_EDGE('',*,*,#5675,.F.);
#7853=ORIENTED_EDGE('',*,*,#5291,.T.);
#7854=ORIENTED_EDGE('',*,*,#5675,.T.);
#7855=ORIENTED_EDGE('',*,*,#4956,.F.);
#7856=ORIENTED_EDGE('',*,*,#5676,.F.);
#7857=ORIENTED_EDGE('',*,*,#5292,.T.);
#7858=ORIENTED_EDGE('',*,*,#5676,.T.);
#7859=ORIENTED_EDGE('',*,*,#4955,.F.);
#7860=ORIENTED_EDGE('',*,*,#5677,.F.);
#7861=ORIENTED_EDGE('',*,*,#5293,.T.);
#7862=ORIENTED_EDGE('',*,*,#5677,.T.);
#7863=ORIENTED_EDGE('',*,*,#4954,.F.);
#7864=ORIENTED_EDGE('',*,*,#5678,.F.);
#7865=ORIENTED_EDGE('',*,*,#5286,.T.);
#7866=ORIENTED_EDGE('',*,*,#5678,.T.);
#7867=ORIENTED_EDGE('',*,*,#4953,.F.);
#7868=ORIENTED_EDGE('',*,*,#5671,.F.);
#7869=ORIENTED_EDGE('',*,*,#5279,.T.);
#7870=ORIENTED_EDGE('',*,*,#5679,.T.);
#7871=ORIENTED_EDGE('',*,*,#4952,.F.);
#7872=ORIENTED_EDGE('',*,*,#5680,.F.);
#7873=ORIENTED_EDGE('',*,*,#5280,.T.);
#7874=ORIENTED_EDGE('',*,*,#5680,.T.);
#7875=ORIENTED_EDGE('',*,*,#4951,.F.);
#7876=ORIENTED_EDGE('',*,*,#5681,.F.);
#7877=ORIENTED_EDGE('',*,*,#5281,.T.);
#7878=ORIENTED_EDGE('',*,*,#5681,.T.);
#7879=ORIENTED_EDGE('',*,*,#4950,.F.);
#7880=ORIENTED_EDGE('',*,*,#5682,.F.);
#7881=ORIENTED_EDGE('',*,*,#5282,.T.);
#7882=ORIENTED_EDGE('',*,*,#5682,.T.);
#7883=ORIENTED_EDGE('',*,*,#4949,.F.);
#7884=ORIENTED_EDGE('',*,*,#5683,.F.);
#7885=ORIENTED_EDGE('',*,*,#5283,.T.);
#7886=ORIENTED_EDGE('',*,*,#5683,.T.);
#7887=ORIENTED_EDGE('',*,*,#4948,.F.);
#7888=ORIENTED_EDGE('',*,*,#5684,.F.);
#7889=ORIENTED_EDGE('',*,*,#5284,.T.);
#7890=ORIENTED_EDGE('',*,*,#5684,.T.);
#7891=ORIENTED_EDGE('',*,*,#4947,.F.);
#7892=ORIENTED_EDGE('',*,*,#5685,.F.);
#7893=ORIENTED_EDGE('',*,*,#5285,.T.);
#7894=ORIENTED_EDGE('',*,*,#5685,.T.);
#7895=ORIENTED_EDGE('',*,*,#4946,.F.);
#7896=ORIENTED_EDGE('',*,*,#5686,.F.);
#7897=ORIENTED_EDGE('',*,*,#5278,.T.);
#7898=ORIENTED_EDGE('',*,*,#5686,.T.);
#7899=ORIENTED_EDGE('',*,*,#4945,.F.);
#7900=ORIENTED_EDGE('',*,*,#5679,.F.);
#7901=ORIENTED_EDGE('',*,*,#5271,.T.);
#7902=ORIENTED_EDGE('',*,*,#5687,.T.);
#7903=ORIENTED_EDGE('',*,*,#4944,.F.);
#7904=ORIENTED_EDGE('',*,*,#5688,.F.);
#7905=ORIENTED_EDGE('',*,*,#5272,.T.);
#7906=ORIENTED_EDGE('',*,*,#5688,.T.);
#7907=ORIENTED_EDGE('',*,*,#4943,.F.);
#7908=ORIENTED_EDGE('',*,*,#5689,.F.);
#7909=ORIENTED_EDGE('',*,*,#5273,.T.);
#7910=ORIENTED_EDGE('',*,*,#5689,.T.);
#7911=ORIENTED_EDGE('',*,*,#4942,.F.);
#7912=ORIENTED_EDGE('',*,*,#5690,.F.);
#7913=ORIENTED_EDGE('',*,*,#5274,.T.);
#7914=ORIENTED_EDGE('',*,*,#5690,.T.);
#7915=ORIENTED_EDGE('',*,*,#4941,.F.);
#7916=ORIENTED_EDGE('',*,*,#5691,.F.);
#7917=ORIENTED_EDGE('',*,*,#5275,.T.);
#7918=ORIENTED_EDGE('',*,*,#5691,.T.);
#7919=ORIENTED_EDGE('',*,*,#4940,.F.);
#7920=ORIENTED_EDGE('',*,*,#5692,.F.);
#7921=ORIENTED_EDGE('',*,*,#5276,.T.);
#7922=ORIENTED_EDGE('',*,*,#5692,.T.);
#7923=ORIENTED_EDGE('',*,*,#4939,.F.);
#7924=ORIENTED_EDGE('',*,*,#5693,.F.);
#7925=ORIENTED_EDGE('',*,*,#5277,.T.);
#7926=ORIENTED_EDGE('',*,*,#5693,.T.);
#7927=ORIENTED_EDGE('',*,*,#4938,.F.);
#7928=ORIENTED_EDGE('',*,*,#5694,.F.);
#7929=ORIENTED_EDGE('',*,*,#5270,.T.);
#7930=ORIENTED_EDGE('',*,*,#5694,.T.);
#7931=ORIENTED_EDGE('',*,*,#4937,.F.);
#7932=ORIENTED_EDGE('',*,*,#5687,.F.);
#7933=ORIENTED_EDGE('',*,*,#4545,.T.);
#7934=ORIENTED_EDGE('',*,*,#4626,.T.);
#7935=ORIENTED_EDGE('',*,*,#4936,.F.);
#7936=ORIENTED_EDGE('',*,*,#5695,.F.);
#7937=ORIENTED_EDGE('',*,*,#4546,.T.);
#7938=ORIENTED_EDGE('',*,*,#5695,.T.);
#7939=ORIENTED_EDGE('',*,*,#4935,.F.);
#7940=ORIENTED_EDGE('',*,*,#5696,.F.);
#7941=ORIENTED_EDGE('',*,*,#4547,.T.);
#7942=ORIENTED_EDGE('',*,*,#5696,.T.);
#7943=ORIENTED_EDGE('',*,*,#4934,.F.);
#7944=ORIENTED_EDGE('',*,*,#5697,.F.);
#7945=ORIENTED_EDGE('',*,*,#4548,.T.);
#7946=ORIENTED_EDGE('',*,*,#5697,.T.);
#7947=ORIENTED_EDGE('',*,*,#4933,.F.);
#7948=ORIENTED_EDGE('',*,*,#5698,.F.);
#7949=ORIENTED_EDGE('',*,*,#4549,.T.);
#7950=ORIENTED_EDGE('',*,*,#5698,.T.);
#7951=ORIENTED_EDGE('',*,*,#4932,.F.);
#7952=ORIENTED_EDGE('',*,*,#5699,.F.);
#7953=ORIENTED_EDGE('',*,*,#4550,.T.);
#7954=ORIENTED_EDGE('',*,*,#5699,.T.);
#7955=ORIENTED_EDGE('',*,*,#4931,.F.);
#7956=ORIENTED_EDGE('',*,*,#5700,.F.);
#7957=ORIENTED_EDGE('',*,*,#4551,.T.);
#7958=ORIENTED_EDGE('',*,*,#5700,.T.);
#7959=ORIENTED_EDGE('',*,*,#4930,.F.);
#7960=ORIENTED_EDGE('',*,*,#5701,.F.);
#7961=ORIENTED_EDGE('',*,*,#4552,.T.);
#7962=ORIENTED_EDGE('',*,*,#5701,.T.);
#7963=ORIENTED_EDGE('',*,*,#4929,.F.);
#7964=ORIENTED_EDGE('',*,*,#5702,.F.);
#7965=ORIENTED_EDGE('',*,*,#4553,.T.);
#7966=ORIENTED_EDGE('',*,*,#5702,.T.);
#7967=ORIENTED_EDGE('',*,*,#4928,.F.);
#7968=ORIENTED_EDGE('',*,*,#5703,.F.);
#7969=ORIENTED_EDGE('',*,*,#4554,.T.);
#7970=ORIENTED_EDGE('',*,*,#5703,.T.);
#7971=ORIENTED_EDGE('',*,*,#4927,.F.);
#7972=ORIENTED_EDGE('',*,*,#5704,.F.);
#7973=ORIENTED_EDGE('',*,*,#4555,.T.);
#7974=ORIENTED_EDGE('',*,*,#5704,.T.);
#7975=ORIENTED_EDGE('',*,*,#4926,.F.);
#7976=ORIENTED_EDGE('',*,*,#5705,.F.);
#7977=ORIENTED_EDGE('',*,*,#4556,.T.);
#7978=ORIENTED_EDGE('',*,*,#5705,.T.);
#7979=ORIENTED_EDGE('',*,*,#4925,.F.);
#7980=ORIENTED_EDGE('',*,*,#5706,.F.);
#7981=ORIENTED_EDGE('',*,*,#4557,.T.);
#7982=ORIENTED_EDGE('',*,*,#5706,.T.);
#7983=ORIENTED_EDGE('',*,*,#4924,.F.);
#7984=ORIENTED_EDGE('',*,*,#5707,.F.);
#7985=ORIENTED_EDGE('',*,*,#4558,.T.);
#7986=ORIENTED_EDGE('',*,*,#5707,.T.);
#7987=ORIENTED_EDGE('',*,*,#4923,.F.);
#7988=ORIENTED_EDGE('',*,*,#5708,.F.);
#7989=ORIENTED_EDGE('',*,*,#4559,.T.);
#7990=ORIENTED_EDGE('',*,*,#5708,.T.);
#7991=ORIENTED_EDGE('',*,*,#4922,.F.);
#7992=ORIENTED_EDGE('',*,*,#5709,.F.);
#7993=ORIENTED_EDGE('',*,*,#4560,.T.);
#7994=ORIENTED_EDGE('',*,*,#5709,.T.);
#7995=ORIENTED_EDGE('',*,*,#4921,.F.);
#7996=ORIENTED_EDGE('',*,*,#5710,.F.);
#7997=ORIENTED_EDGE('',*,*,#4561,.T.);
#7998=ORIENTED_EDGE('',*,*,#5710,.T.);
#7999=ORIENTED_EDGE('',*,*,#4920,.F.);
#8000=ORIENTED_EDGE('',*,*,#5711,.F.);
#8001=ORIENTED_EDGE('',*,*,#4562,.T.);
#8002=ORIENTED_EDGE('',*,*,#5711,.T.);
#8003=ORIENTED_EDGE('',*,*,#4919,.F.);
#8004=ORIENTED_EDGE('',*,*,#5712,.F.);
#8005=ORIENTED_EDGE('',*,*,#4563,.T.);
#8006=ORIENTED_EDGE('',*,*,#5712,.T.);
#8007=ORIENTED_EDGE('',*,*,#4918,.F.);
#8008=ORIENTED_EDGE('',*,*,#5713,.F.);
#8009=ORIENTED_EDGE('',*,*,#4564,.T.);
#8010=ORIENTED_EDGE('',*,*,#5713,.T.);
#8011=ORIENTED_EDGE('',*,*,#4917,.F.);
#8012=ORIENTED_EDGE('',*,*,#5714,.F.);
#8013=ORIENTED_EDGE('',*,*,#4565,.T.);
#8014=ORIENTED_EDGE('',*,*,#5714,.T.);
#8015=ORIENTED_EDGE('',*,*,#4916,.F.);
#8016=ORIENTED_EDGE('',*,*,#5715,.F.);
#8017=ORIENTED_EDGE('',*,*,#4566,.T.);
#8018=ORIENTED_EDGE('',*,*,#5715,.T.);
#8019=ORIENTED_EDGE('',*,*,#4915,.F.);
#8020=ORIENTED_EDGE('',*,*,#5716,.F.);
#8021=ORIENTED_EDGE('',*,*,#4567,.T.);
#8022=ORIENTED_EDGE('',*,*,#5716,.T.);
#8023=ORIENTED_EDGE('',*,*,#4914,.F.);
#8024=ORIENTED_EDGE('',*,*,#5717,.F.);
#8025=ORIENTED_EDGE('',*,*,#4568,.T.);
#8026=ORIENTED_EDGE('',*,*,#5717,.T.);
#8027=ORIENTED_EDGE('',*,*,#4913,.F.);
#8028=ORIENTED_EDGE('',*,*,#5718,.F.);
#8029=ORIENTED_EDGE('',*,*,#4569,.T.);
#8030=ORIENTED_EDGE('',*,*,#5718,.T.);
#8031=ORIENTED_EDGE('',*,*,#4912,.F.);
#8032=ORIENTED_EDGE('',*,*,#5719,.F.);
#8033=ORIENTED_EDGE('',*,*,#4570,.T.);
#8034=ORIENTED_EDGE('',*,*,#5719,.T.);
#8035=ORIENTED_EDGE('',*,*,#4911,.F.);
#8036=ORIENTED_EDGE('',*,*,#5720,.F.);
#8037=ORIENTED_EDGE('',*,*,#4571,.T.);
#8038=ORIENTED_EDGE('',*,*,#5720,.T.);
#8039=ORIENTED_EDGE('',*,*,#4910,.F.);
#8040=ORIENTED_EDGE('',*,*,#5721,.F.);
#8041=ORIENTED_EDGE('',*,*,#4572,.T.);
#8042=ORIENTED_EDGE('',*,*,#5721,.T.);
#8043=ORIENTED_EDGE('',*,*,#4909,.F.);
#8044=ORIENTED_EDGE('',*,*,#5722,.F.);
#8045=ORIENTED_EDGE('',*,*,#4513,.T.);
#8046=ORIENTED_EDGE('',*,*,#5722,.T.);
#8047=ORIENTED_EDGE('',*,*,#4908,.F.);
#8048=ORIENTED_EDGE('',*,*,#5723,.F.);
#8049=ORIENTED_EDGE('',*,*,#4514,.T.);
#8050=ORIENTED_EDGE('',*,*,#5723,.T.);
#8051=ORIENTED_EDGE('',*,*,#4907,.F.);
#8052=ORIENTED_EDGE('',*,*,#4683,.F.);
#8053=ORIENTED_EDGE('',*,*,#5263,.T.);
#8054=ORIENTED_EDGE('',*,*,#5724,.T.);
#8055=ORIENTED_EDGE('',*,*,#4906,.F.);
#8056=ORIENTED_EDGE('',*,*,#5725,.F.);
#8057=ORIENTED_EDGE('',*,*,#5264,.T.);
#8058=ORIENTED_EDGE('',*,*,#5725,.T.);
#8059=ORIENTED_EDGE('',*,*,#4905,.F.);
#8060=ORIENTED_EDGE('',*,*,#5726,.F.);
#8061=ORIENTED_EDGE('',*,*,#5265,.T.);
#8062=ORIENTED_EDGE('',*,*,#5726,.T.);
#8063=ORIENTED_EDGE('',*,*,#4904,.F.);
#8064=ORIENTED_EDGE('',*,*,#5727,.F.);
#8065=ORIENTED_EDGE('',*,*,#5266,.T.);
#8066=ORIENTED_EDGE('',*,*,#5727,.T.);
#8067=ORIENTED_EDGE('',*,*,#4903,.F.);
#8068=ORIENTED_EDGE('',*,*,#5728,.F.);
#8069=ORIENTED_EDGE('',*,*,#5267,.T.);
#8070=ORIENTED_EDGE('',*,*,#5728,.T.);
#8071=ORIENTED_EDGE('',*,*,#4902,.F.);
#8072=ORIENTED_EDGE('',*,*,#5729,.F.);
#8073=ORIENTED_EDGE('',*,*,#5268,.T.);
#8074=ORIENTED_EDGE('',*,*,#5729,.T.);
#8075=ORIENTED_EDGE('',*,*,#4901,.F.);
#8076=ORIENTED_EDGE('',*,*,#5730,.F.);
#8077=ORIENTED_EDGE('',*,*,#5269,.T.);
#8078=ORIENTED_EDGE('',*,*,#5730,.T.);
#8079=ORIENTED_EDGE('',*,*,#4900,.F.);
#8080=ORIENTED_EDGE('',*,*,#5731,.F.);
#8081=ORIENTED_EDGE('',*,*,#5262,.T.);
#8082=ORIENTED_EDGE('',*,*,#5731,.T.);
#8083=ORIENTED_EDGE('',*,*,#4899,.F.);
#8084=ORIENTED_EDGE('',*,*,#5724,.F.);
#8085=ORIENTED_EDGE('',*,*,#5255,.T.);
#8086=ORIENTED_EDGE('',*,*,#5732,.T.);
#8087=ORIENTED_EDGE('',*,*,#4898,.F.);
#8088=ORIENTED_EDGE('',*,*,#5733,.F.);
#8089=ORIENTED_EDGE('',*,*,#5256,.T.);
#8090=ORIENTED_EDGE('',*,*,#5733,.T.);
#8091=ORIENTED_EDGE('',*,*,#4897,.F.);
#8092=ORIENTED_EDGE('',*,*,#5734,.F.);
#8093=ORIENTED_EDGE('',*,*,#5257,.T.);
#8094=ORIENTED_EDGE('',*,*,#5734,.T.);
#8095=ORIENTED_EDGE('',*,*,#4896,.F.);
#8096=ORIENTED_EDGE('',*,*,#5735,.F.);
#8097=ORIENTED_EDGE('',*,*,#5258,.T.);
#8098=ORIENTED_EDGE('',*,*,#5735,.T.);
#8099=ORIENTED_EDGE('',*,*,#4895,.F.);
#8100=ORIENTED_EDGE('',*,*,#5736,.F.);
#8101=ORIENTED_EDGE('',*,*,#5259,.T.);
#8102=ORIENTED_EDGE('',*,*,#5736,.T.);
#8103=ORIENTED_EDGE('',*,*,#4894,.F.);
#8104=ORIENTED_EDGE('',*,*,#5737,.F.);
#8105=ORIENTED_EDGE('',*,*,#5260,.T.);
#8106=ORIENTED_EDGE('',*,*,#5737,.T.);
#8107=ORIENTED_EDGE('',*,*,#4893,.F.);
#8108=ORIENTED_EDGE('',*,*,#5738,.F.);
#8109=ORIENTED_EDGE('',*,*,#5261,.T.);
#8110=ORIENTED_EDGE('',*,*,#5738,.T.);
#8111=ORIENTED_EDGE('',*,*,#4892,.F.);
#8112=ORIENTED_EDGE('',*,*,#5739,.F.);
#8113=ORIENTED_EDGE('',*,*,#5254,.T.);
#8114=ORIENTED_EDGE('',*,*,#5739,.T.);
#8115=ORIENTED_EDGE('',*,*,#4891,.F.);
#8116=ORIENTED_EDGE('',*,*,#5732,.F.);
#8117=ORIENTED_EDGE('',*,*,#5247,.T.);
#8118=ORIENTED_EDGE('',*,*,#5740,.T.);
#8119=ORIENTED_EDGE('',*,*,#4890,.F.);
#8120=ORIENTED_EDGE('',*,*,#5741,.F.);
#8121=ORIENTED_EDGE('',*,*,#5248,.T.);
#8122=ORIENTED_EDGE('',*,*,#5741,.T.);
#8123=ORIENTED_EDGE('',*,*,#4889,.F.);
#8124=ORIENTED_EDGE('',*,*,#5742,.F.);
#8125=ORIENTED_EDGE('',*,*,#5249,.T.);
#8126=ORIENTED_EDGE('',*,*,#5742,.T.);
#8127=ORIENTED_EDGE('',*,*,#4888,.F.);
#8128=ORIENTED_EDGE('',*,*,#5743,.F.);
#8129=ORIENTED_EDGE('',*,*,#5250,.T.);
#8130=ORIENTED_EDGE('',*,*,#5743,.T.);
#8131=ORIENTED_EDGE('',*,*,#4887,.F.);
#8132=ORIENTED_EDGE('',*,*,#5744,.F.);
#8133=ORIENTED_EDGE('',*,*,#5251,.T.);
#8134=ORIENTED_EDGE('',*,*,#5744,.T.);
#8135=ORIENTED_EDGE('',*,*,#4886,.F.);
#8136=ORIENTED_EDGE('',*,*,#5745,.F.);
#8137=ORIENTED_EDGE('',*,*,#5252,.T.);
#8138=ORIENTED_EDGE('',*,*,#5745,.T.);
#8139=ORIENTED_EDGE('',*,*,#4885,.F.);
#8140=ORIENTED_EDGE('',*,*,#5746,.F.);
#8141=ORIENTED_EDGE('',*,*,#5253,.T.);
#8142=ORIENTED_EDGE('',*,*,#5746,.T.);
#8143=ORIENTED_EDGE('',*,*,#4884,.F.);
#8144=ORIENTED_EDGE('',*,*,#5747,.F.);
#8145=ORIENTED_EDGE('',*,*,#5246,.T.);
#8146=ORIENTED_EDGE('',*,*,#5747,.T.);
#8147=ORIENTED_EDGE('',*,*,#4883,.F.);
#8148=ORIENTED_EDGE('',*,*,#5740,.F.);
#8149=ORIENTED_EDGE('',*,*,#5239,.T.);
#8150=ORIENTED_EDGE('',*,*,#5748,.T.);
#8151=ORIENTED_EDGE('',*,*,#4882,.F.);
#8152=ORIENTED_EDGE('',*,*,#5749,.F.);
#8153=ORIENTED_EDGE('',*,*,#5240,.T.);
#8154=ORIENTED_EDGE('',*,*,#5749,.T.);
#8155=ORIENTED_EDGE('',*,*,#4881,.F.);
#8156=ORIENTED_EDGE('',*,*,#5750,.F.);
#8157=ORIENTED_EDGE('',*,*,#5241,.T.);
#8158=ORIENTED_EDGE('',*,*,#5750,.T.);
#8159=ORIENTED_EDGE('',*,*,#4880,.F.);
#8160=ORIENTED_EDGE('',*,*,#5751,.F.);
#8161=ORIENTED_EDGE('',*,*,#5242,.T.);
#8162=ORIENTED_EDGE('',*,*,#5751,.T.);
#8163=ORIENTED_EDGE('',*,*,#4879,.F.);
#8164=ORIENTED_EDGE('',*,*,#5752,.F.);
#8165=ORIENTED_EDGE('',*,*,#5243,.T.);
#8166=ORIENTED_EDGE('',*,*,#5752,.T.);
#8167=ORIENTED_EDGE('',*,*,#4878,.F.);
#8168=ORIENTED_EDGE('',*,*,#5753,.F.);
#8169=ORIENTED_EDGE('',*,*,#5244,.T.);
#8170=ORIENTED_EDGE('',*,*,#5753,.T.);
#8171=ORIENTED_EDGE('',*,*,#4877,.F.);
#8172=ORIENTED_EDGE('',*,*,#5754,.F.);
#8173=ORIENTED_EDGE('',*,*,#5245,.T.);
#8174=ORIENTED_EDGE('',*,*,#5754,.T.);
#8175=ORIENTED_EDGE('',*,*,#4876,.F.);
#8176=ORIENTED_EDGE('',*,*,#5755,.F.);
#8177=ORIENTED_EDGE('',*,*,#5238,.T.);
#8178=ORIENTED_EDGE('',*,*,#5755,.T.);
#8179=ORIENTED_EDGE('',*,*,#4875,.F.);
#8180=ORIENTED_EDGE('',*,*,#5748,.F.);
#8181=ORIENTED_EDGE('',*,*,#5231,.T.);
#8182=ORIENTED_EDGE('',*,*,#5756,.T.);
#8183=ORIENTED_EDGE('',*,*,#4874,.F.);
#8184=ORIENTED_EDGE('',*,*,#5757,.F.);
#8185=ORIENTED_EDGE('',*,*,#5232,.T.);
#8186=ORIENTED_EDGE('',*,*,#5757,.T.);
#8187=ORIENTED_EDGE('',*,*,#4873,.F.);
#8188=ORIENTED_EDGE('',*,*,#5758,.F.);
#8189=ORIENTED_EDGE('',*,*,#5233,.T.);
#8190=ORIENTED_EDGE('',*,*,#5758,.T.);
#8191=ORIENTED_EDGE('',*,*,#4872,.F.);
#8192=ORIENTED_EDGE('',*,*,#5759,.F.);
#8193=ORIENTED_EDGE('',*,*,#5234,.T.);
#8194=ORIENTED_EDGE('',*,*,#5759,.T.);
#8195=ORIENTED_EDGE('',*,*,#4871,.F.);
#8196=ORIENTED_EDGE('',*,*,#5760,.F.);
#8197=ORIENTED_EDGE('',*,*,#5235,.T.);
#8198=ORIENTED_EDGE('',*,*,#5760,.T.);
#8199=ORIENTED_EDGE('',*,*,#4870,.F.);
#8200=ORIENTED_EDGE('',*,*,#5761,.F.);
#8201=ORIENTED_EDGE('',*,*,#5236,.T.);
#8202=ORIENTED_EDGE('',*,*,#5761,.T.);
#8203=ORIENTED_EDGE('',*,*,#4869,.F.);
#8204=ORIENTED_EDGE('',*,*,#5762,.F.);
#8205=ORIENTED_EDGE('',*,*,#5237,.T.);
#8206=ORIENTED_EDGE('',*,*,#5762,.T.);
#8207=ORIENTED_EDGE('',*,*,#4868,.F.);
#8208=ORIENTED_EDGE('',*,*,#5763,.F.);
#8209=ORIENTED_EDGE('',*,*,#5230,.T.);
#8210=ORIENTED_EDGE('',*,*,#5763,.T.);
#8211=ORIENTED_EDGE('',*,*,#4867,.F.);
#8212=ORIENTED_EDGE('',*,*,#5756,.F.);
#8213=ORIENTED_EDGE('',*,*,#5223,.T.);
#8214=ORIENTED_EDGE('',*,*,#5764,.T.);
#8215=ORIENTED_EDGE('',*,*,#4866,.F.);
#8216=ORIENTED_EDGE('',*,*,#5765,.F.);
#8217=ORIENTED_EDGE('',*,*,#5224,.T.);
#8218=ORIENTED_EDGE('',*,*,#5765,.T.);
#8219=ORIENTED_EDGE('',*,*,#4865,.F.);
#8220=ORIENTED_EDGE('',*,*,#5766,.F.);
#8221=ORIENTED_EDGE('',*,*,#5225,.T.);
#8222=ORIENTED_EDGE('',*,*,#5766,.T.);
#8223=ORIENTED_EDGE('',*,*,#4864,.F.);
#8224=ORIENTED_EDGE('',*,*,#5767,.F.);
#8225=ORIENTED_EDGE('',*,*,#5226,.T.);
#8226=ORIENTED_EDGE('',*,*,#5767,.T.);
#8227=ORIENTED_EDGE('',*,*,#4863,.F.);
#8228=ORIENTED_EDGE('',*,*,#5768,.F.);
#8229=ORIENTED_EDGE('',*,*,#5227,.T.);
#8230=ORIENTED_EDGE('',*,*,#5768,.T.);
#8231=ORIENTED_EDGE('',*,*,#4862,.F.);
#8232=ORIENTED_EDGE('',*,*,#5769,.F.);
#8233=ORIENTED_EDGE('',*,*,#5228,.T.);
#8234=ORIENTED_EDGE('',*,*,#5769,.T.);
#8235=ORIENTED_EDGE('',*,*,#4861,.F.);
#8236=ORIENTED_EDGE('',*,*,#5770,.F.);
#8237=ORIENTED_EDGE('',*,*,#5229,.T.);
#8238=ORIENTED_EDGE('',*,*,#5770,.T.);
#8239=ORIENTED_EDGE('',*,*,#4860,.F.);
#8240=ORIENTED_EDGE('',*,*,#5771,.F.);
#8241=ORIENTED_EDGE('',*,*,#5222,.T.);
#8242=ORIENTED_EDGE('',*,*,#5771,.T.);
#8243=ORIENTED_EDGE('',*,*,#4859,.F.);
#8244=ORIENTED_EDGE('',*,*,#5764,.F.);
#8245=ORIENTED_EDGE('',*,*,#5215,.T.);
#8246=ORIENTED_EDGE('',*,*,#5772,.T.);
#8247=ORIENTED_EDGE('',*,*,#4858,.F.);
#8248=ORIENTED_EDGE('',*,*,#5773,.F.);
#8249=ORIENTED_EDGE('',*,*,#5216,.T.);
#8250=ORIENTED_EDGE('',*,*,#5773,.T.);
#8251=ORIENTED_EDGE('',*,*,#4857,.F.);
#8252=ORIENTED_EDGE('',*,*,#5774,.F.);
#8253=ORIENTED_EDGE('',*,*,#5217,.T.);
#8254=ORIENTED_EDGE('',*,*,#5774,.T.);
#8255=ORIENTED_EDGE('',*,*,#4856,.F.);
#8256=ORIENTED_EDGE('',*,*,#5775,.F.);
#8257=ORIENTED_EDGE('',*,*,#5218,.T.);
#8258=ORIENTED_EDGE('',*,*,#5775,.T.);
#8259=ORIENTED_EDGE('',*,*,#4855,.F.);
#8260=ORIENTED_EDGE('',*,*,#5776,.F.);
#8261=ORIENTED_EDGE('',*,*,#5219,.T.);
#8262=ORIENTED_EDGE('',*,*,#5776,.T.);
#8263=ORIENTED_EDGE('',*,*,#4854,.F.);
#8264=ORIENTED_EDGE('',*,*,#5777,.F.);
#8265=ORIENTED_EDGE('',*,*,#5220,.T.);
#8266=ORIENTED_EDGE('',*,*,#5777,.T.);
#8267=ORIENTED_EDGE('',*,*,#4853,.F.);
#8268=ORIENTED_EDGE('',*,*,#5778,.F.);
#8269=ORIENTED_EDGE('',*,*,#5221,.T.);
#8270=ORIENTED_EDGE('',*,*,#5778,.T.);
#8271=ORIENTED_EDGE('',*,*,#4852,.F.);
#8272=ORIENTED_EDGE('',*,*,#5779,.F.);
#8273=ORIENTED_EDGE('',*,*,#5214,.T.);
#8274=ORIENTED_EDGE('',*,*,#5779,.T.);
#8275=ORIENTED_EDGE('',*,*,#4851,.F.);
#8276=ORIENTED_EDGE('',*,*,#5772,.F.);
#8277=ORIENTED_EDGE('',*,*,#5207,.T.);
#8278=ORIENTED_EDGE('',*,*,#5780,.T.);
#8279=ORIENTED_EDGE('',*,*,#4850,.F.);
#8280=ORIENTED_EDGE('',*,*,#5781,.F.);
#8281=ORIENTED_EDGE('',*,*,#5208,.T.);
#8282=ORIENTED_EDGE('',*,*,#5781,.T.);
#8283=ORIENTED_EDGE('',*,*,#4849,.F.);
#8284=ORIENTED_EDGE('',*,*,#5782,.F.);
#8285=ORIENTED_EDGE('',*,*,#5209,.T.);
#8286=ORIENTED_EDGE('',*,*,#5782,.T.);
#8287=ORIENTED_EDGE('',*,*,#4848,.F.);
#8288=ORIENTED_EDGE('',*,*,#5783,.F.);
#8289=ORIENTED_EDGE('',*,*,#5210,.T.);
#8290=ORIENTED_EDGE('',*,*,#5783,.T.);
#8291=ORIENTED_EDGE('',*,*,#4847,.F.);
#8292=ORIENTED_EDGE('',*,*,#5784,.F.);
#8293=ORIENTED_EDGE('',*,*,#5211,.T.);
#8294=ORIENTED_EDGE('',*,*,#5784,.T.);
#8295=ORIENTED_EDGE('',*,*,#4846,.F.);
#8296=ORIENTED_EDGE('',*,*,#5785,.F.);
#8297=ORIENTED_EDGE('',*,*,#5212,.T.);
#8298=ORIENTED_EDGE('',*,*,#5785,.T.);
#8299=ORIENTED_EDGE('',*,*,#4845,.F.);
#8300=ORIENTED_EDGE('',*,*,#5786,.F.);
#8301=ORIENTED_EDGE('',*,*,#5213,.T.);
#8302=ORIENTED_EDGE('',*,*,#5786,.T.);
#8303=ORIENTED_EDGE('',*,*,#4844,.F.);
#8304=ORIENTED_EDGE('',*,*,#5787,.F.);
#8305=ORIENTED_EDGE('',*,*,#5206,.T.);
#8306=ORIENTED_EDGE('',*,*,#5787,.T.);
#8307=ORIENTED_EDGE('',*,*,#4843,.F.);
#8308=ORIENTED_EDGE('',*,*,#5780,.F.);
#8309=ORIENTED_EDGE('',*,*,#5199,.T.);
#8310=ORIENTED_EDGE('',*,*,#5788,.T.);
#8311=ORIENTED_EDGE('',*,*,#4842,.F.);
#8312=ORIENTED_EDGE('',*,*,#5789,.F.);
#8313=ORIENTED_EDGE('',*,*,#5200,.T.);
#8314=ORIENTED_EDGE('',*,*,#5789,.T.);
#8315=ORIENTED_EDGE('',*,*,#4841,.F.);
#8316=ORIENTED_EDGE('',*,*,#5790,.F.);
#8317=ORIENTED_EDGE('',*,*,#5201,.T.);
#8318=ORIENTED_EDGE('',*,*,#5790,.T.);
#8319=ORIENTED_EDGE('',*,*,#4840,.F.);
#8320=ORIENTED_EDGE('',*,*,#5791,.F.);
#8321=ORIENTED_EDGE('',*,*,#5202,.T.);
#8322=ORIENTED_EDGE('',*,*,#5791,.T.);
#8323=ORIENTED_EDGE('',*,*,#4839,.F.);
#8324=ORIENTED_EDGE('',*,*,#5792,.F.);
#8325=ORIENTED_EDGE('',*,*,#5203,.T.);
#8326=ORIENTED_EDGE('',*,*,#5792,.T.);
#8327=ORIENTED_EDGE('',*,*,#4838,.F.);
#8328=ORIENTED_EDGE('',*,*,#5793,.F.);
#8329=ORIENTED_EDGE('',*,*,#5204,.T.);
#8330=ORIENTED_EDGE('',*,*,#5793,.T.);
#8331=ORIENTED_EDGE('',*,*,#4837,.F.);
#8332=ORIENTED_EDGE('',*,*,#5794,.F.);
#8333=ORIENTED_EDGE('',*,*,#5205,.T.);
#8334=ORIENTED_EDGE('',*,*,#5794,.T.);
#8335=ORIENTED_EDGE('',*,*,#4836,.F.);
#8336=ORIENTED_EDGE('',*,*,#5795,.F.);
#8337=ORIENTED_EDGE('',*,*,#5198,.T.);
#8338=ORIENTED_EDGE('',*,*,#5795,.T.);
#8339=ORIENTED_EDGE('',*,*,#4835,.F.);
#8340=ORIENTED_EDGE('',*,*,#5788,.F.);
#8341=ORIENTED_EDGE('',*,*,#5191,.T.);
#8342=ORIENTED_EDGE('',*,*,#5796,.T.);
#8343=ORIENTED_EDGE('',*,*,#4834,.F.);
#8344=ORIENTED_EDGE('',*,*,#5797,.F.);
#8345=ORIENTED_EDGE('',*,*,#5192,.T.);
#8346=ORIENTED_EDGE('',*,*,#5797,.T.);
#8347=ORIENTED_EDGE('',*,*,#4833,.F.);
#8348=ORIENTED_EDGE('',*,*,#5798,.F.);
#8349=ORIENTED_EDGE('',*,*,#5193,.T.);
#8350=ORIENTED_EDGE('',*,*,#5798,.T.);
#8351=ORIENTED_EDGE('',*,*,#4832,.F.);
#8352=ORIENTED_EDGE('',*,*,#5799,.F.);
#8353=ORIENTED_EDGE('',*,*,#5194,.T.);
#8354=ORIENTED_EDGE('',*,*,#5799,.T.);
#8355=ORIENTED_EDGE('',*,*,#4831,.F.);
#8356=ORIENTED_EDGE('',*,*,#5800,.F.);
#8357=ORIENTED_EDGE('',*,*,#5195,.T.);
#8358=ORIENTED_EDGE('',*,*,#5800,.T.);
#8359=ORIENTED_EDGE('',*,*,#4830,.F.);
#8360=ORIENTED_EDGE('',*,*,#5801,.F.);
#8361=ORIENTED_EDGE('',*,*,#5196,.T.);
#8362=ORIENTED_EDGE('',*,*,#5801,.T.);
#8363=ORIENTED_EDGE('',*,*,#4829,.F.);
#8364=ORIENTED_EDGE('',*,*,#5802,.F.);
#8365=ORIENTED_EDGE('',*,*,#5197,.T.);
#8366=ORIENTED_EDGE('',*,*,#5802,.T.);
#8367=ORIENTED_EDGE('',*,*,#4828,.F.);
#8368=ORIENTED_EDGE('',*,*,#5803,.F.);
#8369=ORIENTED_EDGE('',*,*,#5190,.T.);
#8370=ORIENTED_EDGE('',*,*,#5803,.T.);
#8371=ORIENTED_EDGE('',*,*,#4827,.F.);
#8372=ORIENTED_EDGE('',*,*,#5796,.F.);
#8373=ORIENTED_EDGE('',*,*,#5183,.T.);
#8374=ORIENTED_EDGE('',*,*,#5804,.T.);
#8375=ORIENTED_EDGE('',*,*,#4826,.F.);
#8376=ORIENTED_EDGE('',*,*,#5805,.F.);
#8377=ORIENTED_EDGE('',*,*,#5184,.T.);
#8378=ORIENTED_EDGE('',*,*,#5805,.T.);
#8379=ORIENTED_EDGE('',*,*,#4825,.F.);
#8380=ORIENTED_EDGE('',*,*,#5806,.F.);
#8381=ORIENTED_EDGE('',*,*,#5185,.T.);
#8382=ORIENTED_EDGE('',*,*,#5806,.T.);
#8383=ORIENTED_EDGE('',*,*,#4824,.F.);
#8384=ORIENTED_EDGE('',*,*,#5807,.F.);
#8385=ORIENTED_EDGE('',*,*,#5186,.T.);
#8386=ORIENTED_EDGE('',*,*,#5807,.T.);
#8387=ORIENTED_EDGE('',*,*,#4823,.F.);
#8388=ORIENTED_EDGE('',*,*,#5808,.F.);
#8389=ORIENTED_EDGE('',*,*,#5187,.T.);
#8390=ORIENTED_EDGE('',*,*,#5808,.T.);
#8391=ORIENTED_EDGE('',*,*,#4822,.F.);
#8392=ORIENTED_EDGE('',*,*,#5809,.F.);
#8393=ORIENTED_EDGE('',*,*,#5188,.T.);
#8394=ORIENTED_EDGE('',*,*,#5809,.T.);
#8395=ORIENTED_EDGE('',*,*,#4821,.F.);
#8396=ORIENTED_EDGE('',*,*,#5810,.F.);
#8397=ORIENTED_EDGE('',*,*,#5189,.T.);
#8398=ORIENTED_EDGE('',*,*,#5810,.T.);
#8399=ORIENTED_EDGE('',*,*,#4820,.F.);
#8400=ORIENTED_EDGE('',*,*,#5811,.F.);
#8401=ORIENTED_EDGE('',*,*,#5182,.T.);
#8402=ORIENTED_EDGE('',*,*,#5811,.T.);
#8403=ORIENTED_EDGE('',*,*,#4819,.F.);
#8404=ORIENTED_EDGE('',*,*,#5804,.F.);
#8405=ORIENTED_EDGE('',*,*,#5175,.T.);
#8406=ORIENTED_EDGE('',*,*,#5812,.T.);
#8407=ORIENTED_EDGE('',*,*,#4818,.F.);
#8408=ORIENTED_EDGE('',*,*,#5813,.F.);
#8409=ORIENTED_EDGE('',*,*,#5176,.T.);
#8410=ORIENTED_EDGE('',*,*,#5813,.T.);
#8411=ORIENTED_EDGE('',*,*,#4817,.F.);
#8412=ORIENTED_EDGE('',*,*,#5814,.F.);
#8413=ORIENTED_EDGE('',*,*,#5177,.T.);
#8414=ORIENTED_EDGE('',*,*,#5814,.T.);
#8415=ORIENTED_EDGE('',*,*,#4816,.F.);
#8416=ORIENTED_EDGE('',*,*,#5815,.F.);
#8417=ORIENTED_EDGE('',*,*,#5178,.T.);
#8418=ORIENTED_EDGE('',*,*,#5815,.T.);
#8419=ORIENTED_EDGE('',*,*,#4815,.F.);
#8420=ORIENTED_EDGE('',*,*,#5816,.F.);
#8421=ORIENTED_EDGE('',*,*,#5179,.T.);
#8422=ORIENTED_EDGE('',*,*,#5816,.T.);
#8423=ORIENTED_EDGE('',*,*,#4814,.F.);
#8424=ORIENTED_EDGE('',*,*,#5817,.F.);
#8425=ORIENTED_EDGE('',*,*,#5180,.T.);
#8426=ORIENTED_EDGE('',*,*,#5817,.T.);
#8427=ORIENTED_EDGE('',*,*,#4813,.F.);
#8428=ORIENTED_EDGE('',*,*,#5818,.F.);
#8429=ORIENTED_EDGE('',*,*,#5181,.T.);
#8430=ORIENTED_EDGE('',*,*,#5818,.T.);
#8431=ORIENTED_EDGE('',*,*,#4812,.F.);
#8432=ORIENTED_EDGE('',*,*,#5819,.F.);
#8433=ORIENTED_EDGE('',*,*,#5174,.T.);
#8434=ORIENTED_EDGE('',*,*,#5819,.T.);
#8435=ORIENTED_EDGE('',*,*,#4811,.F.);
#8436=ORIENTED_EDGE('',*,*,#5812,.F.);
#8437=ORIENTED_EDGE('',*,*,#5167,.T.);
#8438=ORIENTED_EDGE('',*,*,#5820,.T.);
#8439=ORIENTED_EDGE('',*,*,#4810,.F.);
#8440=ORIENTED_EDGE('',*,*,#5821,.F.);
#8441=ORIENTED_EDGE('',*,*,#5168,.T.);
#8442=ORIENTED_EDGE('',*,*,#5821,.T.);
#8443=ORIENTED_EDGE('',*,*,#4809,.F.);
#8444=ORIENTED_EDGE('',*,*,#5822,.F.);
#8445=ORIENTED_EDGE('',*,*,#5169,.T.);
#8446=ORIENTED_EDGE('',*,*,#5822,.T.);
#8447=ORIENTED_EDGE('',*,*,#4808,.F.);
#8448=ORIENTED_EDGE('',*,*,#5823,.F.);
#8449=ORIENTED_EDGE('',*,*,#5170,.T.);
#8450=ORIENTED_EDGE('',*,*,#5823,.T.);
#8451=ORIENTED_EDGE('',*,*,#4807,.F.);
#8452=ORIENTED_EDGE('',*,*,#5824,.F.);
#8453=ORIENTED_EDGE('',*,*,#5171,.T.);
#8454=ORIENTED_EDGE('',*,*,#5824,.T.);
#8455=ORIENTED_EDGE('',*,*,#4806,.F.);
#8456=ORIENTED_EDGE('',*,*,#5825,.F.);
#8457=ORIENTED_EDGE('',*,*,#5172,.T.);
#8458=ORIENTED_EDGE('',*,*,#5825,.T.);
#8459=ORIENTED_EDGE('',*,*,#4805,.F.);
#8460=ORIENTED_EDGE('',*,*,#5826,.F.);
#8461=ORIENTED_EDGE('',*,*,#5173,.T.);
#8462=ORIENTED_EDGE('',*,*,#5826,.T.);
#8463=ORIENTED_EDGE('',*,*,#4804,.F.);
#8464=ORIENTED_EDGE('',*,*,#5827,.F.);
#8465=ORIENTED_EDGE('',*,*,#5166,.T.);
#8466=ORIENTED_EDGE('',*,*,#5827,.T.);
#8467=ORIENTED_EDGE('',*,*,#4803,.F.);
#8468=ORIENTED_EDGE('',*,*,#5820,.F.);
#8469=ORIENTED_EDGE('',*,*,#5159,.T.);
#8470=ORIENTED_EDGE('',*,*,#5828,.T.);
#8471=ORIENTED_EDGE('',*,*,#4802,.F.);
#8472=ORIENTED_EDGE('',*,*,#5829,.F.);
#8473=ORIENTED_EDGE('',*,*,#5160,.T.);
#8474=ORIENTED_EDGE('',*,*,#5829,.T.);
#8475=ORIENTED_EDGE('',*,*,#4801,.F.);
#8476=ORIENTED_EDGE('',*,*,#5830,.F.);
#8477=ORIENTED_EDGE('',*,*,#5161,.T.);
#8478=ORIENTED_EDGE('',*,*,#5830,.T.);
#8479=ORIENTED_EDGE('',*,*,#4800,.F.);
#8480=ORIENTED_EDGE('',*,*,#5831,.F.);
#8481=ORIENTED_EDGE('',*,*,#5162,.T.);
#8482=ORIENTED_EDGE('',*,*,#5831,.T.);
#8483=ORIENTED_EDGE('',*,*,#4799,.F.);
#8484=ORIENTED_EDGE('',*,*,#5832,.F.);
#8485=ORIENTED_EDGE('',*,*,#5163,.T.);
#8486=ORIENTED_EDGE('',*,*,#5832,.T.);
#8487=ORIENTED_EDGE('',*,*,#4798,.F.);
#8488=ORIENTED_EDGE('',*,*,#5833,.F.);
#8489=ORIENTED_EDGE('',*,*,#5164,.T.);
#8490=ORIENTED_EDGE('',*,*,#5833,.T.);
#8491=ORIENTED_EDGE('',*,*,#4797,.F.);
#8492=ORIENTED_EDGE('',*,*,#5834,.F.);
#8493=ORIENTED_EDGE('',*,*,#5165,.T.);
#8494=ORIENTED_EDGE('',*,*,#5834,.T.);
#8495=ORIENTED_EDGE('',*,*,#4796,.F.);
#8496=ORIENTED_EDGE('',*,*,#5835,.F.);
#8497=ORIENTED_EDGE('',*,*,#5158,.T.);
#8498=ORIENTED_EDGE('',*,*,#5835,.T.);
#8499=ORIENTED_EDGE('',*,*,#4795,.F.);
#8500=ORIENTED_EDGE('',*,*,#5828,.F.);
#8501=ORIENTED_EDGE('',*,*,#5470,.F.);
#8502=ORIENTED_EDGE('',*,*,#4775,.F.);
#8503=ORIENTED_EDGE('',*,*,#5836,.F.);
#8504=ORIENTED_EDGE('',*,*,#5145,.F.);
#8505=ORIENTED_EDGE('',*,*,#5146,.F.);
#8506=ORIENTED_EDGE('',*,*,#5836,.T.);
#8507=ORIENTED_EDGE('',*,*,#4774,.F.);
#8508=ORIENTED_EDGE('',*,*,#5142,.F.);
#8509=ORIENTED_EDGE('',*,*,#5474,.F.);
#8510=ORIENTED_EDGE('',*,*,#4765,.F.);
#8511=ORIENTED_EDGE('',*,*,#5837,.F.);
#8512=ORIENTED_EDGE('',*,*,#5153,.T.);
#8513=ORIENTED_EDGE('',*,*,#5154,.T.);
#8514=ORIENTED_EDGE('',*,*,#5837,.T.);
#8515=ORIENTED_EDGE('',*,*,#4764,.F.);
#8516=ORIENTED_EDGE('',*,*,#5838,.F.);
#8517=ORIENTED_EDGE('',*,*,#5473,.F.);
#8518=ORIENTED_EDGE('',*,*,#5155,.T.);
#8519=ORIENTED_EDGE('',*,*,#5838,.T.);
#8520=ORIENTED_EDGE('',*,*,#4763,.F.);
#8521=CYLINDRICAL_SURFACE('',#9188,1.4);
#8522=CYLINDRICAL_SURFACE('',#9241,0.499999999999999);
#8523=CYLINDRICAL_SURFACE('',#9244,0.5);
#8524=CYLINDRICAL_SURFACE('',#9248,0.500000000000007);
#8525=CYLINDRICAL_SURFACE('',#9252,0.500000000000007);
#8526=CYLINDRICAL_SURFACE('',#9255,0.5);
#8527=CYLINDRICAL_SURFACE('',#9260,0.499999999999989);
#8528=CYLINDRICAL_SURFACE('',#9263,0.500000000000003);
#8529=CYLINDRICAL_SURFACE('',#9268,0.500000000000007);
#8530=CYLINDRICAL_SURFACE('',#9271,0.500000000000003);
#8531=CYLINDRICAL_SURFACE('',#9275,0.500000000000003);
#8532=CYLINDRICAL_SURFACE('',#9279,0.500000000000007);
#8533=CYLINDRICAL_SURFACE('',#9281,0.500000000000007);
#8534=CYLINDRICAL_SURFACE('',#9284,0.499999999999989);
#8535=CYLINDRICAL_SURFACE('',#9287,0.500000000000007);
#8536=CYLINDRICAL_SURFACE('',#9291,0.500000000000007);
#8537=CYLINDRICAL_SURFACE('',#9295,0.499999999999989);
#8538=CYLINDRICAL_SURFACE('',#9298,0.500000000000007);
#8539=CYLINDRICAL_SURFACE('',#9301,0.500000000000007);
#8540=CYLINDRICAL_SURFACE('',#9305,0.500000000000007);
#8541=CYLINDRICAL_SURFACE('',#9308,0.500000000000007);
#8542=CYLINDRICAL_SURFACE('',#9506,5.);
#8543=CYLINDRICAL_SURFACE('',#9671,5.);
#8544=CYLINDRICAL_SURFACE('',#9673,5.);
#8545=CYLINDRICAL_SURFACE('',#9675,5.);
#8546=CYLINDRICAL_SURFACE('',#9677,5.);
#8547=CYLINDRICAL_SURFACE('',#9679,5.);
#8548=CYLINDRICAL_SURFACE('',#9682,0.5);
#8549=CYLINDRICAL_SURFACE('',#9684,0.500000000000003);
#8550=CYLINDRICAL_SURFACE('',#9686,0.499999999999998);
#8551=CYLINDRICAL_SURFACE('',#9688,0.499999999999998);
#8552=CYLINDRICAL_SURFACE('',#9690,0.499999999999998);
#8553=CYLINDRICAL_SURFACE('',#9692,0.500000000000003);
#8554=CYLINDRICAL_SURFACE('',#9694,0.499999999999998);
#8555=CYLINDRICAL_SURFACE('',#9696,0.499999999999998);
#8556=CYLINDRICAL_SURFACE('',#9698,0.499999999999998);
#8557=CYLINDRICAL_SURFACE('',#9700,0.499999999999998);
#8558=CYLINDRICAL_SURFACE('',#9702,0.500000000000007);
#8559=CYLINDRICAL_SURFACE('',#9704,0.499999999999998);
#8560=CYLINDRICAL_SURFACE('',#9706,0.499999999999998);
#8561=CYLINDRICAL_SURFACE('',#9708,0.500000000000007);
#8562=CYLINDRICAL_SURFACE('',#9710,0.500000000000007);
#8563=CYLINDRICAL_SURFACE('',#9712,0.500000000000007);
#8564=CYLINDRICAL_SURFACE('',#9714,0.500000000000007);
#8565=CYLINDRICAL_SURFACE('',#9716,0.499999999999998);
#8566=CYLINDRICAL_SURFACE('',#9718,0.500000000000007);
#8567=CYLINDRICAL_SURFACE('',#9720,0.499999999999998);
#8568=CYLINDRICAL_SURFACE('',#9722,0.500000000000003);
#8569=CYLINDRICAL_SURFACE('',#9724,0.499999999999998);
#8570=CYLINDRICAL_SURFACE('',#9726,0.499999999999998);
#8571=CYLINDRICAL_SURFACE('',#9728,0.499999999999998);
#8572=CYLINDRICAL_SURFACE('',#9730,0.499999999999989);
#8573=CYLINDRICAL_SURFACE('',#9732,0.499999999999998);
#8574=CYLINDRICAL_SURFACE('',#9734,0.500000000000007);
#8575=CYLINDRICAL_SURFACE('',#9736,0.499999999999998);
#8576=CYLINDRICAL_SURFACE('',#9738,0.5);
#8577=CYLINDRICAL_SURFACE('',#9740,0.499999999999998);
#8578=CYLINDRICAL_SURFACE('',#9742,0.499999999999998);
#8579=CYLINDRICAL_SURFACE('',#9744,0.499999999999998);
#8580=CYLINDRICAL_SURFACE('',#9746,0.500000000000007);
#8581=CYLINDRICAL_SURFACE('',#9748,0.500000000000003);
#8582=CYLINDRICAL_SURFACE('',#9750,0.500000000000007);
#8583=CYLINDRICAL_SURFACE('',#9752,0.499999999999998);
#8584=CYLINDRICAL_SURFACE('',#9754,0.500000000000003);
#8585=CYLINDRICAL_SURFACE('',#9756,0.499999999999998);
#8586=CYLINDRICAL_SURFACE('',#9758,0.499999999999998);
#8587=CYLINDRICAL_SURFACE('',#9760,0.5);
#8588=CYLINDRICAL_SURFACE('',#9762,0.499999999999998);
#8589=CYLINDRICAL_SURFACE('',#9764,0.499999999999998);
#8590=CYLINDRICAL_SURFACE('',#9766,0.499999999999989);
#8591=CYLINDRICAL_SURFACE('',#9768,0.499999999999998);
#8592=CYLINDRICAL_SURFACE('',#9770,0.499999999999998);
#8593=CYLINDRICAL_SURFACE('',#9772,0.499999999999998);
#8594=CYLINDRICAL_SURFACE('',#9774,0.499999999999998);
#8595=CYLINDRICAL_SURFACE('',#9776,0.499999999999998);
#8596=CYLINDRICAL_SURFACE('',#9778,0.499999999999989);
#8597=CYLINDRICAL_SURFACE('',#9780,0.499999999999989);
#8598=CYLINDRICAL_SURFACE('',#9782,0.499999999999989);
#8599=CYLINDRICAL_SURFACE('',#9784,0.500000000000007);
#8600=CYLINDRICAL_SURFACE('',#9786,0.499999999999989);
#8601=CYLINDRICAL_SURFACE('',#9789,0.499999999999989);
#8602=CYLINDRICAL_SURFACE('',#9791,0.500000000000007);
#8603=CYLINDRICAL_SURFACE('',#9794,0.500000000000007);
#8604=CYLINDRICAL_SURFACE('',#9796,0.499999999999998);
#8605=CYLINDRICAL_SURFACE('',#9798,0.500000000000007);
#8606=CYLINDRICAL_SURFACE('',#9800,0.499999999999998);
#8607=CYLINDRICAL_SURFACE('',#9802,0.500000000000007);
#8608=CYLINDRICAL_SURFACE('',#9804,0.500000000000003);
#8609=CYLINDRICAL_SURFACE('',#9806,0.500000000000007);
#8610=CYLINDRICAL_SURFACE('',#9808,0.499999999999998);
#8611=CYLINDRICAL_SURFACE('',#9810,0.500000000000007);
#8612=CYLINDRICAL_SURFACE('',#9812,0.499999999999998);
#8613=CYLINDRICAL_SURFACE('',#9814,0.500000000000007);
#8614=CYLINDRICAL_SURFACE('',#9816,0.499999999999998);
#8615=CYLINDRICAL_SURFACE('',#9818,0.499999999999998);
#8616=CYLINDRICAL_SURFACE('',#9820,0.499999999999998);
#8617=CYLINDRICAL_SURFACE('',#9822,0.499999999999998);
#8618=CYLINDRICAL_SURFACE('',#9824,0.5);
#8619=CYLINDRICAL_SURFACE('',#9826,0.500000000000007);
#8620=CYLINDRICAL_SURFACE('',#9828,0.499999999999998);
#8621=CYLINDRICAL_SURFACE('',#9830,0.500000000000007);
#8622=CYLINDRICAL_SURFACE('',#9832,0.499999999999998);
#8623=CYLINDRICAL_SURFACE('',#9834,0.499999999999989);
#8624=CYLINDRICAL_SURFACE('',#9836,0.499999999999998);
#8625=CYLINDRICAL_SURFACE('',#9838,0.500000000000007);
#8626=CYLINDRICAL_SURFACE('',#9840,0.5);
#8627=CYLINDRICAL_SURFACE('',#9842,0.499999999999998);
#8628=CYLINDRICAL_SURFACE('',#9844,0.499999999999998);
#8629=CYLINDRICAL_SURFACE('',#9846,0.499999999999989);
#8630=CYLINDRICAL_SURFACE('',#9848,0.5);
#8631=CYLINDRICAL_SURFACE('',#9850,0.5);
#8632=CYLINDRICAL_SURFACE('',#9852,0.499999999999998);
#8633=CYLINDRICAL_SURFACE('',#9854,0.499999999999998);
#8634=CYLINDRICAL_SURFACE('',#9856,0.5);
#8635=CYLINDRICAL_SURFACE('',#9858,0.500000000000007);
#8636=CYLINDRICAL_SURFACE('',#9860,0.499999999999998);
#8637=CYLINDRICAL_SURFACE('',#9862,0.499999999999989);
#8638=CYLINDRICAL_SURFACE('',#9864,0.5);
#8639=CYLINDRICAL_SURFACE('',#9866,0.499999999999998);
#8640=CYLINDRICAL_SURFACE('',#9868,0.500000000000003);
#8641=CYLINDRICAL_SURFACE('',#9870,0.499999999999989);
#8642=CYLINDRICAL_SURFACE('',#9872,0.499999999999998);
#8643=CYLINDRICAL_SURFACE('',#9874,0.499999999999998);
#8644=CYLINDRICAL_SURFACE('',#9876,0.500000000000007);
#8645=CYLINDRICAL_SURFACE('',#9878,0.499999999999998);
#8646=CYLINDRICAL_SURFACE('',#9880,0.500000000000007);
#8647=CYLINDRICAL_SURFACE('',#9882,0.499999999999998);
#8648=CYLINDRICAL_SURFACE('',#9884,0.500000000000003);
#8649=CYLINDRICAL_SURFACE('',#9886,0.500000000000003);
#8650=CYLINDRICAL_SURFACE('',#9888,0.499999999999998);
#8651=CYLINDRICAL_SURFACE('',#9890,0.499999999999989);
#8652=CYLINDRICAL_SURFACE('',#9892,0.499999999999998);
#8653=CYLINDRICAL_SURFACE('',#9894,0.500000000000007);
#8654=CYLINDRICAL_SURFACE('',#9896,0.499999999999998);
#8655=CYLINDRICAL_SURFACE('',#9897,0.499999999999999);
#8656=CYLINDRICAL_SURFACE('',#9899,0.500000000000002);
#8657=CYLINDRICAL_SURFACE('',#9901,0.500000000000007);
#8658=CYLINDRICAL_SURFACE('',#9903,0.499999999999989);
#8659=CYLINDRICAL_SURFACE('',#9906,0.500000000000007);
#8660=CYLINDRICAL_SURFACE('',#9909,0.499999999999998);
#8661=CYLINDRICAL_SURFACE('',#9911,0.500000000000007);
#8662=CYLINDRICAL_SURFACE('',#9914,0.499999999999998);
#8663=CYLINDRICAL_SURFACE('',#9917,0.500000000000003);
#8664=CYLINDRICAL_SURFACE('',#9919,0.499999999999998);
#8665=CYLINDRICAL_SURFACE('',#9921,0.500000000000007);
#8666=CYLINDRICAL_SURFACE('',#9923,0.499999999999989);
#8667=CYLINDRICAL_SURFACE('',#9925,0.500000000000007);
#8668=CYLINDRICAL_SURFACE('',#9928,0.499999999999998);
#8669=CYLINDRICAL_SURFACE('',#9930,0.500000000000007);
#8670=CYLINDRICAL_SURFACE('',#9932,0.499999999999998);
#8671=CYLINDRICAL_SURFACE('',#9934,0.499999999999989);
#8672=CYLINDRICAL_SURFACE('',#9936,0.499999999999989);
#8673=CYLINDRICAL_SURFACE('',#9938,0.500000000000007);
#8674=CYLINDRICAL_SURFACE('',#9940,0.500000000000007);
#8675=CYLINDRICAL_SURFACE('',#9942,0.499999999999989);
#8676=CYLINDRICAL_SURFACE('',#9944,0.499999999999998);
#8677=CYLINDRICAL_SURFACE('',#9946,0.500000000000007);
#8678=CYLINDRICAL_SURFACE('',#9948,0.499999999999998);
#8679=CYLINDRICAL_SURFACE('',#9950,0.499999999999989);
#8680=CYLINDRICAL_SURFACE('',#9952,0.5);
#8681=CYLINDRICAL_SURFACE('',#9954,0.500000000000007);
#8682=CYLINDRICAL_SURFACE('',#9956,0.499999999999998);
#8683=CYLINDRICAL_SURFACE('',#9958,0.500000000000007);
#8684=CYLINDRICAL_SURFACE('',#9960,0.500000000000007);
#8685=CYLINDRICAL_SURFACE('',#9962,0.499999999999998);
#8686=CYLINDRICAL_SURFACE('',#9964,0.500000000000007);
#8687=CYLINDRICAL_SURFACE('',#9966,0.5);
#8688=CYLINDRICAL_SURFACE('',#9968,0.499999999999998);
#8689=CYLINDRICAL_SURFACE('',#9970,0.500000000000003);
#8690=CYLINDRICAL_SURFACE('',#9972,0.499999999999998);
#8691=CYLINDRICAL_SURFACE('',#9974,0.499999999999998);
#8692=CYLINDRICAL_SURFACE('',#9976,0.500000000000007);
#8693=CYLINDRICAL_SURFACE('',#9978,0.499999999999998);
#8694=CYLINDRICAL_SURFACE('',#9980,0.500000000000007);
#8695=CYLINDRICAL_SURFACE('',#9982,0.499999999999998);
#8696=CYLINDRICAL_SURFACE('',#9984,0.500000000000007);
#8697=CYLINDRICAL_SURFACE('',#9986,0.500000000000007);
#8698=CYLINDRICAL_SURFACE('',#9988,0.500000000000007);
#8699=CYLINDRICAL_SURFACE('',#9990,0.499999999999989);
#8700=CYLINDRICAL_SURFACE('',#9992,0.500000000000007);
#8701=CYLINDRICAL_SURFACE('',#9994,0.500000000000007);
#8702=CYLINDRICAL_SURFACE('',#9996,0.500000000000007);
#8703=CYLINDRICAL_SURFACE('',#9998,0.499999999999989);
#8704=CYLINDRICAL_SURFACE('',#10000,0.5);
#8705=CYLINDRICAL_SURFACE('',#10002,0.499999999999998);
#8706=CYLINDRICAL_SURFACE('',#10004,0.499999999999998);
#8707=CYLINDRICAL_SURFACE('',#10006,0.499999999999998);
#8708=CYLINDRICAL_SURFACE('',#10008,0.499999999999998);
#8709=CYLINDRICAL_SURFACE('',#10010,0.499999999999998);
#8710=CYLINDRICAL_SURFACE('',#10012,0.500000000000007);
#8711=CYLINDRICAL_SURFACE('',#10014,0.499999999999998);
#8712=CYLINDRICAL_SURFACE('',#10016,0.500000000000007);
#8713=CYLINDRICAL_SURFACE('',#10018,0.500000000000007);
#8714=CYLINDRICAL_SURFACE('',#10020,0.499999999999989);
#8715=CYLINDRICAL_SURFACE('',#10022,0.499999999999989);
#8716=CYLINDRICAL_SURFACE('',#10024,0.499999999999998);
#8717=CYLINDRICAL_SURFACE('',#10026,0.499999999999998);
#8718=CYLINDRICAL_SURFACE('',#10028,0.499999999999989);
#8719=CYLINDRICAL_SURFACE('',#10030,0.499999999999998);
#8720=CYLINDRICAL_SURFACE('',#10032,0.499999999999989);
#8721=CYLINDRICAL_SURFACE('',#10034,0.500000000000003);
#8722=CYLINDRICAL_SURFACE('',#10036,0.500000000000007);
#8723=CYLINDRICAL_SURFACE('',#10038,0.499999999999998);
#8724=ADVANCED_FACE('',(#345),#8521,.F.);
#8725=ADVANCED_FACE('',(#346),#98,.F.);
#8726=ADVANCED_FACE('',(#347),#99,.F.);
#8727=ADVANCED_FACE('',(#348),#100,.F.);
#8728=ADVANCED_FACE('',(#349),#101,.F.);
#8729=ADVANCED_FACE('',(#350,#15),#102,.T.);
#8730=ADVANCED_FACE('',(#351),#103,.F.);
#8731=ADVANCED_FACE('',(#352),#104,.F.);
#8732=ADVANCED_FACE('',(#353),#105,.F.);
#8733=ADVANCED_FACE('',(#354),#106,.F.);
#8734=ADVANCED_FACE('',(#355),#107,.T.);
#8735=ADVANCED_FACE('',(#356),#8522,.F.);
#8736=ADVANCED_FACE('',(#357),#108,.T.);
#8737=ADVANCED_FACE('',(#358),#8523,.T.);
#8738=ADVANCED_FACE('',(#359),#109,.T.);
#8739=ADVANCED_FACE('',(#360),#110,.T.);
#8740=ADVANCED_FACE('',(#361),#8524,.F.);
#8741=ADVANCED_FACE('',(#362),#111,.T.);
#8742=ADVANCED_FACE('',(#363),#112,.T.);
#8743=ADVANCED_FACE('',(#364),#8525,.F.);
#8744=ADVANCED_FACE('',(#365),#113,.T.);
#8745=ADVANCED_FACE('',(#366),#8526,.F.);
#8746=ADVANCED_FACE('',(#367),#114,.T.);
#8747=ADVANCED_FACE('',(#368),#115,.T.);
#8748=ADVANCED_FACE('',(#369),#116,.T.);
#8749=ADVANCED_FACE('',(#370),#8527,.F.);
#8750=ADVANCED_FACE('',(#371),#117,.T.);
#8751=ADVANCED_FACE('',(#372),#8528,.F.);
#8752=ADVANCED_FACE('',(#373),#118,.T.);
#8753=ADVANCED_FACE('',(#374),#119,.T.);
#8754=ADVANCED_FACE('',(#375),#120,.T.);
#8755=ADVANCED_FACE('',(#376),#8529,.F.);
#8756=ADVANCED_FACE('',(#377),#121,.T.);
#8757=ADVANCED_FACE('',(#378),#8530,.F.);
#8758=ADVANCED_FACE('',(#379),#122,.T.);
#8759=ADVANCED_FACE('',(#380),#123,.T.);
#8760=ADVANCED_FACE('',(#381),#8531,.F.);
#8761=ADVANCED_FACE('',(#382),#124,.T.);
#8762=ADVANCED_FACE('',(#383),#125,.T.);
#8763=ADVANCED_FACE('',(#384),#8532,.T.);
#8764=ADVANCED_FACE('',(#385),#8533,.T.);
#8765=ADVANCED_FACE('',(#386),#126,.T.);
#8766=ADVANCED_FACE('',(#387),#8534,.F.);
#8767=ADVANCED_FACE('',(#388),#127,.T.);
#8768=ADVANCED_FACE('',(#389),#8535,.T.);
#8769=ADVANCED_FACE('',(#390),#128,.T.);
#8770=ADVANCED_FACE('',(#391),#129,.T.);
#8771=ADVANCED_FACE('',(#392),#8536,.F.);
#8772=ADVANCED_FACE('',(#393),#130,.T.);
#8773=ADVANCED_FACE('',(#394),#131,.T.);
#8774=ADVANCED_FACE('',(#395),#8537,.F.);
#8775=ADVANCED_FACE('',(#396),#132,.T.);
#8776=ADVANCED_FACE('',(#397),#8538,.F.);
#8777=ADVANCED_FACE('',(#398),#133,.T.);
#8778=ADVANCED_FACE('',(#399),#8539,.T.);
#8779=ADVANCED_FACE('',(#400),#134,.T.);
#8780=ADVANCED_FACE('',(#401),#135,.T.);
#8781=ADVANCED_FACE('',(#402),#8540,.F.);
#8782=ADVANCED_FACE('',(#403),#136,.T.);
#8783=ADVANCED_FACE('',(#404),#8541,.F.);
#8784=ADVANCED_FACE('',(#405),#137,.T.);
#8785=ADVANCED_FACE('',(#406),#138,.T.);
#8786=ADVANCED_FACE('',(#407),#139,.F.);
#8787=ADVANCED_FACE('',(#408),#140,.F.);
#8788=ADVANCED_FACE('',(#409),#141,.F.);
#8789=ADVANCED_FACE('',(#410),#142,.F.);
#8790=ADVANCED_FACE('',(#411),#143,.F.);
#8791=ADVANCED_FACE('',(#412),#144,.F.);
#8792=ADVANCED_FACE('',(#413),#145,.F.);
#8793=ADVANCED_FACE('',(#414),#146,.F.);
#8794=ADVANCED_FACE('',(#415),#147,.F.);
#8795=ADVANCED_FACE('',(#416),#148,.F.);
#8796=ADVANCED_FACE('',(#417,#16,#17,#18,#19,#20,#21,#22,#23,#24,#25,#26,
#27,#28,#29,#30,#31,#32,#33,#34,#35,#36,#37,#38,#39,#40,#41,#42,#43,#44,
#45,#46,#47,#48,#49,#50,#51,#52,#53,#54,#55,#56),#149,.T.);
#8797=ADVANCED_FACE('',(#418),#150,.T.);
#8798=ADVANCED_FACE('',(#419),#8542,.T.);
#8799=ADVANCED_FACE('',(#420),#151,.T.);
#8800=ADVANCED_FACE('',(#421,#57,#58,#59,#60,#61,#62,#63,#64,#65,#66,#67,
#68,#69,#70,#71,#72,#73,#74,#75,#76,#77,#78,#79,#80,#81,#82,#83,#84,#85,
#86,#87,#88,#89,#90,#91,#92,#93,#94,#95,#96,#97),#152,.F.);
#8801=ADVANCED_FACE('',(#422),#8543,.T.);
#8802=ADVANCED_FACE('',(#423),#153,.T.);
#8803=ADVANCED_FACE('',(#424),#8544,.T.);
#8804=ADVANCED_FACE('',(#425),#154,.T.);
#8805=ADVANCED_FACE('',(#426),#8545,.T.);
#8806=ADVANCED_FACE('',(#427),#155,.T.);
#8807=ADVANCED_FACE('',(#428),#8546,.T.);
#8808=ADVANCED_FACE('',(#429),#156,.T.);
#8809=ADVANCED_FACE('',(#430),#8547,.T.);
#8810=ADVANCED_FACE('',(#431),#157,.T.);
#8811=ADVANCED_FACE('',(#432),#158,.T.);
#8812=ADVANCED_FACE('',(#433),#8548,.F.);
#8813=ADVANCED_FACE('',(#434),#159,.T.);
#8814=ADVANCED_FACE('',(#435),#8549,.F.);
#8815=ADVANCED_FACE('',(#436),#160,.T.);
#8816=ADVANCED_FACE('',(#437),#8550,.F.);
#8817=ADVANCED_FACE('',(#438),#161,.T.);
#8818=ADVANCED_FACE('',(#439),#8551,.F.);
#8819=ADVANCED_FACE('',(#440),#162,.T.);
#8820=ADVANCED_FACE('',(#441),#8552,.F.);
#8821=ADVANCED_FACE('',(#442),#163,.T.);
#8822=ADVANCED_FACE('',(#443),#8553,.F.);
#8823=ADVANCED_FACE('',(#444),#164,.T.);
#8824=ADVANCED_FACE('',(#445),#8554,.F.);
#8825=ADVANCED_FACE('',(#446),#165,.T.);
#8826=ADVANCED_FACE('',(#447),#8555,.F.);
#8827=ADVANCED_FACE('',(#448),#166,.T.);
#8828=ADVANCED_FACE('',(#449),#8556,.F.);
#8829=ADVANCED_FACE('',(#450),#167,.T.);
#8830=ADVANCED_FACE('',(#451),#8557,.F.);
#8831=ADVANCED_FACE('',(#452),#168,.T.);
#8832=ADVANCED_FACE('',(#453),#8558,.F.);
#8833=ADVANCED_FACE('',(#454),#169,.T.);
#8834=ADVANCED_FACE('',(#455),#8559,.F.);
#8835=ADVANCED_FACE('',(#456),#170,.T.);
#8836=ADVANCED_FACE('',(#457),#8560,.F.);
#8837=ADVANCED_FACE('',(#458),#171,.T.);
#8838=ADVANCED_FACE('',(#459),#8561,.F.);
#8839=ADVANCED_FACE('',(#460),#172,.T.);
#8840=ADVANCED_FACE('',(#461),#8562,.F.);
#8841=ADVANCED_FACE('',(#462),#173,.T.);
#8842=ADVANCED_FACE('',(#463),#8563,.F.);
#8843=ADVANCED_FACE('',(#464),#174,.T.);
#8844=ADVANCED_FACE('',(#465),#8564,.F.);
#8845=ADVANCED_FACE('',(#466),#175,.T.);
#8846=ADVANCED_FACE('',(#467),#8565,.F.);
#8847=ADVANCED_FACE('',(#468),#176,.T.);
#8848=ADVANCED_FACE('',(#469),#8566,.F.);
#8849=ADVANCED_FACE('',(#470),#177,.T.);
#8850=ADVANCED_FACE('',(#471),#8567,.F.);
#8851=ADVANCED_FACE('',(#472),#178,.T.);
#8852=ADVANCED_FACE('',(#473),#8568,.F.);
#8853=ADVANCED_FACE('',(#474),#179,.T.);
#8854=ADVANCED_FACE('',(#475),#8569,.F.);
#8855=ADVANCED_FACE('',(#476),#180,.T.);
#8856=ADVANCED_FACE('',(#477),#8570,.F.);
#8857=ADVANCED_FACE('',(#478),#181,.T.);
#8858=ADVANCED_FACE('',(#479),#8571,.F.);
#8859=ADVANCED_FACE('',(#480),#182,.T.);
#8860=ADVANCED_FACE('',(#481),#8572,.F.);
#8861=ADVANCED_FACE('',(#482),#183,.T.);
#8862=ADVANCED_FACE('',(#483),#8573,.F.);
#8863=ADVANCED_FACE('',(#484),#184,.T.);
#8864=ADVANCED_FACE('',(#485),#8574,.F.);
#8865=ADVANCED_FACE('',(#486),#185,.T.);
#8866=ADVANCED_FACE('',(#487),#8575,.F.);
#8867=ADVANCED_FACE('',(#488),#186,.T.);
#8868=ADVANCED_FACE('',(#489),#8576,.F.);
#8869=ADVANCED_FACE('',(#490),#187,.T.);
#8870=ADVANCED_FACE('',(#491),#8577,.F.);
#8871=ADVANCED_FACE('',(#492),#188,.T.);
#8872=ADVANCED_FACE('',(#493),#8578,.F.);
#8873=ADVANCED_FACE('',(#494),#189,.T.);
#8874=ADVANCED_FACE('',(#495),#8579,.F.);
#8875=ADVANCED_FACE('',(#496),#190,.T.);
#8876=ADVANCED_FACE('',(#497),#8580,.F.);
#8877=ADVANCED_FACE('',(#498),#191,.T.);
#8878=ADVANCED_FACE('',(#499),#8581,.F.);
#8879=ADVANCED_FACE('',(#500),#192,.T.);
#8880=ADVANCED_FACE('',(#501),#8582,.F.);
#8881=ADVANCED_FACE('',(#502),#193,.T.);
#8882=ADVANCED_FACE('',(#503),#8583,.F.);
#8883=ADVANCED_FACE('',(#504),#194,.T.);
#8884=ADVANCED_FACE('',(#505),#8584,.F.);
#8885=ADVANCED_FACE('',(#506),#195,.T.);
#8886=ADVANCED_FACE('',(#507),#8585,.F.);
#8887=ADVANCED_FACE('',(#508),#196,.T.);
#8888=ADVANCED_FACE('',(#509),#8586,.F.);
#8889=ADVANCED_FACE('',(#510),#197,.T.);
#8890=ADVANCED_FACE('',(#511),#8587,.F.);
#8891=ADVANCED_FACE('',(#512),#198,.T.);
#8892=ADVANCED_FACE('',(#513),#8588,.F.);
#8893=ADVANCED_FACE('',(#514),#199,.T.);
#8894=ADVANCED_FACE('',(#515),#8589,.F.);
#8895=ADVANCED_FACE('',(#516),#200,.T.);
#8896=ADVANCED_FACE('',(#517),#8590,.F.);
#8897=ADVANCED_FACE('',(#518),#201,.T.);
#8898=ADVANCED_FACE('',(#519),#8591,.F.);
#8899=ADVANCED_FACE('',(#520),#202,.T.);
#8900=ADVANCED_FACE('',(#521),#8592,.F.);
#8901=ADVANCED_FACE('',(#522),#203,.T.);
#8902=ADVANCED_FACE('',(#523),#8593,.F.);
#8903=ADVANCED_FACE('',(#524),#204,.T.);
#8904=ADVANCED_FACE('',(#525),#8594,.F.);
#8905=ADVANCED_FACE('',(#526),#205,.T.);
#8906=ADVANCED_FACE('',(#527),#8595,.F.);
#8907=ADVANCED_FACE('',(#528),#206,.T.);
#8908=ADVANCED_FACE('',(#529),#8596,.F.);
#8909=ADVANCED_FACE('',(#530),#207,.T.);
#8910=ADVANCED_FACE('',(#531),#8597,.F.);
#8911=ADVANCED_FACE('',(#532),#208,.T.);
#8912=ADVANCED_FACE('',(#533),#8598,.T.);
#8913=ADVANCED_FACE('',(#534),#209,.T.);
#8914=ADVANCED_FACE('',(#535),#8599,.F.);
#8915=ADVANCED_FACE('',(#536),#210,.T.);
#8916=ADVANCED_FACE('',(#537),#8600,.T.);
#8917=ADVANCED_FACE('',(#538),#211,.T.);
#8918=ADVANCED_FACE('',(#539),#212,.T.);
#8919=ADVANCED_FACE('',(#540),#8601,.F.);
#8920=ADVANCED_FACE('',(#541),#213,.T.);
#8921=ADVANCED_FACE('',(#542),#8602,.F.);
#8922=ADVANCED_FACE('',(#543),#214,.T.);
#8923=ADVANCED_FACE('',(#544),#215,.T.);
#8924=ADVANCED_FACE('',(#545),#8603,.F.);
#8925=ADVANCED_FACE('',(#546),#216,.T.);
#8926=ADVANCED_FACE('',(#547),#8604,.F.);
#8927=ADVANCED_FACE('',(#548),#217,.T.);
#8928=ADVANCED_FACE('',(#549),#8605,.F.);
#8929=ADVANCED_FACE('',(#550),#218,.T.);
#8930=ADVANCED_FACE('',(#551),#8606,.F.);
#8931=ADVANCED_FACE('',(#552),#219,.T.);
#8932=ADVANCED_FACE('',(#553),#8607,.F.);
#8933=ADVANCED_FACE('',(#554),#220,.T.);
#8934=ADVANCED_FACE('',(#555),#8608,.F.);
#8935=ADVANCED_FACE('',(#556),#221,.T.);
#8936=ADVANCED_FACE('',(#557),#8609,.F.);
#8937=ADVANCED_FACE('',(#558),#222,.T.);
#8938=ADVANCED_FACE('',(#559),#8610,.F.);
#8939=ADVANCED_FACE('',(#560),#223,.T.);
#8940=ADVANCED_FACE('',(#561),#8611,.F.);
#8941=ADVANCED_FACE('',(#562),#224,.T.);
#8942=ADVANCED_FACE('',(#563),#8612,.F.);
#8943=ADVANCED_FACE('',(#564),#225,.T.);
#8944=ADVANCED_FACE('',(#565),#8613,.F.);
#8945=ADVANCED_FACE('',(#566),#226,.T.);
#8946=ADVANCED_FACE('',(#567),#8614,.F.);
#8947=ADVANCED_FACE('',(#568),#227,.T.);
#8948=ADVANCED_FACE('',(#569),#8615,.F.);
#8949=ADVANCED_FACE('',(#570),#228,.T.);
#8950=ADVANCED_FACE('',(#571),#8616,.F.);
#8951=ADVANCED_FACE('',(#572),#229,.T.);
#8952=ADVANCED_FACE('',(#573),#8617,.F.);
#8953=ADVANCED_FACE('',(#574),#230,.T.);
#8954=ADVANCED_FACE('',(#575),#8618,.F.);
#8955=ADVANCED_FACE('',(#576),#231,.T.);
#8956=ADVANCED_FACE('',(#577),#8619,.F.);
#8957=ADVANCED_FACE('',(#578),#232,.T.);
#8958=ADVANCED_FACE('',(#579),#8620,.F.);
#8959=ADVANCED_FACE('',(#580),#233,.T.);
#8960=ADVANCED_FACE('',(#581),#8621,.F.);
#8961=ADVANCED_FACE('',(#582),#234,.T.);
#8962=ADVANCED_FACE('',(#583),#8622,.F.);
#8963=ADVANCED_FACE('',(#584),#235,.T.);
#8964=ADVANCED_FACE('',(#585),#8623,.F.);
#8965=ADVANCED_FACE('',(#586),#236,.T.);
#8966=ADVANCED_FACE('',(#587),#8624,.F.);
#8967=ADVANCED_FACE('',(#588),#237,.T.);
#8968=ADVANCED_FACE('',(#589),#8625,.F.);
#8969=ADVANCED_FACE('',(#590),#238,.T.);
#8970=ADVANCED_FACE('',(#591),#8626,.F.);
#8971=ADVANCED_FACE('',(#592),#239,.T.);
#8972=ADVANCED_FACE('',(#593),#8627,.F.);
#8973=ADVANCED_FACE('',(#594),#240,.T.);
#8974=ADVANCED_FACE('',(#595),#8628,.F.);
#8975=ADVANCED_FACE('',(#596),#241,.T.);
#8976=ADVANCED_FACE('',(#597),#8629,.F.);
#8977=ADVANCED_FACE('',(#598),#242,.T.);
#8978=ADVANCED_FACE('',(#599),#8630,.F.);
#8979=ADVANCED_FACE('',(#600),#243,.T.);
#8980=ADVANCED_FACE('',(#601),#8631,.F.);
#8981=ADVANCED_FACE('',(#602),#244,.T.);
#8982=ADVANCED_FACE('',(#603),#8632,.F.);
#8983=ADVANCED_FACE('',(#604),#245,.T.);
#8984=ADVANCED_FACE('',(#605),#8633,.F.);
#8985=ADVANCED_FACE('',(#606),#246,.T.);
#8986=ADVANCED_FACE('',(#607),#8634,.F.);
#8987=ADVANCED_FACE('',(#608),#247,.T.);
#8988=ADVANCED_FACE('',(#609),#8635,.F.);
#8989=ADVANCED_FACE('',(#610),#248,.T.);
#8990=ADVANCED_FACE('',(#611),#8636,.F.);
#8991=ADVANCED_FACE('',(#612),#249,.T.);
#8992=ADVANCED_FACE('',(#613),#8637,.F.);
#8993=ADVANCED_FACE('',(#614),#250,.T.);
#8994=ADVANCED_FACE('',(#615),#8638,.F.);
#8995=ADVANCED_FACE('',(#616),#251,.T.);
#8996=ADVANCED_FACE('',(#617),#8639,.F.);
#8997=ADVANCED_FACE('',(#618),#252,.T.);
#8998=ADVANCED_FACE('',(#619),#8640,.F.);
#8999=ADVANCED_FACE('',(#620),#253,.T.);
#9000=ADVANCED_FACE('',(#621),#8641,.F.);
#9001=ADVANCED_FACE('',(#622),#254,.T.);
#9002=ADVANCED_FACE('',(#623),#8642,.F.);
#9003=ADVANCED_FACE('',(#624),#255,.T.);
#9004=ADVANCED_FACE('',(#625),#8643,.F.);
#9005=ADVANCED_FACE('',(#626),#256,.T.);
#9006=ADVANCED_FACE('',(#627),#8644,.F.);
#9007=ADVANCED_FACE('',(#628),#257,.T.);
#9008=ADVANCED_FACE('',(#629),#8645,.F.);
#9009=ADVANCED_FACE('',(#630),#258,.T.);
#9010=ADVANCED_FACE('',(#631),#8646,.F.);
#9011=ADVANCED_FACE('',(#632),#259,.T.);
#9012=ADVANCED_FACE('',(#633),#8647,.F.);
#9013=ADVANCED_FACE('',(#634),#260,.T.);
#9014=ADVANCED_FACE('',(#635),#8648,.F.);
#9015=ADVANCED_FACE('',(#636),#261,.T.);
#9016=ADVANCED_FACE('',(#637),#8649,.F.);
#9017=ADVANCED_FACE('',(#638),#262,.T.);
#9018=ADVANCED_FACE('',(#639),#8650,.F.);
#9019=ADVANCED_FACE('',(#640),#263,.T.);
#9020=ADVANCED_FACE('',(#641),#8651,.F.);
#9021=ADVANCED_FACE('',(#642),#264,.T.);
#9022=ADVANCED_FACE('',(#643),#8652,.F.);
#9023=ADVANCED_FACE('',(#644),#265,.T.);
#9024=ADVANCED_FACE('',(#645),#8653,.F.);
#9025=ADVANCED_FACE('',(#646),#266,.T.);
#9026=ADVANCED_FACE('',(#647),#8654,.F.);
#9027=ADVANCED_FACE('',(#648),#8655,.T.);
#9028=ADVANCED_FACE('',(#649),#267,.T.);
#9029=ADVANCED_FACE('',(#650),#8656,.F.);
#9030=ADVANCED_FACE('',(#651),#268,.T.);
#9031=ADVANCED_FACE('',(#652),#8657,.F.);
#9032=ADVANCED_FACE('',(#653),#269,.T.);
#9033=ADVANCED_FACE('',(#654),#8658,.T.);
#9034=ADVANCED_FACE('',(#655),#270,.T.);
#9035=ADVANCED_FACE('',(#656),#271,.T.);
#9036=ADVANCED_FACE('',(#657),#8659,.T.);
#9037=ADVANCED_FACE('',(#658),#272,.T.);
#9038=ADVANCED_FACE('',(#659),#273,.T.);
#9039=ADVANCED_FACE('',(#660),#8660,.F.);
#9040=ADVANCED_FACE('',(#661),#274,.T.);
#9041=ADVANCED_FACE('',(#662),#8661,.F.);
#9042=ADVANCED_FACE('',(#663),#275,.T.);
#9043=ADVANCED_FACE('',(#664),#276,.T.);
#9044=ADVANCED_FACE('',(#665),#8662,.T.);
#9045=ADVANCED_FACE('',(#666),#277,.T.);
#9046=ADVANCED_FACE('',(#667),#278,.T.);
#9047=ADVANCED_FACE('',(#668),#8663,.T.);
#9048=ADVANCED_FACE('',(#669),#279,.T.);
#9049=ADVANCED_FACE('',(#670),#8664,.F.);
#9050=ADVANCED_FACE('',(#671),#280,.T.);
#9051=ADVANCED_FACE('',(#672),#8665,.F.);
#9052=ADVANCED_FACE('',(#673),#281,.T.);
#9053=ADVANCED_FACE('',(#674),#8666,.T.);
#9054=ADVANCED_FACE('',(#675),#282,.T.);
#9055=ADVANCED_FACE('',(#676),#8667,.F.);
#9056=ADVANCED_FACE('',(#677),#283,.T.);
#9057=ADVANCED_FACE('',(#678),#284,.T.);
#9058=ADVANCED_FACE('',(#679),#8668,.F.);
#9059=ADVANCED_FACE('',(#680),#285,.T.);
#9060=ADVANCED_FACE('',(#681),#8669,.F.);
#9061=ADVANCED_FACE('',(#682),#286,.T.);
#9062=ADVANCED_FACE('',(#683),#8670,.F.);
#9063=ADVANCED_FACE('',(#684),#287,.T.);
#9064=ADVANCED_FACE('',(#685),#8671,.F.);
#9065=ADVANCED_FACE('',(#686),#288,.T.);
#9066=ADVANCED_FACE('',(#687),#8672,.F.);
#9067=ADVANCED_FACE('',(#688),#289,.T.);
#9068=ADVANCED_FACE('',(#689),#8673,.F.);
#9069=ADVANCED_FACE('',(#690),#290,.T.);
#9070=ADVANCED_FACE('',(#691),#8674,.F.);
#9071=ADVANCED_FACE('',(#692),#291,.T.);
#9072=ADVANCED_FACE('',(#693),#8675,.F.);
#9073=ADVANCED_FACE('',(#694),#292,.T.);
#9074=ADVANCED_FACE('',(#695),#8676,.F.);
#9075=ADVANCED_FACE('',(#696),#293,.T.);
#9076=ADVANCED_FACE('',(#697),#8677,.F.);
#9077=ADVANCED_FACE('',(#698),#294,.T.);
#9078=ADVANCED_FACE('',(#699),#8678,.F.);
#9079=ADVANCED_FACE('',(#700),#295,.T.);
#9080=ADVANCED_FACE('',(#701),#8679,.F.);
#9081=ADVANCED_FACE('',(#702),#296,.T.);
#9082=ADVANCED_FACE('',(#703),#8680,.F.);
#9083=ADVANCED_FACE('',(#704),#297,.T.);
#9084=ADVANCED_FACE('',(#705),#8681,.F.);
#9085=ADVANCED_FACE('',(#706),#298,.T.);
#9086=ADVANCED_FACE('',(#707),#8682,.F.);
#9087=ADVANCED_FACE('',(#708),#299,.T.);
#9088=ADVANCED_FACE('',(#709),#8683,.F.);
#9089=ADVANCED_FACE('',(#710),#300,.T.);
#9090=ADVANCED_FACE('',(#711),#8684,.F.);
#9091=ADVANCED_FACE('',(#712),#301,.T.);
#9092=ADVANCED_FACE('',(#713),#8685,.F.);
#9093=ADVANCED_FACE('',(#714),#302,.T.);
#9094=ADVANCED_FACE('',(#715),#8686,.F.);
#9095=ADVANCED_FACE('',(#716),#303,.T.);
#9096=ADVANCED_FACE('',(#717),#8687,.F.);
#9097=ADVANCED_FACE('',(#718),#304,.T.);
#9098=ADVANCED_FACE('',(#719),#8688,.F.);
#9099=ADVANCED_FACE('',(#720),#305,.T.);
#9100=ADVANCED_FACE('',(#721),#8689,.F.);
#9101=ADVANCED_FACE('',(#722),#306,.T.);
#9102=ADVANCED_FACE('',(#723),#8690,.F.);
#9103=ADVANCED_FACE('',(#724),#307,.T.);
#9104=ADVANCED_FACE('',(#725),#8691,.F.);
#9105=ADVANCED_FACE('',(#726),#308,.T.);
#9106=ADVANCED_FACE('',(#727),#8692,.F.);
#9107=ADVANCED_FACE('',(#728),#309,.T.);
#9108=ADVANCED_FACE('',(#729),#8693,.F.);
#9109=ADVANCED_FACE('',(#730),#310,.T.);
#9110=ADVANCED_FACE('',(#731),#8694,.F.);
#9111=ADVANCED_FACE('',(#732),#311,.T.);
#9112=ADVANCED_FACE('',(#733),#8695,.F.);
#9113=ADVANCED_FACE('',(#734),#312,.T.);
#9114=ADVANCED_FACE('',(#735),#8696,.F.);
#9115=ADVANCED_FACE('',(#736),#313,.T.);
#9116=ADVANCED_FACE('',(#737),#8697,.F.);
#9117=ADVANCED_FACE('',(#738),#314,.T.);
#9118=ADVANCED_FACE('',(#739),#8698,.F.);
#9119=ADVANCED_FACE('',(#740),#315,.T.);
#9120=ADVANCED_FACE('',(#741),#8699,.F.);
#9121=ADVANCED_FACE('',(#742),#316,.T.);
#9122=ADVANCED_FACE('',(#743),#8700,.F.);
#9123=ADVANCED_FACE('',(#744),#317,.T.);
#9124=ADVANCED_FACE('',(#745),#8701,.F.);
#9125=ADVANCED_FACE('',(#746),#318,.T.);
#9126=ADVANCED_FACE('',(#747),#8702,.F.);
#9127=ADVANCED_FACE('',(#748),#319,.T.);
#9128=ADVANCED_FACE('',(#749),#8703,.F.);
#9129=ADVANCED_FACE('',(#750),#320,.T.);
#9130=ADVANCED_FACE('',(#751),#8704,.F.);
#9131=ADVANCED_FACE('',(#752),#321,.T.);
#9132=ADVANCED_FACE('',(#753),#8705,.F.);
#9133=ADVANCED_FACE('',(#754),#322,.T.);
#9134=ADVANCED_FACE('',(#755),#8706,.F.);
#9135=ADVANCED_FACE('',(#756),#323,.T.);
#9136=ADVANCED_FACE('',(#757),#8707,.F.);
#9137=ADVANCED_FACE('',(#758),#324,.T.);
#9138=ADVANCED_FACE('',(#759),#8708,.F.);
#9139=ADVANCED_FACE('',(#760),#325,.T.);
#9140=ADVANCED_FACE('',(#761),#8709,.F.);
#9141=ADVANCED_FACE('',(#762),#326,.T.);
#9142=ADVANCED_FACE('',(#763),#8710,.F.);
#9143=ADVANCED_FACE('',(#764),#327,.T.);
#9144=ADVANCED_FACE('',(#765),#8711,.F.);
#9145=ADVANCED_FACE('',(#766),#328,.T.);
#9146=ADVANCED_FACE('',(#767),#8712,.F.);
#9147=ADVANCED_FACE('',(#768),#329,.T.);
#9148=ADVANCED_FACE('',(#769),#8713,.F.);
#9149=ADVANCED_FACE('',(#770),#330,.T.);
#9150=ADVANCED_FACE('',(#771),#8714,.F.);
#9151=ADVANCED_FACE('',(#772),#331,.T.);
#9152=ADVANCED_FACE('',(#773),#8715,.F.);
#9153=ADVANCED_FACE('',(#774),#332,.T.);
#9154=ADVANCED_FACE('',(#775),#8716,.F.);
#9155=ADVANCED_FACE('',(#776),#333,.T.);
#9156=ADVANCED_FACE('',(#777),#8717,.F.);
#9157=ADVANCED_FACE('',(#778),#334,.T.);
#9158=ADVANCED_FACE('',(#779),#8718,.F.);
#9159=ADVANCED_FACE('',(#780),#335,.T.);
#9160=ADVANCED_FACE('',(#781),#8719,.F.);
#9161=ADVANCED_FACE('',(#782),#336,.T.);
#9162=ADVANCED_FACE('',(#783),#8720,.F.);
#9163=ADVANCED_FACE('',(#784),#337,.T.);
#9164=ADVANCED_FACE('',(#785),#8721,.F.);
#9165=ADVANCED_FACE('',(#786),#338,.T.);
#9166=ADVANCED_FACE('',(#787),#8722,.F.);
#9167=ADVANCED_FACE('',(#788),#339,.T.);
#9168=ADVANCED_FACE('',(#789),#8723,.F.);
#9169=ADVANCED_FACE('',(#790),#340,.T.);
#9170=ADVANCED_FACE('',(#791),#341,.T.);
#9171=ADVANCED_FACE('',(#792),#342,.T.);
#9172=ADVANCED_FACE('',(#793),#343,.T.);
#9173=ADVANCED_FACE('',(#794),#344,.T.);
#9174=CLOSED_SHELL('',(#8724,#8725,#8726,#8727,#8728,#8729,#8730,#8731,
#8732,#8733,#8734,#8735,#8736,#8737,#8738,#8739,#8740,#8741,#8742,#8743,
#8744,#8745,#8746,#8747,#8748,#8749,#8750,#8751,#8752,#8753,#8754,#8755,
#8756,#8757,#8758,#8759,#8760,#8761,#8762,#8763,#8764,#8765,#8766,#8767,
#8768,#8769,#8770,#8771,#8772,#8773,#8774,#8775,#8776,#8777,#8778,#8779,
#8780,#8781,#8782,#8783,#8784,#8785,#8786,#8787,#8788,#8789,#8790,#8791,
#8792,#8793,#8794,#8795,#8796,#8797,#8798,#8799,#8800,#8801,#8802,#8803,
#8804,#8805,#8806,#8807,#8808,#8809,#8810,#8811,#8812,#8813,#8814,#8815,
#8816,#8817,#8818,#8819,#8820,#8821,#8822,#8823,#8824,#8825,#8826,#8827,
#8828,#8829,#8830,#8831,#8832,#8833,#8834,#8835,#8836,#8837,#8838,#8839,
#8840,#8841,#8842,#8843,#8844,#8845,#8846,#8847,#8848,#8849,#8850,#8851,
#8852,#8853,#8854,#8855,#8856,#8857,#8858,#8859,#8860,#8861,#8862,#8863,
#8864,#8865,#8866,#8867,#8868,#8869,#8870,#8871,#8872,#8873,#8874,#8875,
#8876,#8877,#8878,#8879,#8880,#8881,#8882,#8883,#8884,#8885,#8886,#8887,
#8888,#8889,#8890,#8891,#8892,#8893,#8894,#8895,#8896,#8897,#8898,#8899,
#8900,#8901,#8902,#8903,#8904,#8905,#8906,#8907,#8908,#8909,#8910,#8911,
#8912,#8913,#8914,#8915,#8916,#8917,#8918,#8919,#8920,#8921,#8922,#8923,
#8924,#8925,#8926,#8927,#8928,#8929,#8930,#8931,#8932,#8933,#8934,#8935,
#8936,#8937,#8938,#8939,#8940,#8941,#8942,#8943,#8944,#8945,#8946,#8947,
#8948,#8949,#8950,#8951,#8952,#8953,#8954,#8955,#8956,#8957,#8958,#8959,
#8960,#8961,#8962,#8963,#8964,#8965,#8966,#8967,#8968,#8969,#8970,#8971,
#8972,#8973,#8974,#8975,#8976,#8977,#8978,#8979,#8980,#8981,#8982,#8983,
#8984,#8985,#8986,#8987,#8988,#8989,#8990,#8991,#8992,#8993,#8994,#8995,
#8996,#8997,#8998,#8999,#9000,#9001,#9002,#9003,#9004,#9005,#9006,#9007,
#9008,#9009,#9010,#9011,#9012,#9013,#9014,#9015,#9016,#9017,#9018,#9019,
#9020,#9021,#9022,#9023,#9024,#9025,#9026,#9027,#9028,#9029,#9030,#9031,
#9032,#9033,#9034,#9035,#9036,#9037,#9038,#9039,#9040,#9041,#9042,#9043,
#9044,#9045,#9046,#9047,#9048,#9049,#9050,#9051,#9052,#9053,#9054,#9055,
#9056,#9057,#9058,#9059,#9060,#9061,#9062,#9063,#9064,#9065,#9066,#9067,
#9068,#9069,#9070,#9071,#9072,#9073,#9074,#9075,#9076,#9077,#9078,#9079,
#9080,#9081,#9082,#9083,#9084,#9085,#9086,#9087,#9088,#9089,#9090,#9091,
#9092,#9093,#9094,#9095,#9096,#9097,#9098,#9099,#9100,#9101,#9102,#9103,
#9104,#9105,#9106,#9107,#9108,#9109,#9110,#9111,#9112,#9113,#9114,#9115,
#9116,#9117,#9118,#9119,#9120,#9121,#9122,#9123,#9124,#9125,#9126,#9127,
#9128,#9129,#9130,#9131,#9132,#9133,#9134,#9135,#9136,#9137,#9138,#9139,
#9140,#9141,#9142,#9143,#9144,#9145,#9146,#9147,#9148,#9149,#9150,#9151,
#9152,#9153,#9154,#9155,#9156,#9157,#9158,#9159,#9160,#9161,#9162,#9163,
#9164,#9165,#9166,#9167,#9168,#9169,#9170,#9171,#9172,#9173));
#9175=DERIVED_UNIT_ELEMENT(#9177,1.);
#9176=DERIVED_UNIT_ELEMENT(#15384,-3.);
#9177=(
MASS_UNIT()
NAMED_UNIT(*)
SI_UNIT(.KILO.,.GRAM.)
);
#9178=DERIVED_UNIT((#9175,#9176));
#9179=MEASURE_REPRESENTATION_ITEM('density measure',
POSITIVE_RATIO_MEASURE(7850.),#9178);
#9180=PROPERTY_DEFINITION_REPRESENTATION(#9185,#9182);
#9181=PROPERTY_DEFINITION_REPRESENTATION(#9186,#9183);
#9182=REPRESENTATION('material name',(#9184),#15381);
#9183=REPRESENTATION('density',(#9179),#15381);
#9184=DESCRIPTIVE_REPRESENTATION_ITEM('Steel','Steel');
#9185=PROPERTY_DEFINITION('material property','material name',#15391);
#9186=PROPERTY_DEFINITION('material property','density of part',#15391);
#9187=AXIS2_PLACEMENT_3D('',#12693,#10044,#10045);
#9188=AXIS2_PLACEMENT_3D('',#12694,#10046,#10047);
#9189=AXIS2_PLACEMENT_3D('',#12696,#10048,#10049);
#9190=AXIS2_PLACEMENT_3D('',#12699,#10051,#10052);
#9191=AXIS2_PLACEMENT_3D('',#12700,#10053,#10054);
#9192=AXIS2_PLACEMENT_3D('',#12709,#10059,#10060);
#9193=AXIS2_PLACEMENT_3D('',#12715,#10064,#10065);
#9194=AXIS2_PLACEMENT_3D('',#12721,#10069,#10070);
#9195=AXIS2_PLACEMENT_3D('',#12724,#10073,#10074);
#9196=AXIS2_PLACEMENT_3D('',#12727,#10075,#10076);
#9197=AXIS2_PLACEMENT_3D('',#12731,#10078,#10079);
#9198=AXIS2_PLACEMENT_3D('',#12737,#10082,#10083);
#9199=AXIS2_PLACEMENT_3D('',#12743,#10086,#10087);
#9200=AXIS2_PLACEMENT_3D('',#12747,#10089,#10090);
#9201=AXIS2_PLACEMENT_3D('',#12755,#10094,#10095);
#9202=AXIS2_PLACEMENT_3D('',#12759,#10097,#10098);
#9203=AXIS2_PLACEMENT_3D('',#12767,#10102,#10103);
#9204=AXIS2_PLACEMENT_3D('',#12771,#10105,#10106);
#9205=AXIS2_PLACEMENT_3D('',#12777,#10109,#10110);
#9206=AXIS2_PLACEMENT_3D('',#12783,#10113,#10114);
#9207=AXIS2_PLACEMENT_3D('',#12787,#10116,#10117);
#9208=AXIS2_PLACEMENT_3D('',#12791,#10119,#10120);
#9209=AXIS2_PLACEMENT_3D('',#12795,#10122,#10123);
#9210=AXIS2_PLACEMENT_3D('',#12799,#10125,#10126);
#9211=AXIS2_PLACEMENT_3D('',#12803,#10128,#10129);
#9212=AXIS2_PLACEMENT_3D('',#12809,#10132,#10133);
#9213=AXIS2_PLACEMENT_3D('',#12815,#10136,#10137);
#9214=AXIS2_PLACEMENT_3D('',#12819,#10139,#10140);
#9215=AXIS2_PLACEMENT_3D('',#12825,#10143,#10144);
#9216=AXIS2_PLACEMENT_3D('',#12831,#10147,#10148);
#9217=AXIS2_PLACEMENT_3D('',#12835,#10150,#10151);
#9218=AXIS2_PLACEMENT_3D('',#12839,#10153,#10154);
#9219=AXIS2_PLACEMENT_3D('',#12843,#10156,#10157);
#9220=AXIS2_PLACEMENT_3D('',#12845,#10159,#10160);
#9221=AXIS2_PLACEMENT_3D('',#12862,#10168,#10169);
#9222=AXIS2_PLACEMENT_3D('',#12866,#10171,#10172);
#9223=AXIS2_PLACEMENT_3D('',#12872,#10175,#10176);
#9224=AXIS2_PLACEMENT_3D('',#12876,#10178,#10179);
#9225=AXIS2_PLACEMENT_3D('',#12880,#10181,#10182);
#9226=AXIS2_PLACEMENT_3D('',#12886,#10185,#10186);
#9227=AXIS2_PLACEMENT_3D('',#12892,#10189,#10190);
#9228=AXIS2_PLACEMENT_3D('',#12896,#10192,#10193);
#9229=AXIS2_PLACEMENT_3D('',#12900,#10195,#10196);
#9230=AXIS2_PLACEMENT_3D('',#12904,#10198,#10199);
#9231=AXIS2_PLACEMENT_3D('',#12908,#10201,#10202);
#9232=AXIS2_PLACEMENT_3D('',#12912,#10204,#10205);
#9233=AXIS2_PLACEMENT_3D('',#12916,#10207,#10208);
#9234=AXIS2_PLACEMENT_3D('',#12920,#10210,#10211);
#9235=AXIS2_PLACEMENT_3D('',#12926,#10214,#10215);
#9236=AXIS2_PLACEMENT_3D('',#12930,#10217,#10218);
#9237=AXIS2_PLACEMENT_3D('',#12934,#10221,#10222);
#9238=AXIS2_PLACEMENT_3D('',#12940,#10226,#10227);
#9239=AXIS2_PLACEMENT_3D('',#12944,#10230,#10231);
#9240=AXIS2_PLACEMENT_3D('',#12948,#10234,#10235);
#9241=AXIS2_PLACEMENT_3D('',#12954,#10239,#10240);
#9242=AXIS2_PLACEMENT_3D('',#12957,#10242,#10243);
#9243=AXIS2_PLACEMENT_3D('',#12958,#10244,#10245);
#9244=AXIS2_PLACEMENT_3D('',#12962,#10248,#10249);
#9245=AXIS2_PLACEMENT_3D('',#12965,#10251,#10252);
#9246=AXIS2_PLACEMENT_3D('',#12966,#10253,#10254);
#9247=AXIS2_PLACEMENT_3D('',#12970,#10257,#10258);
#9248=AXIS2_PLACEMENT_3D('',#12974,#10261,#10262);
#9249=AXIS2_PLACEMENT_3D('',#12977,#10264,#10265);
#9250=AXIS2_PLACEMENT_3D('',#12978,#10266,#10267);
#9251=AXIS2_PLACEMENT_3D('',#12982,#10270,#10271);
#9252=AXIS2_PLACEMENT_3D('',#12986,#10274,#10275);
#9253=AXIS2_PLACEMENT_3D('',#12989,#10277,#10278);
#9254=AXIS2_PLACEMENT_3D('',#12990,#10279,#10280);
#9255=AXIS2_PLACEMENT_3D('',#12994,#10283,#10284);
#9256=AXIS2_PLACEMENT_3D('',#12997,#10286,#10287);
#9257=AXIS2_PLACEMENT_3D('',#12998,#10288,#10289);
#9258=AXIS2_PLACEMENT_3D('',#13002,#10292,#10293);
#9259=AXIS2_PLACEMENT_3D('',#13006,#10296,#10297);
#9260=AXIS2_PLACEMENT_3D('',#13010,#10300,#10301);
#9261=AXIS2_PLACEMENT_3D('',#13013,#10303,#10304);
#9262=AXIS2_PLACEMENT_3D('',#13014,#10305,#10306);
#9263=AXIS2_PLACEMENT_3D('',#13018,#10309,#10310);
#9264=AXIS2_PLACEMENT_3D('',#13021,#10312,#10313);
#9265=AXIS2_PLACEMENT_3D('',#13022,#10314,#10315);
#9266=AXIS2_PLACEMENT_3D('',#13026,#10318,#10319);
#9267=AXIS2_PLACEMENT_3D('',#13030,#10322,#10323);
#9268=AXIS2_PLACEMENT_3D('',#13034,#10326,#10327);
#9269=AXIS2_PLACEMENT_3D('',#13037,#10329,#10330);
#9270=AXIS2_PLACEMENT_3D('',#13038,#10331,#10332);
#9271=AXIS2_PLACEMENT_3D('',#13042,#10335,#10336);
#9272=AXIS2_PLACEMENT_3D('',#13045,#10338,#10339);
#9273=AXIS2_PLACEMENT_3D('',#13046,#10340,#10341);
#9274=AXIS2_PLACEMENT_3D('',#13050,#10344,#10345);
#9275=AXIS2_PLACEMENT_3D('',#13054,#10348,#10349);
#9276=AXIS2_PLACEMENT_3D('',#13057,#10351,#10352);
#9277=AXIS2_PLACEMENT_3D('',#13058,#10353,#10354);
#9278=AXIS2_PLACEMENT_3D('',#13062,#10357,#10358);
#9279=AXIS2_PLACEMENT_3D('',#13066,#10361,#10362);
#9280=AXIS2_PLACEMENT_3D('',#13069,#10364,#10365);
#9281=AXIS2_PLACEMENT_3D('',#13070,#10366,#10367);
#9282=AXIS2_PLACEMENT_3D('',#13074,#10369,#10370);
#9283=AXIS2_PLACEMENT_3D('',#13076,#10372,#10373);
#9284=AXIS2_PLACEMENT_3D('',#13080,#10376,#10377);
#9285=AXIS2_PLACEMENT_3D('',#13083,#10379,#10380);
#9286=AXIS2_PLACEMENT_3D('',#13084,#10381,#10382);
#9287=AXIS2_PLACEMENT_3D('',#13088,#10385,#10386);
#9288=AXIS2_PLACEMENT_3D('',#13091,#10388,#10389);
#9289=AXIS2_PLACEMENT_3D('',#13092,#10390,#10391);
#9290=AXIS2_PLACEMENT_3D('',#13096,#10394,#10395);
#9291=AXIS2_PLACEMENT_3D('',#13100,#10398,#10399);
#9292=AXIS2_PLACEMENT_3D('',#13103,#10401,#10402);
#9293=AXIS2_PLACEMENT_3D('',#13104,#10403,#10404);
#9294=AXIS2_PLACEMENT_3D('',#13108,#10407,#10408);
#9295=AXIS2_PLACEMENT_3D('',#13112,#10411,#10412);
#9296=AXIS2_PLACEMENT_3D('',#13115,#10414,#10415);
#9297=AXIS2_PLACEMENT_3D('',#13116,#10416,#10417);
#9298=AXIS2_PLACEMENT_3D('',#13120,#10420,#10421);
#9299=AXIS2_PLACEMENT_3D('',#13123,#10423,#10424);
#9300=AXIS2_PLACEMENT_3D('',#13124,#10425,#10426);
#9301=AXIS2_PLACEMENT_3D('',#13128,#10429,#10430);
#9302=AXIS2_PLACEMENT_3D('',#13131,#10432,#10433);
#9303=AXIS2_PLACEMENT_3D('',#13132,#10434,#10435);
#9304=AXIS2_PLACEMENT_3D('',#13136,#10438,#10439);
#9305=AXIS2_PLACEMENT_3D('',#13140,#10442,#10443);
#9306=AXIS2_PLACEMENT_3D('',#13143,#10445,#10446);
#9307=AXIS2_PLACEMENT_3D('',#13144,#10447,#10448);
#9308=AXIS2_PLACEMENT_3D('',#13148,#10451,#10452);
#9309=AXIS2_PLACEMENT_3D('',#13151,#10454,#10455);
#9310=AXIS2_PLACEMENT_3D('',#13152,#10456,#10457);
#9311=AXIS2_PLACEMENT_3D('',#13156,#10460,#10461);
#9312=AXIS2_PLACEMENT_3D('',#13160,#10464,#10465);
#9313=AXIS2_PLACEMENT_3D('',#13166,#10469,#10470);
#9314=AXIS2_PLACEMENT_3D('',#13175,#10475,#10476);
#9315=AXIS2_PLACEMENT_3D('',#13183,#10481,#10482);
#9316=AXIS2_PLACEMENT_3D('',#13192,#10487,#10488);
#9317=AXIS2_PLACEMENT_3D('',#13198,#10492,#10493);
#9318=AXIS2_PLACEMENT_3D('',#13204,#10497,#10498);
#9319=AXIS2_PLACEMENT_3D('',#13210,#10502,#10503);
#9320=AXIS2_PLACEMENT_3D('',#13216,#10507,#10508);
#9321=AXIS2_PLACEMENT_3D('',#13219,#10511,#10512);
#9322=AXIS2_PLACEMENT_3D('',#13222,#10515,#10516);
#9323=AXIS2_PLACEMENT_3D('',#13226,#10518,#10519);
#9324=AXIS2_PLACEMENT_3D('',#13234,#10523,#10524);
#9325=AXIS2_PLACEMENT_3D('',#13238,#10526,#10527);
#9326=AXIS2_PLACEMENT_3D('',#13242,#10529,#10530);
#9327=AXIS2_PLACEMENT_3D('',#13246,#10532,#10533);
#9328=AXIS2_PLACEMENT_3D('',#13254,#10537,#10538);
#9329=AXIS2_PLACEMENT_3D('',#13261,#10542,#10543);
#9330=AXIS2_PLACEMENT_3D('',#13265,#10545,#10546);
#9331=AXIS2_PLACEMENT_3D('',#13271,#10549,#10550);
#9332=AXIS2_PLACEMENT_3D('',#13275,#10552,#10553);
#9333=AXIS2_PLACEMENT_3D('',#13279,#10555,#10556);
#9334=AXIS2_PLACEMENT_3D('',#13283,#10558,#10559);
#9335=AXIS2_PLACEMENT_3D('',#13287,#10561,#10562);
#9336=AXIS2_PLACEMENT_3D('',#13291,#10564,#10565);
#9337=AXIS2_PLACEMENT_3D('',#13295,#10567,#10568);
#9338=AXIS2_PLACEMENT_3D('',#13299,#10570,#10571);
#9339=AXIS2_PLACEMENT_3D('',#13303,#10573,#10574);
#9340=AXIS2_PLACEMENT_3D('',#13307,#10576,#10577);
#9341=AXIS2_PLACEMENT_3D('',#13311,#10579,#10580);
#9342=AXIS2_PLACEMENT_3D('',#13315,#10582,#10583);
#9343=AXIS2_PLACEMENT_3D('',#13319,#10585,#10586);
#9344=AXIS2_PLACEMENT_3D('',#13323,#10588,#10589);
#9345=AXIS2_PLACEMENT_3D('',#13327,#10591,#10592);
#9346=AXIS2_PLACEMENT_3D('',#13331,#10594,#10595);
#9347=AXIS2_PLACEMENT_3D('',#13335,#10597,#10598);
#9348=AXIS2_PLACEMENT_3D('',#13339,#10600,#10601);
#9349=AXIS2_PLACEMENT_3D('',#13343,#10603,#10604);
#9350=AXIS2_PLACEMENT_3D('',#13347,#10606,#10607);
#9351=AXIS2_PLACEMENT_3D('',#13351,#10609,#10610);
#9352=AXIS2_PLACEMENT_3D('',#13355,#10612,#10613);
#9353=AXIS2_PLACEMENT_3D('',#13359,#10615,#10616);
#9354=AXIS2_PLACEMENT_3D('',#13363,#10618,#10619);
#9355=AXIS2_PLACEMENT_3D('',#13367,#10621,#10622);
#9356=AXIS2_PLACEMENT_3D('',#13371,#10624,#10625);
#9357=AXIS2_PLACEMENT_3D('',#13375,#10627,#10628);
#9358=AXIS2_PLACEMENT_3D('',#13379,#10630,#10631);
#9359=AXIS2_PLACEMENT_3D('',#13383,#10633,#10634);
#9360=AXIS2_PLACEMENT_3D('',#13387,#10636,#10637);
#9361=AXIS2_PLACEMENT_3D('',#13391,#10639,#10640);
#9362=AXIS2_PLACEMENT_3D('',#13395,#10642,#10643);
#9363=AXIS2_PLACEMENT_3D('',#13399,#10645,#10646);
#9364=AXIS2_PLACEMENT_3D('',#13403,#10648,#10649);
#9365=AXIS2_PLACEMENT_3D('',#13407,#10651,#10652);
#9366=AXIS2_PLACEMENT_3D('',#13411,#10654,#10655);
#9367=AXIS2_PLACEMENT_3D('',#13415,#10657,#10658);
#9368=AXIS2_PLACEMENT_3D('',#13419,#10660,#10661);
#9369=AXIS2_PLACEMENT_3D('',#13423,#10663,#10664);
#9370=AXIS2_PLACEMENT_3D('',#13427,#10666,#10667);
#9371=AXIS2_PLACEMENT_3D('',#13431,#10669,#10670);
#9372=AXIS2_PLACEMENT_3D('',#13435,#10672,#10673);
#9373=AXIS2_PLACEMENT_3D('',#13439,#10675,#10676);
#9374=AXIS2_PLACEMENT_3D('',#13443,#10678,#10679);
#9375=AXIS2_PLACEMENT_3D('',#13447,#10681,#10682);
#9376=AXIS2_PLACEMENT_3D('',#13451,#10684,#10685);
#9377=AXIS2_PLACEMENT_3D('',#13455,#10687,#10688);
#9378=AXIS2_PLACEMENT_3D('',#13459,#10690,#10691);
#9379=AXIS2_PLACEMENT_3D('',#13463,#10693,#10694);
#9380=AXIS2_PLACEMENT_3D('',#13467,#10696,#10697);
#9381=AXIS2_PLACEMENT_3D('',#13471,#10699,#10700);
#9382=AXIS2_PLACEMENT_3D('',#13475,#10702,#10703);
#9383=AXIS2_PLACEMENT_3D('',#13479,#10705,#10706);
#9384=AXIS2_PLACEMENT_3D('',#13483,#10708,#10709);
#9385=AXIS2_PLACEMENT_3D('',#13487,#10711,#10712);
#9386=AXIS2_PLACEMENT_3D('',#13491,#10714,#10715);
#9387=AXIS2_PLACEMENT_3D('',#13495,#10717,#10718);
#9388=AXIS2_PLACEMENT_3D('',#13499,#10720,#10721);
#9389=AXIS2_PLACEMENT_3D('',#13503,#10723,#10724);
#9390=AXIS2_PLACEMENT_3D('',#13507,#10726,#10727);
#9391=AXIS2_PLACEMENT_3D('',#13511,#10729,#10730);
#9392=AXIS2_PLACEMENT_3D('',#13516,#10733,#10734);
#9393=AXIS2_PLACEMENT_3D('',#13520,#10736,#10737);
#9394=AXIS2_PLACEMENT_3D('',#13524,#10739,#10740);
#9395=AXIS2_PLACEMENT_3D('',#13528,#10742,#10743);
#9396=AXIS2_PLACEMENT_3D('',#13532,#10745,#10746);
#9397=AXIS2_PLACEMENT_3D('',#13538,#10749,#10750);
#9398=AXIS2_PLACEMENT_3D('',#13544,#10753,#10754);
#9399=AXIS2_PLACEMENT_3D('',#13548,#10756,#10757);
#9400=AXIS2_PLACEMENT_3D('',#13554,#10760,#10761);
#9401=AXIS2_PLACEMENT_3D('',#13560,#10764,#10765);
#9402=AXIS2_PLACEMENT_3D('',#13564,#10767,#10768);
#9403=AXIS2_PLACEMENT_3D('',#13568,#10770,#10771);
#9404=AXIS2_PLACEMENT_3D('',#13571,#10773,#10774);
#9405=AXIS2_PLACEMENT_3D('',#13574,#10775,#10776);
#9406=AXIS2_PLACEMENT_3D('',#13578,#10778,#10779);
#9407=AXIS2_PLACEMENT_3D('',#13582,#10781,#10782);
#9408=AXIS2_PLACEMENT_3D('',#13586,#10784,#10785);
#9409=AXIS2_PLACEMENT_3D('',#13590,#10787,#10788);
#9410=AXIS2_PLACEMENT_3D('',#13594,#10790,#10791);
#9411=AXIS2_PLACEMENT_3D('',#13598,#10793,#10794);
#9412=AXIS2_PLACEMENT_3D('',#13602,#10796,#10797);
#9413=AXIS2_PLACEMENT_3D('',#13606,#10799,#10800);
#9414=AXIS2_PLACEMENT_3D('',#13610,#10802,#10803);
#9415=AXIS2_PLACEMENT_3D('',#13614,#10805,#10806);
#9416=AXIS2_PLACEMENT_3D('',#13618,#10808,#10809);
#9417=AXIS2_PLACEMENT_3D('',#13622,#10811,#10812);
#9418=AXIS2_PLACEMENT_3D('',#13626,#10814,#10815);
#9419=AXIS2_PLACEMENT_3D('',#13630,#10817,#10818);
#9420=AXIS2_PLACEMENT_3D('',#13634,#10820,#10821);
#9421=AXIS2_PLACEMENT_3D('',#13638,#10823,#10824);
#9422=AXIS2_PLACEMENT_3D('',#13642,#10826,#10827);
#9423=AXIS2_PLACEMENT_3D('',#13646,#10829,#10830);
#9424=AXIS2_PLACEMENT_3D('',#13650,#10832,#10833);
#9425=AXIS2_PLACEMENT_3D('',#13654,#10835,#10836);
#9426=AXIS2_PLACEMENT_3D('',#13658,#10838,#10839);
#9427=AXIS2_PLACEMENT_3D('',#13662,#10841,#10842);
#9428=AXIS2_PLACEMENT_3D('',#13666,#10844,#10845);
#9429=AXIS2_PLACEMENT_3D('',#13670,#10847,#10848);
#9430=AXIS2_PLACEMENT_3D('',#13674,#10850,#10851);
#9431=AXIS2_PLACEMENT_3D('',#13678,#10853,#10854);
#9432=AXIS2_PLACEMENT_3D('',#13682,#10856,#10857);
#9433=AXIS2_PLACEMENT_3D('',#13686,#10859,#10860);
#9434=AXIS2_PLACEMENT_3D('',#13690,#10862,#10863);
#9435=AXIS2_PLACEMENT_3D('',#13694,#10865,#10866);
#9436=AXIS2_PLACEMENT_3D('',#13698,#10868,#10869);
#9437=AXIS2_PLACEMENT_3D('',#13702,#10871,#10872);
#9438=AXIS2_PLACEMENT_3D('',#13706,#10874,#10875);
#9439=AXIS2_PLACEMENT_3D('',#13710,#10877,#10878);
#9440=AXIS2_PLACEMENT_3D('',#13714,#10880,#10881);
#9441=AXIS2_PLACEMENT_3D('',#13718,#10883,#10884);
#9442=AXIS2_PLACEMENT_3D('',#13722,#10886,#10887);
#9443=AXIS2_PLACEMENT_3D('',#13726,#10889,#10890);
#9444=AXIS2_PLACEMENT_3D('',#13730,#10892,#10893);
#9445=AXIS2_PLACEMENT_3D('',#13734,#10895,#10896);
#9446=AXIS2_PLACEMENT_3D('',#13738,#10898,#10899);
#9447=AXIS2_PLACEMENT_3D('',#13742,#10901,#10902);
#9448=AXIS2_PLACEMENT_3D('',#13746,#10904,#10905);
#9449=AXIS2_PLACEMENT_3D('',#13750,#10907,#10908);
#9450=AXIS2_PLACEMENT_3D('',#13754,#10910,#10911);
#9451=AXIS2_PLACEMENT_3D('',#13758,#10913,#10914);
#9452=AXIS2_PLACEMENT_3D('',#13762,#10916,#10917);
#9453=AXIS2_PLACEMENT_3D('',#13766,#10919,#10920);
#9454=AXIS2_PLACEMENT_3D('',#13770,#10922,#10923);
#9455=AXIS2_PLACEMENT_3D('',#13774,#10925,#10926);
#9456=AXIS2_PLACEMENT_3D('',#13778,#10928,#10929);
#9457=AXIS2_PLACEMENT_3D('',#13782,#10931,#10932);
#9458=AXIS2_PLACEMENT_3D('',#13786,#10934,#10935);
#9459=AXIS2_PLACEMENT_3D('',#13790,#10937,#10938);
#9460=AXIS2_PLACEMENT_3D('',#13794,#10940,#10941);
#9461=AXIS2_PLACEMENT_3D('',#13798,#10943,#10944);
#9462=AXIS2_PLACEMENT_3D('',#13802,#10946,#10947);
#9463=AXIS2_PLACEMENT_3D('',#13806,#10949,#10950);
#9464=AXIS2_PLACEMENT_3D('',#13810,#10952,#10953);
#9465=AXIS2_PLACEMENT_3D('',#13814,#10955,#10956);
#9466=AXIS2_PLACEMENT_3D('',#13818,#10958,#10959);
#9467=AXIS2_PLACEMENT_3D('',#13822,#10961,#10962);
#9468=AXIS2_PLACEMENT_3D('',#13826,#10964,#10965);
#9469=AXIS2_PLACEMENT_3D('',#13830,#10967,#10968);
#9470=AXIS2_PLACEMENT_3D('',#13834,#10970,#10971);
#9471=AXIS2_PLACEMENT_3D('',#13838,#10973,#10974);
#9472=AXIS2_PLACEMENT_3D('',#13842,#10976,#10977);
#9473=AXIS2_PLACEMENT_3D('',#13846,#10979,#10980);
#9474=AXIS2_PLACEMENT_3D('',#13850,#10982,#10983);
#9475=AXIS2_PLACEMENT_3D('',#13854,#10985,#10986);
#9476=AXIS2_PLACEMENT_3D('',#13858,#10988,#10989);
#9477=AXIS2_PLACEMENT_3D('',#13862,#10991,#10992);
#9478=AXIS2_PLACEMENT_3D('',#13866,#10994,#10995);
#9479=AXIS2_PLACEMENT_3D('',#13870,#10997,#10998);
#9480=AXIS2_PLACEMENT_3D('',#13874,#11000,#11001);
#9481=AXIS2_PLACEMENT_3D('',#13878,#11003,#11004);
#9482=AXIS2_PLACEMENT_3D('',#13882,#11006,#11007);
#9483=AXIS2_PLACEMENT_3D('',#13886,#11009,#11010);
#9484=AXIS2_PLACEMENT_3D('',#13890,#11012,#11013);
#9485=AXIS2_PLACEMENT_3D('',#13894,#11015,#11016);
#9486=AXIS2_PLACEMENT_3D('',#13898,#11018,#11019);
#9487=AXIS2_PLACEMENT_3D('',#13902,#11021,#11022);
#9488=AXIS2_PLACEMENT_3D('',#13906,#11024,#11025);
#9489=AXIS2_PLACEMENT_3D('',#13910,#11027,#11028);
#9490=AXIS2_PLACEMENT_3D('',#13914,#11030,#11031);
#9491=AXIS2_PLACEMENT_3D('',#13918,#11033,#11034);
#9492=AXIS2_PLACEMENT_3D('',#13922,#11036,#11037);
#9493=AXIS2_PLACEMENT_3D('',#13926,#11039,#11040);
#9494=AXIS2_PLACEMENT_3D('',#13930,#11042,#11043);
#9495=AXIS2_PLACEMENT_3D('',#13934,#11045,#11046);
#9496=AXIS2_PLACEMENT_3D('',#13938,#11048,#11049);
#9497=AXIS2_PLACEMENT_3D('',#13942,#11051,#11052);
#9498=AXIS2_PLACEMENT_3D('',#13946,#11054,#11055);
#9499=AXIS2_PLACEMENT_3D('',#13950,#11057,#11058);
#9500=AXIS2_PLACEMENT_3D('',#13954,#11060,#11061);
#9501=AXIS2_PLACEMENT_3D('',#13958,#11063,#11064);
#9502=AXIS2_PLACEMENT_3D('',#13962,#11066,#11067);
#9503=AXIS2_PLACEMENT_3D('',#13966,#11069,#11070);
#9504=AXIS2_PLACEMENT_3D('',#13970,#11072,#11073);
#9505=AXIS2_PLACEMENT_3D('',#13972,#11075,#11076);
#9506=AXIS2_PLACEMENT_3D('',#13974,#11078,#11079);
#9507=AXIS2_PLACEMENT_3D('',#13978,#11081,#11082);
#9508=AXIS2_PLACEMENT_3D('',#13980,#11084,#11085);
#9509=AXIS2_PLACEMENT_3D('',#13984,#11088,#11089);
#9510=AXIS2_PLACEMENT_3D('',#13988,#11091,#11092);
#9511=AXIS2_PLACEMENT_3D('',#13995,#11096,#11097);
#9512=AXIS2_PLACEMENT_3D('',#13999,#11099,#11100);
#9513=AXIS2_PLACEMENT_3D('',#14003,#11102,#11103);
#9514=AXIS2_PLACEMENT_3D('',#14011,#11107,#11108);
#9515=AXIS2_PLACEMENT_3D('',#14015,#11110,#11111);
#9516=AXIS2_PLACEMENT_3D('',#14019,#11113,#11114);
#9517=AXIS2_PLACEMENT_3D('',#14023,#11116,#11117);
#9518=AXIS2_PLACEMENT_3D('',#14027,#11119,#11120);
#9519=AXIS2_PLACEMENT_3D('',#14031,#11122,#11123);
#9520=AXIS2_PLACEMENT_3D('',#14035,#11125,#11126);
#9521=AXIS2_PLACEMENT_3D('',#14039,#11128,#11129);
#9522=AXIS2_PLACEMENT_3D('',#14043,#11131,#11132);
#9523=AXIS2_PLACEMENT_3D('',#14047,#11134,#11135);
#9524=AXIS2_PLACEMENT_3D('',#14051,#11137,#11138);
#9525=AXIS2_PLACEMENT_3D('',#14055,#11140,#11141);
#9526=AXIS2_PLACEMENT_3D('',#14059,#11143,#11144);
#9527=AXIS2_PLACEMENT_3D('',#14063,#11146,#11147);
#9528=AXIS2_PLACEMENT_3D('',#14067,#11149,#11150);
#9529=AXIS2_PLACEMENT_3D('',#14071,#11152,#11153);
#9530=AXIS2_PLACEMENT_3D('',#14075,#11155,#11156);
#9531=AXIS2_PLACEMENT_3D('',#14079,#11158,#11159);
#9532=AXIS2_PLACEMENT_3D('',#14083,#11161,#11162);
#9533=AXIS2_PLACEMENT_3D('',#14087,#11164,#11165);
#9534=AXIS2_PLACEMENT_3D('',#14091,#11167,#11168);
#9535=AXIS2_PLACEMENT_3D('',#14095,#11170,#11171);
#9536=AXIS2_PLACEMENT_3D('',#14099,#11173,#11174);
#9537=AXIS2_PLACEMENT_3D('',#14103,#11176,#11177);
#9538=AXIS2_PLACEMENT_3D('',#14107,#11179,#11180);
#9539=AXIS2_PLACEMENT_3D('',#14111,#11182,#11183);
#9540=AXIS2_PLACEMENT_3D('',#14115,#11185,#11186);
#9541=AXIS2_PLACEMENT_3D('',#14119,#11188,#11189);
#9542=AXIS2_PLACEMENT_3D('',#14123,#11191,#11192);
#9543=AXIS2_PLACEMENT_3D('',#14127,#11194,#11195);
#9544=AXIS2_PLACEMENT_3D('',#14131,#11197,#11198);
#9545=AXIS2_PLACEMENT_3D('',#14135,#11200,#11201);
#9546=AXIS2_PLACEMENT_3D('',#14139,#11203,#11204);
#9547=AXIS2_PLACEMENT_3D('',#14143,#11206,#11207);
#9548=AXIS2_PLACEMENT_3D('',#14147,#11209,#11210);
#9549=AXIS2_PLACEMENT_3D('',#14151,#11212,#11213);
#9550=AXIS2_PLACEMENT_3D('',#14155,#11215,#11216);
#9551=AXIS2_PLACEMENT_3D('',#14159,#11218,#11219);
#9552=AXIS2_PLACEMENT_3D('',#14163,#11221,#11222);
#9553=AXIS2_PLACEMENT_3D('',#14167,#11224,#11225);
#9554=AXIS2_PLACEMENT_3D('',#14171,#11227,#11228);
#9555=AXIS2_PLACEMENT_3D('',#14175,#11230,#11231);
#9556=AXIS2_PLACEMENT_3D('',#14179,#11233,#11234);
#9557=AXIS2_PLACEMENT_3D('',#14183,#11236,#11237);
#9558=AXIS2_PLACEMENT_3D('',#14187,#11239,#11240);
#9559=AXIS2_PLACEMENT_3D('',#14191,#11242,#11243);
#9560=AXIS2_PLACEMENT_3D('',#14195,#11245,#11246);
#9561=AXIS2_PLACEMENT_3D('',#14199,#11248,#11249);
#9562=AXIS2_PLACEMENT_3D('',#14203,#11251,#11252);
#9563=AXIS2_PLACEMENT_3D('',#14207,#11254,#11255);
#9564=AXIS2_PLACEMENT_3D('',#14211,#11257,#11258);
#9565=AXIS2_PLACEMENT_3D('',#14215,#11260,#11261);
#9566=AXIS2_PLACEMENT_3D('',#14219,#11263,#11264);
#9567=AXIS2_PLACEMENT_3D('',#14223,#11266,#11267);
#9568=AXIS2_PLACEMENT_3D('',#14227,#11269,#11270);
#9569=AXIS2_PLACEMENT_3D('',#14231,#11272,#11273);
#9570=AXIS2_PLACEMENT_3D('',#14235,#11275,#11276);
#9571=AXIS2_PLACEMENT_3D('',#14239,#11278,#11279);
#9572=AXIS2_PLACEMENT_3D('',#14243,#11281,#11282);
#9573=AXIS2_PLACEMENT_3D('',#14247,#11284,#11285);
#9574=AXIS2_PLACEMENT_3D('',#14251,#11287,#11288);
#9575=AXIS2_PLACEMENT_3D('',#14255,#11290,#11291);
#9576=AXIS2_PLACEMENT_3D('',#14259,#11293,#11294);
#9577=AXIS2_PLACEMENT_3D('',#14263,#11296,#11297);
#9578=AXIS2_PLACEMENT_3D('',#14267,#11299,#11300);
#9579=AXIS2_PLACEMENT_3D('',#14271,#11302,#11303);
#9580=AXIS2_PLACEMENT_3D('',#14275,#11305,#11306);
#9581=AXIS2_PLACEMENT_3D('',#14279,#11308,#11309);
#9582=AXIS2_PLACEMENT_3D('',#14283,#11311,#11312);
#9583=AXIS2_PLACEMENT_3D('',#14287,#11314,#11315);
#9584=AXIS2_PLACEMENT_3D('',#14291,#11317,#11318);
#9585=AXIS2_PLACEMENT_3D('',#14295,#11320,#11321);
#9586=AXIS2_PLACEMENT_3D('',#14299,#11323,#11324);
#9587=AXIS2_PLACEMENT_3D('',#14303,#11326,#11327);
#9588=AXIS2_PLACEMENT_3D('',#14307,#11329,#11330);
#9589=AXIS2_PLACEMENT_3D('',#14311,#11332,#11333);
#9590=AXIS2_PLACEMENT_3D('',#14315,#11335,#11336);
#9591=AXIS2_PLACEMENT_3D('',#14319,#11338,#11339);
#9592=AXIS2_PLACEMENT_3D('',#14323,#11341,#11342);
#9593=AXIS2_PLACEMENT_3D('',#14327,#11344,#11345);
#9594=AXIS2_PLACEMENT_3D('',#14331,#11347,#11348);
#9595=AXIS2_PLACEMENT_3D('',#14335,#11350,#11351);
#9596=AXIS2_PLACEMENT_3D('',#14339,#11353,#11354);
#9597=AXIS2_PLACEMENT_3D('',#14343,#11356,#11357);
#9598=AXIS2_PLACEMENT_3D('',#14347,#11359,#11360);
#9599=AXIS2_PLACEMENT_3D('',#14351,#11362,#11363);
#9600=AXIS2_PLACEMENT_3D('',#14355,#11365,#11366);
#9601=AXIS2_PLACEMENT_3D('',#14359,#11368,#11369);
#9602=AXIS2_PLACEMENT_3D('',#14363,#11371,#11372);
#9603=AXIS2_PLACEMENT_3D('',#14367,#11374,#11375);
#9604=AXIS2_PLACEMENT_3D('',#14371,#11377,#11378);
#9605=AXIS2_PLACEMENT_3D('',#14375,#11380,#11381);
#9606=AXIS2_PLACEMENT_3D('',#14379,#11383,#11384);
#9607=AXIS2_PLACEMENT_3D('',#14383,#11386,#11387);
#9608=AXIS2_PLACEMENT_3D('',#14387,#11389,#11390);
#9609=AXIS2_PLACEMENT_3D('',#14391,#11392,#11393);
#9610=AXIS2_PLACEMENT_3D('',#14395,#11395,#11396);
#9611=AXIS2_PLACEMENT_3D('',#14399,#11398,#11399);
#9612=AXIS2_PLACEMENT_3D('',#14403,#11401,#11402);
#9613=AXIS2_PLACEMENT_3D('',#14407,#11404,#11405);
#9614=AXIS2_PLACEMENT_3D('',#14411,#11407,#11408);
#9615=AXIS2_PLACEMENT_3D('',#14415,#11410,#11411);
#9616=AXIS2_PLACEMENT_3D('',#14419,#11413,#11414);
#9617=AXIS2_PLACEMENT_3D('',#14423,#11416,#11417);
#9618=AXIS2_PLACEMENT_3D('',#14427,#11419,#11420);
#9619=AXIS2_PLACEMENT_3D('',#14431,#11422,#11423);
#9620=AXIS2_PLACEMENT_3D('',#14435,#11425,#11426);
#9621=AXIS2_PLACEMENT_3D('',#14439,#11428,#11429);
#9622=AXIS2_PLACEMENT_3D('',#14443,#11431,#11432);
#9623=AXIS2_PLACEMENT_3D('',#14447,#11434,#11435);
#9624=AXIS2_PLACEMENT_3D('',#14451,#11437,#11438);
#9625=AXIS2_PLACEMENT_3D('',#14455,#11440,#11441);
#9626=AXIS2_PLACEMENT_3D('',#14459,#11443,#11444);
#9627=AXIS2_PLACEMENT_3D('',#14463,#11446,#11447);
#9628=AXIS2_PLACEMENT_3D('',#14467,#11449,#11450);
#9629=AXIS2_PLACEMENT_3D('',#14471,#11452,#11453);
#9630=AXIS2_PLACEMENT_3D('',#14475,#11455,#11456);
#9631=AXIS2_PLACEMENT_3D('',#14479,#11458,#11459);
#9632=AXIS2_PLACEMENT_3D('',#14483,#11461,#11462);
#9633=AXIS2_PLACEMENT_3D('',#14487,#11464,#11465);
#9634=AXIS2_PLACEMENT_3D('',#14491,#11467,#11468);
#9635=AXIS2_PLACEMENT_3D('',#14495,#11470,#11471);
#9636=AXIS2_PLACEMENT_3D('',#14499,#11473,#11474);
#9637=AXIS2_PLACEMENT_3D('',#14503,#11476,#11477);
#9638=AXIS2_PLACEMENT_3D('',#14507,#11479,#11480);
#9639=AXIS2_PLACEMENT_3D('',#14511,#11482,#11483);
#9640=AXIS2_PLACEMENT_3D('',#14515,#11485,#11486);
#9641=AXIS2_PLACEMENT_3D('',#14519,#11488,#11489);
#9642=AXIS2_PLACEMENT_3D('',#14523,#11491,#11492);
#9643=AXIS2_PLACEMENT_3D('',#14527,#11494,#11495);
#9644=AXIS2_PLACEMENT_3D('',#14531,#11497,#11498);
#9645=AXIS2_PLACEMENT_3D('',#14535,#11500,#11501);
#9646=AXIS2_PLACEMENT_3D('',#14539,#11503,#11504);
#9647=AXIS2_PLACEMENT_3D('',#14543,#11506,#11507);
#9648=AXIS2_PLACEMENT_3D('',#14547,#11509,#11510);
#9649=AXIS2_PLACEMENT_3D('',#14551,#11512,#11513);
#9650=AXIS2_PLACEMENT_3D('',#14555,#11515,#11516);
#9651=AXIS2_PLACEMENT_3D('',#14559,#11518,#11519);
#9652=AXIS2_PLACEMENT_3D('',#14563,#11521,#11522);
#9653=AXIS2_PLACEMENT_3D('',#14567,#11524,#11525);
#9654=AXIS2_PLACEMENT_3D('',#14571,#11527,#11528);
#9655=AXIS2_PLACEMENT_3D('',#14575,#11530,#11531);
#9656=AXIS2_PLACEMENT_3D('',#14579,#11533,#11534);
#9657=AXIS2_PLACEMENT_3D('',#14583,#11536,#11537);
#9658=AXIS2_PLACEMENT_3D('',#14587,#11539,#11540);
#9659=AXIS2_PLACEMENT_3D('',#14591,#11542,#11543);
#9660=AXIS2_PLACEMENT_3D('',#14595,#11545,#11546);
#9661=AXIS2_PLACEMENT_3D('',#14599,#11548,#11549);
#9662=AXIS2_PLACEMENT_3D('',#14603,#11551,#11552);
#9663=AXIS2_PLACEMENT_3D('',#14607,#11554,#11555);
#9664=AXIS2_PLACEMENT_3D('',#14611,#11557,#11558);
#9665=AXIS2_PLACEMENT_3D('',#14615,#11560,#11561);
#9666=AXIS2_PLACEMENT_3D('',#14619,#11563,#11564);
#9667=AXIS2_PLACEMENT_3D('',#14623,#11566,#11567);
#9668=AXIS2_PLACEMENT_3D('',#14627,#11569,#11570);
#9669=AXIS2_PLACEMENT_3D('',#14631,#11572,#11573);
#9670=AXIS2_PLACEMENT_3D('',#14635,#11575,#11576);
#9671=AXIS2_PLACEMENT_3D('',#14637,#11578,#11579);
#9672=AXIS2_PLACEMENT_3D('',#14640,#11582,#11583);
#9673=AXIS2_PLACEMENT_3D('',#14641,#11584,#11585);
#9674=AXIS2_PLACEMENT_3D('',#14644,#11588,#11589);
#9675=AXIS2_PLACEMENT_3D('',#14645,#11590,#11591);
#9676=AXIS2_PLACEMENT_3D('',#14648,#11594,#11595);
#9677=AXIS2_PLACEMENT_3D('',#14650,#11597,#11598);
#9678=AXIS2_PLACEMENT_3D('',#14652,#11600,#11601);
#9679=AXIS2_PLACEMENT_3D('',#14654,#11603,#11604);
#9680=AXIS2_PLACEMENT_3D('',#14656,#11606,#11607);
#9681=AXIS2_PLACEMENT_3D('',#14657,#11608,#11609);
#9682=AXIS2_PLACEMENT_3D('',#14660,#11612,#11613);
#9683=AXIS2_PLACEMENT_3D('',#14662,#11615,#11616);
#9684=AXIS2_PLACEMENT_3D('',#14664,#11618,#11619);
#9685=AXIS2_PLACEMENT_3D('',#14666,#11621,#11622);
#9686=AXIS2_PLACEMENT_3D('',#14668,#11624,#11625);
#9687=AXIS2_PLACEMENT_3D('',#14670,#11627,#11628);
#9688=AXIS2_PLACEMENT_3D('',#14672,#11630,#11631);
#9689=AXIS2_PLACEMENT_3D('',#14673,#11632,#11633);
#9690=AXIS2_PLACEMENT_3D('',#14676,#11636,#11637);
#9691=AXIS2_PLACEMENT_3D('',#14678,#11639,#11640);
#9692=AXIS2_PLACEMENT_3D('',#14680,#11642,#11643);
#9693=AXIS2_PLACEMENT_3D('',#14682,#11645,#11646);
#9694=AXIS2_PLACEMENT_3D('',#14684,#11648,#11649);
#9695=AXIS2_PLACEMENT_3D('',#14686,#11651,#11652);
#9696=AXIS2_PLACEMENT_3D('',#14688,#11654,#11655);
#9697=AXIS2_PLACEMENT_3D('',#14689,#11656,#11657);
#9698=AXIS2_PLACEMENT_3D('',#14692,#11660,#11661);
#9699=AXIS2_PLACEMENT_3D('',#14694,#11663,#11664);
#9700=AXIS2_PLACEMENT_3D('',#14696,#11666,#11667);
#9701=AXIS2_PLACEMENT_3D('',#14698,#11669,#11670);
#9702=AXIS2_PLACEMENT_3D('',#14700,#11672,#11673);
#9703=AXIS2_PLACEMENT_3D('',#14702,#11675,#11676);
#9704=AXIS2_PLACEMENT_3D('',#14704,#11678,#11679);
#9705=AXIS2_PLACEMENT_3D('',#14705,#11680,#11681);
#9706=AXIS2_PLACEMENT_3D('',#14708,#11684,#11685);
#9707=AXIS2_PLACEMENT_3D('',#14710,#11687,#11688);
#9708=AXIS2_PLACEMENT_3D('',#14712,#11690,#11691);
#9709=AXIS2_PLACEMENT_3D('',#14714,#11693,#11694);
#9710=AXIS2_PLACEMENT_3D('',#14716,#11696,#11697);
#9711=AXIS2_PLACEMENT_3D('',#14718,#11699,#11700);
#9712=AXIS2_PLACEMENT_3D('',#14720,#11702,#11703);
#9713=AXIS2_PLACEMENT_3D('',#14721,#11704,#11705);
#9714=AXIS2_PLACEMENT_3D('',#14724,#11708,#11709);
#9715=AXIS2_PLACEMENT_3D('',#14726,#11711,#11712);
#9716=AXIS2_PLACEMENT_3D('',#14728,#11714,#11715);
#9717=AXIS2_PLACEMENT_3D('',#14730,#11717,#11718);
#9718=AXIS2_PLACEMENT_3D('',#14732,#11720,#11721);
#9719=AXIS2_PLACEMENT_3D('',#14734,#11723,#11724);
#9720=AXIS2_PLACEMENT_3D('',#14736,#11726,#11727);
#9721=AXIS2_PLACEMENT_3D('',#14737,#11728,#11729);
#9722=AXIS2_PLACEMENT_3D('',#14740,#11732,#11733);
#9723=AXIS2_PLACEMENT_3D('',#14742,#11735,#11736);
#9724=AXIS2_PLACEMENT_3D('',#14744,#11738,#11739);
#9725=AXIS2_PLACEMENT_3D('',#14746,#11741,#11742);
#9726=AXIS2_PLACEMENT_3D('',#14748,#11744,#11745);
#9727=AXIS2_PLACEMENT_3D('',#14750,#11747,#11748);
#9728=AXIS2_PLACEMENT_3D('',#14752,#11750,#11751);
#9729=AXIS2_PLACEMENT_3D('',#14753,#11752,#11753);
#9730=AXIS2_PLACEMENT_3D('',#14756,#11756,#11757);
#9731=AXIS2_PLACEMENT_3D('',#14758,#11759,#11760);
#9732=AXIS2_PLACEMENT_3D('',#14760,#11762,#11763);
#9733=AXIS2_PLACEMENT_3D('',#14762,#11765,#11766);
#9734=AXIS2_PLACEMENT_3D('',#14764,#11768,#11769);
#9735=AXIS2_PLACEMENT_3D('',#14766,#11771,#11772);
#9736=AXIS2_PLACEMENT_3D('',#14768,#11774,#11775);
#9737=AXIS2_PLACEMENT_3D('',#14769,#11776,#11777);
#9738=AXIS2_PLACEMENT_3D('',#14772,#11780,#11781);
#9739=AXIS2_PLACEMENT_3D('',#14774,#11783,#11784);
#9740=AXIS2_PLACEMENT_3D('',#14776,#11786,#11787);
#9741=AXIS2_PLACEMENT_3D('',#14778,#11789,#11790);
#9742=AXIS2_PLACEMENT_3D('',#14780,#11792,#11793);
#9743=AXIS2_PLACEMENT_3D('',#14782,#11795,#11796);
#9744=AXIS2_PLACEMENT_3D('',#14784,#11798,#11799);
#9745=AXIS2_PLACEMENT_3D('',#14785,#11800,#11801);
#9746=AXIS2_PLACEMENT_3D('',#14788,#11804,#11805);
#9747=AXIS2_PLACEMENT_3D('',#14790,#11807,#11808);
#9748=AXIS2_PLACEMENT_3D('',#14792,#11810,#11811);
#9749=AXIS2_PLACEMENT_3D('',#14794,#11813,#11814);
#9750=AXIS2_PLACEMENT_3D('',#14796,#11816,#11817);
#9751=AXIS2_PLACEMENT_3D('',#14798,#11819,#11820);
#9752=AXIS2_PLACEMENT_3D('',#14800,#11822,#11823);
#9753=AXIS2_PLACEMENT_3D('',#14801,#11824,#11825);
#9754=AXIS2_PLACEMENT_3D('',#14804,#11828,#11829);
#9755=AXIS2_PLACEMENT_3D('',#14806,#11831,#11832);
#9756=AXIS2_PLACEMENT_3D('',#14808,#11834,#11835);
#9757=AXIS2_PLACEMENT_3D('',#14810,#11837,#11838);
#9758=AXIS2_PLACEMENT_3D('',#14812,#11840,#11841);
#9759=AXIS2_PLACEMENT_3D('',#14814,#11843,#11844);
#9760=AXIS2_PLACEMENT_3D('',#14816,#11846,#11847);
#9761=AXIS2_PLACEMENT_3D('',#14817,#11848,#11849);
#9762=AXIS2_PLACEMENT_3D('',#14820,#11852,#11853);
#9763=AXIS2_PLACEMENT_3D('',#14822,#11855,#11856);
#9764=AXIS2_PLACEMENT_3D('',#14824,#11858,#11859);
#9765=AXIS2_PLACEMENT_3D('',#14826,#11861,#11862);
#9766=AXIS2_PLACEMENT_3D('',#14828,#11864,#11865);
#9767=AXIS2_PLACEMENT_3D('',#14830,#11867,#11868);
#9768=AXIS2_PLACEMENT_3D('',#14832,#11870,#11871);
#9769=AXIS2_PLACEMENT_3D('',#14833,#11872,#11873);
#9770=AXIS2_PLACEMENT_3D('',#14836,#11876,#11877);
#9771=AXIS2_PLACEMENT_3D('',#14838,#11879,#11880);
#9772=AXIS2_PLACEMENT_3D('',#14840,#11882,#11883);
#9773=AXIS2_PLACEMENT_3D('',#14842,#11885,#11886);
#9774=AXIS2_PLACEMENT_3D('',#14844,#11888,#11889);
#9775=AXIS2_PLACEMENT_3D('',#14846,#11891,#11892);
#9776=AXIS2_PLACEMENT_3D('',#14848,#11894,#11895);
#9777=AXIS2_PLACEMENT_3D('',#14849,#11896,#11897);
#9778=AXIS2_PLACEMENT_3D('',#14851,#11899,#11900);
#9779=AXIS2_PLACEMENT_3D('',#14853,#11902,#11903);
#9780=AXIS2_PLACEMENT_3D('',#14855,#11905,#11906);
#9781=AXIS2_PLACEMENT_3D('',#14857,#11908,#11909);
#9782=AXIS2_PLACEMENT_3D('',#14859,#11911,#11912);
#9783=AXIS2_PLACEMENT_3D('',#14861,#11914,#11915);
#9784=AXIS2_PLACEMENT_3D('',#14863,#11917,#11918);
#9785=AXIS2_PLACEMENT_3D('',#14865,#11920,#11921);
#9786=AXIS2_PLACEMENT_3D('',#14867,#11923,#11924);
#9787=AXIS2_PLACEMENT_3D('',#14869,#11926,#11927);
#9788=AXIS2_PLACEMENT_3D('',#14871,#11929,#11930);
#9789=AXIS2_PLACEMENT_3D('',#14873,#11932,#11933);
#9790=AXIS2_PLACEMENT_3D('',#14875,#11935,#11936);
#9791=AXIS2_PLACEMENT_3D('',#14877,#11938,#11939);
#9792=AXIS2_PLACEMENT_3D('',#14879,#11941,#11942);
#9793=AXIS2_PLACEMENT_3D('',#14880,#11943,#11944);
#9794=AXIS2_PLACEMENT_3D('',#14883,#11947,#11948);
#9795=AXIS2_PLACEMENT_3D('',#14885,#11950,#11951);
#9796=AXIS2_PLACEMENT_3D('',#14887,#11953,#11954);
#9797=AXIS2_PLACEMENT_3D('',#14889,#11956,#11957);
#9798=AXIS2_PLACEMENT_3D('',#14891,#11959,#11960);
#9799=AXIS2_PLACEMENT_3D('',#14893,#11962,#11963);
#9800=AXIS2_PLACEMENT_3D('',#14895,#11965,#11966);
#9801=AXIS2_PLACEMENT_3D('',#14896,#11967,#11968);
#9802=AXIS2_PLACEMENT_3D('',#14899,#11971,#11972);
#9803=AXIS2_PLACEMENT_3D('',#14901,#11974,#11975);
#9804=AXIS2_PLACEMENT_3D('',#14903,#11977,#11978);
#9805=AXIS2_PLACEMENT_3D('',#14905,#11980,#11981);
#9806=AXIS2_PLACEMENT_3D('',#14907,#11983,#11984);
#9807=AXIS2_PLACEMENT_3D('',#14909,#11986,#11987);
#9808=AXIS2_PLACEMENT_3D('',#14911,#11989,#11990);
#9809=AXIS2_PLACEMENT_3D('',#14912,#11991,#11992);
#9810=AXIS2_PLACEMENT_3D('',#14915,#11995,#11996);
#9811=AXIS2_PLACEMENT_3D('',#14917,#11998,#11999);
#9812=AXIS2_PLACEMENT_3D('',#14919,#12001,#12002);
#9813=AXIS2_PLACEMENT_3D('',#14921,#12004,#12005);
#9814=AXIS2_PLACEMENT_3D('',#14923,#12007,#12008);
#9815=AXIS2_PLACEMENT_3D('',#14925,#12010,#12011);
#9816=AXIS2_PLACEMENT_3D('',#14927,#12013,#12014);
#9817=AXIS2_PLACEMENT_3D('',#14928,#12015,#12016);
#9818=AXIS2_PLACEMENT_3D('',#14931,#12019,#12020);
#9819=AXIS2_PLACEMENT_3D('',#14933,#12022,#12023);
#9820=AXIS2_PLACEMENT_3D('',#14935,#12025,#12026);
#9821=AXIS2_PLACEMENT_3D('',#14937,#12028,#12029);
#9822=AXIS2_PLACEMENT_3D('',#14939,#12031,#12032);
#9823=AXIS2_PLACEMENT_3D('',#14941,#12034,#12035);
#9824=AXIS2_PLACEMENT_3D('',#14943,#12037,#12038);
#9825=AXIS2_PLACEMENT_3D('',#14944,#12039,#12040);
#9826=AXIS2_PLACEMENT_3D('',#14947,#12043,#12044);
#9827=AXIS2_PLACEMENT_3D('',#14949,#12046,#12047);
#9828=AXIS2_PLACEMENT_3D('',#14951,#12049,#12050);
#9829=AXIS2_PLACEMENT_3D('',#14953,#12052,#12053);
#9830=AXIS2_PLACEMENT_3D('',#14955,#12055,#12056);
#9831=AXIS2_PLACEMENT_3D('',#14957,#12058,#12059);
#9832=AXIS2_PLACEMENT_3D('',#14959,#12061,#12062);
#9833=AXIS2_PLACEMENT_3D('',#14960,#12063,#12064);
#9834=AXIS2_PLACEMENT_3D('',#14963,#12067,#12068);
#9835=AXIS2_PLACEMENT_3D('',#14965,#12070,#12071);
#9836=AXIS2_PLACEMENT_3D('',#14967,#12073,#12074);
#9837=AXIS2_PLACEMENT_3D('',#14969,#12076,#12077);
#9838=AXIS2_PLACEMENT_3D('',#14971,#12079,#12080);
#9839=AXIS2_PLACEMENT_3D('',#14973,#12082,#12083);
#9840=AXIS2_PLACEMENT_3D('',#14975,#12085,#12086);
#9841=AXIS2_PLACEMENT_3D('',#14976,#12087,#12088);
#9842=AXIS2_PLACEMENT_3D('',#14979,#12091,#12092);
#9843=AXIS2_PLACEMENT_3D('',#14981,#12094,#12095);
#9844=AXIS2_PLACEMENT_3D('',#14983,#12097,#12098);
#9845=AXIS2_PLACEMENT_3D('',#14985,#12100,#12101);
#9846=AXIS2_PLACEMENT_3D('',#14987,#12103,#12104);
#9847=AXIS2_PLACEMENT_3D('',#14989,#12106,#12107);
#9848=AXIS2_PLACEMENT_3D('',#14991,#12109,#12110);
#9849=AXIS2_PLACEMENT_3D('',#14992,#12111,#12112);
#9850=AXIS2_PLACEMENT_3D('',#14995,#12115,#12116);
#9851=AXIS2_PLACEMENT_3D('',#14997,#12118,#12119);
#9852=AXIS2_PLACEMENT_3D('',#14999,#12121,#12122);
#9853=AXIS2_PLACEMENT_3D('',#15001,#12124,#12125);
#9854=AXIS2_PLACEMENT_3D('',#15003,#12127,#12128);
#9855=AXIS2_PLACEMENT_3D('',#15005,#12130,#12131);
#9856=AXIS2_PLACEMENT_3D('',#15007,#12133,#12134);
#9857=AXIS2_PLACEMENT_3D('',#15008,#12135,#12136);
#9858=AXIS2_PLACEMENT_3D('',#15011,#12139,#12140);
#9859=AXIS2_PLACEMENT_3D('',#15013,#12142,#12143);
#9860=AXIS2_PLACEMENT_3D('',#15015,#12145,#12146);
#9861=AXIS2_PLACEMENT_3D('',#15017,#12148,#12149);
#9862=AXIS2_PLACEMENT_3D('',#15019,#12151,#12152);
#9863=AXIS2_PLACEMENT_3D('',#15021,#12154,#12155);
#9864=AXIS2_PLACEMENT_3D('',#15023,#12157,#12158);
#9865=AXIS2_PLACEMENT_3D('',#15024,#12159,#12160);
#9866=AXIS2_PLACEMENT_3D('',#15027,#12163,#12164);
#9867=AXIS2_PLACEMENT_3D('',#15029,#12166,#12167);
#9868=AXIS2_PLACEMENT_3D('',#15031,#12169,#12170);
#9869=AXIS2_PLACEMENT_3D('',#15033,#12172,#12173);
#9870=AXIS2_PLACEMENT_3D('',#15035,#12175,#12176);
#9871=AXIS2_PLACEMENT_3D('',#15037,#12178,#12179);
#9872=AXIS2_PLACEMENT_3D('',#15039,#12181,#12182);
#9873=AXIS2_PLACEMENT_3D('',#15040,#12183,#12184);
#9874=AXIS2_PLACEMENT_3D('',#15043,#12187,#12188);
#9875=AXIS2_PLACEMENT_3D('',#15045,#12190,#12191);
#9876=AXIS2_PLACEMENT_3D('',#15047,#12193,#12194);
#9877=AXIS2_PLACEMENT_3D('',#15049,#12196,#12197);
#9878=AXIS2_PLACEMENT_3D('',#15051,#12199,#12200);
#9879=AXIS2_PLACEMENT_3D('',#15053,#12202,#12203);
#9880=AXIS2_PLACEMENT_3D('',#15055,#12205,#12206);
#9881=AXIS2_PLACEMENT_3D('',#15056,#12207,#12208);
#9882=AXIS2_PLACEMENT_3D('',#15059,#12211,#12212);
#9883=AXIS2_PLACEMENT_3D('',#15061,#12214,#12215);
#9884=AXIS2_PLACEMENT_3D('',#15063,#12217,#12218);
#9885=AXIS2_PLACEMENT_3D('',#15065,#12220,#12221);
#9886=AXIS2_PLACEMENT_3D('',#15067,#12223,#12224);
#9887=AXIS2_PLACEMENT_3D('',#15069,#12226,#12227);
#9888=AXIS2_PLACEMENT_3D('',#15071,#12229,#12230);
#9889=AXIS2_PLACEMENT_3D('',#15072,#12231,#12232);
#9890=AXIS2_PLACEMENT_3D('',#15075,#12235,#12236);
#9891=AXIS2_PLACEMENT_3D('',#15077,#12238,#12239);
#9892=AXIS2_PLACEMENT_3D('',#15079,#12241,#12242);
#9893=AXIS2_PLACEMENT_3D('',#15081,#12244,#12245);
#9894=AXIS2_PLACEMENT_3D('',#15083,#12247,#12248);
#9895=AXIS2_PLACEMENT_3D('',#15085,#12250,#12251);
#9896=AXIS2_PLACEMENT_3D('',#15087,#12253,#12254);
#9897=AXIS2_PLACEMENT_3D('',#15088,#12255,#12256);
#9898=AXIS2_PLACEMENT_3D('',#15090,#12258,#12259);
#9899=AXIS2_PLACEMENT_3D('',#15092,#12261,#12262);
#9900=AXIS2_PLACEMENT_3D('',#15094,#12264,#12265);
#9901=AXIS2_PLACEMENT_3D('',#15096,#12267,#12268);
#9902=AXIS2_PLACEMENT_3D('',#15098,#12270,#12271);
#9903=AXIS2_PLACEMENT_3D('',#15100,#12273,#12274);
#9904=AXIS2_PLACEMENT_3D('',#15102,#12276,#12277);
#9905=AXIS2_PLACEMENT_3D('',#15104,#12279,#12280);
#9906=AXIS2_PLACEMENT_3D('',#15106,#12282,#12283);
#9907=AXIS2_PLACEMENT_3D('',#15108,#12285,#12286);
#9908=AXIS2_PLACEMENT_3D('',#15110,#12288,#12289);
#9909=AXIS2_PLACEMENT_3D('',#15112,#12291,#12292);
#9910=AXIS2_PLACEMENT_3D('',#15114,#12294,#12295);
#9911=AXIS2_PLACEMENT_3D('',#15116,#12297,#12298);
#9912=AXIS2_PLACEMENT_3D('',#15118,#12300,#12301);
#9913=AXIS2_PLACEMENT_3D('',#15120,#12303,#12304);
#9914=AXIS2_PLACEMENT_3D('',#15122,#12306,#12307);
#9915=AXIS2_PLACEMENT_3D('',#15124,#12309,#12310);
#9916=AXIS2_PLACEMENT_3D('',#15126,#12312,#12313);
#9917=AXIS2_PLACEMENT_3D('',#15128,#12315,#12316);
#9918=AXIS2_PLACEMENT_3D('',#15130,#12318,#12319);
#9919=AXIS2_PLACEMENT_3D('',#15132,#12321,#12322);
#9920=AXIS2_PLACEMENT_3D('',#15134,#12324,#12325);
#9921=AXIS2_PLACEMENT_3D('',#15136,#12327,#12328);
#9922=AXIS2_PLACEMENT_3D('',#15138,#12330,#12331);
#9923=AXIS2_PLACEMENT_3D('',#15140,#12333,#12334);
#9924=AXIS2_PLACEMENT_3D('',#15142,#12336,#12337);
#9925=AXIS2_PLACEMENT_3D('',#15144,#12339,#12340);
#9926=AXIS2_PLACEMENT_3D('',#15146,#12342,#12343);
#9927=AXIS2_PLACEMENT_3D('',#15147,#12344,#12345);
#9928=AXIS2_PLACEMENT_3D('',#15150,#12348,#12349);
#9929=AXIS2_PLACEMENT_3D('',#15152,#12351,#12352);
#9930=AXIS2_PLACEMENT_3D('',#15154,#12354,#12355);
#9931=AXIS2_PLACEMENT_3D('',#15156,#12357,#12358);
#9932=AXIS2_PLACEMENT_3D('',#15158,#12360,#12361);
#9933=AXIS2_PLACEMENT_3D('',#15160,#12363,#12364);
#9934=AXIS2_PLACEMENT_3D('',#15162,#12366,#12367);
#9935=AXIS2_PLACEMENT_3D('',#15163,#12368,#12369);
#9936=AXIS2_PLACEMENT_3D('',#15166,#12372,#12373);
#9937=AXIS2_PLACEMENT_3D('',#15168,#12375,#12376);
#9938=AXIS2_PLACEMENT_3D('',#15170,#12378,#12379);
#9939=AXIS2_PLACEMENT_3D('',#15172,#12381,#12382);
#9940=AXIS2_PLACEMENT_3D('',#15174,#12384,#12385);
#9941=AXIS2_PLACEMENT_3D('',#15176,#12387,#12388);
#9942=AXIS2_PLACEMENT_3D('',#15178,#12390,#12391);
#9943=AXIS2_PLACEMENT_3D('',#15179,#12392,#12393);
#9944=AXIS2_PLACEMENT_3D('',#15182,#12396,#12397);
#9945=AXIS2_PLACEMENT_3D('',#15184,#12399,#12400);
#9946=AXIS2_PLACEMENT_3D('',#15186,#12402,#12403);
#9947=AXIS2_PLACEMENT_3D('',#15188,#12405,#12406);
#9948=AXIS2_PLACEMENT_3D('',#15190,#12408,#12409);
#9949=AXIS2_PLACEMENT_3D('',#15192,#12411,#12412);
#9950=AXIS2_PLACEMENT_3D('',#15194,#12414,#12415);
#9951=AXIS2_PLACEMENT_3D('',#15195,#12416,#12417);
#9952=AXIS2_PLACEMENT_3D('',#15198,#12420,#12421);
#9953=AXIS2_PLACEMENT_3D('',#15200,#12423,#12424);
#9954=AXIS2_PLACEMENT_3D('',#15202,#12426,#12427);
#9955=AXIS2_PLACEMENT_3D('',#15204,#12429,#12430);
#9956=AXIS2_PLACEMENT_3D('',#15206,#12432,#12433);
#9957=AXIS2_PLACEMENT_3D('',#15208,#12435,#12436);
#9958=AXIS2_PLACEMENT_3D('',#15210,#12438,#12439);
#9959=AXIS2_PLACEMENT_3D('',#15211,#12440,#12441);
#9960=AXIS2_PLACEMENT_3D('',#15214,#12444,#12445);
#9961=AXIS2_PLACEMENT_3D('',#15216,#12447,#12448);
#9962=AXIS2_PLACEMENT_3D('',#15218,#12450,#12451);
#9963=AXIS2_PLACEMENT_3D('',#15220,#12453,#12454);
#9964=AXIS2_PLACEMENT_3D('',#15222,#12456,#12457);
#9965=AXIS2_PLACEMENT_3D('',#15224,#12459,#12460);
#9966=AXIS2_PLACEMENT_3D('',#15226,#12462,#12463);
#9967=AXIS2_PLACEMENT_3D('',#15227,#12464,#12465);
#9968=AXIS2_PLACEMENT_3D('',#15230,#12468,#12469);
#9969=AXIS2_PLACEMENT_3D('',#15232,#12471,#12472);
#9970=AXIS2_PLACEMENT_3D('',#15234,#12474,#12475);
#9971=AXIS2_PLACEMENT_3D('',#15236,#12477,#12478);
#9972=AXIS2_PLACEMENT_3D('',#15238,#12480,#12481);
#9973=AXIS2_PLACEMENT_3D('',#15240,#12483,#12484);
#9974=AXIS2_PLACEMENT_3D('',#15242,#12486,#12487);
#9975=AXIS2_PLACEMENT_3D('',#15243,#12488,#12489);
#9976=AXIS2_PLACEMENT_3D('',#15246,#12492,#12493);
#9977=AXIS2_PLACEMENT_3D('',#15248,#12495,#12496);
#9978=AXIS2_PLACEMENT_3D('',#15250,#12498,#12499);
#9979=AXIS2_PLACEMENT_3D('',#15252,#12501,#12502);
#9980=AXIS2_PLACEMENT_3D('',#15254,#12504,#12505);
#9981=AXIS2_PLACEMENT_3D('',#15256,#12507,#12508);
#9982=AXIS2_PLACEMENT_3D('',#15258,#12510,#12511);
#9983=AXIS2_PLACEMENT_3D('',#15259,#12512,#12513);
#9984=AXIS2_PLACEMENT_3D('',#15262,#12516,#12517);
#9985=AXIS2_PLACEMENT_3D('',#15264,#12519,#12520);
#9986=AXIS2_PLACEMENT_3D('',#15266,#12522,#12523);
#9987=AXIS2_PLACEMENT_3D('',#15268,#12525,#12526);
#9988=AXIS2_PLACEMENT_3D('',#15270,#12528,#12529);
#9989=AXIS2_PLACEMENT_3D('',#15272,#12531,#12532);
#9990=AXIS2_PLACEMENT_3D('',#15274,#12534,#12535);
#9991=AXIS2_PLACEMENT_3D('',#15275,#12536,#12537);
#9992=AXIS2_PLACEMENT_3D('',#15278,#12540,#12541);
#9993=AXIS2_PLACEMENT_3D('',#15280,#12543,#12544);
#9994=AXIS2_PLACEMENT_3D('',#15282,#12546,#12547);
#9995=AXIS2_PLACEMENT_3D('',#15284,#12549,#12550);
#9996=AXIS2_PLACEMENT_3D('',#15286,#12552,#12553);
#9997=AXIS2_PLACEMENT_3D('',#15288,#12555,#12556);
#9998=AXIS2_PLACEMENT_3D('',#15290,#12558,#12559);
#9999=AXIS2_PLACEMENT_3D('',#15291,#12560,#12561);
#10000=AXIS2_PLACEMENT_3D('',#15294,#12564,#12565);
#10001=AXIS2_PLACEMENT_3D('',#15296,#12567,#12568);
#10002=AXIS2_PLACEMENT_3D('',#15298,#12570,#12571);
#10003=AXIS2_PLACEMENT_3D('',#15300,#12573,#12574);
#10004=AXIS2_PLACEMENT_3D('',#15302,#12576,#12577);
#10005=AXIS2_PLACEMENT_3D('',#15304,#12579,#12580);
#10006=AXIS2_PLACEMENT_3D('',#15306,#12582,#12583);
#10007=AXIS2_PLACEMENT_3D('',#15307,#12584,#12585);
#10008=AXIS2_PLACEMENT_3D('',#15310,#12588,#12589);
#10009=AXIS2_PLACEMENT_3D('',#15312,#12591,#12592);
#10010=AXIS2_PLACEMENT_3D('',#15314,#12594,#12595);
#10011=AXIS2_PLACEMENT_3D('',#15316,#12597,#12598);
#10012=AXIS2_PLACEMENT_3D('',#15318,#12600,#12601);
#10013=AXIS2_PLACEMENT_3D('',#15320,#12603,#12604);
#10014=AXIS2_PLACEMENT_3D('',#15322,#12606,#12607);
#10015=AXIS2_PLACEMENT_3D('',#15323,#12608,#12609);
#10016=AXIS2_PLACEMENT_3D('',#15326,#12612,#12613);
#10017=AXIS2_PLACEMENT_3D('',#15328,#12615,#12616);
#10018=AXIS2_PLACEMENT_3D('',#15330,#12618,#12619);
#10019=AXIS2_PLACEMENT_3D('',#15332,#12621,#12622);
#10020=AXIS2_PLACEMENT_3D('',#15334,#12624,#12625);
#10021=AXIS2_PLACEMENT_3D('',#15336,#12627,#12628);
#10022=AXIS2_PLACEMENT_3D('',#15338,#12630,#12631);
#10023=AXIS2_PLACEMENT_3D('',#15339,#12632,#12633);
#10024=AXIS2_PLACEMENT_3D('',#15342,#12636,#12637);
#10025=AXIS2_PLACEMENT_3D('',#15344,#12639,#12640);
#10026=AXIS2_PLACEMENT_3D('',#15346,#12642,#12643);
#10027=AXIS2_PLACEMENT_3D('',#15348,#12645,#12646);
#10028=AXIS2_PLACEMENT_3D('',#15350,#12648,#12649);
#10029=AXIS2_PLACEMENT_3D('',#15352,#12651,#12652);
#10030=AXIS2_PLACEMENT_3D('',#15354,#12654,#12655);
#10031=AXIS2_PLACEMENT_3D('',#15355,#12656,#12657);
#10032=AXIS2_PLACEMENT_3D('',#15358,#12660,#12661);
#10033=AXIS2_PLACEMENT_3D('',#15360,#12663,#12664);
#10034=AXIS2_PLACEMENT_3D('',#15362,#12666,#12667);
#10035=AXIS2_PLACEMENT_3D('',#15364,#12669,#12670);
#10036=AXIS2_PLACEMENT_3D('',#15366,#12672,#12673);
#10037=AXIS2_PLACEMENT_3D('',#15368,#12675,#12676);
#10038=AXIS2_PLACEMENT_3D('',#15370,#12678,#12679);
#10039=AXIS2_PLACEMENT_3D('',#15371,#12680,#12681);
#10040=AXIS2_PLACEMENT_3D('',#15373,#12683,#12684);
#10041=AXIS2_PLACEMENT_3D('',#15374,#12685,#12686);
#10042=AXIS2_PLACEMENT_3D('',#15376,#12688,#12689);
#10043=AXIS2_PLACEMENT_3D('',#15378,#12691,#12692);
#10044=DIRECTION('axis',(0.,0.,1.));
#10045=DIRECTION('refdir',(1.,0.,0.));
#10046=DIRECTION('center_axis',(0.,0.,1.));
#10047=DIRECTION('ref_axis',(1.,0.,0.));
#10048=DIRECTION('center_axis',(0.,0.,1.));
#10049=DIRECTION('ref_axis',(1.,0.,0.));
#10050=DIRECTION('',(0.,0.,1.));
#10051=DIRECTION('center_axis',(0.,0.,-1.));
#10052=DIRECTION('ref_axis',(1.,0.,0.));
#10053=DIRECTION('center_axis',(1.,0.,0.));
#10054=DIRECTION('ref_axis',(0.,1.,0.));
#10055=DIRECTION('',(0.,1.,0.));
#10056=DIRECTION('',(0.,0.,1.));
#10057=DIRECTION('',(0.,1.,0.));
#10058=DIRECTION('',(0.,0.,1.));
#10059=DIRECTION('center_axis',(0.,-1.,0.));
#10060=DIRECTION('ref_axis',(1.,0.,0.));
#10061=DIRECTION('',(1.,0.,0.));
#10062=DIRECTION('',(0.,0.,1.));
#10063=DIRECTION('',(1.,0.,0.));
#10064=DIRECTION('center_axis',(-1.,0.,0.));
#10065=DIRECTION('ref_axis',(0.,-1.,0.));
#10066=DIRECTION('',(0.,-1.,0.));
#10067=DIRECTION('',(0.,0.,1.));
#10068=DIRECTION('',(0.,-1.,0.));
#10069=DIRECTION('center_axis',(0.,1.,0.));
#10070=DIRECTION('ref_axis',(-1.,0.,0.));
#10071=DIRECTION('',(-1.,0.,0.));
#10072=DIRECTION('',(-1.,0.,0.));
#10073=DIRECTION('center_axis',(0.,0.,-1.));
#10074=DIRECTION('ref_axis',(1.,0.,0.));
#10075=DIRECTION('center_axis',(0.,0.,-1.));
#10076=DIRECTION('ref_axis',(0.,-1.,0.));
#10077=DIRECTION('',(0.,-1.,0.));
#10078=DIRECTION('center_axis',(0.,0.,1.));
#10079=DIRECTION('ref_axis',(0.,1.,0.));
#10080=DIRECTION('',(-1.,0.,0.));
#10081=DIRECTION('',(0.,-1.,0.));
#10082=DIRECTION('center_axis',(0.,0.,-1.));
#10083=DIRECTION('ref_axis',(1.,0.,0.));
#10084=DIRECTION('',(1.,0.,0.));
#10085=DIRECTION('',(0.,-1.,0.));
#10086=DIRECTION('center_axis',(0.,0.,-1.));
#10087=DIRECTION('ref_axis',(1.,0.,0.));
#10088=DIRECTION('',(1.,0.,0.));
#10089=DIRECTION('center_axis',(0.,0.,-1.));
#10090=DIRECTION('ref_axis',(0.,1.,0.));
#10091=DIRECTION('',(0.,1.,0.));
#10092=DIRECTION('',(1.,0.,0.));
#10093=DIRECTION('',(0.,-1.,0.));
#10094=DIRECTION('center_axis',(0.,0.,-1.));
#10095=DIRECTION('ref_axis',(1.,0.,0.));
#10096=DIRECTION('',(1.,0.,0.));
#10097=DIRECTION('center_axis',(0.,0.,-1.));
#10098=DIRECTION('ref_axis',(0.,1.,0.));
#10099=DIRECTION('',(0.,1.,0.));
#10100=DIRECTION('',(1.,0.,0.));
#10101=DIRECTION('',(0.,-1.,0.));
#10102=DIRECTION('center_axis',(0.,0.,-1.));
#10103=DIRECTION('ref_axis',(1.,0.,0.));
#10104=DIRECTION('',(1.,0.,0.));
#10105=DIRECTION('center_axis',(0.,0.,-1.));
#10106=DIRECTION('ref_axis',(0.,1.,0.));
#10107=DIRECTION('',(0.,1.,0.));
#10108=DIRECTION('',(1.,0.,0.));
#10109=DIRECTION('center_axis',(0.,0.,-1.));
#10110=DIRECTION('ref_axis',(0.,1.,0.));
#10111=DIRECTION('',(0.,1.,0.));
#10112=DIRECTION('',(-1.,0.,0.));
#10113=DIRECTION('center_axis',(0.,0.,1.));
#10114=DIRECTION('ref_axis',(1.,0.,0.));
#10115=DIRECTION('',(0.,1.,0.));
#10116=DIRECTION('center_axis',(0.,0.,-1.));
#10117=DIRECTION('ref_axis',(-1.,0.,0.));
#10118=DIRECTION('',(-1.,0.,0.));
#10119=DIRECTION('center_axis',(0.,0.,1.));
#10120=DIRECTION('ref_axis',(1.,0.,0.));
#10121=DIRECTION('',(0.,1.,0.));
#10122=DIRECTION('center_axis',(0.,0.,-1.));
#10123=DIRECTION('ref_axis',(-1.,0.,0.));
#10124=DIRECTION('',(-1.,0.,0.));
#10125=DIRECTION('center_axis',(0.,0.,-1.));
#10126=DIRECTION('ref_axis',(0.,-1.,0.));
#10127=DIRECTION('',(0.,-1.,0.));
#10128=DIRECTION('center_axis',(0.,0.,1.));
#10129=DIRECTION('ref_axis',(0.,1.,0.));
#10130=DIRECTION('',(-1.,0.,0.));
#10131=DIRECTION('',(0.,-1.,0.));
#10132=DIRECTION('center_axis',(0.,0.,1.));
#10133=DIRECTION('ref_axis',(0.,1.,0.));
#10134=DIRECTION('',(-1.,0.,0.));
#10135=DIRECTION('',(0.,1.,0.));
#10136=DIRECTION('center_axis',(0.,0.,-1.));
#10137=DIRECTION('ref_axis',(-1.,0.,0.));
#10138=DIRECTION('',(-1.,0.,0.));
#10139=DIRECTION('center_axis',(0.,0.,-1.));
#10140=DIRECTION('ref_axis',(0.,-1.,0.));
#10141=DIRECTION('',(0.,-1.,0.));
#10142=DIRECTION('',(-1.,0.,0.));
#10143=DIRECTION('center_axis',(0.,0.,1.));
#10144=DIRECTION('ref_axis',(1.,0.,0.));
#10145=DIRECTION('',(0.,1.,0.));
#10146=DIRECTION('',(-1.,0.,0.));
#10147=DIRECTION('center_axis',(0.,0.,1.));
#10148=DIRECTION('ref_axis',(1.,0.,0.));
#10149=DIRECTION('',(0.,1.,0.));
#10150=DIRECTION('center_axis',(0.,0.,-1.));
#10151=DIRECTION('ref_axis',(-1.,0.,0.));
#10152=DIRECTION('',(-1.,0.,0.));
#10153=DIRECTION('center_axis',(0.,0.,-1.));
#10154=DIRECTION('ref_axis',(0.,-1.,0.));
#10155=DIRECTION('',(0.,-1.,0.));
#10156=DIRECTION('center_axis',(0.,0.,1.));
#10157=DIRECTION('ref_axis',(0.,1.,0.));
#10158=DIRECTION('',(-1.,0.,0.));
#10159=DIRECTION('center_axis',(0.,0.,1.));
#10160=DIRECTION('ref_axis',(1.,0.,0.));
#10161=DIRECTION('',(3.61050848293469E-16,1.,0.));
#10162=DIRECTION('',(1.,0.,0.));
#10163=DIRECTION('',(0.,-1.,0.));
#10164=DIRECTION('',(-1.,0.,0.));
#10165=DIRECTION('',(3.61050848293469E-16,1.,0.));
#10166=DIRECTION('',(1.,0.,0.));
#10167=DIRECTION('',(0.,-1.,0.));
#10168=DIRECTION('center_axis',(0.,0.,-1.));
#10169=DIRECTION('ref_axis',(1.,0.,0.));
#10170=DIRECTION('',(1.,0.,0.));
#10171=DIRECTION('center_axis',(0.,0.,-1.));
#10172=DIRECTION('ref_axis',(0.,1.,0.));
#10173=DIRECTION('',(0.,1.,0.));
#10174=DIRECTION('',(1.,0.,0.));
#10175=DIRECTION('center_axis',(0.,0.,1.));
#10176=DIRECTION('ref_axis',(-1.,0.,0.));
#10177=DIRECTION('',(0.,-1.,0.));
#10178=DIRECTION('center_axis',(0.,0.,-1.));
#10179=DIRECTION('ref_axis',(1.,0.,0.));
#10180=DIRECTION('',(1.,0.,0.));
#10181=DIRECTION('center_axis',(0.,0.,-1.));
#10182=DIRECTION('ref_axis',(0.,1.,0.));
#10183=DIRECTION('',(0.,1.,0.));
#10184=DIRECTION('',(1.,0.,0.));
#10185=DIRECTION('center_axis',(0.,0.,-1.));
#10186=DIRECTION('ref_axis',(0.,1.,0.));
#10187=DIRECTION('',(0.,1.,0.));
#10188=DIRECTION('',(-1.,0.,0.));
#10189=DIRECTION('center_axis',(0.,0.,1.));
#10190=DIRECTION('ref_axis',(1.,0.,0.));
#10191=DIRECTION('',(0.,1.,0.));
#10192=DIRECTION('center_axis',(0.,0.,-1.));
#10193=DIRECTION('ref_axis',(-1.,0.,0.));
#10194=DIRECTION('',(-1.,0.,0.));
#10195=DIRECTION('center_axis',(0.,0.,1.));
#10196=DIRECTION('ref_axis',(1.,0.,0.));
#10197=DIRECTION('',(0.,1.,0.));
#10198=DIRECTION('center_axis',(0.,0.,-1.));
#10199=DIRECTION('ref_axis',(-1.,0.,0.));
#10200=DIRECTION('',(-1.,0.,0.));
#10201=DIRECTION('center_axis',(0.,0.,-1.));
#10202=DIRECTION('ref_axis',(0.,-1.,0.));
#10203=DIRECTION('',(0.,-1.,0.));
#10204=DIRECTION('center_axis',(0.,0.,1.));
#10205=DIRECTION('ref_axis',(0.,1.,0.));
#10206=DIRECTION('',(-1.,0.,0.));
#10207=DIRECTION('center_axis',(0.,0.,-1.));
#10208=DIRECTION('ref_axis',(0.,-1.,0.));
#10209=DIRECTION('',(0.,-1.,0.));
#10210=DIRECTION('center_axis',(0.,0.,1.));
#10211=DIRECTION('ref_axis',(0.,1.,0.));
#10212=DIRECTION('',(-1.,0.,0.));
#10213=DIRECTION('',(0.,1.,0.));
#10214=DIRECTION('center_axis',(0.,0.,-1.));
#10215=DIRECTION('ref_axis',(-1.,0.,0.));
#10216=DIRECTION('',(-1.,0.,0.));
#10217=DIRECTION('center_axis',(0.,0.,-1.));
#10218=DIRECTION('ref_axis',(0.,-1.,0.));
#10219=DIRECTION('',(0.,-1.,0.));
#10220=DIRECTION('',(-1.,0.,0.));
#10221=DIRECTION('center_axis',(0.,-1.,0.));
#10222=DIRECTION('ref_axis',(1.,0.,0.));
#10223=DIRECTION('',(0.,0.,1.));
#10224=DIRECTION('',(1.,0.,0.));
#10225=DIRECTION('',(0.,0.,1.));
#10226=DIRECTION('center_axis',(-1.,0.,0.));
#10227=DIRECTION('ref_axis',(0.,-1.,0.));
#10228=DIRECTION('',(0.,-1.,0.));
#10229=DIRECTION('',(0.,0.,1.));
#10230=DIRECTION('center_axis',(0.,1.,0.));
#10231=DIRECTION('ref_axis',(-1.,0.,0.));
#10232=DIRECTION('',(0.,0.,-1.));
#10233=DIRECTION('',(-1.,0.,0.));
#10234=DIRECTION('center_axis',(0.,1.,0.));
#10235=DIRECTION('ref_axis',(-1.,0.,0.));
#10236=DIRECTION('',(0.,0.,1.));
#10237=DIRECTION('',(-1.,0.,0.));
#10238=DIRECTION('',(0.,0.,1.));
#10239=DIRECTION('center_axis',(0.,0.,1.));
#10240=DIRECTION('ref_axis',(-1.,0.,0.));
#10241=DIRECTION('',(0.,0.,1.));
#10242=DIRECTION('center_axis',(0.,0.,-1.));
#10243=DIRECTION('ref_axis',(-1.,0.,0.));
#10244=DIRECTION('center_axis',(1.,0.,0.));
#10245=DIRECTION('ref_axis',(0.,1.,0.));
#10246=DIRECTION('',(0.,0.,1.));
#10247=DIRECTION('',(0.,1.,0.));
#10248=DIRECTION('center_axis',(0.,0.,1.));
#10249=DIRECTION('ref_axis',(1.,0.,0.));
#10250=DIRECTION('',(0.,0.,1.));
#10251=DIRECTION('center_axis',(0.,0.,1.));
#10252=DIRECTION('ref_axis',(1.,0.,0.));
#10253=DIRECTION('center_axis',(0.,1.,0.));
#10254=DIRECTION('ref_axis',(-1.,0.,0.));
#10255=DIRECTION('',(0.,0.,1.));
#10256=DIRECTION('',(-1.,0.,0.));
#10257=DIRECTION('center_axis',(1.,0.,0.));
#10258=DIRECTION('ref_axis',(0.,1.,0.));
#10259=DIRECTION('',(0.,0.,1.));
#10260=DIRECTION('',(0.,1.,0.));
#10261=DIRECTION('center_axis',(0.,0.,1.));
#10262=DIRECTION('ref_axis',(0.,1.,0.));
#10263=DIRECTION('',(0.,0.,1.));
#10264=DIRECTION('center_axis',(0.,0.,-1.));
#10265=DIRECTION('ref_axis',(0.,1.,0.));
#10266=DIRECTION('center_axis',(0.,-1.,0.));
#10267=DIRECTION('ref_axis',(1.,0.,0.));
#10268=DIRECTION('',(0.,0.,1.));
#10269=DIRECTION('',(1.,0.,0.));
#10270=DIRECTION('center_axis',(1.,0.,0.));
#10271=DIRECTION('ref_axis',(0.,1.,0.));
#10272=DIRECTION('',(0.,0.,1.));
#10273=DIRECTION('',(0.,1.,0.));
#10274=DIRECTION('center_axis',(0.,0.,1.));
#10275=DIRECTION('ref_axis',(0.,1.,0.));
#10276=DIRECTION('',(0.,0.,1.));
#10277=DIRECTION('center_axis',(0.,0.,-1.));
#10278=DIRECTION('ref_axis',(0.,1.,0.));
#10279=DIRECTION('center_axis',(0.,-1.,0.));
#10280=DIRECTION('ref_axis',(1.,0.,0.));
#10281=DIRECTION('',(0.,0.,1.));
#10282=DIRECTION('',(1.,0.,0.));
#10283=DIRECTION('center_axis',(0.,0.,1.));
#10284=DIRECTION('ref_axis',(1.,0.,0.));
#10285=DIRECTION('',(0.,0.,1.));
#10286=DIRECTION('center_axis',(0.,0.,-1.));
#10287=DIRECTION('ref_axis',(1.,0.,0.));
#10288=DIRECTION('center_axis',(-1.,0.,0.));
#10289=DIRECTION('ref_axis',(0.,-1.,0.));
#10290=DIRECTION('',(0.,0.,1.));
#10291=DIRECTION('',(0.,-1.,0.));
#10292=DIRECTION('center_axis',(0.,-1.,0.));
#10293=DIRECTION('ref_axis',(1.,0.,0.));
#10294=DIRECTION('',(0.,0.,1.));
#10295=DIRECTION('',(1.,0.,0.));
#10296=DIRECTION('center_axis',(1.,0.,0.));
#10297=DIRECTION('ref_axis',(0.,1.,0.));
#10298=DIRECTION('',(0.,0.,1.));
#10299=DIRECTION('',(0.,1.,0.));
#10300=DIRECTION('center_axis',(0.,0.,1.));
#10301=DIRECTION('ref_axis',(0.,1.,0.));
#10302=DIRECTION('',(0.,0.,1.));
#10303=DIRECTION('center_axis',(0.,0.,-1.));
#10304=DIRECTION('ref_axis',(0.,1.,0.));
#10305=DIRECTION('center_axis',(0.,-1.,0.));
#10306=DIRECTION('ref_axis',(1.,0.,0.));
#10307=DIRECTION('',(0.,0.,1.));
#10308=DIRECTION('',(1.,0.,0.));
#10309=DIRECTION('center_axis',(0.,0.,1.));
#10310=DIRECTION('ref_axis',(1.,0.,0.));
#10311=DIRECTION('',(0.,0.,1.));
#10312=DIRECTION('center_axis',(0.,0.,-1.));
#10313=DIRECTION('ref_axis',(1.,0.,0.));
#10314=DIRECTION('center_axis',(-1.,0.,0.));
#10315=DIRECTION('ref_axis',(0.,-1.,0.));
#10316=DIRECTION('',(0.,0.,1.));
#10317=DIRECTION('',(0.,-1.,0.));
#10318=DIRECTION('center_axis',(0.,-1.,0.));
#10319=DIRECTION('ref_axis',(1.,0.,0.));
#10320=DIRECTION('',(0.,0.,1.));
#10321=DIRECTION('',(1.,0.,0.));
#10322=DIRECTION('center_axis',(1.,0.,0.));
#10323=DIRECTION('ref_axis',(0.,1.,0.));
#10324=DIRECTION('',(0.,0.,1.));
#10325=DIRECTION('',(0.,1.,0.));
#10326=DIRECTION('center_axis',(0.,0.,1.));
#10327=DIRECTION('ref_axis',(0.,1.,0.));
#10328=DIRECTION('',(0.,0.,1.));
#10329=DIRECTION('center_axis',(0.,0.,-1.));
#10330=DIRECTION('ref_axis',(0.,1.,0.));
#10331=DIRECTION('center_axis',(0.,-1.,0.));
#10332=DIRECTION('ref_axis',(1.,0.,0.));
#10333=DIRECTION('',(0.,0.,1.));
#10334=DIRECTION('',(1.,0.,0.));
#10335=DIRECTION('center_axis',(0.,0.,1.));
#10336=DIRECTION('ref_axis',(1.,0.,0.));
#10337=DIRECTION('',(0.,0.,1.));
#10338=DIRECTION('center_axis',(0.,0.,-1.));
#10339=DIRECTION('ref_axis',(1.,0.,0.));
#10340=DIRECTION('center_axis',(-1.,0.,0.));
#10341=DIRECTION('ref_axis',(0.,-1.,0.));
#10342=DIRECTION('',(0.,0.,1.));
#10343=DIRECTION('',(0.,-1.,0.));
#10344=DIRECTION('center_axis',(0.,-1.,0.));
#10345=DIRECTION('ref_axis',(1.,0.,0.));
#10346=DIRECTION('',(0.,0.,1.));
#10347=DIRECTION('',(1.,0.,0.));
#10348=DIRECTION('center_axis',(0.,0.,1.));
#10349=DIRECTION('ref_axis',(1.,0.,0.));
#10350=DIRECTION('',(0.,0.,1.));
#10351=DIRECTION('center_axis',(0.,0.,-1.));
#10352=DIRECTION('ref_axis',(1.,0.,0.));
#10353=DIRECTION('center_axis',(-1.,0.,0.));
#10354=DIRECTION('ref_axis',(0.,-1.,0.));
#10355=DIRECTION('',(0.,0.,1.));
#10356=DIRECTION('',(0.,-1.,0.));
#10357=DIRECTION('center_axis',(0.,1.,0.));
#10358=DIRECTION('ref_axis',(-1.,0.,0.));
#10359=DIRECTION('',(0.,0.,1.));
#10360=DIRECTION('',(-1.,0.,0.));
#10361=DIRECTION('center_axis',(0.,0.,1.));
#10362=DIRECTION('ref_axis',(0.,1.,0.));
#10363=DIRECTION('',(0.,0.,1.));
#10364=DIRECTION('center_axis',(0.,0.,1.));
#10365=DIRECTION('ref_axis',(0.,1.,0.));
#10366=DIRECTION('center_axis',(0.,0.,1.));
#10367=DIRECTION('ref_axis',(1.,0.,0.));
#10368=DIRECTION('',(0.,0.,1.));
#10369=DIRECTION('center_axis',(0.,0.,1.));
#10370=DIRECTION('ref_axis',(1.,0.,0.));
#10371=DIRECTION('',(0.,0.,1.));
#10372=DIRECTION('center_axis',(0.,1.,0.));
#10373=DIRECTION('ref_axis',(-1.,0.,0.));
#10374=DIRECTION('',(0.,0.,1.));
#10375=DIRECTION('',(-1.,0.,0.));
#10376=DIRECTION('center_axis',(0.,0.,1.));
#10377=DIRECTION('ref_axis',(-1.,0.,0.));
#10378=DIRECTION('',(0.,0.,1.));
#10379=DIRECTION('center_axis',(0.,0.,-1.));
#10380=DIRECTION('ref_axis',(-1.,0.,0.));
#10381=DIRECTION('center_axis',(1.,0.,0.));
#10382=DIRECTION('ref_axis',(0.,1.,0.));
#10383=DIRECTION('',(0.,0.,1.));
#10384=DIRECTION('',(0.,1.,0.));
#10385=DIRECTION('center_axis',(0.,0.,1.));
#10386=DIRECTION('ref_axis',(1.,0.,0.));
#10387=DIRECTION('',(0.,0.,1.));
#10388=DIRECTION('center_axis',(0.,0.,1.));
#10389=DIRECTION('ref_axis',(1.,0.,0.));
#10390=DIRECTION('center_axis',(0.,1.,0.));
#10391=DIRECTION('ref_axis',(-1.,0.,0.));
#10392=DIRECTION('',(0.,0.,1.));
#10393=DIRECTION('',(-1.,0.,0.));
#10394=DIRECTION('center_axis',(1.,0.,0.));
#10395=DIRECTION('ref_axis',(0.,1.,0.));
#10396=DIRECTION('',(0.,0.,1.));
#10397=DIRECTION('',(0.,1.,0.));
#10398=DIRECTION('center_axis',(0.,0.,1.));
#10399=DIRECTION('ref_axis',(0.,1.,0.));
#10400=DIRECTION('',(0.,0.,1.));
#10401=DIRECTION('center_axis',(0.,0.,-1.));
#10402=DIRECTION('ref_axis',(0.,1.,0.));
#10403=DIRECTION('center_axis',(0.,-1.,0.));
#10404=DIRECTION('ref_axis',(1.,0.,0.));
#10405=DIRECTION('',(0.,0.,1.));
#10406=DIRECTION('',(1.,0.,0.));
#10407=DIRECTION('center_axis',(1.,0.,0.));
#10408=DIRECTION('ref_axis',(0.,1.,0.));
#10409=DIRECTION('',(0.,0.,1.));
#10410=DIRECTION('',(0.,1.,0.));
#10411=DIRECTION('center_axis',(0.,0.,1.));
#10412=DIRECTION('ref_axis',(0.,1.,0.));
#10413=DIRECTION('',(0.,0.,1.));
#10414=DIRECTION('center_axis',(0.,0.,-1.));
#10415=DIRECTION('ref_axis',(0.,1.,0.));
#10416=DIRECTION('center_axis',(0.,-1.,0.));
#10417=DIRECTION('ref_axis',(1.,0.,0.));
#10418=DIRECTION('',(0.,0.,1.));
#10419=DIRECTION('',(1.,0.,0.));
#10420=DIRECTION('center_axis',(0.,0.,1.));
#10421=DIRECTION('ref_axis',(1.,0.,0.));
#10422=DIRECTION('',(0.,0.,1.));
#10423=DIRECTION('center_axis',(0.,0.,-1.));
#10424=DIRECTION('ref_axis',(1.,0.,0.));
#10425=DIRECTION('center_axis',(-1.,0.,0.));
#10426=DIRECTION('ref_axis',(0.,-1.,0.));
#10427=DIRECTION('',(0.,0.,1.));
#10428=DIRECTION('',(0.,-1.,0.));
#10429=DIRECTION('center_axis',(0.,0.,1.));
#10430=DIRECTION('ref_axis',(-1.,0.,0.));
#10431=DIRECTION('',(0.,0.,1.));
#10432=DIRECTION('center_axis',(0.,0.,1.));
#10433=DIRECTION('ref_axis',(-1.,0.,0.));
#10434=DIRECTION('center_axis',(0.,-1.,0.));
#10435=DIRECTION('ref_axis',(1.,0.,0.));
#10436=DIRECTION('',(0.,0.,1.));
#10437=DIRECTION('',(1.,0.,0.));
#10438=DIRECTION('center_axis',(1.,0.,0.));
#10439=DIRECTION('ref_axis',(0.,1.,0.));
#10440=DIRECTION('',(0.,0.,1.));
#10441=DIRECTION('',(0.,1.,0.));
#10442=DIRECTION('center_axis',(0.,0.,1.));
#10443=DIRECTION('ref_axis',(0.,1.,0.));
#10444=DIRECTION('',(0.,0.,1.));
#10445=DIRECTION('center_axis',(0.,0.,-1.));
#10446=DIRECTION('ref_axis',(0.,1.,0.));
#10447=DIRECTION('center_axis',(0.,-1.,0.));
#10448=DIRECTION('ref_axis',(1.,0.,0.));
#10449=DIRECTION('',(0.,0.,1.));
#10450=DIRECTION('',(1.,0.,0.));
#10451=DIRECTION('center_axis',(0.,0.,1.));
#10452=DIRECTION('ref_axis',(1.,0.,0.));
#10453=DIRECTION('',(0.,0.,1.));
#10454=DIRECTION('center_axis',(0.,0.,-1.));
#10455=DIRECTION('ref_axis',(1.,0.,0.));
#10456=DIRECTION('center_axis',(-1.,0.,0.));
#10457=DIRECTION('ref_axis',(0.,-1.,0.));
#10458=DIRECTION('',(0.,0.,1.));
#10459=DIRECTION('',(0.,-1.,0.));
#10460=DIRECTION('center_axis',(0.,-1.,0.));
#10461=DIRECTION('ref_axis',(1.,0.,0.));
#10462=DIRECTION('',(0.,0.,1.));
#10463=DIRECTION('',(1.,0.,0.));
#10464=DIRECTION('center_axis',(-1.,3.61050848293469E-16,0.));
#10465=DIRECTION('ref_axis',(3.61050848293469E-16,1.,0.));
#10466=DIRECTION('',(-3.61050848293469E-16,-1.,0.));
#10467=DIRECTION('',(0.,0.,1.));
#10468=DIRECTION('',(3.61050848293469E-16,1.,0.));
#10469=DIRECTION('center_axis',(-1.,0.,0.));
#10470=DIRECTION('ref_axis',(0.,1.,0.));
#10471=DIRECTION('',(0.,-1.,0.));
#10472=DIRECTION('',(0.,0.,-1.));
#10473=DIRECTION('',(0.,1.,0.));
#10474=DIRECTION('',(0.,0.,1.));
#10475=DIRECTION('center_axis',(-1.,3.61050848293469E-16,0.));
#10476=DIRECTION('ref_axis',(3.61050848293469E-16,1.,0.));
#10477=DIRECTION('',(0.,0.,-1.));
#10478=DIRECTION('',(3.61050848293469E-16,1.,0.));
#10479=DIRECTION('',(0.,0.,1.));
#10480=DIRECTION('',(-3.61050848293469E-16,-1.,0.));
#10481=DIRECTION('center_axis',(-1.,0.,0.));
#10482=DIRECTION('ref_axis',(0.,1.,0.));
#10483=DIRECTION('',(0.,-1.,0.));
#10484=DIRECTION('',(0.,0.,1.));
#10485=DIRECTION('',(0.,1.,0.));
#10486=DIRECTION('',(0.,0.,1.));
#10487=DIRECTION('center_axis',(0.,1.,0.));
#10488=DIRECTION('ref_axis',(1.,0.,0.));
#10489=DIRECTION('',(-1.,0.,0.));
#10490=DIRECTION('',(0.,0.,1.));
#10491=DIRECTION('',(1.,0.,0.));
#10492=DIRECTION('center_axis',(-1.,0.,0.));
#10493=DIRECTION('ref_axis',(0.,1.,0.));
#10494=DIRECTION('',(0.,-1.,0.));
#10495=DIRECTION('',(0.,0.,1.));
#10496=DIRECTION('',(0.,1.,0.));
#10497=DIRECTION('center_axis',(0.,-1.,0.));
#10498=DIRECTION('ref_axis',(-1.,0.,0.));
#10499=DIRECTION('',(1.,0.,0.));
#10500=DIRECTION('',(0.,0.,1.));
#10501=DIRECTION('',(-1.,0.,0.));
#10502=DIRECTION('center_axis',(-1.,-1.61486982993679E-15,0.));
#10503=DIRECTION('ref_axis',(-1.61486982993679E-15,1.,0.));
#10504=DIRECTION('',(1.61486982993679E-15,-1.,0.));
#10505=DIRECTION('',(0.,0.,1.));
#10506=DIRECTION('',(-1.61486982993679E-15,1.,0.));
#10507=DIRECTION('center_axis',(0.,1.,0.));
#10508=DIRECTION('ref_axis',(1.,0.,0.));
#10509=DIRECTION('',(-1.,0.,0.));
#10510=DIRECTION('',(1.,0.,0.));
#10511=DIRECTION('center_axis',(0.,-1.,0.));
#10512=DIRECTION('ref_axis',(-1.,0.,0.));
#10513=DIRECTION('',(1.,0.,0.));
#10514=DIRECTION('',(-1.,0.,0.));
#10515=DIRECTION('center_axis',(0.,0.,1.));
#10516=DIRECTION('ref_axis',(1.,0.,0.));
#10517=DIRECTION('',(-1.,0.,0.));
#10518=DIRECTION('center_axis',(0.,0.,-1.));
#10519=DIRECTION('ref_axis',(-0.707106781186547,0.707106781186547,0.));
#10520=DIRECTION('',(0.,-1.,0.));
#10521=DIRECTION('',(-1.,0.,0.));
#10522=DIRECTION('',(0.,1.,0.));
#10523=DIRECTION('center_axis',(0.,0.,-1.));
#10524=DIRECTION('ref_axis',(0.707106781186547,0.707106781186547,0.));
#10525=DIRECTION('',(-1.,0.,0.));
#10526=DIRECTION('center_axis',(0.,0.,-1.));
#10527=DIRECTION('ref_axis',(-0.707106781186548,0.707106781186547,0.));
#10528=DIRECTION('',(0.,-1.,0.));
#10529=DIRECTION('center_axis',(0.,0.,-1.));
#10530=DIRECTION('ref_axis',(-0.707106781186547,-0.707106781186547,0.));
#10531=DIRECTION('',(1.,0.,0.));
#10532=DIRECTION('center_axis',(0.,0.,-1.));
#10533=DIRECTION('ref_axis',(0.707106781186547,-0.707106781186547,0.));
#10534=DIRECTION('',(0.,1.,0.));
#10535=DIRECTION('',(1.,0.,0.));
#10536=DIRECTION('',(0.,-1.,0.));
#10537=DIRECTION('center_axis',(0.,0.,-1.));
#10538=DIRECTION('ref_axis',(-0.707106781186547,-0.707106781186547,0.));
#10539=DIRECTION('',(1.,0.,0.));
#10540=DIRECTION('',(-1.,0.,0.));
#10541=DIRECTION('',(0.,-1.,0.));
#10542=DIRECTION('center_axis',(0.,0.,-1.));
#10543=DIRECTION('ref_axis',(0.,-1.,0.));
#10544=DIRECTION('',(-1.,0.,0.));
#10545=DIRECTION('center_axis',(0.,0.,-1.));
#10546=DIRECTION('ref_axis',(-1.,0.,0.));
#10547=DIRECTION('',(0.,1.,0.));
#10548=DIRECTION('',(-1.,0.,0.));
#10549=DIRECTION('center_axis',(0.,0.,1.));
#10550=DIRECTION('ref_axis',(0.,1.,0.));
#10551=DIRECTION('',(0.,-1.,0.));
#10552=DIRECTION('center_axis',(0.,0.,-1.));
#10553=DIRECTION('ref_axis',(0.,-1.,0.));
#10554=DIRECTION('',(-1.,0.,0.));
#10555=DIRECTION('center_axis',(0.,0.,1.));
#10556=DIRECTION('ref_axis',(0.,1.,0.));
#10557=DIRECTION('',(0.,-1.,0.));
#10558=DIRECTION('center_axis',(0.,0.,-1.));
#10559=DIRECTION('ref_axis',(0.,-1.,0.));
#10560=DIRECTION('',(-1.,0.,0.));
#10561=DIRECTION('center_axis',(0.,0.,-1.));
#10562=DIRECTION('ref_axis',(-1.,0.,0.));
#10563=DIRECTION('',(0.,1.,0.));
#10564=DIRECTION('center_axis',(0.,0.,-1.));
#10565=DIRECTION('ref_axis',(0.,1.,0.));
#10566=DIRECTION('',(1.,0.,0.));
#10567=DIRECTION('center_axis',(0.,0.,-1.));
#10568=DIRECTION('ref_axis',(1.,0.,0.));
#10569=DIRECTION('',(0.,-1.,0.));
#10570=DIRECTION('center_axis',(0.,0.,-1.));
#10571=DIRECTION('ref_axis',(0.,-1.,0.));
#10572=DIRECTION('',(-1.,0.,0.));
#10573=DIRECTION('center_axis',(0.,0.,-1.));
#10574=DIRECTION('ref_axis',(-1.,0.,0.));
#10575=DIRECTION('',(0.,1.,0.));
#10576=DIRECTION('center_axis',(0.,0.,-1.));
#10577=DIRECTION('ref_axis',(0.,1.,0.));
#10578=DIRECTION('',(1.,0.,0.));
#10579=DIRECTION('center_axis',(0.,0.,-1.));
#10580=DIRECTION('ref_axis',(1.,0.,0.));
#10581=DIRECTION('',(0.,-1.,0.));
#10582=DIRECTION('center_axis',(0.,0.,-1.));
#10583=DIRECTION('ref_axis',(0.,-1.,0.));
#10584=DIRECTION('',(-1.,0.,0.));
#10585=DIRECTION('center_axis',(0.,0.,-1.));
#10586=DIRECTION('ref_axis',(-1.,0.,0.));
#10587=DIRECTION('',(0.,1.,0.));
#10588=DIRECTION('center_axis',(0.,0.,-1.));
#10589=DIRECTION('ref_axis',(0.,1.,0.));
#10590=DIRECTION('',(1.,0.,0.));
#10591=DIRECTION('center_axis',(0.,0.,-1.));
#10592=DIRECTION('ref_axis',(1.,0.,0.));
#10593=DIRECTION('',(0.,-1.,0.));
#10594=DIRECTION('center_axis',(0.,0.,-1.));
#10595=DIRECTION('ref_axis',(0.,-1.,0.));
#10596=DIRECTION('',(-1.,0.,0.));
#10597=DIRECTION('center_axis',(0.,0.,-1.));
#10598=DIRECTION('ref_axis',(-1.,0.,0.));
#10599=DIRECTION('',(0.,1.,0.));
#10600=DIRECTION('center_axis',(0.,0.,-1.));
#10601=DIRECTION('ref_axis',(0.,1.,0.));
#10602=DIRECTION('',(1.,0.,0.));
#10603=DIRECTION('center_axis',(0.,0.,-1.));
#10604=DIRECTION('ref_axis',(1.,0.,0.));
#10605=DIRECTION('',(0.,-1.,0.));
#10606=DIRECTION('center_axis',(0.,0.,-1.));
#10607=DIRECTION('ref_axis',(0.,-1.,0.));
#10608=DIRECTION('',(-1.,0.,0.));
#10609=DIRECTION('center_axis',(0.,0.,-1.));
#10610=DIRECTION('ref_axis',(-1.,0.,0.));
#10611=DIRECTION('',(0.,1.,0.));
#10612=DIRECTION('center_axis',(0.,0.,-1.));
#10613=DIRECTION('ref_axis',(0.,1.,0.));
#10614=DIRECTION('',(1.,0.,0.));
#10615=DIRECTION('center_axis',(0.,0.,-1.));
#10616=DIRECTION('ref_axis',(1.,0.,0.));
#10617=DIRECTION('',(0.,-1.,0.));
#10618=DIRECTION('center_axis',(0.,0.,-1.));
#10619=DIRECTION('ref_axis',(0.,-1.,0.));
#10620=DIRECTION('',(-1.,0.,0.));
#10621=DIRECTION('center_axis',(0.,0.,-1.));
#10622=DIRECTION('ref_axis',(-1.,0.,0.));
#10623=DIRECTION('',(0.,1.,0.));
#10624=DIRECTION('center_axis',(0.,0.,-1.));
#10625=DIRECTION('ref_axis',(0.,1.,0.));
#10626=DIRECTION('',(1.,0.,0.));
#10627=DIRECTION('center_axis',(0.,0.,-1.));
#10628=DIRECTION('ref_axis',(1.,0.,0.));
#10629=DIRECTION('',(0.,-1.,0.));
#10630=DIRECTION('center_axis',(0.,0.,-1.));
#10631=DIRECTION('ref_axis',(0.,-1.,0.));
#10632=DIRECTION('',(-1.,0.,0.));
#10633=DIRECTION('center_axis',(0.,0.,-1.));
#10634=DIRECTION('ref_axis',(-1.,0.,0.));
#10635=DIRECTION('',(0.,1.,0.));
#10636=DIRECTION('center_axis',(0.,0.,-1.));
#10637=DIRECTION('ref_axis',(0.,1.,0.));
#10638=DIRECTION('',(1.,0.,0.));
#10639=DIRECTION('center_axis',(0.,0.,-1.));
#10640=DIRECTION('ref_axis',(1.,0.,0.));
#10641=DIRECTION('',(0.,-1.,0.));
#10642=DIRECTION('center_axis',(0.,0.,-1.));
#10643=DIRECTION('ref_axis',(0.,-1.,0.));
#10644=DIRECTION('',(-1.,0.,0.));
#10645=DIRECTION('center_axis',(0.,0.,-1.));
#10646=DIRECTION('ref_axis',(-1.,0.,0.));
#10647=DIRECTION('',(0.,1.,0.));
#10648=DIRECTION('center_axis',(0.,0.,-1.));
#10649=DIRECTION('ref_axis',(0.,1.,0.));
#10650=DIRECTION('',(1.,0.,0.));
#10651=DIRECTION('center_axis',(0.,0.,-1.));
#10652=DIRECTION('ref_axis',(1.,0.,0.));
#10653=DIRECTION('',(0.,-1.,0.));
#10654=DIRECTION('center_axis',(0.,0.,-1.));
#10655=DIRECTION('ref_axis',(0.,-1.,0.));
#10656=DIRECTION('',(-1.,0.,0.));
#10657=DIRECTION('center_axis',(0.,0.,-1.));
#10658=DIRECTION('ref_axis',(-1.,0.,0.));
#10659=DIRECTION('',(0.,1.,0.));
#10660=DIRECTION('center_axis',(0.,0.,-1.));
#10661=DIRECTION('ref_axis',(0.,1.,0.));
#10662=DIRECTION('',(1.,0.,0.));
#10663=DIRECTION('center_axis',(0.,0.,-1.));
#10664=DIRECTION('ref_axis',(1.,0.,0.));
#10665=DIRECTION('',(0.,-1.,0.));
#10666=DIRECTION('center_axis',(0.,0.,-1.));
#10667=DIRECTION('ref_axis',(0.,-1.,0.));
#10668=DIRECTION('',(-1.,0.,0.));
#10669=DIRECTION('center_axis',(0.,0.,-1.));
#10670=DIRECTION('ref_axis',(-1.,0.,0.));
#10671=DIRECTION('',(0.,1.,0.));
#10672=DIRECTION('center_axis',(0.,0.,-1.));
#10673=DIRECTION('ref_axis',(0.,1.,0.));
#10674=DIRECTION('',(1.,0.,0.));
#10675=DIRECTION('center_axis',(0.,0.,-1.));
#10676=DIRECTION('ref_axis',(1.,0.,0.));
#10677=DIRECTION('',(0.,-1.,0.));
#10678=DIRECTION('center_axis',(0.,0.,-1.));
#10679=DIRECTION('ref_axis',(0.,-1.,0.));
#10680=DIRECTION('',(-1.,0.,0.));
#10681=DIRECTION('center_axis',(0.,0.,-1.));
#10682=DIRECTION('ref_axis',(-1.,0.,0.));
#10683=DIRECTION('',(0.,1.,0.));
#10684=DIRECTION('center_axis',(0.,0.,-1.));
#10685=DIRECTION('ref_axis',(0.,1.,0.));
#10686=DIRECTION('',(1.,0.,0.));
#10687=DIRECTION('center_axis',(0.,0.,-1.));
#10688=DIRECTION('ref_axis',(1.,0.,0.));
#10689=DIRECTION('',(0.,-1.,0.));
#10690=DIRECTION('center_axis',(0.,0.,-1.));
#10691=DIRECTION('ref_axis',(0.,-1.,0.));
#10692=DIRECTION('',(-1.,0.,0.));
#10693=DIRECTION('center_axis',(0.,0.,-1.));
#10694=DIRECTION('ref_axis',(-1.,0.,0.));
#10695=DIRECTION('',(0.,1.,0.));
#10696=DIRECTION('center_axis',(0.,0.,-1.));
#10697=DIRECTION('ref_axis',(0.,1.,0.));
#10698=DIRECTION('',(1.,0.,0.));
#10699=DIRECTION('center_axis',(0.,0.,-1.));
#10700=DIRECTION('ref_axis',(1.,0.,0.));
#10701=DIRECTION('',(0.,-1.,0.));
#10702=DIRECTION('center_axis',(0.,0.,-1.));
#10703=DIRECTION('ref_axis',(0.,-1.,0.));
#10704=DIRECTION('',(-1.,0.,0.));
#10705=DIRECTION('center_axis',(0.,0.,-1.));
#10706=DIRECTION('ref_axis',(-1.,0.,0.));
#10707=DIRECTION('',(0.,1.,0.));
#10708=DIRECTION('center_axis',(0.,0.,-1.));
#10709=DIRECTION('ref_axis',(0.,1.,0.));
#10710=DIRECTION('',(1.,0.,0.));
#10711=DIRECTION('center_axis',(0.,0.,-1.));
#10712=DIRECTION('ref_axis',(1.,0.,0.));
#10713=DIRECTION('',(0.,-1.,0.));
#10714=DIRECTION('center_axis',(0.,0.,-1.));
#10715=DIRECTION('ref_axis',(0.,-1.,0.));
#10716=DIRECTION('',(-1.,0.,0.));
#10717=DIRECTION('center_axis',(0.,0.,-1.));
#10718=DIRECTION('ref_axis',(-1.,0.,0.));
#10719=DIRECTION('',(0.,1.,0.));
#10720=DIRECTION('center_axis',(0.,0.,-1.));
#10721=DIRECTION('ref_axis',(0.,1.,0.));
#10722=DIRECTION('',(1.,0.,0.));
#10723=DIRECTION('center_axis',(0.,0.,-1.));
#10724=DIRECTION('ref_axis',(1.,0.,0.));
#10725=DIRECTION('',(0.,-1.,0.));
#10726=DIRECTION('center_axis',(0.,0.,-1.));
#10727=DIRECTION('ref_axis',(0.,-1.,0.));
#10728=DIRECTION('',(-1.,0.,0.));
#10729=DIRECTION('center_axis',(0.,0.,-1.));
#10730=DIRECTION('ref_axis',(-1.,0.,0.));
#10731=DIRECTION('',(0.,1.,0.));
#10732=DIRECTION('',(0.,-1.,0.));
#10733=DIRECTION('center_axis',(0.,0.,-1.));
#10734=DIRECTION('ref_axis',(0.,-1.,0.));
#10735=DIRECTION('',(-1.,0.,0.));
#10736=DIRECTION('center_axis',(0.,0.,1.));
#10737=DIRECTION('ref_axis',(0.,1.,0.));
#10738=DIRECTION('',(0.,-1.,0.));
#10739=DIRECTION('center_axis',(0.,0.,-1.));
#10740=DIRECTION('ref_axis',(0.,-1.,0.));
#10741=DIRECTION('',(-1.,0.,0.));
#10742=DIRECTION('center_axis',(0.,0.,-1.));
#10743=DIRECTION('ref_axis',(-1.,0.,0.));
#10744=DIRECTION('',(0.,1.,0.));
#10745=DIRECTION('center_axis',(0.,0.,1.));
#10746=DIRECTION('ref_axis',(1.,0.,0.));
#10747=DIRECTION('',(-1.,0.,0.));
#10748=DIRECTION('',(0.,1.,0.));
#10749=DIRECTION('center_axis',(0.,0.,1.));
#10750=DIRECTION('ref_axis',(1.,0.,0.));
#10751=DIRECTION('',(-1.,0.,0.));
#10752=DIRECTION('',(0.,-1.,0.));
#10753=DIRECTION('center_axis',(0.,0.,-1.));
#10754=DIRECTION('ref_axis',(0.,-1.,0.));
#10755=DIRECTION('',(-1.,0.,0.));
#10756=DIRECTION('center_axis',(0.,0.,-1.));
#10757=DIRECTION('ref_axis',(-1.,0.,0.));
#10758=DIRECTION('',(0.,1.,0.));
#10759=DIRECTION('',(-1.,0.,0.));
#10760=DIRECTION('center_axis',(0.,0.,1.));
#10761=DIRECTION('ref_axis',(0.,1.,0.));
#10762=DIRECTION('',(0.,-1.,0.));
#10763=DIRECTION('',(-1.,0.,0.));
#10764=DIRECTION('center_axis',(0.,0.,1.));
#10765=DIRECTION('ref_axis',(0.,1.,0.));
#10766=DIRECTION('',(0.,-1.,0.));
#10767=DIRECTION('center_axis',(0.,0.,-1.));
#10768=DIRECTION('ref_axis',(0.,-1.,0.));
#10769=DIRECTION('',(-1.,0.,0.));
#10770=DIRECTION('center_axis',(0.,0.,-1.));
#10771=DIRECTION('ref_axis',(-1.,0.,0.));
#10772=DIRECTION('',(0.,1.,0.));
#10773=DIRECTION('center_axis',(0.,0.,1.));
#10774=DIRECTION('ref_axis',(1.,0.,0.));
#10775=DIRECTION('center_axis',(0.,0.,-1.));
#10776=DIRECTION('ref_axis',(0.,1.,0.));
#10777=DIRECTION('',(1.,0.,0.));
#10778=DIRECTION('center_axis',(0.,0.,-1.));
#10779=DIRECTION('ref_axis',(1.,0.,0.));
#10780=DIRECTION('',(0.,-1.,0.));
#10781=DIRECTION('center_axis',(0.,0.,-1.));
#10782=DIRECTION('ref_axis',(0.,-1.,0.));
#10783=DIRECTION('',(-1.,0.,0.));
#10784=DIRECTION('center_axis',(0.,0.,-1.));
#10785=DIRECTION('ref_axis',(-1.,0.,0.));
#10786=DIRECTION('',(0.,1.,0.));
#10787=DIRECTION('center_axis',(0.,0.,-1.));
#10788=DIRECTION('ref_axis',(0.,1.,0.));
#10789=DIRECTION('',(1.,0.,0.));
#10790=DIRECTION('center_axis',(0.,0.,-1.));
#10791=DIRECTION('ref_axis',(1.,0.,0.));
#10792=DIRECTION('',(0.,-1.,0.));
#10793=DIRECTION('center_axis',(0.,0.,-1.));
#10794=DIRECTION('ref_axis',(0.,-1.,0.));
#10795=DIRECTION('',(-1.,0.,0.));
#10796=DIRECTION('center_axis',(0.,0.,-1.));
#10797=DIRECTION('ref_axis',(-1.,0.,0.));
#10798=DIRECTION('',(0.,1.,0.));
#10799=DIRECTION('center_axis',(0.,0.,-1.));
#10800=DIRECTION('ref_axis',(0.,1.,0.));
#10801=DIRECTION('',(1.,0.,0.));
#10802=DIRECTION('center_axis',(0.,0.,-1.));
#10803=DIRECTION('ref_axis',(1.,0.,0.));
#10804=DIRECTION('',(0.,-1.,0.));
#10805=DIRECTION('center_axis',(0.,0.,-1.));
#10806=DIRECTION('ref_axis',(0.,-1.,0.));
#10807=DIRECTION('',(-1.,0.,0.));
#10808=DIRECTION('center_axis',(0.,0.,-1.));
#10809=DIRECTION('ref_axis',(-1.,0.,0.));
#10810=DIRECTION('',(0.,1.,0.));
#10811=DIRECTION('center_axis',(0.,0.,-1.));
#10812=DIRECTION('ref_axis',(0.,1.,0.));
#10813=DIRECTION('',(1.,0.,0.));
#10814=DIRECTION('center_axis',(0.,0.,-1.));
#10815=DIRECTION('ref_axis',(1.,0.,0.));
#10816=DIRECTION('',(0.,-1.,0.));
#10817=DIRECTION('center_axis',(0.,0.,-1.));
#10818=DIRECTION('ref_axis',(0.,-1.,0.));
#10819=DIRECTION('',(-1.,0.,0.));
#10820=DIRECTION('center_axis',(0.,0.,-1.));
#10821=DIRECTION('ref_axis',(-1.,0.,0.));
#10822=DIRECTION('',(0.,1.,0.));
#10823=DIRECTION('center_axis',(0.,0.,-1.));
#10824=DIRECTION('ref_axis',(0.,1.,0.));
#10825=DIRECTION('',(1.,0.,0.));
#10826=DIRECTION('center_axis',(0.,0.,-1.));
#10827=DIRECTION('ref_axis',(1.,0.,0.));
#10828=DIRECTION('',(0.,-1.,0.));
#10829=DIRECTION('center_axis',(0.,0.,-1.));
#10830=DIRECTION('ref_axis',(0.,-1.,0.));
#10831=DIRECTION('',(-1.,0.,0.));
#10832=DIRECTION('center_axis',(0.,0.,-1.));
#10833=DIRECTION('ref_axis',(-1.,0.,0.));
#10834=DIRECTION('',(0.,1.,0.));
#10835=DIRECTION('center_axis',(0.,0.,-1.));
#10836=DIRECTION('ref_axis',(0.,1.,0.));
#10837=DIRECTION('',(1.,0.,0.));
#10838=DIRECTION('center_axis',(0.,0.,-1.));
#10839=DIRECTION('ref_axis',(1.,0.,0.));
#10840=DIRECTION('',(0.,-1.,0.));
#10841=DIRECTION('center_axis',(0.,0.,-1.));
#10842=DIRECTION('ref_axis',(0.,-1.,0.));
#10843=DIRECTION('',(-1.,0.,0.));
#10844=DIRECTION('center_axis',(0.,0.,-1.));
#10845=DIRECTION('ref_axis',(-1.,0.,0.));
#10846=DIRECTION('',(0.,1.,0.));
#10847=DIRECTION('center_axis',(0.,0.,-1.));
#10848=DIRECTION('ref_axis',(0.,1.,0.));
#10849=DIRECTION('',(1.,0.,0.));
#10850=DIRECTION('center_axis',(0.,0.,-1.));
#10851=DIRECTION('ref_axis',(1.,0.,0.));
#10852=DIRECTION('',(0.,-1.,0.));
#10853=DIRECTION('center_axis',(0.,0.,-1.));
#10854=DIRECTION('ref_axis',(0.,-1.,0.));
#10855=DIRECTION('',(-1.,0.,0.));
#10856=DIRECTION('center_axis',(0.,0.,-1.));
#10857=DIRECTION('ref_axis',(-1.,0.,0.));
#10858=DIRECTION('',(0.,1.,0.));
#10859=DIRECTION('center_axis',(0.,0.,-1.));
#10860=DIRECTION('ref_axis',(0.,1.,0.));
#10861=DIRECTION('',(1.,0.,0.));
#10862=DIRECTION('center_axis',(0.,0.,-1.));
#10863=DIRECTION('ref_axis',(1.,0.,0.));
#10864=DIRECTION('',(0.,-1.,0.));
#10865=DIRECTION('center_axis',(0.,0.,-1.));
#10866=DIRECTION('ref_axis',(0.,-1.,0.));
#10867=DIRECTION('',(-1.,0.,0.));
#10868=DIRECTION('center_axis',(0.,0.,-1.));
#10869=DIRECTION('ref_axis',(-1.,0.,0.));
#10870=DIRECTION('',(0.,1.,0.));
#10871=DIRECTION('center_axis',(0.,0.,-1.));
#10872=DIRECTION('ref_axis',(0.,1.,0.));
#10873=DIRECTION('',(1.,0.,0.));
#10874=DIRECTION('center_axis',(0.,0.,-1.));
#10875=DIRECTION('ref_axis',(1.,0.,0.));
#10876=DIRECTION('',(0.,-1.,0.));
#10877=DIRECTION('center_axis',(0.,0.,-1.));
#10878=DIRECTION('ref_axis',(0.,-1.,0.));
#10879=DIRECTION('',(-1.,0.,0.));
#10880=DIRECTION('center_axis',(0.,0.,-1.));
#10881=DIRECTION('ref_axis',(-1.,0.,0.));
#10882=DIRECTION('',(0.,1.,0.));
#10883=DIRECTION('center_axis',(0.,0.,-1.));
#10884=DIRECTION('ref_axis',(0.,1.,0.));
#10885=DIRECTION('',(1.,0.,0.));
#10886=DIRECTION('center_axis',(0.,0.,-1.));
#10887=DIRECTION('ref_axis',(1.,0.,0.));
#10888=DIRECTION('',(0.,-1.,0.));
#10889=DIRECTION('center_axis',(0.,0.,-1.));
#10890=DIRECTION('ref_axis',(0.,-1.,0.));
#10891=DIRECTION('',(-1.,0.,0.));
#10892=DIRECTION('center_axis',(0.,0.,-1.));
#10893=DIRECTION('ref_axis',(-1.,0.,0.));
#10894=DIRECTION('',(0.,1.,0.));
#10895=DIRECTION('center_axis',(0.,0.,-1.));
#10896=DIRECTION('ref_axis',(0.,1.,0.));
#10897=DIRECTION('',(1.,0.,0.));
#10898=DIRECTION('center_axis',(0.,0.,-1.));
#10899=DIRECTION('ref_axis',(1.,0.,0.));
#10900=DIRECTION('',(0.,-1.,0.));
#10901=DIRECTION('center_axis',(0.,0.,-1.));
#10902=DIRECTION('ref_axis',(0.,-1.,0.));
#10903=DIRECTION('',(-1.,0.,0.));
#10904=DIRECTION('center_axis',(0.,0.,-1.));
#10905=DIRECTION('ref_axis',(-1.,0.,0.));
#10906=DIRECTION('',(0.,1.,0.));
#10907=DIRECTION('center_axis',(0.,0.,-1.));
#10908=DIRECTION('ref_axis',(0.,1.,0.));
#10909=DIRECTION('',(1.,0.,0.));
#10910=DIRECTION('center_axis',(0.,0.,-1.));
#10911=DIRECTION('ref_axis',(1.,0.,0.));
#10912=DIRECTION('',(0.,-1.,0.));
#10913=DIRECTION('center_axis',(0.,0.,-1.));
#10914=DIRECTION('ref_axis',(0.,-1.,0.));
#10915=DIRECTION('',(-1.,0.,0.));
#10916=DIRECTION('center_axis',(0.,0.,-1.));
#10917=DIRECTION('ref_axis',(-1.,0.,0.));
#10918=DIRECTION('',(0.,1.,0.));
#10919=DIRECTION('center_axis',(0.,0.,-1.));
#10920=DIRECTION('ref_axis',(0.,1.,0.));
#10921=DIRECTION('',(1.,0.,0.));
#10922=DIRECTION('center_axis',(0.,0.,-1.));
#10923=DIRECTION('ref_axis',(1.,0.,0.));
#10924=DIRECTION('',(0.,-1.,0.));
#10925=DIRECTION('center_axis',(0.,0.,-1.));
#10926=DIRECTION('ref_axis',(0.,-1.,0.));
#10927=DIRECTION('',(-1.,0.,0.));
#10928=DIRECTION('center_axis',(0.,0.,-1.));
#10929=DIRECTION('ref_axis',(-1.,0.,0.));
#10930=DIRECTION('',(0.,1.,0.));
#10931=DIRECTION('center_axis',(0.,0.,-1.));
#10932=DIRECTION('ref_axis',(0.,1.,0.));
#10933=DIRECTION('',(1.,0.,0.));
#10934=DIRECTION('center_axis',(0.,0.,-1.));
#10935=DIRECTION('ref_axis',(1.,0.,0.));
#10936=DIRECTION('',(0.,-1.,0.));
#10937=DIRECTION('center_axis',(0.,0.,-1.));
#10938=DIRECTION('ref_axis',(0.,-1.,0.));
#10939=DIRECTION('',(-1.,0.,0.));
#10940=DIRECTION('center_axis',(0.,0.,-1.));
#10941=DIRECTION('ref_axis',(-1.,0.,0.));
#10942=DIRECTION('',(0.,1.,0.));
#10943=DIRECTION('center_axis',(0.,0.,-1.));
#10944=DIRECTION('ref_axis',(0.,1.,0.));
#10945=DIRECTION('',(1.,0.,0.));
#10946=DIRECTION('center_axis',(0.,0.,-1.));
#10947=DIRECTION('ref_axis',(1.,0.,0.));
#10948=DIRECTION('',(0.,-1.,0.));
#10949=DIRECTION('center_axis',(0.,0.,-1.));
#10950=DIRECTION('ref_axis',(0.,-1.,0.));
#10951=DIRECTION('',(-1.,0.,0.));
#10952=DIRECTION('center_axis',(0.,0.,-1.));
#10953=DIRECTION('ref_axis',(-1.,0.,0.));
#10954=DIRECTION('',(0.,1.,0.));
#10955=DIRECTION('center_axis',(0.,0.,-1.));
#10956=DIRECTION('ref_axis',(0.,1.,0.));
#10957=DIRECTION('',(1.,0.,0.));
#10958=DIRECTION('center_axis',(0.,0.,-1.));
#10959=DIRECTION('ref_axis',(1.,0.,0.));
#10960=DIRECTION('',(0.,-1.,0.));
#10961=DIRECTION('center_axis',(0.,0.,-1.));
#10962=DIRECTION('ref_axis',(0.,-1.,0.));
#10963=DIRECTION('',(-1.,0.,0.));
#10964=DIRECTION('center_axis',(0.,0.,-1.));
#10965=DIRECTION('ref_axis',(-1.,0.,0.));
#10966=DIRECTION('',(0.,1.,0.));
#10967=DIRECTION('center_axis',(0.,0.,-1.));
#10968=DIRECTION('ref_axis',(0.,1.,0.));
#10969=DIRECTION('',(1.,0.,0.));
#10970=DIRECTION('center_axis',(0.,0.,-1.));
#10971=DIRECTION('ref_axis',(1.,0.,0.));
#10972=DIRECTION('',(0.,-1.,0.));
#10973=DIRECTION('center_axis',(0.,0.,-1.));
#10974=DIRECTION('ref_axis',(0.,-1.,0.));
#10975=DIRECTION('',(-1.,0.,0.));
#10976=DIRECTION('center_axis',(0.,0.,-1.));
#10977=DIRECTION('ref_axis',(-1.,0.,0.));
#10978=DIRECTION('',(0.,1.,0.));
#10979=DIRECTION('center_axis',(0.,0.,-1.));
#10980=DIRECTION('ref_axis',(0.,1.,0.));
#10981=DIRECTION('',(1.,0.,0.));
#10982=DIRECTION('center_axis',(0.,0.,-1.));
#10983=DIRECTION('ref_axis',(1.,0.,0.));
#10984=DIRECTION('',(0.,-1.,0.));
#10985=DIRECTION('center_axis',(0.,0.,-1.));
#10986=DIRECTION('ref_axis',(0.,-1.,0.));
#10987=DIRECTION('',(-1.,0.,0.));
#10988=DIRECTION('center_axis',(0.,0.,-1.));
#10989=DIRECTION('ref_axis',(-1.,0.,0.));
#10990=DIRECTION('',(0.,1.,0.));
#10991=DIRECTION('center_axis',(0.,0.,-1.));
#10992=DIRECTION('ref_axis',(0.,1.,0.));
#10993=DIRECTION('',(1.,0.,0.));
#10994=DIRECTION('center_axis',(0.,0.,-1.));
#10995=DIRECTION('ref_axis',(1.,0.,0.));
#10996=DIRECTION('',(0.,-1.,0.));
#10997=DIRECTION('center_axis',(0.,0.,-1.));
#10998=DIRECTION('ref_axis',(0.,-1.,0.));
#10999=DIRECTION('',(-1.,0.,0.));
#11000=DIRECTION('center_axis',(0.,0.,-1.));
#11001=DIRECTION('ref_axis',(-1.,0.,0.));
#11002=DIRECTION('',(0.,1.,0.));
#11003=DIRECTION('center_axis',(0.,0.,-1.));
#11004=DIRECTION('ref_axis',(0.,1.,0.));
#11005=DIRECTION('',(1.,0.,0.));
#11006=DIRECTION('center_axis',(0.,0.,-1.));
#11007=DIRECTION('ref_axis',(1.,0.,0.));
#11008=DIRECTION('',(0.,-1.,0.));
#11009=DIRECTION('center_axis',(0.,0.,-1.));
#11010=DIRECTION('ref_axis',(0.,-1.,0.));
#11011=DIRECTION('',(-1.,0.,0.));
#11012=DIRECTION('center_axis',(0.,0.,-1.));
#11013=DIRECTION('ref_axis',(-1.,0.,0.));
#11014=DIRECTION('',(0.,1.,0.));
#11015=DIRECTION('center_axis',(0.,0.,-1.));
#11016=DIRECTION('ref_axis',(0.,1.,0.));
#11017=DIRECTION('',(1.,0.,0.));
#11018=DIRECTION('center_axis',(0.,0.,-1.));
#11019=DIRECTION('ref_axis',(1.,0.,0.));
#11020=DIRECTION('',(0.,-1.,0.));
#11021=DIRECTION('center_axis',(0.,0.,-1.));
#11022=DIRECTION('ref_axis',(0.,-1.,0.));
#11023=DIRECTION('',(-1.,0.,0.));
#11024=DIRECTION('center_axis',(0.,0.,-1.));
#11025=DIRECTION('ref_axis',(-1.,0.,0.));
#11026=DIRECTION('',(0.,1.,0.));
#11027=DIRECTION('center_axis',(0.,0.,-1.));
#11028=DIRECTION('ref_axis',(0.,1.,0.));
#11029=DIRECTION('',(1.,0.,0.));
#11030=DIRECTION('center_axis',(0.,0.,-1.));
#11031=DIRECTION('ref_axis',(1.,0.,0.));
#11032=DIRECTION('',(0.,-1.,0.));
#11033=DIRECTION('center_axis',(0.,0.,-1.));
#11034=DIRECTION('ref_axis',(0.,-1.,0.));
#11035=DIRECTION('',(-1.,0.,0.));
#11036=DIRECTION('center_axis',(0.,0.,-1.));
#11037=DIRECTION('ref_axis',(-1.,0.,0.));
#11038=DIRECTION('',(0.,1.,0.));
#11039=DIRECTION('center_axis',(0.,0.,-1.));
#11040=DIRECTION('ref_axis',(0.,1.,0.));
#11041=DIRECTION('',(1.,0.,0.));
#11042=DIRECTION('center_axis',(0.,0.,-1.));
#11043=DIRECTION('ref_axis',(1.,0.,0.));
#11044=DIRECTION('',(0.,-1.,0.));
#11045=DIRECTION('center_axis',(0.,0.,-1.));
#11046=DIRECTION('ref_axis',(0.,-1.,0.));
#11047=DIRECTION('',(-1.,0.,0.));
#11048=DIRECTION('center_axis',(0.,0.,-1.));
#11049=DIRECTION('ref_axis',(-1.,0.,0.));
#11050=DIRECTION('',(0.,1.,0.));
#11051=DIRECTION('center_axis',(0.,0.,-1.));
#11052=DIRECTION('ref_axis',(0.,1.,0.));
#11053=DIRECTION('',(1.,0.,0.));
#11054=DIRECTION('center_axis',(0.,0.,-1.));
#11055=DIRECTION('ref_axis',(1.,0.,0.));
#11056=DIRECTION('',(0.,-1.,0.));
#11057=DIRECTION('center_axis',(0.,0.,-1.));
#11058=DIRECTION('ref_axis',(0.,-1.,0.));
#11059=DIRECTION('',(-1.,0.,0.));
#11060=DIRECTION('center_axis',(0.,0.,-1.));
#11061=DIRECTION('ref_axis',(-1.,0.,0.));
#11062=DIRECTION('',(0.,1.,0.));
#11063=DIRECTION('center_axis',(0.,0.,-1.));
#11064=DIRECTION('ref_axis',(0.,1.,0.));
#11065=DIRECTION('',(1.,0.,0.));
#11066=DIRECTION('center_axis',(0.,0.,-1.));
#11067=DIRECTION('ref_axis',(1.,0.,0.));
#11068=DIRECTION('',(0.,-1.,0.));
#11069=DIRECTION('center_axis',(0.,0.,-1.));
#11070=DIRECTION('ref_axis',(0.,-1.,0.));
#11071=DIRECTION('',(-1.,0.,0.));
#11072=DIRECTION('center_axis',(0.,0.,-1.));
#11073=DIRECTION('ref_axis',(-1.,0.,0.));
#11074=DIRECTION('',(0.,1.,0.));
#11075=DIRECTION('center_axis',(0.,1.,0.));
#11076=DIRECTION('ref_axis',(-1.,0.,0.));
#11077=DIRECTION('',(0.,0.,1.));
#11078=DIRECTION('center_axis',(0.,0.,1.));
#11079=DIRECTION('ref_axis',(0.707106781186547,-0.707106781186547,0.));
#11080=DIRECTION('',(0.,0.,-1.));
#11081=DIRECTION('center_axis',(0.,0.,1.));
#11082=DIRECTION('ref_axis',(0.707106781186547,-0.707106781186547,0.));
#11083=DIRECTION('',(0.,0.,1.));
#11084=DIRECTION('center_axis',(1.,0.,0.));
#11085=DIRECTION('ref_axis',(0.,1.,0.));
#11086=DIRECTION('',(0.,-1.,0.));
#11087=DIRECTION('',(0.,0.,1.));
#11088=DIRECTION('center_axis',(0.,0.,1.));
#11089=DIRECTION('ref_axis',(1.,0.,0.));
#11090=DIRECTION('',(-1.,0.,0.));
#11091=DIRECTION('center_axis',(0.,0.,1.));
#11092=DIRECTION('ref_axis',(-0.707106781186547,-0.707106781186547,0.));
#11093=DIRECTION('',(0.,1.,0.));
#11094=DIRECTION('',(-1.,0.,0.));
#11095=DIRECTION('',(-1.,0.,0.));
#11096=DIRECTION('center_axis',(0.,0.,1.));
#11097=DIRECTION('ref_axis',(-0.707106781186547,-0.707106781186547,0.));
#11098=DIRECTION('',(0.,1.,0.));
#11099=DIRECTION('center_axis',(0.,0.,1.));
#11100=DIRECTION('ref_axis',(-0.707106781186548,0.707106781186547,0.));
#11101=DIRECTION('',(1.,0.,0.));
#11102=DIRECTION('center_axis',(0.,0.,1.));
#11103=DIRECTION('ref_axis',(0.707106781186547,0.707106781186547,0.));
#11104=DIRECTION('',(0.,1.,0.));
#11105=DIRECTION('',(-1.,0.,0.));
#11106=DIRECTION('',(0.,-1.,0.));
#11107=DIRECTION('center_axis',(0.,0.,1.));
#11108=DIRECTION('ref_axis',(-0.707106781186547,0.707106781186547,0.));
#11109=DIRECTION('',(1.,0.,0.));
#11110=DIRECTION('center_axis',(0.,0.,-1.));
#11111=DIRECTION('ref_axis',(0.,1.,0.));
#11112=DIRECTION('',(0.,1.,0.));
#11113=DIRECTION('center_axis',(0.,0.,-1.));
#11114=DIRECTION('ref_axis',(-1.,0.,0.));
#11115=DIRECTION('',(-1.,0.,0.));
#11116=DIRECTION('center_axis',(0.,0.,-1.));
#11117=DIRECTION('ref_axis',(0.,-1.,0.));
#11118=DIRECTION('',(0.,-1.,0.));
#11119=DIRECTION('center_axis',(0.,0.,-1.));
#11120=DIRECTION('ref_axis',(1.,0.,0.));
#11121=DIRECTION('',(1.,0.,0.));
#11122=DIRECTION('center_axis',(0.,0.,-1.));
#11123=DIRECTION('ref_axis',(0.,1.,0.));
#11124=DIRECTION('',(0.,1.,0.));
#11125=DIRECTION('center_axis',(0.,0.,-1.));
#11126=DIRECTION('ref_axis',(-1.,0.,0.));
#11127=DIRECTION('',(-1.,0.,0.));
#11128=DIRECTION('center_axis',(0.,0.,-1.));
#11129=DIRECTION('ref_axis',(0.,-1.,0.));
#11130=DIRECTION('',(0.,-1.,0.));
#11131=DIRECTION('center_axis',(0.,0.,-1.));
#11132=DIRECTION('ref_axis',(1.,0.,0.));
#11133=DIRECTION('',(1.,0.,0.));
#11134=DIRECTION('center_axis',(0.,0.,-1.));
#11135=DIRECTION('ref_axis',(0.,1.,0.));
#11136=DIRECTION('',(0.,1.,0.));
#11137=DIRECTION('center_axis',(0.,0.,-1.));
#11138=DIRECTION('ref_axis',(-1.,0.,0.));
#11139=DIRECTION('',(-1.,0.,0.));
#11140=DIRECTION('center_axis',(0.,0.,-1.));
#11141=DIRECTION('ref_axis',(0.,-1.,0.));
#11142=DIRECTION('',(0.,-1.,0.));
#11143=DIRECTION('center_axis',(0.,0.,-1.));
#11144=DIRECTION('ref_axis',(1.,0.,0.));
#11145=DIRECTION('',(1.,0.,0.));
#11146=DIRECTION('center_axis',(0.,0.,-1.));
#11147=DIRECTION('ref_axis',(0.,1.,0.));
#11148=DIRECTION('',(0.,1.,0.));
#11149=DIRECTION('center_axis',(0.,0.,-1.));
#11150=DIRECTION('ref_axis',(-1.,0.,0.));
#11151=DIRECTION('',(-1.,0.,0.));
#11152=DIRECTION('center_axis',(0.,0.,-1.));
#11153=DIRECTION('ref_axis',(0.,-1.,0.));
#11154=DIRECTION('',(0.,-1.,0.));
#11155=DIRECTION('center_axis',(0.,0.,-1.));
#11156=DIRECTION('ref_axis',(1.,0.,0.));
#11157=DIRECTION('',(1.,0.,0.));
#11158=DIRECTION('center_axis',(0.,0.,-1.));
#11159=DIRECTION('ref_axis',(0.,1.,0.));
#11160=DIRECTION('',(0.,1.,0.));
#11161=DIRECTION('center_axis',(0.,0.,-1.));
#11162=DIRECTION('ref_axis',(-1.,0.,0.));
#11163=DIRECTION('',(-1.,0.,0.));
#11164=DIRECTION('center_axis',(0.,0.,-1.));
#11165=DIRECTION('ref_axis',(0.,-1.,0.));
#11166=DIRECTION('',(0.,-1.,0.));
#11167=DIRECTION('center_axis',(0.,0.,-1.));
#11168=DIRECTION('ref_axis',(1.,0.,0.));
#11169=DIRECTION('',(1.,0.,0.));
#11170=DIRECTION('center_axis',(0.,0.,-1.));
#11171=DIRECTION('ref_axis',(0.,1.,0.));
#11172=DIRECTION('',(0.,1.,0.));
#11173=DIRECTION('center_axis',(0.,0.,-1.));
#11174=DIRECTION('ref_axis',(-1.,0.,0.));
#11175=DIRECTION('',(-1.,0.,0.));
#11176=DIRECTION('center_axis',(0.,0.,-1.));
#11177=DIRECTION('ref_axis',(0.,-1.,0.));
#11178=DIRECTION('',(0.,-1.,0.));
#11179=DIRECTION('center_axis',(0.,0.,-1.));
#11180=DIRECTION('ref_axis',(1.,0.,0.));
#11181=DIRECTION('',(1.,0.,0.));
#11182=DIRECTION('center_axis',(0.,0.,-1.));
#11183=DIRECTION('ref_axis',(0.,1.,0.));
#11184=DIRECTION('',(0.,1.,0.));
#11185=DIRECTION('center_axis',(0.,0.,-1.));
#11186=DIRECTION('ref_axis',(-1.,0.,0.));
#11187=DIRECTION('',(-1.,0.,0.));
#11188=DIRECTION('center_axis',(0.,0.,-1.));
#11189=DIRECTION('ref_axis',(0.,-1.,0.));
#11190=DIRECTION('',(0.,-1.,0.));
#11191=DIRECTION('center_axis',(0.,0.,-1.));
#11192=DIRECTION('ref_axis',(1.,0.,0.));
#11193=DIRECTION('',(1.,0.,0.));
#11194=DIRECTION('center_axis',(0.,0.,-1.));
#11195=DIRECTION('ref_axis',(0.,1.,0.));
#11196=DIRECTION('',(0.,1.,0.));
#11197=DIRECTION('center_axis',(0.,0.,-1.));
#11198=DIRECTION('ref_axis',(-1.,0.,0.));
#11199=DIRECTION('',(-1.,0.,0.));
#11200=DIRECTION('center_axis',(0.,0.,-1.));
#11201=DIRECTION('ref_axis',(0.,-1.,0.));
#11202=DIRECTION('',(0.,-1.,0.));
#11203=DIRECTION('center_axis',(0.,0.,-1.));
#11204=DIRECTION('ref_axis',(1.,0.,0.));
#11205=DIRECTION('',(1.,0.,0.));
#11206=DIRECTION('center_axis',(0.,0.,-1.));
#11207=DIRECTION('ref_axis',(0.,1.,0.));
#11208=DIRECTION('',(0.,1.,0.));
#11209=DIRECTION('center_axis',(0.,0.,-1.));
#11210=DIRECTION('ref_axis',(-1.,0.,0.));
#11211=DIRECTION('',(-1.,0.,0.));
#11212=DIRECTION('center_axis',(0.,0.,-1.));
#11213=DIRECTION('ref_axis',(0.,-1.,0.));
#11214=DIRECTION('',(0.,-1.,0.));
#11215=DIRECTION('center_axis',(0.,0.,-1.));
#11216=DIRECTION('ref_axis',(1.,0.,0.));
#11217=DIRECTION('',(1.,0.,0.));
#11218=DIRECTION('center_axis',(0.,0.,-1.));
#11219=DIRECTION('ref_axis',(0.,1.,0.));
#11220=DIRECTION('',(0.,1.,0.));
#11221=DIRECTION('center_axis',(0.,0.,-1.));
#11222=DIRECTION('ref_axis',(-1.,0.,0.));
#11223=DIRECTION('',(-1.,0.,0.));
#11224=DIRECTION('center_axis',(0.,0.,-1.));
#11225=DIRECTION('ref_axis',(0.,-1.,0.));
#11226=DIRECTION('',(0.,-1.,0.));
#11227=DIRECTION('center_axis',(0.,0.,-1.));
#11228=DIRECTION('ref_axis',(1.,0.,0.));
#11229=DIRECTION('',(1.,0.,0.));
#11230=DIRECTION('center_axis',(0.,0.,-1.));
#11231=DIRECTION('ref_axis',(0.,1.,0.));
#11232=DIRECTION('',(0.,1.,0.));
#11233=DIRECTION('center_axis',(0.,0.,-1.));
#11234=DIRECTION('ref_axis',(-1.,0.,0.));
#11235=DIRECTION('',(-1.,0.,0.));
#11236=DIRECTION('center_axis',(0.,0.,-1.));
#11237=DIRECTION('ref_axis',(0.,-1.,0.));
#11238=DIRECTION('',(0.,-1.,0.));
#11239=DIRECTION('center_axis',(0.,0.,-1.));
#11240=DIRECTION('ref_axis',(1.,0.,0.));
#11241=DIRECTION('',(1.,0.,0.));
#11242=DIRECTION('center_axis',(0.,0.,-1.));
#11243=DIRECTION('ref_axis',(0.,1.,0.));
#11244=DIRECTION('',(0.,1.,0.));
#11245=DIRECTION('center_axis',(0.,0.,-1.));
#11246=DIRECTION('ref_axis',(-1.,0.,0.));
#11247=DIRECTION('',(-1.,0.,0.));
#11248=DIRECTION('center_axis',(0.,0.,-1.));
#11249=DIRECTION('ref_axis',(0.,-1.,0.));
#11250=DIRECTION('',(0.,-1.,0.));
#11251=DIRECTION('center_axis',(0.,0.,-1.));
#11252=DIRECTION('ref_axis',(1.,0.,0.));
#11253=DIRECTION('',(1.,0.,0.));
#11254=DIRECTION('center_axis',(0.,0.,-1.));
#11255=DIRECTION('ref_axis',(0.,1.,0.));
#11256=DIRECTION('',(0.,1.,0.));
#11257=DIRECTION('center_axis',(0.,0.,-1.));
#11258=DIRECTION('ref_axis',(-1.,0.,0.));
#11259=DIRECTION('',(-1.,0.,0.));
#11260=DIRECTION('center_axis',(0.,0.,-1.));
#11261=DIRECTION('ref_axis',(0.,-1.,0.));
#11262=DIRECTION('',(0.,-1.,0.));
#11263=DIRECTION('center_axis',(0.,0.,-1.));
#11264=DIRECTION('ref_axis',(1.,0.,0.));
#11265=DIRECTION('',(1.,0.,0.));
#11266=DIRECTION('center_axis',(0.,0.,-1.));
#11267=DIRECTION('ref_axis',(0.,1.,0.));
#11268=DIRECTION('',(0.,1.,0.));
#11269=DIRECTION('center_axis',(0.,0.,-1.));
#11270=DIRECTION('ref_axis',(-1.,0.,0.));
#11271=DIRECTION('',(-1.,0.,0.));
#11272=DIRECTION('center_axis',(0.,0.,-1.));
#11273=DIRECTION('ref_axis',(0.,-1.,0.));
#11274=DIRECTION('',(0.,-1.,0.));
#11275=DIRECTION('center_axis',(0.,0.,-1.));
#11276=DIRECTION('ref_axis',(1.,0.,0.));
#11277=DIRECTION('',(1.,0.,0.));
#11278=DIRECTION('center_axis',(0.,0.,-1.));
#11279=DIRECTION('ref_axis',(0.,1.,0.));
#11280=DIRECTION('',(0.,1.,0.));
#11281=DIRECTION('center_axis',(0.,0.,-1.));
#11282=DIRECTION('ref_axis',(-1.,0.,0.));
#11283=DIRECTION('',(-1.,0.,0.));
#11284=DIRECTION('center_axis',(0.,0.,-1.));
#11285=DIRECTION('ref_axis',(0.,-1.,0.));
#11286=DIRECTION('',(0.,-1.,0.));
#11287=DIRECTION('center_axis',(0.,0.,-1.));
#11288=DIRECTION('ref_axis',(1.,0.,0.));
#11289=DIRECTION('',(1.,0.,0.));
#11290=DIRECTION('center_axis',(0.,0.,-1.));
#11291=DIRECTION('ref_axis',(0.,1.,0.));
#11292=DIRECTION('',(0.,1.,0.));
#11293=DIRECTION('center_axis',(0.,0.,-1.));
#11294=DIRECTION('ref_axis',(-1.,0.,0.));
#11295=DIRECTION('',(-1.,0.,0.));
#11296=DIRECTION('center_axis',(0.,0.,-1.));
#11297=DIRECTION('ref_axis',(0.,-1.,0.));
#11298=DIRECTION('',(0.,-1.,0.));
#11299=DIRECTION('center_axis',(0.,0.,-1.));
#11300=DIRECTION('ref_axis',(1.,0.,0.));
#11301=DIRECTION('',(1.,0.,0.));
#11302=DIRECTION('center_axis',(0.,0.,-1.));
#11303=DIRECTION('ref_axis',(0.,1.,0.));
#11304=DIRECTION('',(0.,1.,0.));
#11305=DIRECTION('center_axis',(0.,0.,-1.));
#11306=DIRECTION('ref_axis',(-1.,0.,0.));
#11307=DIRECTION('',(-1.,0.,0.));
#11308=DIRECTION('center_axis',(0.,0.,-1.));
#11309=DIRECTION('ref_axis',(0.,-1.,0.));
#11310=DIRECTION('',(0.,-1.,0.));
#11311=DIRECTION('center_axis',(0.,0.,-1.));
#11312=DIRECTION('ref_axis',(1.,0.,0.));
#11313=DIRECTION('',(1.,0.,0.));
#11314=DIRECTION('center_axis',(0.,0.,-1.));
#11315=DIRECTION('ref_axis',(0.,1.,0.));
#11316=DIRECTION('',(0.,1.,0.));
#11317=DIRECTION('center_axis',(0.,0.,-1.));
#11318=DIRECTION('ref_axis',(-1.,0.,0.));
#11319=DIRECTION('',(-1.,0.,0.));
#11320=DIRECTION('center_axis',(0.,0.,-1.));
#11321=DIRECTION('ref_axis',(0.,-1.,0.));
#11322=DIRECTION('',(0.,-1.,0.));
#11323=DIRECTION('center_axis',(0.,0.,-1.));
#11324=DIRECTION('ref_axis',(1.,0.,0.));
#11325=DIRECTION('',(1.,0.,0.));
#11326=DIRECTION('center_axis',(0.,0.,-1.));
#11327=DIRECTION('ref_axis',(0.,1.,0.));
#11328=DIRECTION('',(0.,1.,0.));
#11329=DIRECTION('center_axis',(0.,0.,-1.));
#11330=DIRECTION('ref_axis',(-1.,0.,0.));
#11331=DIRECTION('',(-1.,0.,0.));
#11332=DIRECTION('center_axis',(0.,0.,-1.));
#11333=DIRECTION('ref_axis',(0.,-1.,0.));
#11334=DIRECTION('',(0.,-1.,0.));
#11335=DIRECTION('center_axis',(0.,0.,-1.));
#11336=DIRECTION('ref_axis',(1.,0.,0.));
#11337=DIRECTION('',(1.,0.,0.));
#11338=DIRECTION('center_axis',(0.,0.,-1.));
#11339=DIRECTION('ref_axis',(0.,1.,0.));
#11340=DIRECTION('',(0.,1.,0.));
#11341=DIRECTION('center_axis',(0.,0.,-1.));
#11342=DIRECTION('ref_axis',(-1.,0.,0.));
#11343=DIRECTION('',(-1.,0.,0.));
#11344=DIRECTION('center_axis',(0.,0.,-1.));
#11345=DIRECTION('ref_axis',(0.,-1.,0.));
#11346=DIRECTION('',(0.,-1.,0.));
#11347=DIRECTION('center_axis',(0.,0.,-1.));
#11348=DIRECTION('ref_axis',(1.,0.,0.));
#11349=DIRECTION('',(1.,0.,0.));
#11350=DIRECTION('center_axis',(0.,0.,-1.));
#11351=DIRECTION('ref_axis',(0.,1.,0.));
#11352=DIRECTION('',(0.,1.,0.));
#11353=DIRECTION('center_axis',(0.,0.,-1.));
#11354=DIRECTION('ref_axis',(-1.,0.,0.));
#11355=DIRECTION('',(-1.,0.,0.));
#11356=DIRECTION('center_axis',(0.,0.,-1.));
#11357=DIRECTION('ref_axis',(0.,-1.,0.));
#11358=DIRECTION('',(0.,-1.,0.));
#11359=DIRECTION('center_axis',(0.,0.,-1.));
#11360=DIRECTION('ref_axis',(1.,0.,0.));
#11361=DIRECTION('',(1.,0.,0.));
#11362=DIRECTION('center_axis',(0.,0.,-1.));
#11363=DIRECTION('ref_axis',(0.,1.,0.));
#11364=DIRECTION('',(0.,1.,0.));
#11365=DIRECTION('center_axis',(0.,0.,-1.));
#11366=DIRECTION('ref_axis',(-1.,0.,0.));
#11367=DIRECTION('',(-1.,0.,0.));
#11368=DIRECTION('center_axis',(0.,0.,-1.));
#11369=DIRECTION('ref_axis',(0.,-1.,0.));
#11370=DIRECTION('',(0.,-1.,0.));
#11371=DIRECTION('center_axis',(0.,0.,-1.));
#11372=DIRECTION('ref_axis',(1.,0.,0.));
#11373=DIRECTION('',(1.,0.,0.));
#11374=DIRECTION('center_axis',(0.,0.,-1.));
#11375=DIRECTION('ref_axis',(0.,1.,0.));
#11376=DIRECTION('',(0.,1.,0.));
#11377=DIRECTION('center_axis',(0.,0.,-1.));
#11378=DIRECTION('ref_axis',(-1.,0.,0.));
#11379=DIRECTION('',(-1.,0.,0.));
#11380=DIRECTION('center_axis',(0.,0.,-1.));
#11381=DIRECTION('ref_axis',(0.,-1.,0.));
#11382=DIRECTION('',(0.,-1.,0.));
#11383=DIRECTION('center_axis',(0.,0.,-1.));
#11384=DIRECTION('ref_axis',(1.,0.,0.));
#11385=DIRECTION('',(1.,0.,0.));
#11386=DIRECTION('center_axis',(0.,0.,-1.));
#11387=DIRECTION('ref_axis',(0.,1.,0.));
#11388=DIRECTION('',(0.,1.,0.));
#11389=DIRECTION('center_axis',(0.,0.,-1.));
#11390=DIRECTION('ref_axis',(-1.,0.,0.));
#11391=DIRECTION('',(-1.,0.,0.));
#11392=DIRECTION('center_axis',(0.,0.,-1.));
#11393=DIRECTION('ref_axis',(0.,-1.,0.));
#11394=DIRECTION('',(0.,-1.,0.));
#11395=DIRECTION('center_axis',(0.,0.,-1.));
#11396=DIRECTION('ref_axis',(1.,0.,0.));
#11397=DIRECTION('',(1.,0.,0.));
#11398=DIRECTION('center_axis',(0.,0.,-1.));
#11399=DIRECTION('ref_axis',(0.,1.,0.));
#11400=DIRECTION('',(0.,1.,0.));
#11401=DIRECTION('center_axis',(0.,0.,-1.));
#11402=DIRECTION('ref_axis',(-1.,0.,0.));
#11403=DIRECTION('',(-1.,0.,0.));
#11404=DIRECTION('center_axis',(0.,0.,-1.));
#11405=DIRECTION('ref_axis',(0.,-1.,0.));
#11406=DIRECTION('',(0.,-1.,0.));
#11407=DIRECTION('center_axis',(0.,0.,-1.));
#11408=DIRECTION('ref_axis',(1.,0.,0.));
#11409=DIRECTION('',(1.,0.,0.));
#11410=DIRECTION('center_axis',(0.,0.,-1.));
#11411=DIRECTION('ref_axis',(0.,1.,0.));
#11412=DIRECTION('',(0.,1.,0.));
#11413=DIRECTION('center_axis',(0.,0.,-1.));
#11414=DIRECTION('ref_axis',(-1.,0.,0.));
#11415=DIRECTION('',(-1.,0.,0.));
#11416=DIRECTION('center_axis',(0.,0.,-1.));
#11417=DIRECTION('ref_axis',(0.,-1.,0.));
#11418=DIRECTION('',(0.,-1.,0.));
#11419=DIRECTION('center_axis',(0.,0.,-1.));
#11420=DIRECTION('ref_axis',(1.,0.,0.));
#11421=DIRECTION('',(1.,0.,0.));
#11422=DIRECTION('center_axis',(0.,0.,-1.));
#11423=DIRECTION('ref_axis',(0.,1.,0.));
#11424=DIRECTION('',(0.,1.,0.));
#11425=DIRECTION('center_axis',(0.,0.,-1.));
#11426=DIRECTION('ref_axis',(-1.,0.,0.));
#11427=DIRECTION('',(-1.,0.,0.));
#11428=DIRECTION('center_axis',(0.,0.,-1.));
#11429=DIRECTION('ref_axis',(0.,-1.,0.));
#11430=DIRECTION('',(0.,-1.,0.));
#11431=DIRECTION('center_axis',(0.,0.,-1.));
#11432=DIRECTION('ref_axis',(1.,0.,0.));
#11433=DIRECTION('',(1.,0.,0.));
#11434=DIRECTION('center_axis',(0.,0.,-1.));
#11435=DIRECTION('ref_axis',(0.,1.,0.));
#11436=DIRECTION('',(0.,1.,0.));
#11437=DIRECTION('center_axis',(0.,0.,-1.));
#11438=DIRECTION('ref_axis',(-1.,0.,0.));
#11439=DIRECTION('',(-1.,0.,0.));
#11440=DIRECTION('center_axis',(0.,0.,-1.));
#11441=DIRECTION('ref_axis',(0.,-1.,0.));
#11442=DIRECTION('',(0.,-1.,0.));
#11443=DIRECTION('center_axis',(0.,0.,-1.));
#11444=DIRECTION('ref_axis',(1.,0.,0.));
#11445=DIRECTION('',(1.,0.,0.));
#11446=DIRECTION('center_axis',(0.,0.,-1.));
#11447=DIRECTION('ref_axis',(0.,1.,0.));
#11448=DIRECTION('',(0.,1.,0.));
#11449=DIRECTION('center_axis',(0.,0.,-1.));
#11450=DIRECTION('ref_axis',(-1.,0.,0.));
#11451=DIRECTION('',(-1.,0.,0.));
#11452=DIRECTION('center_axis',(0.,0.,-1.));
#11453=DIRECTION('ref_axis',(0.,-1.,0.));
#11454=DIRECTION('',(0.,-1.,0.));
#11455=DIRECTION('center_axis',(0.,0.,-1.));
#11456=DIRECTION('ref_axis',(1.,0.,0.));
#11457=DIRECTION('',(1.,0.,0.));
#11458=DIRECTION('center_axis',(0.,0.,-1.));
#11459=DIRECTION('ref_axis',(0.,1.,0.));
#11460=DIRECTION('',(0.,1.,0.));
#11461=DIRECTION('center_axis',(0.,0.,-1.));
#11462=DIRECTION('ref_axis',(-1.,0.,0.));
#11463=DIRECTION('',(-1.,0.,0.));
#11464=DIRECTION('center_axis',(0.,0.,-1.));
#11465=DIRECTION('ref_axis',(0.,-1.,0.));
#11466=DIRECTION('',(0.,-1.,0.));
#11467=DIRECTION('center_axis',(0.,0.,-1.));
#11468=DIRECTION('ref_axis',(1.,0.,0.));
#11469=DIRECTION('',(1.,0.,0.));
#11470=DIRECTION('center_axis',(0.,0.,-1.));
#11471=DIRECTION('ref_axis',(0.,1.,0.));
#11472=DIRECTION('',(0.,1.,0.));
#11473=DIRECTION('center_axis',(0.,0.,-1.));
#11474=DIRECTION('ref_axis',(-1.,0.,0.));
#11475=DIRECTION('',(-1.,0.,0.));
#11476=DIRECTION('center_axis',(0.,0.,-1.));
#11477=DIRECTION('ref_axis',(0.,-1.,0.));
#11478=DIRECTION('',(0.,-1.,0.));
#11479=DIRECTION('center_axis',(0.,0.,-1.));
#11480=DIRECTION('ref_axis',(1.,0.,0.));
#11481=DIRECTION('',(1.,0.,0.));
#11482=DIRECTION('center_axis',(0.,0.,-1.));
#11483=DIRECTION('ref_axis',(0.,1.,0.));
#11484=DIRECTION('',(0.,1.,0.));
#11485=DIRECTION('center_axis',(0.,0.,-1.));
#11486=DIRECTION('ref_axis',(-1.,0.,0.));
#11487=DIRECTION('',(-1.,0.,0.));
#11488=DIRECTION('center_axis',(0.,0.,-1.));
#11489=DIRECTION('ref_axis',(0.,-1.,0.));
#11490=DIRECTION('',(0.,-1.,0.));
#11491=DIRECTION('center_axis',(0.,0.,-1.));
#11492=DIRECTION('ref_axis',(1.,0.,0.));
#11493=DIRECTION('',(1.,0.,0.));
#11494=DIRECTION('center_axis',(0.,0.,-1.));
#11495=DIRECTION('ref_axis',(0.,1.,0.));
#11496=DIRECTION('',(0.,1.,0.));
#11497=DIRECTION('center_axis',(0.,0.,-1.));
#11498=DIRECTION('ref_axis',(-1.,0.,0.));
#11499=DIRECTION('',(-1.,0.,0.));
#11500=DIRECTION('center_axis',(0.,0.,-1.));
#11501=DIRECTION('ref_axis',(0.,-1.,0.));
#11502=DIRECTION('',(0.,-1.,0.));
#11503=DIRECTION('center_axis',(0.,0.,-1.));
#11504=DIRECTION('ref_axis',(1.,0.,0.));
#11505=DIRECTION('',(1.,0.,0.));
#11506=DIRECTION('center_axis',(0.,0.,-1.));
#11507=DIRECTION('ref_axis',(0.,1.,0.));
#11508=DIRECTION('',(0.,1.,0.));
#11509=DIRECTION('center_axis',(0.,0.,-1.));
#11510=DIRECTION('ref_axis',(-1.,0.,0.));
#11511=DIRECTION('',(-1.,0.,0.));
#11512=DIRECTION('center_axis',(0.,0.,-1.));
#11513=DIRECTION('ref_axis',(0.,-1.,0.));
#11514=DIRECTION('',(0.,-1.,0.));
#11515=DIRECTION('center_axis',(0.,0.,-1.));
#11516=DIRECTION('ref_axis',(1.,0.,0.));
#11517=DIRECTION('',(1.,0.,0.));
#11518=DIRECTION('center_axis',(0.,0.,-1.));
#11519=DIRECTION('ref_axis',(0.,1.,0.));
#11520=DIRECTION('',(0.,1.,0.));
#11521=DIRECTION('center_axis',(0.,0.,-1.));
#11522=DIRECTION('ref_axis',(-1.,0.,0.));
#11523=DIRECTION('',(-1.,0.,0.));
#11524=DIRECTION('center_axis',(0.,0.,-1.));
#11525=DIRECTION('ref_axis',(0.,-1.,0.));
#11526=DIRECTION('',(0.,-1.,0.));
#11527=DIRECTION('center_axis',(0.,0.,-1.));
#11528=DIRECTION('ref_axis',(1.,0.,0.));
#11529=DIRECTION('',(1.,0.,0.));
#11530=DIRECTION('center_axis',(0.,0.,-1.));
#11531=DIRECTION('ref_axis',(0.,1.,0.));
#11532=DIRECTION('',(0.,1.,0.));
#11533=DIRECTION('center_axis',(0.,0.,-1.));
#11534=DIRECTION('ref_axis',(-1.,0.,0.));
#11535=DIRECTION('',(-1.,0.,0.));
#11536=DIRECTION('center_axis',(0.,0.,-1.));
#11537=DIRECTION('ref_axis',(0.,-1.,0.));
#11538=DIRECTION('',(0.,-1.,0.));
#11539=DIRECTION('center_axis',(0.,0.,-1.));
#11540=DIRECTION('ref_axis',(1.,0.,0.));
#11541=DIRECTION('',(1.,0.,0.));
#11542=DIRECTION('center_axis',(0.,0.,-1.));
#11543=DIRECTION('ref_axis',(0.,1.,0.));
#11544=DIRECTION('',(0.,1.,0.));
#11545=DIRECTION('center_axis',(0.,0.,-1.));
#11546=DIRECTION('ref_axis',(-1.,0.,0.));
#11547=DIRECTION('',(-1.,0.,0.));
#11548=DIRECTION('center_axis',(0.,0.,-1.));
#11549=DIRECTION('ref_axis',(0.,-1.,0.));
#11550=DIRECTION('',(0.,-1.,0.));
#11551=DIRECTION('center_axis',(0.,0.,-1.));
#11552=DIRECTION('ref_axis',(1.,0.,0.));
#11553=DIRECTION('',(1.,0.,0.));
#11554=DIRECTION('center_axis',(0.,0.,-1.));
#11555=DIRECTION('ref_axis',(0.,1.,0.));
#11556=DIRECTION('',(0.,1.,0.));
#11557=DIRECTION('center_axis',(0.,0.,-1.));
#11558=DIRECTION('ref_axis',(-1.,0.,0.));
#11559=DIRECTION('',(-1.,0.,0.));
#11560=DIRECTION('center_axis',(0.,0.,-1.));
#11561=DIRECTION('ref_axis',(0.,-1.,0.));
#11562=DIRECTION('',(0.,-1.,0.));
#11563=DIRECTION('center_axis',(0.,0.,-1.));
#11564=DIRECTION('ref_axis',(1.,0.,0.));
#11565=DIRECTION('',(1.,0.,0.));
#11566=DIRECTION('center_axis',(0.,0.,-1.));
#11567=DIRECTION('ref_axis',(0.,1.,0.));
#11568=DIRECTION('',(0.,1.,0.));
#11569=DIRECTION('center_axis',(0.,0.,-1.));
#11570=DIRECTION('ref_axis',(-1.,0.,0.));
#11571=DIRECTION('',(-1.,0.,0.));
#11572=DIRECTION('center_axis',(0.,0.,-1.));
#11573=DIRECTION('ref_axis',(0.,-1.,0.));
#11574=DIRECTION('',(0.,-1.,0.));
#11575=DIRECTION('center_axis',(0.,0.,-1.));
#11576=DIRECTION('ref_axis',(1.,0.,0.));
#11577=DIRECTION('',(1.,0.,0.));
#11578=DIRECTION('center_axis',(0.,0.,1.));
#11579=DIRECTION('ref_axis',(-0.707106781186547,-0.707106781186547,0.));
#11580=DIRECTION('',(0.,0.,-1.));
#11581=DIRECTION('',(0.,0.,1.));
#11582=DIRECTION('center_axis',(0.,-1.,0.));
#11583=DIRECTION('ref_axis',(1.,0.,0.));
#11584=DIRECTION('center_axis',(0.,0.,1.));
#11585=DIRECTION('ref_axis',(-0.707106781186547,0.707106781186547,0.));
#11586=DIRECTION('',(0.,0.,-1.));
#11587=DIRECTION('',(0.,0.,1.));
#11588=DIRECTION('center_axis',(0.,1.,0.));
#11589=DIRECTION('ref_axis',(-1.,0.,0.));
#11590=DIRECTION('center_axis',(0.,0.,1.));
#11591=DIRECTION('ref_axis',(0.707106781186547,0.707106781186547,0.));
#11592=DIRECTION('',(0.,0.,-1.));
#11593=DIRECTION('',(0.,0.,1.));
#11594=DIRECTION('center_axis',(0.,1.,0.));
#11595=DIRECTION('ref_axis',(-1.,0.,0.));
#11596=DIRECTION('',(0.,0.,-1.));
#11597=DIRECTION('center_axis',(0.,0.,1.));
#11598=DIRECTION('ref_axis',(-0.707106781186548,0.707106781186547,0.));
#11599=DIRECTION('',(0.,0.,1.));
#11600=DIRECTION('center_axis',(-1.,0.,0.));
#11601=DIRECTION('ref_axis',(0.,-1.,0.));
#11602=DIRECTION('',(0.,0.,-1.));
#11603=DIRECTION('center_axis',(0.,0.,1.));
#11604=DIRECTION('ref_axis',(-0.707106781186547,-0.707106781186547,0.));
#11605=DIRECTION('',(0.,0.,1.));
#11606=DIRECTION('center_axis',(0.,-1.,0.));
#11607=DIRECTION('ref_axis',(1.,0.,0.));
#11608=DIRECTION('center_axis',(1.,0.,0.));
#11609=DIRECTION('ref_axis',(0.,1.,0.));
#11610=DIRECTION('',(0.,0.,1.));
#11611=DIRECTION('',(0.,0.,1.));
#11612=DIRECTION('center_axis',(0.,0.,1.));
#11613=DIRECTION('ref_axis',(-1.,0.,0.));
#11614=DIRECTION('',(0.,0.,1.));
#11615=DIRECTION('center_axis',(0.,1.,0.));
#11616=DIRECTION('ref_axis',(-1.,0.,0.));
#11617=DIRECTION('',(0.,0.,1.));
#11618=DIRECTION('center_axis',(0.,0.,1.));
#11619=DIRECTION('ref_axis',(0.,-1.,0.));
#11620=DIRECTION('',(0.,0.,1.));
#11621=DIRECTION('center_axis',(-1.,0.,0.));
#11622=DIRECTION('ref_axis',(0.,-1.,0.));
#11623=DIRECTION('',(0.,0.,1.));
#11624=DIRECTION('center_axis',(0.,0.,1.));
#11625=DIRECTION('ref_axis',(1.,0.,0.));
#11626=DIRECTION('',(0.,0.,1.));
#11627=DIRECTION('center_axis',(0.,-1.,0.));
#11628=DIRECTION('ref_axis',(1.,0.,0.));
#11629=DIRECTION('',(0.,0.,1.));
#11630=DIRECTION('center_axis',(0.,0.,1.));
#11631=DIRECTION('ref_axis',(0.,1.,0.));
#11632=DIRECTION('center_axis',(1.,0.,0.));
#11633=DIRECTION('ref_axis',(0.,1.,0.));
#11634=DIRECTION('',(0.,0.,1.));
#11635=DIRECTION('',(0.,0.,1.));
#11636=DIRECTION('center_axis',(0.,0.,1.));
#11637=DIRECTION('ref_axis',(-1.,0.,0.));
#11638=DIRECTION('',(0.,0.,1.));
#11639=DIRECTION('center_axis',(0.,1.,0.));
#11640=DIRECTION('ref_axis',(-1.,0.,0.));
#11641=DIRECTION('',(0.,0.,1.));
#11642=DIRECTION('center_axis',(0.,0.,1.));
#11643=DIRECTION('ref_axis',(0.,-1.,0.));
#11644=DIRECTION('',(0.,0.,1.));
#11645=DIRECTION('center_axis',(-1.,0.,0.));
#11646=DIRECTION('ref_axis',(0.,-1.,0.));
#11647=DIRECTION('',(0.,0.,1.));
#11648=DIRECTION('center_axis',(0.,0.,1.));
#11649=DIRECTION('ref_axis',(1.,0.,0.));
#11650=DIRECTION('',(0.,0.,1.));
#11651=DIRECTION('center_axis',(0.,-1.,0.));
#11652=DIRECTION('ref_axis',(1.,0.,0.));
#11653=DIRECTION('',(0.,0.,1.));
#11654=DIRECTION('center_axis',(0.,0.,1.));
#11655=DIRECTION('ref_axis',(0.,1.,0.));
#11656=DIRECTION('center_axis',(1.,0.,0.));
#11657=DIRECTION('ref_axis',(0.,1.,0.));
#11658=DIRECTION('',(0.,0.,1.));
#11659=DIRECTION('',(0.,0.,1.));
#11660=DIRECTION('center_axis',(0.,0.,1.));
#11661=DIRECTION('ref_axis',(-1.,0.,0.));
#11662=DIRECTION('',(0.,0.,1.));
#11663=DIRECTION('center_axis',(0.,1.,0.));
#11664=DIRECTION('ref_axis',(-1.,0.,0.));
#11665=DIRECTION('',(0.,0.,1.));
#11666=DIRECTION('center_axis',(0.,0.,1.));
#11667=DIRECTION('ref_axis',(0.,-1.,0.));
#11668=DIRECTION('',(0.,0.,1.));
#11669=DIRECTION('center_axis',(-1.,0.,0.));
#11670=DIRECTION('ref_axis',(0.,-1.,0.));
#11671=DIRECTION('',(0.,0.,1.));
#11672=DIRECTION('center_axis',(0.,0.,1.));
#11673=DIRECTION('ref_axis',(1.,0.,0.));
#11674=DIRECTION('',(0.,0.,1.));
#11675=DIRECTION('center_axis',(0.,-1.,0.));
#11676=DIRECTION('ref_axis',(1.,0.,0.));
#11677=DIRECTION('',(0.,0.,1.));
#11678=DIRECTION('center_axis',(0.,0.,1.));
#11679=DIRECTION('ref_axis',(0.,1.,0.));
#11680=DIRECTION('center_axis',(1.,0.,0.));
#11681=DIRECTION('ref_axis',(0.,1.,0.));
#11682=DIRECTION('',(0.,0.,1.));
#11683=DIRECTION('',(0.,0.,1.));
#11684=DIRECTION('center_axis',(0.,0.,1.));
#11685=DIRECTION('ref_axis',(-1.,0.,0.));
#11686=DIRECTION('',(0.,0.,1.));
#11687=DIRECTION('center_axis',(0.,1.,0.));
#11688=DIRECTION('ref_axis',(-1.,0.,0.));
#11689=DIRECTION('',(0.,0.,1.));
#11690=DIRECTION('center_axis',(0.,0.,1.));
#11691=DIRECTION('ref_axis',(0.,-1.,0.));
#11692=DIRECTION('',(0.,0.,1.));
#11693=DIRECTION('center_axis',(-1.,0.,0.));
#11694=DIRECTION('ref_axis',(0.,-1.,0.));
#11695=DIRECTION('',(0.,0.,1.));
#11696=DIRECTION('center_axis',(0.,0.,1.));
#11697=DIRECTION('ref_axis',(1.,0.,0.));
#11698=DIRECTION('',(0.,0.,1.));
#11699=DIRECTION('center_axis',(0.,-1.,0.));
#11700=DIRECTION('ref_axis',(1.,0.,0.));
#11701=DIRECTION('',(0.,0.,1.));
#11702=DIRECTION('center_axis',(0.,0.,1.));
#11703=DIRECTION('ref_axis',(0.,1.,0.));
#11704=DIRECTION('center_axis',(1.,0.,0.));
#11705=DIRECTION('ref_axis',(0.,1.,0.));
#11706=DIRECTION('',(0.,0.,1.));
#11707=DIRECTION('',(0.,0.,1.));
#11708=DIRECTION('center_axis',(0.,0.,1.));
#11709=DIRECTION('ref_axis',(-1.,0.,0.));
#11710=DIRECTION('',(0.,0.,1.));
#11711=DIRECTION('center_axis',(0.,1.,0.));
#11712=DIRECTION('ref_axis',(-1.,0.,0.));
#11713=DIRECTION('',(0.,0.,1.));
#11714=DIRECTION('center_axis',(0.,0.,1.));
#11715=DIRECTION('ref_axis',(0.,-1.,0.));
#11716=DIRECTION('',(0.,0.,1.));
#11717=DIRECTION('center_axis',(-1.,0.,0.));
#11718=DIRECTION('ref_axis',(0.,-1.,0.));
#11719=DIRECTION('',(0.,0.,1.));
#11720=DIRECTION('center_axis',(0.,0.,1.));
#11721=DIRECTION('ref_axis',(1.,0.,0.));
#11722=DIRECTION('',(0.,0.,1.));
#11723=DIRECTION('center_axis',(0.,-1.,0.));
#11724=DIRECTION('ref_axis',(1.,0.,0.));
#11725=DIRECTION('',(0.,0.,1.));
#11726=DIRECTION('center_axis',(0.,0.,1.));
#11727=DIRECTION('ref_axis',(0.,1.,0.));
#11728=DIRECTION('center_axis',(1.,0.,0.));
#11729=DIRECTION('ref_axis',(0.,1.,0.));
#11730=DIRECTION('',(0.,0.,1.));
#11731=DIRECTION('',(0.,0.,1.));
#11732=DIRECTION('center_axis',(0.,0.,1.));
#11733=DIRECTION('ref_axis',(-1.,0.,0.));
#11734=DIRECTION('',(0.,0.,1.));
#11735=DIRECTION('center_axis',(0.,1.,0.));
#11736=DIRECTION('ref_axis',(-1.,0.,0.));
#11737=DIRECTION('',(0.,0.,1.));
#11738=DIRECTION('center_axis',(0.,0.,1.));
#11739=DIRECTION('ref_axis',(0.,-1.,0.));
#11740=DIRECTION('',(0.,0.,1.));
#11741=DIRECTION('center_axis',(-1.,0.,0.));
#11742=DIRECTION('ref_axis',(0.,-1.,0.));
#11743=DIRECTION('',(0.,0.,1.));
#11744=DIRECTION('center_axis',(0.,0.,1.));
#11745=DIRECTION('ref_axis',(1.,0.,0.));
#11746=DIRECTION('',(0.,0.,1.));
#11747=DIRECTION('center_axis',(0.,-1.,0.));
#11748=DIRECTION('ref_axis',(1.,0.,0.));
#11749=DIRECTION('',(0.,0.,1.));
#11750=DIRECTION('center_axis',(0.,0.,1.));
#11751=DIRECTION('ref_axis',(0.,1.,0.));
#11752=DIRECTION('center_axis',(1.,0.,0.));
#11753=DIRECTION('ref_axis',(0.,1.,0.));
#11754=DIRECTION('',(0.,0.,1.));
#11755=DIRECTION('',(0.,0.,1.));
#11756=DIRECTION('center_axis',(0.,0.,1.));
#11757=DIRECTION('ref_axis',(-1.,0.,0.));
#11758=DIRECTION('',(0.,0.,1.));
#11759=DIRECTION('center_axis',(0.,1.,0.));
#11760=DIRECTION('ref_axis',(-1.,0.,0.));
#11761=DIRECTION('',(0.,0.,1.));
#11762=DIRECTION('center_axis',(0.,0.,1.));
#11763=DIRECTION('ref_axis',(0.,-1.,0.));
#11764=DIRECTION('',(0.,0.,1.));
#11765=DIRECTION('center_axis',(-1.,0.,0.));
#11766=DIRECTION('ref_axis',(0.,-1.,0.));
#11767=DIRECTION('',(0.,0.,1.));
#11768=DIRECTION('center_axis',(0.,0.,1.));
#11769=DIRECTION('ref_axis',(1.,0.,0.));
#11770=DIRECTION('',(0.,0.,1.));
#11771=DIRECTION('center_axis',(0.,-1.,0.));
#11772=DIRECTION('ref_axis',(1.,0.,0.));
#11773=DIRECTION('',(0.,0.,1.));
#11774=DIRECTION('center_axis',(0.,0.,1.));
#11775=DIRECTION('ref_axis',(0.,1.,0.));
#11776=DIRECTION('center_axis',(1.,0.,0.));
#11777=DIRECTION('ref_axis',(0.,1.,0.));
#11778=DIRECTION('',(0.,0.,1.));
#11779=DIRECTION('',(0.,0.,1.));
#11780=DIRECTION('center_axis',(0.,0.,1.));
#11781=DIRECTION('ref_axis',(-1.,0.,0.));
#11782=DIRECTION('',(0.,0.,1.));
#11783=DIRECTION('center_axis',(0.,1.,0.));
#11784=DIRECTION('ref_axis',(-1.,0.,0.));
#11785=DIRECTION('',(0.,0.,1.));
#11786=DIRECTION('center_axis',(0.,0.,1.));
#11787=DIRECTION('ref_axis',(0.,-1.,0.));
#11788=DIRECTION('',(0.,0.,1.));
#11789=DIRECTION('center_axis',(-1.,0.,0.));
#11790=DIRECTION('ref_axis',(0.,-1.,0.));
#11791=DIRECTION('',(0.,0.,1.));
#11792=DIRECTION('center_axis',(0.,0.,1.));
#11793=DIRECTION('ref_axis',(1.,0.,0.));
#11794=DIRECTION('',(0.,0.,1.));
#11795=DIRECTION('center_axis',(0.,-1.,0.));
#11796=DIRECTION('ref_axis',(1.,0.,0.));
#11797=DIRECTION('',(0.,0.,1.));
#11798=DIRECTION('center_axis',(0.,0.,1.));
#11799=DIRECTION('ref_axis',(0.,1.,0.));
#11800=DIRECTION('center_axis',(1.,0.,0.));
#11801=DIRECTION('ref_axis',(0.,1.,0.));
#11802=DIRECTION('',(0.,0.,1.));
#11803=DIRECTION('',(0.,0.,1.));
#11804=DIRECTION('center_axis',(0.,0.,1.));
#11805=DIRECTION('ref_axis',(-1.,0.,0.));
#11806=DIRECTION('',(0.,0.,1.));
#11807=DIRECTION('center_axis',(0.,1.,0.));
#11808=DIRECTION('ref_axis',(-1.,0.,0.));
#11809=DIRECTION('',(0.,0.,1.));
#11810=DIRECTION('center_axis',(0.,0.,1.));
#11811=DIRECTION('ref_axis',(0.,-1.,0.));
#11812=DIRECTION('',(0.,0.,1.));
#11813=DIRECTION('center_axis',(-1.,0.,0.));
#11814=DIRECTION('ref_axis',(0.,-1.,0.));
#11815=DIRECTION('',(0.,0.,1.));
#11816=DIRECTION('center_axis',(0.,0.,1.));
#11817=DIRECTION('ref_axis',(1.,0.,0.));
#11818=DIRECTION('',(0.,0.,1.));
#11819=DIRECTION('center_axis',(0.,-1.,0.));
#11820=DIRECTION('ref_axis',(1.,0.,0.));
#11821=DIRECTION('',(0.,0.,1.));
#11822=DIRECTION('center_axis',(0.,0.,1.));
#11823=DIRECTION('ref_axis',(0.,1.,0.));
#11824=DIRECTION('center_axis',(1.,0.,0.));
#11825=DIRECTION('ref_axis',(0.,1.,0.));
#11826=DIRECTION('',(0.,0.,1.));
#11827=DIRECTION('',(0.,0.,1.));
#11828=DIRECTION('center_axis',(0.,0.,1.));
#11829=DIRECTION('ref_axis',(-1.,0.,0.));
#11830=DIRECTION('',(0.,0.,1.));
#11831=DIRECTION('center_axis',(0.,1.,0.));
#11832=DIRECTION('ref_axis',(-1.,0.,0.));
#11833=DIRECTION('',(0.,0.,1.));
#11834=DIRECTION('center_axis',(0.,0.,1.));
#11835=DIRECTION('ref_axis',(0.,-1.,0.));
#11836=DIRECTION('',(0.,0.,1.));
#11837=DIRECTION('center_axis',(-1.,0.,0.));
#11838=DIRECTION('ref_axis',(0.,-1.,0.));
#11839=DIRECTION('',(0.,0.,1.));
#11840=DIRECTION('center_axis',(0.,0.,1.));
#11841=DIRECTION('ref_axis',(1.,0.,0.));
#11842=DIRECTION('',(0.,0.,1.));
#11843=DIRECTION('center_axis',(0.,-1.,0.));
#11844=DIRECTION('ref_axis',(1.,0.,0.));
#11845=DIRECTION('',(0.,0.,1.));
#11846=DIRECTION('center_axis',(0.,0.,1.));
#11847=DIRECTION('ref_axis',(0.,1.,0.));
#11848=DIRECTION('center_axis',(1.,0.,0.));
#11849=DIRECTION('ref_axis',(0.,1.,0.));
#11850=DIRECTION('',(0.,0.,1.));
#11851=DIRECTION('',(0.,0.,1.));
#11852=DIRECTION('center_axis',(0.,0.,1.));
#11853=DIRECTION('ref_axis',(-1.,0.,0.));
#11854=DIRECTION('',(0.,0.,1.));
#11855=DIRECTION('center_axis',(0.,1.,0.));
#11856=DIRECTION('ref_axis',(-1.,0.,0.));
#11857=DIRECTION('',(0.,0.,1.));
#11858=DIRECTION('center_axis',(0.,0.,1.));
#11859=DIRECTION('ref_axis',(0.,-1.,0.));
#11860=DIRECTION('',(0.,0.,1.));
#11861=DIRECTION('center_axis',(-1.,0.,0.));
#11862=DIRECTION('ref_axis',(0.,-1.,0.));
#11863=DIRECTION('',(0.,0.,1.));
#11864=DIRECTION('center_axis',(0.,0.,1.));
#11865=DIRECTION('ref_axis',(1.,0.,0.));
#11866=DIRECTION('',(0.,0.,1.));
#11867=DIRECTION('center_axis',(0.,-1.,0.));
#11868=DIRECTION('ref_axis',(1.,0.,0.));
#11869=DIRECTION('',(0.,0.,1.));
#11870=DIRECTION('center_axis',(0.,0.,1.));
#11871=DIRECTION('ref_axis',(0.,1.,0.));
#11872=DIRECTION('center_axis',(1.,0.,0.));
#11873=DIRECTION('ref_axis',(0.,1.,0.));
#11874=DIRECTION('',(0.,0.,1.));
#11875=DIRECTION('',(0.,0.,1.));
#11876=DIRECTION('center_axis',(0.,0.,1.));
#11877=DIRECTION('ref_axis',(-1.,0.,0.));
#11878=DIRECTION('',(0.,0.,1.));
#11879=DIRECTION('center_axis',(0.,1.,0.));
#11880=DIRECTION('ref_axis',(-1.,0.,0.));
#11881=DIRECTION('',(0.,0.,1.));
#11882=DIRECTION('center_axis',(0.,0.,1.));
#11883=DIRECTION('ref_axis',(0.,-1.,0.));
#11884=DIRECTION('',(0.,0.,1.));
#11885=DIRECTION('center_axis',(-1.,0.,0.));
#11886=DIRECTION('ref_axis',(0.,-1.,0.));
#11887=DIRECTION('',(0.,0.,1.));
#11888=DIRECTION('center_axis',(0.,0.,1.));
#11889=DIRECTION('ref_axis',(1.,0.,0.));
#11890=DIRECTION('',(0.,0.,1.));
#11891=DIRECTION('center_axis',(0.,-1.,0.));
#11892=DIRECTION('ref_axis',(1.,0.,0.));
#11893=DIRECTION('',(0.,0.,1.));
#11894=DIRECTION('center_axis',(0.,0.,1.));
#11895=DIRECTION('ref_axis',(0.,1.,0.));
#11896=DIRECTION('center_axis',(1.,0.,0.));
#11897=DIRECTION('ref_axis',(0.,1.,0.));
#11898=DIRECTION('',(0.,0.,1.));
#11899=DIRECTION('center_axis',(0.,0.,1.));
#11900=DIRECTION('ref_axis',(-1.,0.,0.));
#11901=DIRECTION('',(0.,0.,1.));
#11902=DIRECTION('center_axis',(0.,1.,0.));
#11903=DIRECTION('ref_axis',(-1.,0.,0.));
#11904=DIRECTION('',(0.,0.,1.));
#11905=DIRECTION('center_axis',(0.,0.,1.));
#11906=DIRECTION('ref_axis',(0.,-1.,0.));
#11907=DIRECTION('',(0.,0.,1.));
#11908=DIRECTION('center_axis',(-1.,0.,0.));
#11909=DIRECTION('ref_axis',(0.,-1.,0.));
#11910=DIRECTION('',(0.,0.,1.));
#11911=DIRECTION('center_axis',(0.,0.,1.));
#11912=DIRECTION('ref_axis',(0.,1.,0.));
#11913=DIRECTION('',(0.,0.,1.));
#11914=DIRECTION('center_axis',(0.,1.,0.));
#11915=DIRECTION('ref_axis',(-1.,0.,0.));
#11916=DIRECTION('',(0.,0.,1.));
#11917=DIRECTION('center_axis',(0.,0.,1.));
#11918=DIRECTION('ref_axis',(0.,-1.,0.));
#11919=DIRECTION('',(0.,0.,1.));
#11920=DIRECTION('center_axis',(-1.,0.,0.));
#11921=DIRECTION('ref_axis',(0.,-1.,0.));
#11922=DIRECTION('',(0.,0.,1.));
#11923=DIRECTION('center_axis',(0.,0.,1.));
#11924=DIRECTION('ref_axis',(0.,1.,0.));
#11925=DIRECTION('',(0.,0.,1.));
#11926=DIRECTION('center_axis',(0.,1.,0.));
#11927=DIRECTION('ref_axis',(-1.,0.,0.));
#11928=DIRECTION('',(0.,0.,1.));
#11929=DIRECTION('center_axis',(1.,0.,0.));
#11930=DIRECTION('ref_axis',(0.,1.,0.));
#11931=DIRECTION('',(0.,0.,1.));
#11932=DIRECTION('center_axis',(0.,0.,1.));
#11933=DIRECTION('ref_axis',(-1.,0.,0.));
#11934=DIRECTION('',(0.,0.,1.));
#11935=DIRECTION('center_axis',(0.,1.,0.));
#11936=DIRECTION('ref_axis',(-1.,0.,0.));
#11937=DIRECTION('',(0.,0.,1.));
#11938=DIRECTION('center_axis',(0.,0.,1.));
#11939=DIRECTION('ref_axis',(0.,-1.,0.));
#11940=DIRECTION('',(0.,0.,1.));
#11941=DIRECTION('center_axis',(-1.,0.,0.));
#11942=DIRECTION('ref_axis',(0.,-1.,0.));
#11943=DIRECTION('center_axis',(1.,0.,0.));
#11944=DIRECTION('ref_axis',(0.,1.,0.));
#11945=DIRECTION('',(0.,0.,1.));
#11946=DIRECTION('',(0.,0.,1.));
#11947=DIRECTION('center_axis',(0.,0.,1.));
#11948=DIRECTION('ref_axis',(-1.,0.,0.));
#11949=DIRECTION('',(0.,0.,1.));
#11950=DIRECTION('center_axis',(0.,1.,0.));
#11951=DIRECTION('ref_axis',(-1.,0.,0.));
#11952=DIRECTION('',(0.,0.,1.));
#11953=DIRECTION('center_axis',(0.,0.,1.));
#11954=DIRECTION('ref_axis',(0.,-1.,0.));
#11955=DIRECTION('',(0.,0.,1.));
#11956=DIRECTION('center_axis',(-1.,0.,0.));
#11957=DIRECTION('ref_axis',(0.,-1.,0.));
#11958=DIRECTION('',(0.,0.,1.));
#11959=DIRECTION('center_axis',(0.,0.,1.));
#11960=DIRECTION('ref_axis',(1.,0.,0.));
#11961=DIRECTION('',(0.,0.,1.));
#11962=DIRECTION('center_axis',(0.,-1.,0.));
#11963=DIRECTION('ref_axis',(1.,0.,0.));
#11964=DIRECTION('',(0.,0.,1.));
#11965=DIRECTION('center_axis',(0.,0.,1.));
#11966=DIRECTION('ref_axis',(0.,1.,0.));
#11967=DIRECTION('center_axis',(1.,0.,0.));
#11968=DIRECTION('ref_axis',(0.,1.,0.));
#11969=DIRECTION('',(0.,0.,1.));
#11970=DIRECTION('',(0.,0.,1.));
#11971=DIRECTION('center_axis',(0.,0.,1.));
#11972=DIRECTION('ref_axis',(-1.,0.,0.));
#11973=DIRECTION('',(0.,0.,1.));
#11974=DIRECTION('center_axis',(0.,1.,0.));
#11975=DIRECTION('ref_axis',(-1.,0.,0.));
#11976=DIRECTION('',(0.,0.,1.));
#11977=DIRECTION('center_axis',(0.,0.,1.));
#11978=DIRECTION('ref_axis',(0.,-1.,0.));
#11979=DIRECTION('',(0.,0.,1.));
#11980=DIRECTION('center_axis',(-1.,0.,0.));
#11981=DIRECTION('ref_axis',(0.,-1.,0.));
#11982=DIRECTION('',(0.,0.,1.));
#11983=DIRECTION('center_axis',(0.,0.,1.));
#11984=DIRECTION('ref_axis',(1.,0.,0.));
#11985=DIRECTION('',(0.,0.,1.));
#11986=DIRECTION('center_axis',(0.,-1.,0.));
#11987=DIRECTION('ref_axis',(1.,0.,0.));
#11988=DIRECTION('',(0.,0.,1.));
#11989=DIRECTION('center_axis',(0.,0.,1.));
#11990=DIRECTION('ref_axis',(0.,1.,0.));
#11991=DIRECTION('center_axis',(1.,0.,0.));
#11992=DIRECTION('ref_axis',(0.,1.,0.));
#11993=DIRECTION('',(0.,0.,1.));
#11994=DIRECTION('',(0.,0.,1.));
#11995=DIRECTION('center_axis',(0.,0.,1.));
#11996=DIRECTION('ref_axis',(-1.,0.,0.));
#11997=DIRECTION('',(0.,0.,1.));
#11998=DIRECTION('center_axis',(0.,1.,0.));
#11999=DIRECTION('ref_axis',(-1.,0.,0.));
#12000=DIRECTION('',(0.,0.,1.));
#12001=DIRECTION('center_axis',(0.,0.,1.));
#12002=DIRECTION('ref_axis',(0.,-1.,0.));
#12003=DIRECTION('',(0.,0.,1.));
#12004=DIRECTION('center_axis',(-1.,0.,0.));
#12005=DIRECTION('ref_axis',(0.,-1.,0.));
#12006=DIRECTION('',(0.,0.,1.));
#12007=DIRECTION('center_axis',(0.,0.,1.));
#12008=DIRECTION('ref_axis',(1.,0.,0.));
#12009=DIRECTION('',(0.,0.,1.));
#12010=DIRECTION('center_axis',(0.,-1.,0.));
#12011=DIRECTION('ref_axis',(1.,0.,0.));
#12012=DIRECTION('',(0.,0.,1.));
#12013=DIRECTION('center_axis',(0.,0.,1.));
#12014=DIRECTION('ref_axis',(0.,1.,0.));
#12015=DIRECTION('center_axis',(1.,0.,0.));
#12016=DIRECTION('ref_axis',(0.,1.,0.));
#12017=DIRECTION('',(0.,0.,1.));
#12018=DIRECTION('',(0.,0.,1.));
#12019=DIRECTION('center_axis',(0.,0.,1.));
#12020=DIRECTION('ref_axis',(-1.,0.,0.));
#12021=DIRECTION('',(0.,0.,1.));
#12022=DIRECTION('center_axis',(0.,1.,0.));
#12023=DIRECTION('ref_axis',(-1.,0.,0.));
#12024=DIRECTION('',(0.,0.,1.));
#12025=DIRECTION('center_axis',(0.,0.,1.));
#12026=DIRECTION('ref_axis',(0.,-1.,0.));
#12027=DIRECTION('',(0.,0.,1.));
#12028=DIRECTION('center_axis',(-1.,0.,0.));
#12029=DIRECTION('ref_axis',(0.,-1.,0.));
#12030=DIRECTION('',(0.,0.,1.));
#12031=DIRECTION('center_axis',(0.,0.,1.));
#12032=DIRECTION('ref_axis',(1.,0.,0.));
#12033=DIRECTION('',(0.,0.,1.));
#12034=DIRECTION('center_axis',(0.,-1.,0.));
#12035=DIRECTION('ref_axis',(1.,0.,0.));
#12036=DIRECTION('',(0.,0.,1.));
#12037=DIRECTION('center_axis',(0.,0.,1.));
#12038=DIRECTION('ref_axis',(0.,1.,0.));
#12039=DIRECTION('center_axis',(1.,0.,0.));
#12040=DIRECTION('ref_axis',(0.,1.,0.));
#12041=DIRECTION('',(0.,0.,1.));
#12042=DIRECTION('',(0.,0.,1.));
#12043=DIRECTION('center_axis',(0.,0.,1.));
#12044=DIRECTION('ref_axis',(-1.,0.,0.));
#12045=DIRECTION('',(0.,0.,1.));
#12046=DIRECTION('center_axis',(0.,1.,0.));
#12047=DIRECTION('ref_axis',(-1.,0.,0.));
#12048=DIRECTION('',(0.,0.,1.));
#12049=DIRECTION('center_axis',(0.,0.,1.));
#12050=DIRECTION('ref_axis',(0.,-1.,0.));
#12051=DIRECTION('',(0.,0.,1.));
#12052=DIRECTION('center_axis',(-1.,0.,0.));
#12053=DIRECTION('ref_axis',(0.,-1.,0.));
#12054=DIRECTION('',(0.,0.,1.));
#12055=DIRECTION('center_axis',(0.,0.,1.));
#12056=DIRECTION('ref_axis',(1.,0.,0.));
#12057=DIRECTION('',(0.,0.,1.));
#12058=DIRECTION('center_axis',(0.,-1.,0.));
#12059=DIRECTION('ref_axis',(1.,0.,0.));
#12060=DIRECTION('',(0.,0.,1.));
#12061=DIRECTION('center_axis',(0.,0.,1.));
#12062=DIRECTION('ref_axis',(0.,1.,0.));
#12063=DIRECTION('center_axis',(1.,0.,0.));
#12064=DIRECTION('ref_axis',(0.,1.,0.));
#12065=DIRECTION('',(0.,0.,1.));
#12066=DIRECTION('',(0.,0.,1.));
#12067=DIRECTION('center_axis',(0.,0.,1.));
#12068=DIRECTION('ref_axis',(-1.,0.,0.));
#12069=DIRECTION('',(0.,0.,1.));
#12070=DIRECTION('center_axis',(0.,1.,0.));
#12071=DIRECTION('ref_axis',(-1.,0.,0.));
#12072=DIRECTION('',(0.,0.,1.));
#12073=DIRECTION('center_axis',(0.,0.,1.));
#12074=DIRECTION('ref_axis',(0.,-1.,0.));
#12075=DIRECTION('',(0.,0.,1.));
#12076=DIRECTION('center_axis',(-1.,0.,0.));
#12077=DIRECTION('ref_axis',(0.,-1.,0.));
#12078=DIRECTION('',(0.,0.,1.));
#12079=DIRECTION('center_axis',(0.,0.,1.));
#12080=DIRECTION('ref_axis',(1.,0.,0.));
#12081=DIRECTION('',(0.,0.,1.));
#12082=DIRECTION('center_axis',(0.,-1.,0.));
#12083=DIRECTION('ref_axis',(1.,0.,0.));
#12084=DIRECTION('',(0.,0.,1.));
#12085=DIRECTION('center_axis',(0.,0.,1.));
#12086=DIRECTION('ref_axis',(0.,1.,0.));
#12087=DIRECTION('center_axis',(1.,0.,0.));
#12088=DIRECTION('ref_axis',(0.,1.,0.));
#12089=DIRECTION('',(0.,0.,1.));
#12090=DIRECTION('',(0.,0.,1.));
#12091=DIRECTION('center_axis',(0.,0.,1.));
#12092=DIRECTION('ref_axis',(-1.,0.,0.));
#12093=DIRECTION('',(0.,0.,1.));
#12094=DIRECTION('center_axis',(0.,1.,0.));
#12095=DIRECTION('ref_axis',(-1.,0.,0.));
#12096=DIRECTION('',(0.,0.,1.));
#12097=DIRECTION('center_axis',(0.,0.,1.));
#12098=DIRECTION('ref_axis',(0.,-1.,0.));
#12099=DIRECTION('',(0.,0.,1.));
#12100=DIRECTION('center_axis',(-1.,0.,0.));
#12101=DIRECTION('ref_axis',(0.,-1.,0.));
#12102=DIRECTION('',(0.,0.,1.));
#12103=DIRECTION('center_axis',(0.,0.,1.));
#12104=DIRECTION('ref_axis',(1.,0.,0.));
#12105=DIRECTION('',(0.,0.,1.));
#12106=DIRECTION('center_axis',(0.,-1.,0.));
#12107=DIRECTION('ref_axis',(1.,0.,0.));
#12108=DIRECTION('',(0.,0.,1.));
#12109=DIRECTION('center_axis',(0.,0.,1.));
#12110=DIRECTION('ref_axis',(0.,1.,0.));
#12111=DIRECTION('center_axis',(1.,0.,0.));
#12112=DIRECTION('ref_axis',(0.,1.,0.));
#12113=DIRECTION('',(0.,0.,1.));
#12114=DIRECTION('',(0.,0.,1.));
#12115=DIRECTION('center_axis',(0.,0.,1.));
#12116=DIRECTION('ref_axis',(-1.,0.,0.));
#12117=DIRECTION('',(0.,0.,1.));
#12118=DIRECTION('center_axis',(0.,1.,0.));
#12119=DIRECTION('ref_axis',(-1.,0.,0.));
#12120=DIRECTION('',(0.,0.,1.));
#12121=DIRECTION('center_axis',(0.,0.,1.));
#12122=DIRECTION('ref_axis',(0.,-1.,0.));
#12123=DIRECTION('',(0.,0.,1.));
#12124=DIRECTION('center_axis',(-1.,0.,0.));
#12125=DIRECTION('ref_axis',(0.,-1.,0.));
#12126=DIRECTION('',(0.,0.,1.));
#12127=DIRECTION('center_axis',(0.,0.,1.));
#12128=DIRECTION('ref_axis',(1.,0.,0.));
#12129=DIRECTION('',(0.,0.,1.));
#12130=DIRECTION('center_axis',(0.,-1.,0.));
#12131=DIRECTION('ref_axis',(1.,0.,0.));
#12132=DIRECTION('',(0.,0.,1.));
#12133=DIRECTION('center_axis',(0.,0.,1.));
#12134=DIRECTION('ref_axis',(0.,1.,0.));
#12135=DIRECTION('center_axis',(1.,0.,0.));
#12136=DIRECTION('ref_axis',(0.,1.,0.));
#12137=DIRECTION('',(0.,0.,1.));
#12138=DIRECTION('',(0.,0.,1.));
#12139=DIRECTION('center_axis',(0.,0.,1.));
#12140=DIRECTION('ref_axis',(-1.,0.,0.));
#12141=DIRECTION('',(0.,0.,1.));
#12142=DIRECTION('center_axis',(0.,1.,0.));
#12143=DIRECTION('ref_axis',(-1.,0.,0.));
#12144=DIRECTION('',(0.,0.,1.));
#12145=DIRECTION('center_axis',(0.,0.,1.));
#12146=DIRECTION('ref_axis',(0.,-1.,0.));
#12147=DIRECTION('',(0.,0.,1.));
#12148=DIRECTION('center_axis',(-1.,0.,0.));
#12149=DIRECTION('ref_axis',(0.,-1.,0.));
#12150=DIRECTION('',(0.,0.,1.));
#12151=DIRECTION('center_axis',(0.,0.,1.));
#12152=DIRECTION('ref_axis',(1.,0.,0.));
#12153=DIRECTION('',(0.,0.,1.));
#12154=DIRECTION('center_axis',(0.,-1.,0.));
#12155=DIRECTION('ref_axis',(1.,0.,0.));
#12156=DIRECTION('',(0.,0.,1.));
#12157=DIRECTION('center_axis',(0.,0.,1.));
#12158=DIRECTION('ref_axis',(0.,1.,0.));
#12159=DIRECTION('center_axis',(1.,0.,0.));
#12160=DIRECTION('ref_axis',(0.,1.,0.));
#12161=DIRECTION('',(0.,0.,1.));
#12162=DIRECTION('',(0.,0.,1.));
#12163=DIRECTION('center_axis',(0.,0.,1.));
#12164=DIRECTION('ref_axis',(-1.,0.,0.));
#12165=DIRECTION('',(0.,0.,1.));
#12166=DIRECTION('center_axis',(0.,1.,0.));
#12167=DIRECTION('ref_axis',(-1.,0.,0.));
#12168=DIRECTION('',(0.,0.,1.));
#12169=DIRECTION('center_axis',(0.,0.,1.));
#12170=DIRECTION('ref_axis',(0.,-1.,0.));
#12171=DIRECTION('',(0.,0.,1.));
#12172=DIRECTION('center_axis',(-1.,0.,0.));
#12173=DIRECTION('ref_axis',(0.,-1.,0.));
#12174=DIRECTION('',(0.,0.,1.));
#12175=DIRECTION('center_axis',(0.,0.,1.));
#12176=DIRECTION('ref_axis',(1.,0.,0.));
#12177=DIRECTION('',(0.,0.,1.));
#12178=DIRECTION('center_axis',(0.,-1.,0.));
#12179=DIRECTION('ref_axis',(1.,0.,0.));
#12180=DIRECTION('',(0.,0.,1.));
#12181=DIRECTION('center_axis',(0.,0.,1.));
#12182=DIRECTION('ref_axis',(0.,1.,0.));
#12183=DIRECTION('center_axis',(1.,0.,0.));
#12184=DIRECTION('ref_axis',(0.,1.,0.));
#12185=DIRECTION('',(0.,0.,1.));
#12186=DIRECTION('',(0.,0.,1.));
#12187=DIRECTION('center_axis',(0.,0.,1.));
#12188=DIRECTION('ref_axis',(-1.,0.,0.));
#12189=DIRECTION('',(0.,0.,1.));
#12190=DIRECTION('center_axis',(0.,1.,0.));
#12191=DIRECTION('ref_axis',(-1.,0.,0.));
#12192=DIRECTION('',(0.,0.,1.));
#12193=DIRECTION('center_axis',(0.,0.,1.));
#12194=DIRECTION('ref_axis',(0.,-1.,0.));
#12195=DIRECTION('',(0.,0.,1.));
#12196=DIRECTION('center_axis',(-1.,0.,0.));
#12197=DIRECTION('ref_axis',(0.,-1.,0.));
#12198=DIRECTION('',(0.,0.,1.));
#12199=DIRECTION('center_axis',(0.,0.,1.));
#12200=DIRECTION('ref_axis',(1.,0.,0.));
#12201=DIRECTION('',(0.,0.,1.));
#12202=DIRECTION('center_axis',(0.,-1.,0.));
#12203=DIRECTION('ref_axis',(1.,0.,0.));
#12204=DIRECTION('',(0.,0.,1.));
#12205=DIRECTION('center_axis',(0.,0.,1.));
#12206=DIRECTION('ref_axis',(0.,1.,0.));
#12207=DIRECTION('center_axis',(1.,0.,0.));
#12208=DIRECTION('ref_axis',(0.,1.,0.));
#12209=DIRECTION('',(0.,0.,1.));
#12210=DIRECTION('',(0.,0.,1.));
#12211=DIRECTION('center_axis',(0.,0.,1.));
#12212=DIRECTION('ref_axis',(-1.,0.,0.));
#12213=DIRECTION('',(0.,0.,1.));
#12214=DIRECTION('center_axis',(0.,1.,0.));
#12215=DIRECTION('ref_axis',(-1.,0.,0.));
#12216=DIRECTION('',(0.,0.,1.));
#12217=DIRECTION('center_axis',(0.,0.,1.));
#12218=DIRECTION('ref_axis',(0.,-1.,0.));
#12219=DIRECTION('',(0.,0.,1.));
#12220=DIRECTION('center_axis',(-1.,0.,0.));
#12221=DIRECTION('ref_axis',(0.,-1.,0.));
#12222=DIRECTION('',(0.,0.,1.));
#12223=DIRECTION('center_axis',(0.,0.,1.));
#12224=DIRECTION('ref_axis',(1.,0.,0.));
#12225=DIRECTION('',(0.,0.,1.));
#12226=DIRECTION('center_axis',(0.,-1.,0.));
#12227=DIRECTION('ref_axis',(1.,0.,0.));
#12228=DIRECTION('',(0.,0.,1.));
#12229=DIRECTION('center_axis',(0.,0.,1.));
#12230=DIRECTION('ref_axis',(0.,1.,0.));
#12231=DIRECTION('center_axis',(1.,0.,0.));
#12232=DIRECTION('ref_axis',(0.,1.,0.));
#12233=DIRECTION('',(0.,0.,1.));
#12234=DIRECTION('',(0.,0.,1.));
#12235=DIRECTION('center_axis',(0.,0.,1.));
#12236=DIRECTION('ref_axis',(-1.,0.,0.));
#12237=DIRECTION('',(0.,0.,1.));
#12238=DIRECTION('center_axis',(0.,1.,0.));
#12239=DIRECTION('ref_axis',(-1.,0.,0.));
#12240=DIRECTION('',(0.,0.,1.));
#12241=DIRECTION('center_axis',(0.,0.,1.));
#12242=DIRECTION('ref_axis',(0.,-1.,0.));
#12243=DIRECTION('',(0.,0.,1.));
#12244=DIRECTION('center_axis',(-1.,0.,0.));
#12245=DIRECTION('ref_axis',(0.,-1.,0.));
#12246=DIRECTION('',(0.,0.,1.));
#12247=DIRECTION('center_axis',(0.,0.,1.));
#12248=DIRECTION('ref_axis',(1.,0.,0.));
#12249=DIRECTION('',(0.,0.,1.));
#12250=DIRECTION('center_axis',(0.,-1.,0.));
#12251=DIRECTION('ref_axis',(1.,0.,0.));
#12252=DIRECTION('',(0.,0.,1.));
#12253=DIRECTION('center_axis',(0.,0.,1.));
#12254=DIRECTION('ref_axis',(0.,1.,0.));
#12255=DIRECTION('center_axis',(0.,0.,1.));
#12256=DIRECTION('ref_axis',(1.,0.,0.));
#12257=DIRECTION('',(0.,0.,1.));
#12258=DIRECTION('center_axis',(1.,0.,0.));
#12259=DIRECTION('ref_axis',(0.,1.,0.));
#12260=DIRECTION('',(0.,0.,1.));
#12261=DIRECTION('center_axis',(0.,0.,1.));
#12262=DIRECTION('ref_axis',(-1.,0.,0.));
#12263=DIRECTION('',(0.,0.,1.));
#12264=DIRECTION('center_axis',(0.,1.,0.));
#12265=DIRECTION('ref_axis',(-1.,0.,0.));
#12266=DIRECTION('',(0.,0.,1.));
#12267=DIRECTION('center_axis',(0.,0.,1.));
#12268=DIRECTION('ref_axis',(0.,-1.,0.));
#12269=DIRECTION('',(0.,0.,1.));
#12270=DIRECTION('center_axis',(-1.,0.,0.));
#12271=DIRECTION('ref_axis',(0.,-1.,0.));
#12272=DIRECTION('',(0.,0.,1.));
#12273=DIRECTION('center_axis',(0.,0.,1.));
#12274=DIRECTION('ref_axis',(0.,1.,0.));
#12275=DIRECTION('',(0.,0.,1.));
#12276=DIRECTION('center_axis',(0.,1.,0.));
#12277=DIRECTION('ref_axis',(-1.,0.,0.));
#12278=DIRECTION('',(0.,0.,1.));
#12279=DIRECTION('center_axis',(-1.,0.,0.));
#12280=DIRECTION('ref_axis',(0.,-1.,0.));
#12281=DIRECTION('',(0.,0.,1.));
#12282=DIRECTION('center_axis',(0.,0.,1.));
#12283=DIRECTION('ref_axis',(0.,1.,0.));
#12284=DIRECTION('',(0.,0.,1.));
#12285=DIRECTION('center_axis',(0.,1.,0.));
#12286=DIRECTION('ref_axis',(-1.,0.,0.));
#12287=DIRECTION('',(0.,0.,1.));
#12288=DIRECTION('center_axis',(1.,0.,0.));
#12289=DIRECTION('ref_axis',(0.,1.,0.));
#12290=DIRECTION('',(0.,0.,1.));
#12291=DIRECTION('center_axis',(0.,0.,1.));
#12292=DIRECTION('ref_axis',(-1.,0.,0.));
#12293=DIRECTION('',(0.,0.,1.));
#12294=DIRECTION('center_axis',(0.,1.,0.));
#12295=DIRECTION('ref_axis',(-1.,0.,0.));
#12296=DIRECTION('',(0.,0.,1.));
#12297=DIRECTION('center_axis',(0.,0.,1.));
#12298=DIRECTION('ref_axis',(0.,-1.,0.));
#12299=DIRECTION('',(0.,0.,1.));
#12300=DIRECTION('center_axis',(-1.,0.,0.));
#12301=DIRECTION('ref_axis',(0.,-1.,0.));
#12302=DIRECTION('',(0.,0.,1.));
#12303=DIRECTION('center_axis',(0.,1.,0.));
#12304=DIRECTION('ref_axis',(-1.,0.,0.));
#12305=DIRECTION('',(0.,0.,1.));
#12306=DIRECTION('center_axis',(0.,0.,1.));
#12307=DIRECTION('ref_axis',(1.,0.,0.));
#12308=DIRECTION('',(0.,0.,1.));
#12309=DIRECTION('center_axis',(1.,0.,0.));
#12310=DIRECTION('ref_axis',(0.,1.,0.));
#12311=DIRECTION('',(0.,0.,1.));
#12312=DIRECTION('center_axis',(0.,1.,0.));
#12313=DIRECTION('ref_axis',(-1.,0.,0.));
#12314=DIRECTION('',(0.,0.,1.));
#12315=DIRECTION('center_axis',(0.,0.,1.));
#12316=DIRECTION('ref_axis',(1.,0.,0.));
#12317=DIRECTION('',(0.,0.,1.));
#12318=DIRECTION('center_axis',(1.,0.,0.));
#12319=DIRECTION('ref_axis',(0.,1.,0.));
#12320=DIRECTION('',(0.,0.,1.));
#12321=DIRECTION('center_axis',(0.,0.,1.));
#12322=DIRECTION('ref_axis',(-1.,0.,0.));
#12323=DIRECTION('',(0.,0.,1.));
#12324=DIRECTION('center_axis',(0.,1.,0.));
#12325=DIRECTION('ref_axis',(-1.,0.,0.));
#12326=DIRECTION('',(0.,0.,1.));
#12327=DIRECTION('center_axis',(0.,0.,1.));
#12328=DIRECTION('ref_axis',(0.,-1.,0.));
#12329=DIRECTION('',(0.,0.,1.));
#12330=DIRECTION('center_axis',(-1.,0.,0.));
#12331=DIRECTION('ref_axis',(0.,-1.,0.));
#12332=DIRECTION('',(0.,0.,1.));
#12333=DIRECTION('center_axis',(0.,0.,1.));
#12334=DIRECTION('ref_axis',(0.,1.,0.));
#12335=DIRECTION('',(0.,0.,1.));
#12336=DIRECTION('center_axis',(0.,1.,0.));
#12337=DIRECTION('ref_axis',(-1.,0.,0.));
#12338=DIRECTION('',(0.,0.,1.));
#12339=DIRECTION('center_axis',(0.,0.,1.));
#12340=DIRECTION('ref_axis',(0.,-1.,0.));
#12341=DIRECTION('',(0.,0.,1.));
#12342=DIRECTION('center_axis',(-1.,0.,0.));
#12343=DIRECTION('ref_axis',(0.,-1.,0.));
#12344=DIRECTION('center_axis',(1.,0.,0.));
#12345=DIRECTION('ref_axis',(0.,1.,0.));
#12346=DIRECTION('',(0.,0.,1.));
#12347=DIRECTION('',(0.,0.,1.));
#12348=DIRECTION('center_axis',(0.,0.,1.));
#12349=DIRECTION('ref_axis',(-1.,0.,0.));
#12350=DIRECTION('',(0.,0.,1.));
#12351=DIRECTION('center_axis',(0.,1.,0.));
#12352=DIRECTION('ref_axis',(-1.,0.,0.));
#12353=DIRECTION('',(0.,0.,1.));
#12354=DIRECTION('center_axis',(0.,0.,1.));
#12355=DIRECTION('ref_axis',(0.,-1.,0.));
#12356=DIRECTION('',(0.,0.,1.));
#12357=DIRECTION('center_axis',(-1.,0.,0.));
#12358=DIRECTION('ref_axis',(0.,-1.,0.));
#12359=DIRECTION('',(0.,0.,1.));
#12360=DIRECTION('center_axis',(0.,0.,1.));
#12361=DIRECTION('ref_axis',(1.,0.,0.));
#12362=DIRECTION('',(0.,0.,1.));
#12363=DIRECTION('center_axis',(0.,-1.,0.));
#12364=DIRECTION('ref_axis',(1.,0.,0.));
#12365=DIRECTION('',(0.,0.,1.));
#12366=DIRECTION('center_axis',(0.,0.,1.));
#12367=DIRECTION('ref_axis',(0.,1.,0.));
#12368=DIRECTION('center_axis',(1.,0.,0.));
#12369=DIRECTION('ref_axis',(0.,1.,0.));
#12370=DIRECTION('',(0.,0.,1.));
#12371=DIRECTION('',(0.,0.,1.));
#12372=DIRECTION('center_axis',(0.,0.,1.));
#12373=DIRECTION('ref_axis',(-1.,0.,0.));
#12374=DIRECTION('',(0.,0.,1.));
#12375=DIRECTION('center_axis',(0.,1.,0.));
#12376=DIRECTION('ref_axis',(-1.,0.,0.));
#12377=DIRECTION('',(0.,0.,1.));
#12378=DIRECTION('center_axis',(0.,0.,1.));
#12379=DIRECTION('ref_axis',(0.,-1.,0.));
#12380=DIRECTION('',(0.,0.,1.));
#12381=DIRECTION('center_axis',(-1.,0.,0.));
#12382=DIRECTION('ref_axis',(0.,-1.,0.));
#12383=DIRECTION('',(0.,0.,1.));
#12384=DIRECTION('center_axis',(0.,0.,1.));
#12385=DIRECTION('ref_axis',(1.,0.,0.));
#12386=DIRECTION('',(0.,0.,1.));
#12387=DIRECTION('center_axis',(0.,-1.,0.));
#12388=DIRECTION('ref_axis',(1.,0.,0.));
#12389=DIRECTION('',(0.,0.,1.));
#12390=DIRECTION('center_axis',(0.,0.,1.));
#12391=DIRECTION('ref_axis',(0.,1.,0.));
#12392=DIRECTION('center_axis',(1.,0.,0.));
#12393=DIRECTION('ref_axis',(0.,1.,0.));
#12394=DIRECTION('',(0.,0.,1.));
#12395=DIRECTION('',(0.,0.,1.));
#12396=DIRECTION('center_axis',(0.,0.,1.));
#12397=DIRECTION('ref_axis',(-1.,0.,0.));
#12398=DIRECTION('',(0.,0.,1.));
#12399=DIRECTION('center_axis',(0.,1.,0.));
#12400=DIRECTION('ref_axis',(-1.,0.,0.));
#12401=DIRECTION('',(0.,0.,1.));
#12402=DIRECTION('center_axis',(0.,0.,1.));
#12403=DIRECTION('ref_axis',(0.,-1.,0.));
#12404=DIRECTION('',(0.,0.,1.));
#12405=DIRECTION('center_axis',(-1.,0.,0.));
#12406=DIRECTION('ref_axis',(0.,-1.,0.));
#12407=DIRECTION('',(0.,0.,1.));
#12408=DIRECTION('center_axis',(0.,0.,1.));
#12409=DIRECTION('ref_axis',(1.,0.,0.));
#12410=DIRECTION('',(0.,0.,1.));
#12411=DIRECTION('center_axis',(0.,-1.,0.));
#12412=DIRECTION('ref_axis',(1.,0.,0.));
#12413=DIRECTION('',(0.,0.,1.));
#12414=DIRECTION('center_axis',(0.,0.,1.));
#12415=DIRECTION('ref_axis',(0.,1.,0.));
#12416=DIRECTION('center_axis',(1.,0.,0.));
#12417=DIRECTION('ref_axis',(0.,1.,0.));
#12418=DIRECTION('',(0.,0.,1.));
#12419=DIRECTION('',(0.,0.,1.));
#12420=DIRECTION('center_axis',(0.,0.,1.));
#12421=DIRECTION('ref_axis',(-1.,0.,0.));
#12422=DIRECTION('',(0.,0.,1.));
#12423=DIRECTION('center_axis',(0.,1.,0.));
#12424=DIRECTION('ref_axis',(-1.,0.,0.));
#12425=DIRECTION('',(0.,0.,1.));
#12426=DIRECTION('center_axis',(0.,0.,1.));
#12427=DIRECTION('ref_axis',(0.,-1.,0.));
#12428=DIRECTION('',(0.,0.,1.));
#12429=DIRECTION('center_axis',(-1.,0.,0.));
#12430=DIRECTION('ref_axis',(0.,-1.,0.));
#12431=DIRECTION('',(0.,0.,1.));
#12432=DIRECTION('center_axis',(0.,0.,1.));
#12433=DIRECTION('ref_axis',(1.,0.,0.));
#12434=DIRECTION('',(0.,0.,1.));
#12435=DIRECTION('center_axis',(0.,-1.,0.));
#12436=DIRECTION('ref_axis',(1.,0.,0.));
#12437=DIRECTION('',(0.,0.,1.));
#12438=DIRECTION('center_axis',(0.,0.,1.));
#12439=DIRECTION('ref_axis',(0.,1.,0.));
#12440=DIRECTION('center_axis',(1.,0.,0.));
#12441=DIRECTION('ref_axis',(0.,1.,0.));
#12442=DIRECTION('',(0.,0.,1.));
#12443=DIRECTION('',(0.,0.,1.));
#12444=DIRECTION('center_axis',(0.,0.,1.));
#12445=DIRECTION('ref_axis',(-1.,0.,0.));
#12446=DIRECTION('',(0.,0.,1.));
#12447=DIRECTION('center_axis',(0.,1.,0.));
#12448=DIRECTION('ref_axis',(-1.,0.,0.));
#12449=DIRECTION('',(0.,0.,1.));
#12450=DIRECTION('center_axis',(0.,0.,1.));
#12451=DIRECTION('ref_axis',(0.,-1.,0.));
#12452=DIRECTION('',(0.,0.,1.));
#12453=DIRECTION('center_axis',(-1.,0.,0.));
#12454=DIRECTION('ref_axis',(0.,-1.,0.));
#12455=DIRECTION('',(0.,0.,1.));
#12456=DIRECTION('center_axis',(0.,0.,1.));
#12457=DIRECTION('ref_axis',(1.,0.,0.));
#12458=DIRECTION('',(0.,0.,1.));
#12459=DIRECTION('center_axis',(0.,-1.,0.));
#12460=DIRECTION('ref_axis',(1.,0.,0.));
#12461=DIRECTION('',(0.,0.,1.));
#12462=DIRECTION('center_axis',(0.,0.,1.));
#12463=DIRECTION('ref_axis',(0.,1.,0.));
#12464=DIRECTION('center_axis',(1.,0.,0.));
#12465=DIRECTION('ref_axis',(0.,1.,0.));
#12466=DIRECTION('',(0.,0.,1.));
#12467=DIRECTION('',(0.,0.,1.));
#12468=DIRECTION('center_axis',(0.,0.,1.));
#12469=DIRECTION('ref_axis',(-1.,0.,0.));
#12470=DIRECTION('',(0.,0.,1.));
#12471=DIRECTION('center_axis',(0.,1.,0.));
#12472=DIRECTION('ref_axis',(-1.,0.,0.));
#12473=DIRECTION('',(0.,0.,1.));
#12474=DIRECTION('center_axis',(0.,0.,1.));
#12475=DIRECTION('ref_axis',(0.,-1.,0.));
#12476=DIRECTION('',(0.,0.,1.));
#12477=DIRECTION('center_axis',(-1.,0.,0.));
#12478=DIRECTION('ref_axis',(0.,-1.,0.));
#12479=DIRECTION('',(0.,0.,1.));
#12480=DIRECTION('center_axis',(0.,0.,1.));
#12481=DIRECTION('ref_axis',(1.,0.,0.));
#12482=DIRECTION('',(0.,0.,1.));
#12483=DIRECTION('center_axis',(0.,-1.,0.));
#12484=DIRECTION('ref_axis',(1.,0.,0.));
#12485=DIRECTION('',(0.,0.,1.));
#12486=DIRECTION('center_axis',(0.,0.,1.));
#12487=DIRECTION('ref_axis',(0.,1.,0.));
#12488=DIRECTION('center_axis',(1.,0.,0.));
#12489=DIRECTION('ref_axis',(0.,1.,0.));
#12490=DIRECTION('',(0.,0.,1.));
#12491=DIRECTION('',(0.,0.,1.));
#12492=DIRECTION('center_axis',(0.,0.,1.));
#12493=DIRECTION('ref_axis',(-1.,0.,0.));
#12494=DIRECTION('',(0.,0.,1.));
#12495=DIRECTION('center_axis',(0.,1.,0.));
#12496=DIRECTION('ref_axis',(-1.,0.,0.));
#12497=DIRECTION('',(0.,0.,1.));
#12498=DIRECTION('center_axis',(0.,0.,1.));
#12499=DIRECTION('ref_axis',(0.,-1.,0.));
#12500=DIRECTION('',(0.,0.,1.));
#12501=DIRECTION('center_axis',(-1.,0.,0.));
#12502=DIRECTION('ref_axis',(0.,-1.,0.));
#12503=DIRECTION('',(0.,0.,1.));
#12504=DIRECTION('center_axis',(0.,0.,1.));
#12505=DIRECTION('ref_axis',(1.,0.,0.));
#12506=DIRECTION('',(0.,0.,1.));
#12507=DIRECTION('center_axis',(0.,-1.,0.));
#12508=DIRECTION('ref_axis',(1.,0.,0.));
#12509=DIRECTION('',(0.,0.,1.));
#12510=DIRECTION('center_axis',(0.,0.,1.));
#12511=DIRECTION('ref_axis',(0.,1.,0.));
#12512=DIRECTION('center_axis',(1.,0.,0.));
#12513=DIRECTION('ref_axis',(0.,1.,0.));
#12514=DIRECTION('',(0.,0.,1.));
#12515=DIRECTION('',(0.,0.,1.));
#12516=DIRECTION('center_axis',(0.,0.,1.));
#12517=DIRECTION('ref_axis',(-1.,0.,0.));
#12518=DIRECTION('',(0.,0.,1.));
#12519=DIRECTION('center_axis',(0.,1.,0.));
#12520=DIRECTION('ref_axis',(-1.,0.,0.));
#12521=DIRECTION('',(0.,0.,1.));
#12522=DIRECTION('center_axis',(0.,0.,1.));
#12523=DIRECTION('ref_axis',(0.,-1.,0.));
#12524=DIRECTION('',(0.,0.,1.));
#12525=DIRECTION('center_axis',(-1.,0.,0.));
#12526=DIRECTION('ref_axis',(0.,-1.,0.));
#12527=DIRECTION('',(0.,0.,1.));
#12528=DIRECTION('center_axis',(0.,0.,1.));
#12529=DIRECTION('ref_axis',(1.,0.,0.));
#12530=DIRECTION('',(0.,0.,1.));
#12531=DIRECTION('center_axis',(0.,-1.,0.));
#12532=DIRECTION('ref_axis',(1.,0.,0.));
#12533=DIRECTION('',(0.,0.,1.));
#12534=DIRECTION('center_axis',(0.,0.,1.));
#12535=DIRECTION('ref_axis',(0.,1.,0.));
#12536=DIRECTION('center_axis',(1.,0.,0.));
#12537=DIRECTION('ref_axis',(0.,1.,0.));
#12538=DIRECTION('',(0.,0.,1.));
#12539=DIRECTION('',(0.,0.,1.));
#12540=DIRECTION('center_axis',(0.,0.,1.));
#12541=DIRECTION('ref_axis',(-1.,0.,0.));
#12542=DIRECTION('',(0.,0.,1.));
#12543=DIRECTION('center_axis',(0.,1.,0.));
#12544=DIRECTION('ref_axis',(-1.,0.,0.));
#12545=DIRECTION('',(0.,0.,1.));
#12546=DIRECTION('center_axis',(0.,0.,1.));
#12547=DIRECTION('ref_axis',(0.,-1.,0.));
#12548=DIRECTION('',(0.,0.,1.));
#12549=DIRECTION('center_axis',(-1.,0.,0.));
#12550=DIRECTION('ref_axis',(0.,-1.,0.));
#12551=DIRECTION('',(0.,0.,1.));
#12552=DIRECTION('center_axis',(0.,0.,1.));
#12553=DIRECTION('ref_axis',(1.,0.,0.));
#12554=DIRECTION('',(0.,0.,1.));
#12555=DIRECTION('center_axis',(0.,-1.,0.));
#12556=DIRECTION('ref_axis',(1.,0.,0.));
#12557=DIRECTION('',(0.,0.,1.));
#12558=DIRECTION('center_axis',(0.,0.,1.));
#12559=DIRECTION('ref_axis',(0.,1.,0.));
#12560=DIRECTION('center_axis',(1.,0.,0.));
#12561=DIRECTION('ref_axis',(0.,1.,0.));
#12562=DIRECTION('',(0.,0.,1.));
#12563=DIRECTION('',(0.,0.,1.));
#12564=DIRECTION('center_axis',(0.,0.,1.));
#12565=DIRECTION('ref_axis',(-1.,0.,0.));
#12566=DIRECTION('',(0.,0.,1.));
#12567=DIRECTION('center_axis',(0.,1.,0.));
#12568=DIRECTION('ref_axis',(-1.,0.,0.));
#12569=DIRECTION('',(0.,0.,1.));
#12570=DIRECTION('center_axis',(0.,0.,1.));
#12571=DIRECTION('ref_axis',(0.,-1.,0.));
#12572=DIRECTION('',(0.,0.,1.));
#12573=DIRECTION('center_axis',(-1.,0.,0.));
#12574=DIRECTION('ref_axis',(0.,-1.,0.));
#12575=DIRECTION('',(0.,0.,1.));
#12576=DIRECTION('center_axis',(0.,0.,1.));
#12577=DIRECTION('ref_axis',(1.,0.,0.));
#12578=DIRECTION('',(0.,0.,1.));
#12579=DIRECTION('center_axis',(0.,-1.,0.));
#12580=DIRECTION('ref_axis',(1.,0.,0.));
#12581=DIRECTION('',(0.,0.,1.));
#12582=DIRECTION('center_axis',(0.,0.,1.));
#12583=DIRECTION('ref_axis',(0.,1.,0.));
#12584=DIRECTION('center_axis',(1.,0.,0.));
#12585=DIRECTION('ref_axis',(0.,1.,0.));
#12586=DIRECTION('',(0.,0.,1.));
#12587=DIRECTION('',(0.,0.,1.));
#12588=DIRECTION('center_axis',(0.,0.,1.));
#12589=DIRECTION('ref_axis',(-1.,0.,0.));
#12590=DIRECTION('',(0.,0.,1.));
#12591=DIRECTION('center_axis',(0.,1.,0.));
#12592=DIRECTION('ref_axis',(-1.,0.,0.));
#12593=DIRECTION('',(0.,0.,1.));
#12594=DIRECTION('center_axis',(0.,0.,1.));
#12595=DIRECTION('ref_axis',(0.,-1.,0.));
#12596=DIRECTION('',(0.,0.,1.));
#12597=DIRECTION('center_axis',(-1.,0.,0.));
#12598=DIRECTION('ref_axis',(0.,-1.,0.));
#12599=DIRECTION('',(0.,0.,1.));
#12600=DIRECTION('center_axis',(0.,0.,1.));
#12601=DIRECTION('ref_axis',(1.,0.,0.));
#12602=DIRECTION('',(0.,0.,1.));
#12603=DIRECTION('center_axis',(0.,-1.,0.));
#12604=DIRECTION('ref_axis',(1.,0.,0.));
#12605=DIRECTION('',(0.,0.,1.));
#12606=DIRECTION('center_axis',(0.,0.,1.));
#12607=DIRECTION('ref_axis',(0.,1.,0.));
#12608=DIRECTION('center_axis',(1.,0.,0.));
#12609=DIRECTION('ref_axis',(0.,1.,0.));
#12610=DIRECTION('',(0.,0.,1.));
#12611=DIRECTION('',(0.,0.,1.));
#12612=DIRECTION('center_axis',(0.,0.,1.));
#12613=DIRECTION('ref_axis',(-1.,0.,0.));
#12614=DIRECTION('',(0.,0.,1.));
#12615=DIRECTION('center_axis',(0.,1.,0.));
#12616=DIRECTION('ref_axis',(-1.,0.,0.));
#12617=DIRECTION('',(0.,0.,1.));
#12618=DIRECTION('center_axis',(0.,0.,1.));
#12619=DIRECTION('ref_axis',(0.,-1.,0.));
#12620=DIRECTION('',(0.,0.,1.));
#12621=DIRECTION('center_axis',(-1.,0.,0.));
#12622=DIRECTION('ref_axis',(0.,-1.,0.));
#12623=DIRECTION('',(0.,0.,1.));
#12624=DIRECTION('center_axis',(0.,0.,1.));
#12625=DIRECTION('ref_axis',(1.,0.,0.));
#12626=DIRECTION('',(0.,0.,1.));
#12627=DIRECTION('center_axis',(0.,-1.,0.));
#12628=DIRECTION('ref_axis',(1.,0.,0.));
#12629=DIRECTION('',(0.,0.,1.));
#12630=DIRECTION('center_axis',(0.,0.,1.));
#12631=DIRECTION('ref_axis',(0.,1.,0.));
#12632=DIRECTION('center_axis',(1.,0.,0.));
#12633=DIRECTION('ref_axis',(0.,1.,0.));
#12634=DIRECTION('',(0.,0.,1.));
#12635=DIRECTION('',(0.,0.,1.));
#12636=DIRECTION('center_axis',(0.,0.,1.));
#12637=DIRECTION('ref_axis',(-1.,0.,0.));
#12638=DIRECTION('',(0.,0.,1.));
#12639=DIRECTION('center_axis',(0.,1.,0.));
#12640=DIRECTION('ref_axis',(-1.,0.,0.));
#12641=DIRECTION('',(0.,0.,1.));
#12642=DIRECTION('center_axis',(0.,0.,1.));
#12643=DIRECTION('ref_axis',(0.,-1.,0.));
#12644=DIRECTION('',(0.,0.,1.));
#12645=DIRECTION('center_axis',(-1.,0.,0.));
#12646=DIRECTION('ref_axis',(0.,-1.,0.));
#12647=DIRECTION('',(0.,0.,1.));
#12648=DIRECTION('center_axis',(0.,0.,1.));
#12649=DIRECTION('ref_axis',(1.,0.,0.));
#12650=DIRECTION('',(0.,0.,1.));
#12651=DIRECTION('center_axis',(0.,-1.,0.));
#12652=DIRECTION('ref_axis',(1.,0.,0.));
#12653=DIRECTION('',(0.,0.,1.));
#12654=DIRECTION('center_axis',(0.,0.,1.));
#12655=DIRECTION('ref_axis',(0.,1.,0.));
#12656=DIRECTION('center_axis',(1.,0.,0.));
#12657=DIRECTION('ref_axis',(0.,1.,0.));
#12658=DIRECTION('',(0.,0.,1.));
#12659=DIRECTION('',(0.,0.,1.));
#12660=DIRECTION('center_axis',(0.,0.,1.));
#12661=DIRECTION('ref_axis',(-1.,0.,0.));
#12662=DIRECTION('',(0.,0.,1.));
#12663=DIRECTION('center_axis',(0.,1.,0.));
#12664=DIRECTION('ref_axis',(-1.,0.,0.));
#12665=DIRECTION('',(0.,0.,1.));
#12666=DIRECTION('center_axis',(0.,0.,1.));
#12667=DIRECTION('ref_axis',(0.,-1.,0.));
#12668=DIRECTION('',(0.,0.,1.));
#12669=DIRECTION('center_axis',(-1.,0.,0.));
#12670=DIRECTION('ref_axis',(0.,-1.,0.));
#12671=DIRECTION('',(0.,0.,1.));
#12672=DIRECTION('center_axis',(0.,0.,1.));
#12673=DIRECTION('ref_axis',(1.,0.,0.));
#12674=DIRECTION('',(0.,0.,1.));
#12675=DIRECTION('center_axis',(0.,-1.,0.));
#12676=DIRECTION('ref_axis',(1.,0.,0.));
#12677=DIRECTION('',(0.,0.,1.));
#12678=DIRECTION('center_axis',(0.,0.,1.));
#12679=DIRECTION('ref_axis',(0.,1.,0.));
#12680=DIRECTION('center_axis',(-1.,0.,0.));
#12681=DIRECTION('ref_axis',(0.,-1.,0.));
#12682=DIRECTION('',(0.,0.,1.));
#12683=DIRECTION('center_axis',(0.,-1.,0.));
#12684=DIRECTION('ref_axis',(1.,0.,0.));
#12685=DIRECTION('center_axis',(1.,0.,0.));
#12686=DIRECTION('ref_axis',(0.,1.,0.));
#12687=DIRECTION('',(0.,0.,1.));
#12688=DIRECTION('center_axis',(0.,1.,0.));
#12689=DIRECTION('ref_axis',(-1.,0.,0.));
#12690=DIRECTION('',(0.,0.,1.));
#12691=DIRECTION('center_axis',(-1.,0.,0.));
#12692=DIRECTION('ref_axis',(0.,-1.,0.));
#12693=CARTESIAN_POINT('',(0.,0.,0.));
#12694=CARTESIAN_POINT('Origin',(14.25,7.75,0.));
#12695=CARTESIAN_POINT('',(12.85,7.75,0.));
#12696=CARTESIAN_POINT('Origin',(14.25,7.75,0.));
#12697=CARTESIAN_POINT('',(12.85,7.75,3.));
#12698=CARTESIAN_POINT('',(12.85,7.75,0.));
#12699=CARTESIAN_POINT('Origin',(14.25,7.75,3.));
#12700=CARTESIAN_POINT('Origin',(40.56025,-101.2599,0.));
#12701=CARTESIAN_POINT('',(40.56025,-101.2599,0.));
#12702=CARTESIAN_POINT('',(40.56025,-80.4875,0.));
#12703=CARTESIAN_POINT('',(40.56025,-80.6798579726231,0.));
#12704=CARTESIAN_POINT('',(40.56025,-101.2599,1.5));
#12705=CARTESIAN_POINT('',(40.56025,-101.2599,0.));
#12706=CARTESIAN_POINT('',(40.56025,-80.4875,1.5));
#12707=CARTESIAN_POINT('',(40.56025,-101.2599,1.5));
#12708=CARTESIAN_POINT('',(40.56025,-80.4875,0.));
#12709=CARTESIAN_POINT('Origin',(2.30225,-101.2599,0.));
#12710=CARTESIAN_POINT('',(2.30225,-101.2599,0.));
#12711=CARTESIAN_POINT('',(77.351125,-101.2599,0.));
#12712=CARTESIAN_POINT('',(2.30224999999999,-101.2599,1.5));
#12713=CARTESIAN_POINT('',(2.30225,-101.2599,0.));
#12714=CARTESIAN_POINT('',(2.30225,-101.2599,1.5));
#12715=CARTESIAN_POINT('Origin',(2.30225,-80.4875,0.));
#12716=CARTESIAN_POINT('',(2.30225,-80.4875,0.));
#12717=CARTESIAN_POINT('',(2.30224999999999,-70.2936579726231,0.));
#12718=CARTESIAN_POINT('',(2.30224999999999,-80.4875,1.5));
#12719=CARTESIAN_POINT('',(2.30225,-80.4875,0.));
#12720=CARTESIAN_POINT('',(2.30225,-80.4875,1.5));
#12721=CARTESIAN_POINT('Origin',(40.56025,-80.4875,0.));
#12722=CARTESIAN_POINT('',(96.480125,-80.4875,0.));
#12723=CARTESIAN_POINT('',(40.56025,-80.4875,1.5));
#12724=CARTESIAN_POINT('Origin',(21.43125,-90.8737,1.5));
#12725=CARTESIAN_POINT('',(36.69665,-96.5915,1.5));
#12726=CARTESIAN_POINT('',(36.19665,-97.0915,1.5));
#12727=CARTESIAN_POINT('Origin',(36.19665,-96.5915,1.5));
#12728=CARTESIAN_POINT('',(36.69665,-91.4955,1.5));
#12729=CARTESIAN_POINT('',(36.69665,-91.1846,1.5));
#12730=CARTESIAN_POINT('',(37.19665,-90.9955,1.5));
#12731=CARTESIAN_POINT('Origin',(37.19665,-91.4955,1.5));
#12732=CARTESIAN_POINT('',(37.56025,-90.9955,1.5));
#12733=CARTESIAN_POINT('',(29.49575,-90.9955,1.5));
#12734=CARTESIAN_POINT('',(37.56025,-88.7015,1.5));
#12735=CARTESIAN_POINT('',(37.56025,-89.7876,1.5));
#12736=CARTESIAN_POINT('',(37.06025,-88.2015,1.5));
#12737=CARTESIAN_POINT('Origin',(37.06025,-88.7015,1.5));
#12738=CARTESIAN_POINT('',(36.69665,-88.2015,1.5));
#12739=CARTESIAN_POINT('',(29.06395,-88.2015,1.5));
#12740=CARTESIAN_POINT('',(36.69665,-85.2979,1.5));
#12741=CARTESIAN_POINT('',(36.69665,-88.0858,1.5));
#12742=CARTESIAN_POINT('',(36.19665,-84.7979,1.5));
#12743=CARTESIAN_POINT('Origin',(36.19665,-85.2979,1.5));
#12744=CARTESIAN_POINT('',(30.54185,-84.7979,1.5));
#12745=CARTESIAN_POINT('',(25.98655,-84.7979,1.5));
#12746=CARTESIAN_POINT('',(30.04185,-85.2979,1.5));
#12747=CARTESIAN_POINT('Origin',(30.54185,-85.2979,1.5));
#12748=CARTESIAN_POINT('',(30.04185,-85.6107,1.5));
#12749=CARTESIAN_POINT('',(30.04185,-88.2422,1.5));
#12750=CARTESIAN_POINT('',(28.43125,-85.6107,1.5));
#12751=CARTESIAN_POINT('',(24.93125,-85.6107,1.5));
#12752=CARTESIAN_POINT('',(28.43125,-83.9875,1.5));
#12753=CARTESIAN_POINT('',(28.43125,-87.4306,1.5));
#12754=CARTESIAN_POINT('',(27.93125,-83.4875,1.5));
#12755=CARTESIAN_POINT('Origin',(27.93125,-83.9875,1.5));
#12756=CARTESIAN_POINT('',(14.93125,-83.4875,1.5));
#12757=CARTESIAN_POINT('',(18.18125,-83.4875,1.5));
#12758=CARTESIAN_POINT('',(14.43125,-83.9875,1.5));
#12759=CARTESIAN_POINT('Origin',(14.93125,-83.9875,1.5));
#12760=CARTESIAN_POINT('',(14.43125,-85.6107,1.5));
#12761=CARTESIAN_POINT('',(14.43125,-88.2422,1.5));
#12762=CARTESIAN_POINT('',(12.82065,-85.6107,1.5));
#12763=CARTESIAN_POINT('',(17.12595,-85.6107,1.5));
#12764=CARTESIAN_POINT('',(12.82065,-85.2979,1.5));
#12765=CARTESIAN_POINT('',(12.82065,-88.0858,1.5));
#12766=CARTESIAN_POINT('',(12.32065,-84.7979,1.5));
#12767=CARTESIAN_POINT('Origin',(12.32065,-85.2979,1.5));
#12768=CARTESIAN_POINT('',(6.66585,-84.7979,1.5));
#12769=CARTESIAN_POINT('',(14.04855,-84.7979,1.5));
#12770=CARTESIAN_POINT('',(6.16584999999999,-85.2979,1.5));
#12771=CARTESIAN_POINT('Origin',(6.66585,-85.2979,1.5));
#12772=CARTESIAN_POINT('',(6.16585,-88.2015,1.5));
#12773=CARTESIAN_POINT('',(6.16585,-89.5376,1.5));
#12774=CARTESIAN_POINT('',(5.80225,-88.2015,1.5));
#12775=CARTESIAN_POINT('',(13.61675,-88.2015,1.5));
#12776=CARTESIAN_POINT('',(5.30224999999999,-88.7015,1.5));
#12777=CARTESIAN_POINT('Origin',(5.80225,-88.7015,1.5));
#12778=CARTESIAN_POINT('',(5.30225,-90.9955,1.5));
#12779=CARTESIAN_POINT('',(5.30225,-90.9346,1.5));
#12780=CARTESIAN_POINT('',(5.66585,-90.9955,1.5));
#12781=CARTESIAN_POINT('',(13.54855,-90.9955,1.5));
#12782=CARTESIAN_POINT('',(6.16584999999999,-91.4955,1.5));
#12783=CARTESIAN_POINT('Origin',(5.66585,-91.4955,1.5));
#12784=CARTESIAN_POINT('',(6.16584999999999,-96.5915,1.5));
#12785=CARTESIAN_POINT('',(6.16585,-93.7326,1.5));
#12786=CARTESIAN_POINT('',(6.66585,-97.0915,1.5));
#12787=CARTESIAN_POINT('Origin',(6.66585,-96.5915,1.5));
#12788=CARTESIAN_POINT('',(7.46925,-97.0915,1.5));
#12789=CARTESIAN_POINT('',(14.45025,-97.0915,1.5));
#12790=CARTESIAN_POINT('',(7.96925000000001,-97.5915,1.5));
#12791=CARTESIAN_POINT('Origin',(7.46925,-97.5915,1.5));
#12792=CARTESIAN_POINT('',(7.96924999999999,-97.7599,1.5));
#12793=CARTESIAN_POINT('',(7.96925,-94.3168,1.5));
#12794=CARTESIAN_POINT('',(8.46925,-98.2599,1.5));
#12795=CARTESIAN_POINT('Origin',(8.46925,-97.7599,1.5));
#12796=CARTESIAN_POINT('',(10.51725,-98.2599,1.5));
#12797=CARTESIAN_POINT('',(15.97425,-98.2599,1.5));
#12798=CARTESIAN_POINT('',(11.01725,-97.7599,1.5));
#12799=CARTESIAN_POINT('Origin',(10.51725,-97.7599,1.5));
#12800=CARTESIAN_POINT('',(11.01725,-97.5915,1.5));
#12801=CARTESIAN_POINT('',(11.01725,-94.2326,1.5));
#12802=CARTESIAN_POINT('',(11.51725,-97.0915,1.5));
#12803=CARTESIAN_POINT('Origin',(11.51725,-97.5915,1.5));
#12804=CARTESIAN_POINT('',(12.82065,-97.0915,1.5));
#12805=CARTESIAN_POINT('',(17.12595,-97.0915,1.5));
#12806=CARTESIAN_POINT('',(12.82065,-96.8041,1.5));
#12807=CARTESIAN_POINT('',(12.82065,-93.8389,1.5));
#12808=CARTESIAN_POINT('',(13.32065,-96.3041,1.5));
#12809=CARTESIAN_POINT('Origin',(13.32065,-96.8041,1.5));
#12810=CARTESIAN_POINT('',(14.43125,-96.3041,1.5));
#12811=CARTESIAN_POINT('',(17.93125,-96.3041,1.5));
#12812=CARTESIAN_POINT('',(14.43125,-96.9875,1.5));
#12813=CARTESIAN_POINT('',(14.43125,-93.9306,1.5));
#12814=CARTESIAN_POINT('',(14.93125,-97.4875,1.5));
#12815=CARTESIAN_POINT('Origin',(14.93125,-96.9875,1.5));
#12816=CARTESIAN_POINT('',(27.93125,-97.4875,1.5));
#12817=CARTESIAN_POINT('',(24.68125,-97.4875,1.5));
#12818=CARTESIAN_POINT('',(28.43125,-96.9875,1.5));
#12819=CARTESIAN_POINT('Origin',(27.93125,-96.9875,1.5));
#12820=CARTESIAN_POINT('',(28.43125,-96.3041,1.5));
#12821=CARTESIAN_POINT('',(28.43125,-93.5889,1.5));
#12822=CARTESIAN_POINT('',(29.54185,-96.3041,1.5));
#12823=CARTESIAN_POINT('',(25.48655,-96.3041,1.5));
#12824=CARTESIAN_POINT('',(30.04185,-96.8041,1.5));
#12825=CARTESIAN_POINT('Origin',(29.54185,-96.8041,1.5));
#12826=CARTESIAN_POINT('',(30.04185,-97.0915,1.5));
#12827=CARTESIAN_POINT('',(30.04185,-93.9826,1.5));
#12828=CARTESIAN_POINT('',(31.34525,-97.0915,1.5));
#12829=CARTESIAN_POINT('',(26.38825,-97.0915,1.5));
#12830=CARTESIAN_POINT('',(31.84525,-97.5915,1.5));
#12831=CARTESIAN_POINT('Origin',(31.34525,-97.5915,1.5));
#12832=CARTESIAN_POINT('',(31.84525,-97.7599,1.5));
#12833=CARTESIAN_POINT('',(31.84525,-94.3168,1.5));
#12834=CARTESIAN_POINT('',(32.34525,-98.2599,1.5));
#12835=CARTESIAN_POINT('Origin',(32.34525,-97.7599,1.5));
#12836=CARTESIAN_POINT('',(34.39325,-98.2599,1.5));
#12837=CARTESIAN_POINT('',(27.91225,-98.2599,1.5));
#12838=CARTESIAN_POINT('',(34.89325,-97.7599,1.5));
#12839=CARTESIAN_POINT('Origin',(34.39325,-97.7599,1.5));
#12840=CARTESIAN_POINT('',(34.89325,-97.5915,1.5));
#12841=CARTESIAN_POINT('',(34.89325,-94.2326,1.5));
#12842=CARTESIAN_POINT('',(35.39325,-97.0915,1.5));
#12843=CARTESIAN_POINT('Origin',(35.39325,-97.5915,1.5));
#12844=CARTESIAN_POINT('',(28.81395,-97.0915,1.5));
#12845=CARTESIAN_POINT('Origin',(136.16305,-109.5375,1.5));
#12846=CARTESIAN_POINT('',(157.000002339482,-119.5375,1.5));
#12847=CARTESIAN_POINT('',(157.000002339482,-111.8375,1.5));
#12848=CARTESIAN_POINT('',(157.000002339482,-119.868565945246,1.5));
#12849=CARTESIAN_POINT('',(79.40385,-119.5375,1.5));
#12850=CARTESIAN_POINT('',(79.40385,-119.5375,1.5));
#12851=CARTESIAN_POINT('',(79.40385,-99.5375,1.5));
#12852=CARTESIAN_POINT('',(79.40385,-99.5375,1.5));
#12853=CARTESIAN_POINT('',(157.000002339482,-99.5375,1.5));
#12854=CARTESIAN_POINT('',(192.92225,-99.5375,1.5));
#12855=CARTESIAN_POINT('',(157.000002339482,-107.2375,1.5));
#12856=CARTESIAN_POINT('',(157.000002339482,-119.868565945246,1.5));
#12857=CARTESIAN_POINT('',(142.73125,-107.2375,1.5));
#12858=CARTESIAN_POINT('',(139.44715,-107.2375,1.5));
#12859=CARTESIAN_POINT('',(142.73125,-103.0375,1.5));
#12860=CARTESIAN_POINT('',(142.73125,-106.2875,1.5));
#12861=CARTESIAN_POINT('',(142.23125,-102.5375,1.5));
#12862=CARTESIAN_POINT('Origin',(142.23125,-103.0375,1.5));
#12863=CARTESIAN_POINT('',(129.23125,-102.5375,1.5));
#12864=CARTESIAN_POINT('',(132.69715,-102.5375,1.5));
#12865=CARTESIAN_POINT('',(128.73125,-103.0375,1.5));
#12866=CARTESIAN_POINT('Origin',(129.23125,-103.0375,1.5));
#12867=CARTESIAN_POINT('',(128.73125,-107.2375,1.5));
#12868=CARTESIAN_POINT('',(128.73125,-108.3875,1.5));
#12869=CARTESIAN_POINT('',(89.55865,-107.2375,1.5));
#12870=CARTESIAN_POINT('',(112.86085,-107.2375,1.5));
#12871=CARTESIAN_POINT('',(89.05865,-106.7375,1.5));
#12872=CARTESIAN_POINT('Origin',(89.55865,-106.7375,1.5));
#12873=CARTESIAN_POINT('',(89.05865,-104.3479,1.5));
#12874=CARTESIAN_POINT('',(89.05865,-106.9427,1.5));
#12875=CARTESIAN_POINT('',(88.55865,-103.8479,1.5));
#12876=CARTESIAN_POINT('Origin',(88.55865,-104.3479,1.5));
#12877=CARTESIAN_POINT('',(82.90385,-103.8479,1.5));
#12878=CARTESIAN_POINT('',(109.53345,-103.8479,1.5));
#12879=CARTESIAN_POINT('',(82.40385,-104.3479,1.5));
#12880=CARTESIAN_POINT('Origin',(82.90385,-104.3479,1.5));
#12881=CARTESIAN_POINT('',(82.40385,-107.2515,1.5));
#12882=CARTESIAN_POINT('',(82.40385,-108.3945,1.5));
#12883=CARTESIAN_POINT('',(82.04025,-107.2515,1.5));
#12884=CARTESIAN_POINT('',(109.10165,-107.2515,1.5));
#12885=CARTESIAN_POINT('',(81.54025,-107.7515,1.5));
#12886=CARTESIAN_POINT('Origin',(82.04025,-107.7515,1.5));
#12887=CARTESIAN_POINT('',(81.54025,-110.0455,1.5));
#12888=CARTESIAN_POINT('',(81.54025,-109.7915,1.5));
#12889=CARTESIAN_POINT('',(81.90385,-110.0455,1.5));
#12890=CARTESIAN_POINT('',(109.03345,-110.0455,1.5));
#12891=CARTESIAN_POINT('',(82.40385,-110.5455,1.5));
#12892=CARTESIAN_POINT('Origin',(81.90385,-110.5455,1.5));
#12893=CARTESIAN_POINT('',(82.40385,-115.6415,1.5));
#12894=CARTESIAN_POINT('',(82.40385,-112.5895,1.5));
#12895=CARTESIAN_POINT('',(82.90385,-116.1415,1.5));
#12896=CARTESIAN_POINT('Origin',(82.90385,-115.6415,1.5));
#12897=CARTESIAN_POINT('',(83.70725,-116.1415,1.5));
#12898=CARTESIAN_POINT('',(109.93515,-116.1415,1.5));
#12899=CARTESIAN_POINT('',(84.20725,-116.6415,1.5));
#12900=CARTESIAN_POINT('Origin',(83.70725,-116.6415,1.5));
#12901=CARTESIAN_POINT('',(84.20725,-116.8099,1.5));
#12902=CARTESIAN_POINT('',(84.20725,-113.1737,1.5));
#12903=CARTESIAN_POINT('',(84.70725,-117.3099,1.5));
#12904=CARTESIAN_POINT('Origin',(84.70725,-116.8099,1.5));
#12905=CARTESIAN_POINT('',(86.75525,-117.3099,1.5));
#12906=CARTESIAN_POINT('',(111.45915,-117.3099,1.5));
#12907=CARTESIAN_POINT('',(87.25525,-116.8099,1.5));
#12908=CARTESIAN_POINT('Origin',(86.75525,-116.8099,1.5));
#12909=CARTESIAN_POINT('',(87.25525,-116.6415,1.5));
#12910=CARTESIAN_POINT('',(87.25525,-113.0895,1.5));
#12911=CARTESIAN_POINT('',(87.75525,-116.1415,1.5));
#12912=CARTESIAN_POINT('Origin',(87.75525,-116.6415,1.5));
#12913=CARTESIAN_POINT('',(88.55865,-116.1415,1.5));
#12914=CARTESIAN_POINT('',(112.36085,-116.1415,1.5));
#12915=CARTESIAN_POINT('',(89.05865,-115.6415,1.5));
#12916=CARTESIAN_POINT('Origin',(88.55865,-115.6415,1.5));
#12917=CARTESIAN_POINT('',(89.05865,-112.3375,1.5));
#12918=CARTESIAN_POINT('',(89.05865,-110.9375,1.5));
#12919=CARTESIAN_POINT('',(89.55865,-111.8375,1.5));
#12920=CARTESIAN_POINT('Origin',(89.55865,-112.3375,1.5));
#12921=CARTESIAN_POINT('',(128.73125,-111.8375,1.5));
#12922=CARTESIAN_POINT('',(132.44715,-111.8375,1.5));
#12923=CARTESIAN_POINT('',(128.73125,-116.0375,1.5));
#12924=CARTESIAN_POINT('',(128.73125,-112.7875,1.5));
#12925=CARTESIAN_POINT('',(129.23125,-116.5375,1.5));
#12926=CARTESIAN_POINT('Origin',(129.23125,-116.0375,1.5));
#12927=CARTESIAN_POINT('',(142.23125,-116.5375,1.5));
#12928=CARTESIAN_POINT('',(139.19715,-116.5375,1.5));
#12929=CARTESIAN_POINT('',(142.73125,-116.0375,1.5));
#12930=CARTESIAN_POINT('Origin',(142.23125,-116.0375,1.5));
#12931=CARTESIAN_POINT('',(142.73125,-111.8375,1.5));
#12932=CARTESIAN_POINT('',(142.73125,-110.6875,1.5));
#12933=CARTESIAN_POINT('',(159.03345,-111.8375,1.5));
#12934=CARTESIAN_POINT('Origin',(79.40385,-119.5375,0.));
#12935=CARTESIAN_POINT('',(157.000002339482,-119.5375,0.));
#12936=CARTESIAN_POINT('',(157.000002339482,-119.5375,0.));
#12937=CARTESIAN_POINT('',(79.40385,-119.5375,0.));
#12938=CARTESIAN_POINT('',(115.901925,-119.5375,0.));
#12939=CARTESIAN_POINT('',(79.40385,-119.5375,0.));
#12940=CARTESIAN_POINT('Origin',(79.40385,-99.5375,0.));
#12941=CARTESIAN_POINT('',(79.40385,-99.5375,0.));
#12942=CARTESIAN_POINT('',(79.40385,-79.8186579726231,0.));
#12943=CARTESIAN_POINT('',(79.40385,-99.5375,0.));
#12944=CARTESIAN_POINT('Origin',(192.92225,-99.5375,0.));
#12945=CARTESIAN_POINT('',(157.000002339482,-99.5375,0.));
#12946=CARTESIAN_POINT('',(157.000002339482,-99.5375,0.));
#12947=CARTESIAN_POINT('',(172.661125,-99.5375,0.));
#12948=CARTESIAN_POINT('Origin',(7.46925,-97.0915,0.));
#12949=CARTESIAN_POINT('',(6.66585,-97.0915,3.));
#12950=CARTESIAN_POINT('',(6.66585,-97.0915,0.));
#12951=CARTESIAN_POINT('',(7.46925000000001,-97.0915,3.));
#12952=CARTESIAN_POINT('',(7.46925,-97.0915,3.));
#12953=CARTESIAN_POINT('',(7.46925,-97.0915,0.));
#12954=CARTESIAN_POINT('Origin',(6.66585,-96.5915,0.));
#12955=CARTESIAN_POINT('',(6.16585000000001,-96.5915,3.));
#12956=CARTESIAN_POINT('',(6.16585,-96.5915,0.));
#12957=CARTESIAN_POINT('Origin',(6.66585,-96.5915,3.));
#12958=CARTESIAN_POINT('Origin',(6.16585,-96.5915,0.));
#12959=CARTESIAN_POINT('',(6.16585000000001,-91.4955,3.));
#12960=CARTESIAN_POINT('',(6.16585,-91.4955,0.));
#12961=CARTESIAN_POINT('',(6.16585,-96.5915,3.));
#12962=CARTESIAN_POINT('Origin',(5.66585,-91.4955,0.));
#12963=CARTESIAN_POINT('',(5.66585,-90.9955,3.));
#12964=CARTESIAN_POINT('',(5.66585,-90.9955,0.));
#12965=CARTESIAN_POINT('Origin',(5.66585,-91.4955,3.));
#12966=CARTESIAN_POINT('Origin',(5.66585,-90.9955,0.));
#12967=CARTESIAN_POINT('',(5.30225,-90.9955,3.));
#12968=CARTESIAN_POINT('',(5.30225,-90.9955,0.));
#12969=CARTESIAN_POINT('',(5.66585,-90.9955,3.));
#12970=CARTESIAN_POINT('Origin',(5.30225,-90.9955,0.));
#12971=CARTESIAN_POINT('',(5.30225,-88.7015,3.));
#12972=CARTESIAN_POINT('',(5.30224999999999,-88.7015,0.));
#12973=CARTESIAN_POINT('',(5.30225,-90.9955,3.));
#12974=CARTESIAN_POINT('Origin',(5.80225,-88.7015,0.));
#12975=CARTESIAN_POINT('',(5.80225,-88.2015,3.));
#12976=CARTESIAN_POINT('',(5.80225,-88.2015,0.));
#12977=CARTESIAN_POINT('Origin',(5.80225,-88.7015,3.));
#12978=CARTESIAN_POINT('Origin',(5.80225,-88.2015,0.));
#12979=CARTESIAN_POINT('',(6.16585000000001,-88.2015,3.));
#12980=CARTESIAN_POINT('',(6.16585,-88.2015,0.));
#12981=CARTESIAN_POINT('',(5.80225,-88.2015,3.));
#12982=CARTESIAN_POINT('Origin',(6.16585,-88.2015,0.));
#12983=CARTESIAN_POINT('',(6.16584999999999,-85.2979,3.));
#12984=CARTESIAN_POINT('',(6.16584999999999,-85.2979,0.));
#12985=CARTESIAN_POINT('',(6.16585,-88.2015,3.));
#12986=CARTESIAN_POINT('Origin',(6.66585,-85.2979,0.));
#12987=CARTESIAN_POINT('',(6.66585,-84.7979,3.));
#12988=CARTESIAN_POINT('',(6.66585,-84.7979,0.));
#12989=CARTESIAN_POINT('Origin',(6.66585,-85.2979,3.));
#12990=CARTESIAN_POINT('Origin',(6.66585,-84.7979,0.));
#12991=CARTESIAN_POINT('',(12.32065,-84.7979,3.));
#12992=CARTESIAN_POINT('',(12.32065,-84.7979,0.));
#12993=CARTESIAN_POINT('',(6.66585,-84.7979,3.));
#12994=CARTESIAN_POINT('Origin',(12.32065,-85.2979,0.));
#12995=CARTESIAN_POINT('',(12.82065,-85.2979,3.));
#12996=CARTESIAN_POINT('',(12.82065,-85.2979,0.));
#12997=CARTESIAN_POINT('Origin',(12.32065,-85.2979,3.));
#12998=CARTESIAN_POINT('Origin',(12.82065,-85.2979,0.));
#12999=CARTESIAN_POINT('',(12.82065,-85.6107,3.));
#13000=CARTESIAN_POINT('',(12.82065,-85.6107,0.));
#13001=CARTESIAN_POINT('',(12.82065,-85.2979,3.));
#13002=CARTESIAN_POINT('Origin',(12.82065,-85.6107,0.));
#13003=CARTESIAN_POINT('',(14.43125,-85.6107,3.));
#13004=CARTESIAN_POINT('',(14.43125,-85.6107,0.));
#13005=CARTESIAN_POINT('',(12.82065,-85.6107,3.));
#13006=CARTESIAN_POINT('Origin',(14.43125,-85.6107,0.));
#13007=CARTESIAN_POINT('',(14.43125,-83.9875,3.));
#13008=CARTESIAN_POINT('',(14.43125,-83.9875,0.));
#13009=CARTESIAN_POINT('',(14.43125,-83.9875,3.));
#13010=CARTESIAN_POINT('Origin',(14.93125,-83.9875,0.));
#13011=CARTESIAN_POINT('',(14.93125,-83.4875,3.));
#13012=CARTESIAN_POINT('',(14.93125,-83.4875,0.));
#13013=CARTESIAN_POINT('Origin',(14.93125,-83.9875,3.));
#13014=CARTESIAN_POINT('Origin',(14.93125,-83.4875,0.));
#13015=CARTESIAN_POINT('',(27.93125,-83.4875,3.));
#13016=CARTESIAN_POINT('',(27.93125,-83.4875,0.));
#13017=CARTESIAN_POINT('',(14.93125,-83.4875,3.));
#13018=CARTESIAN_POINT('Origin',(27.93125,-83.9875,0.));
#13019=CARTESIAN_POINT('',(28.43125,-83.9875,3.));
#13020=CARTESIAN_POINT('',(28.43125,-83.9875,0.));
#13021=CARTESIAN_POINT('Origin',(27.93125,-83.9875,3.));
#13022=CARTESIAN_POINT('Origin',(28.43125,-83.9875,0.));
#13023=CARTESIAN_POINT('',(28.43125,-85.6107,3.));
#13024=CARTESIAN_POINT('',(28.43125,-85.6107,0.));
#13025=CARTESIAN_POINT('',(28.43125,-83.9875,3.));
#13026=CARTESIAN_POINT('Origin',(28.43125,-85.6107,0.));
#13027=CARTESIAN_POINT('',(30.04185,-85.6107,3.));
#13028=CARTESIAN_POINT('',(30.04185,-85.6107,0.));
#13029=CARTESIAN_POINT('',(30.04185,-85.6107,3.));
#13030=CARTESIAN_POINT('Origin',(30.04185,-85.6107,0.));
#13031=CARTESIAN_POINT('',(30.04185,-85.2979,3.));
#13032=CARTESIAN_POINT('',(30.04185,-85.2979,0.));
#13033=CARTESIAN_POINT('',(30.04185,-85.2979,3.));
#13034=CARTESIAN_POINT('Origin',(30.54185,-85.2979,0.));
#13035=CARTESIAN_POINT('',(30.54185,-84.7979,3.));
#13036=CARTESIAN_POINT('',(30.54185,-84.7979,0.));
#13037=CARTESIAN_POINT('Origin',(30.54185,-85.2979,3.));
#13038=CARTESIAN_POINT('Origin',(30.54185,-84.7979,0.));
#13039=CARTESIAN_POINT('',(36.19665,-84.7979,3.));
#13040=CARTESIAN_POINT('',(36.19665,-84.7979,0.));
#13041=CARTESIAN_POINT('',(36.19665,-84.7979,3.));
#13042=CARTESIAN_POINT('Origin',(36.19665,-85.2979,0.));
#13043=CARTESIAN_POINT('',(36.69665,-85.2979,3.));
#13044=CARTESIAN_POINT('',(36.69665,-85.2979,0.));
#13045=CARTESIAN_POINT('Origin',(36.19665,-85.2979,3.));
#13046=CARTESIAN_POINT('Origin',(36.69665,-85.2979,0.));
#13047=CARTESIAN_POINT('',(36.69665,-88.2015,3.));
#13048=CARTESIAN_POINT('',(36.69665,-88.2015,0.));
#13049=CARTESIAN_POINT('',(36.69665,-88.2015,3.));
#13050=CARTESIAN_POINT('Origin',(36.69665,-88.2015,0.));
#13051=CARTESIAN_POINT('',(37.06025,-88.2015,3.));
#13052=CARTESIAN_POINT('',(37.06025,-88.2015,0.));
#13053=CARTESIAN_POINT('',(37.06025,-88.2015,3.));
#13054=CARTESIAN_POINT('Origin',(37.06025,-88.7015,0.));
#13055=CARTESIAN_POINT('',(37.56025,-88.7015,3.));
#13056=CARTESIAN_POINT('',(37.56025,-88.7015,0.));
#13057=CARTESIAN_POINT('Origin',(37.06025,-88.7015,3.));
#13058=CARTESIAN_POINT('Origin',(37.56025,-88.7015,0.));
#13059=CARTESIAN_POINT('',(37.56025,-90.9955,3.));
#13060=CARTESIAN_POINT('',(37.56025,-90.9955,0.));
#13061=CARTESIAN_POINT('',(37.56025,-90.9955,3.));
#13062=CARTESIAN_POINT('Origin',(37.56025,-90.9955,0.));
#13063=CARTESIAN_POINT('',(37.19665,-90.9955,3.));
#13064=CARTESIAN_POINT('',(37.19665,-90.9955,0.));
#13065=CARTESIAN_POINT('',(37.19665,-90.9955,3.));
#13066=CARTESIAN_POINT('Origin',(37.19665,-91.4955,0.));
#13067=CARTESIAN_POINT('',(36.69665,-91.4955,3.));
#13068=CARTESIAN_POINT('',(36.69665,-91.4955,0.));
#13069=CARTESIAN_POINT('Origin',(37.19665,-91.4955,3.));
#13070=CARTESIAN_POINT('Origin',(83.70725,-116.6415,0.));
#13071=CARTESIAN_POINT('',(83.70725,-116.1415,3.));
#13072=CARTESIAN_POINT('',(83.70725,-116.1415,0.));
#13073=CARTESIAN_POINT('',(84.20725,-116.6415,3.));
#13074=CARTESIAN_POINT('Origin',(83.70725,-116.6415,3.));
#13075=CARTESIAN_POINT('',(84.20725,-116.6415,0.));
#13076=CARTESIAN_POINT('Origin',(83.70725,-116.1415,0.));
#13077=CARTESIAN_POINT('',(82.90385,-116.1415,3.));
#13078=CARTESIAN_POINT('',(82.90385,-116.1415,0.));
#13079=CARTESIAN_POINT('',(83.70725,-116.1415,3.));
#13080=CARTESIAN_POINT('Origin',(82.90385,-115.6415,0.));
#13081=CARTESIAN_POINT('',(82.40385,-115.6415,3.));
#13082=CARTESIAN_POINT('',(82.40385,-115.6415,0.));
#13083=CARTESIAN_POINT('Origin',(82.90385,-115.6415,3.));
#13084=CARTESIAN_POINT('Origin',(82.40385,-115.6415,0.));
#13085=CARTESIAN_POINT('',(82.40385,-110.5455,3.));
#13086=CARTESIAN_POINT('',(82.40385,-110.5455,0.));
#13087=CARTESIAN_POINT('',(82.40385,-115.6415,3.));
#13088=CARTESIAN_POINT('Origin',(81.90385,-110.5455,0.));
#13089=CARTESIAN_POINT('',(81.90385,-110.0455,3.));
#13090=CARTESIAN_POINT('',(81.90385,-110.0455,0.));
#13091=CARTESIAN_POINT('Origin',(81.90385,-110.5455,3.));
#13092=CARTESIAN_POINT('Origin',(81.90385,-110.0455,0.));
#13093=CARTESIAN_POINT('',(81.54025,-110.0455,3.));
#13094=CARTESIAN_POINT('',(81.54025,-110.0455,0.));
#13095=CARTESIAN_POINT('',(81.90385,-110.0455,3.));
#13096=CARTESIAN_POINT('Origin',(81.54025,-110.0455,0.));
#13097=CARTESIAN_POINT('',(81.54025,-107.7515,3.));
#13098=CARTESIAN_POINT('',(81.54025,-107.7515,0.));
#13099=CARTESIAN_POINT('',(81.54025,-110.0455,3.));
#13100=CARTESIAN_POINT('Origin',(82.04025,-107.7515,0.));
#13101=CARTESIAN_POINT('',(82.04025,-107.2515,3.));
#13102=CARTESIAN_POINT('',(82.04025,-107.2515,0.));
#13103=CARTESIAN_POINT('Origin',(82.04025,-107.7515,3.));
#13104=CARTESIAN_POINT('Origin',(82.04025,-107.2515,0.));
#13105=CARTESIAN_POINT('',(82.40385,-107.2515,3.));
#13106=CARTESIAN_POINT('',(82.40385,-107.2515,0.));
#13107=CARTESIAN_POINT('',(82.04025,-107.2515,3.));
#13108=CARTESIAN_POINT('Origin',(82.40385,-107.2515,0.));
#13109=CARTESIAN_POINT('',(82.40385,-104.3479,3.));
#13110=CARTESIAN_POINT('',(82.40385,-104.3479,0.));
#13111=CARTESIAN_POINT('',(82.40385,-107.2515,3.));
#13112=CARTESIAN_POINT('Origin',(82.90385,-104.3479,0.));
#13113=CARTESIAN_POINT('',(82.90385,-103.8479,3.));
#13114=CARTESIAN_POINT('',(82.90385,-103.8479,0.));
#13115=CARTESIAN_POINT('Origin',(82.90385,-104.3479,3.));
#13116=CARTESIAN_POINT('Origin',(82.90385,-103.8479,0.));
#13117=CARTESIAN_POINT('',(88.55865,-103.8479,3.));
#13118=CARTESIAN_POINT('',(88.55865,-103.8479,0.));
#13119=CARTESIAN_POINT('',(82.90385,-103.8479,3.));
#13120=CARTESIAN_POINT('Origin',(88.55865,-104.3479,0.));
#13121=CARTESIAN_POINT('',(89.05865,-104.3479,3.));
#13122=CARTESIAN_POINT('',(89.05865,-104.3479,0.));
#13123=CARTESIAN_POINT('Origin',(88.55865,-104.3479,3.));
#13124=CARTESIAN_POINT('Origin',(89.05865,-104.3479,0.));
#13125=CARTESIAN_POINT('',(89.05865,-106.7375,3.));
#13126=CARTESIAN_POINT('',(89.05865,-106.7375,0.));
#13127=CARTESIAN_POINT('',(89.05865,-104.3479,3.));
#13128=CARTESIAN_POINT('Origin',(89.55865,-106.7375,0.));
#13129=CARTESIAN_POINT('',(89.55865,-107.2375,3.));
#13130=CARTESIAN_POINT('',(89.55865,-107.2375,0.));
#13131=CARTESIAN_POINT('Origin',(89.55865,-106.7375,3.));
#13132=CARTESIAN_POINT('Origin',(89.55865,-107.2375,0.));
#13133=CARTESIAN_POINT('',(128.73125,-107.2375,3.));
#13134=CARTESIAN_POINT('',(128.73125,-107.2375,0.));
#13135=CARTESIAN_POINT('',(89.55865,-107.2375,3.));
#13136=CARTESIAN_POINT('Origin',(128.73125,-107.2375,0.));
#13137=CARTESIAN_POINT('',(128.73125,-103.0375,3.));
#13138=CARTESIAN_POINT('',(128.73125,-103.0375,0.));
#13139=CARTESIAN_POINT('',(128.73125,-103.0375,3.));
#13140=CARTESIAN_POINT('Origin',(129.23125,-103.0375,0.));
#13141=CARTESIAN_POINT('',(129.23125,-102.5375,3.));
#13142=CARTESIAN_POINT('',(129.23125,-102.5375,0.));
#13143=CARTESIAN_POINT('Origin',(129.23125,-103.0375,3.));
#13144=CARTESIAN_POINT('Origin',(129.23125,-102.5375,0.));
#13145=CARTESIAN_POINT('',(142.23125,-102.5375,3.));
#13146=CARTESIAN_POINT('',(142.23125,-102.5375,0.));
#13147=CARTESIAN_POINT('',(129.23125,-102.5375,3.));
#13148=CARTESIAN_POINT('Origin',(142.23125,-103.0375,0.));
#13149=CARTESIAN_POINT('',(142.73125,-103.0375,3.));
#13150=CARTESIAN_POINT('',(142.73125,-103.0375,0.));
#13151=CARTESIAN_POINT('Origin',(142.23125,-103.0375,3.));
#13152=CARTESIAN_POINT('Origin',(142.73125,-103.0375,0.));
#13153=CARTESIAN_POINT('',(142.73125,-107.2375,3.));
#13154=CARTESIAN_POINT('',(142.73125,-107.2375,0.));
#13155=CARTESIAN_POINT('',(142.73125,-103.0375,3.));
#13156=CARTESIAN_POINT('Origin',(142.73125,-107.2375,0.));
#13157=CARTESIAN_POINT('',(157.000002339482,-107.2375,3.));
#13158=CARTESIAN_POINT('',(157.000002339482,-107.2375,0.));
#13159=CARTESIAN_POINT('',(181.90385,-107.2375,3.));
#13160=CARTESIAN_POINT('Origin',(157.000002339482,-130.199631890492,0.));
#13161=CARTESIAN_POINT('',(157.000002339482,-81.0000012069941,0.));
#13162=CARTESIAN_POINT('',(157.000002339482,-95.1497239178694,0.));
#13163=CARTESIAN_POINT('',(157.000002339482,-81.0000012069941,3.));
#13164=CARTESIAN_POINT('',(157.000002339482,-81.0000012069941,0.));
#13165=CARTESIAN_POINT('',(157.000002339482,-95.1497239178694,3.));
#13166=CARTESIAN_POINT('Origin',(157.000002339482,-21.0000003129244,0.));
#13167=CARTESIAN_POINT('',(157.000002339482,10.,0.));
#13168=CARTESIAN_POINT('',(157.000002339482,-21.0000003129244,0.));
#13169=CARTESIAN_POINT('',(157.000002339482,-40.5499081290853,0.));
#13170=CARTESIAN_POINT('',(157.000002339482,10.,3.));
#13171=CARTESIAN_POINT('',(157.000002339482,10.,0.));
#13172=CARTESIAN_POINT('',(157.000002339482,-21.0000003129244,3.));
#13173=CARTESIAN_POINT('',(157.000002339482,-40.5499081290853,3.));
#13174=CARTESIAN_POINT('',(157.000002339482,-21.0000003129244,0.));
#13175=CARTESIAN_POINT('Origin',(157.000002339482,-130.199631890492,0.));
#13176=CARTESIAN_POINT('',(157.000002339482,-111.8375,3.));
#13177=CARTESIAN_POINT('',(157.000002339482,-111.8375,0.));
#13178=CARTESIAN_POINT('',(157.000002339482,-130.199631890492,3.));
#13179=CARTESIAN_POINT('',(157.000002339482,-95.1497239178694,3.));
#13180=CARTESIAN_POINT('',(157.000002339482,-130.199631890492,0.));
#13181=CARTESIAN_POINT('',(157.000002339482,-130.199631890492,0.));
#13182=CARTESIAN_POINT('',(157.000002339482,-95.1497239178694,0.));
#13183=CARTESIAN_POINT('Origin',(147.500002413988,-81.0000012069941,0.));
#13184=CARTESIAN_POINT('',(147.500002413988,-62.000000923872,0.));
#13185=CARTESIAN_POINT('',(147.500002413988,-81.0000012069941,0.));
#13186=CARTESIAN_POINT('',(147.500002413988,-70.5499085761201,0.));
#13187=CARTESIAN_POINT('',(147.500002413988,-62.000000923872,3.));
#13188=CARTESIAN_POINT('',(147.500002413988,-62.000000923872,0.));
#13189=CARTESIAN_POINT('',(147.500002413988,-81.0000012069941,3.));
#13190=CARTESIAN_POINT('',(147.500002413988,-70.5499085761201,3.));
#13191=CARTESIAN_POINT('',(147.500002413988,-81.0000012069941,0.));
#13192=CARTESIAN_POINT('Origin',(147.500002413988,-62.000000923872,0.));
#13193=CARTESIAN_POINT('',(162.000002413988,-62.000000923872,0.));
#13194=CARTESIAN_POINT('',(149.950001206994,-62.000000923872,0.));
#13195=CARTESIAN_POINT('',(162.000002413988,-62.000000923872,3.));
#13196=CARTESIAN_POINT('',(162.000002413988,-62.000000923872,0.));
#13197=CARTESIAN_POINT('',(149.950001206994,-62.000000923872,3.));
#13198=CARTESIAN_POINT('Origin',(162.000002413988,-62.000000923872,0.));
#13199=CARTESIAN_POINT('',(162.000002413988,-43.0000006407499,0.));
#13200=CARTESIAN_POINT('',(162.000002413988,-61.0499084345591,0.));
#13201=CARTESIAN_POINT('',(162.000002413988,-43.0000006407499,3.));
#13202=CARTESIAN_POINT('',(162.000002413988,-43.0000006407499,0.));
#13203=CARTESIAN_POINT('',(162.000002413988,-61.0499084345591,3.));
#13204=CARTESIAN_POINT('Origin',(162.000002413988,-43.0000006407499,0.));
#13205=CARTESIAN_POINT('',(152.4,-43.0000006407499,0.));
#13206=CARTESIAN_POINT('',(157.200001206994,-43.0000006407499,0.));
#13207=CARTESIAN_POINT('',(152.4,-43.0000006407499,3.));
#13208=CARTESIAN_POINT('',(152.4,-43.0000006407499,0.));
#13209=CARTESIAN_POINT('',(157.200001206994,-43.0000006407499,3.));
#13210=CARTESIAN_POINT('Origin',(152.4,-43.0000006407499,0.));
#13211=CARTESIAN_POINT('',(152.4,-21.0000003129244,0.));
#13212=CARTESIAN_POINT('',(152.4,-51.5499082929981,0.));
#13213=CARTESIAN_POINT('',(152.4,-21.0000003129244,3.));
#13214=CARTESIAN_POINT('',(152.4,-21.0000003129244,0.));
#13215=CARTESIAN_POINT('',(152.4,-51.5499082929981,3.));
#13216=CARTESIAN_POINT('Origin',(152.4,-21.0000003129244,0.));
#13217=CARTESIAN_POINT('',(152.4,-21.0000003129244,0.));
#13218=CARTESIAN_POINT('',(152.4,-21.0000003129244,3.));
#13219=CARTESIAN_POINT('Origin',(157.000002339482,-81.0000012069941,0.));
#13220=CARTESIAN_POINT('',(154.700001169741,-81.0000012069941,0.));
#13221=CARTESIAN_POINT('',(154.700001169741,-81.0000012069941,3.));
#13222=CARTESIAN_POINT('Origin',(152.4,-60.0998159452462,3.));
#13223=CARTESIAN_POINT('',(107.4,10.,3.));
#13224=CARTESIAN_POINT('',(-4.,10.,3.));
#13225=CARTESIAN_POINT('',(102.4,5.,3.));
#13226=CARTESIAN_POINT('Origin',(107.4,5.,3.));
#13227=CARTESIAN_POINT('',(102.4,3.,3.));
#13228=CARTESIAN_POINT('',(102.4,10.,3.));
#13229=CARTESIAN_POINT('',(31.,3.,3.));
#13230=CARTESIAN_POINT('',(102.4,3.,3.));
#13231=CARTESIAN_POINT('',(31.,5.,3.));
#13232=CARTESIAN_POINT('',(31.,3.,3.));
#13233=CARTESIAN_POINT('',(26.,10.,3.));
#13234=CARTESIAN_POINT('Origin',(26.,5.,3.));
#13235=CARTESIAN_POINT('',(1.,10.,3.));
#13236=CARTESIAN_POINT('',(-4.,10.,3.));
#13237=CARTESIAN_POINT('',(-4.,5.,3.));
#13238=CARTESIAN_POINT('Origin',(1.,5.,3.));
#13239=CARTESIAN_POINT('',(-4.,-125.199631890492,3.));
#13240=CARTESIAN_POINT('',(-4.,-130.199631890492,3.));
#13241=CARTESIAN_POINT('',(1.00000000000001,-130.199631890492,3.));
#13242=CARTESIAN_POINT('Origin',(1.,-125.199631890492,3.));
#13243=CARTESIAN_POINT('',(26.,-130.199631890492,3.));
#13244=CARTESIAN_POINT('',(308.8,-130.199631890492,3.));
#13245=CARTESIAN_POINT('',(31.,-125.199631890492,3.));
#13246=CARTESIAN_POINT('Origin',(26.,-125.199631890492,3.));
#13247=CARTESIAN_POINT('',(31.,-123.199631890492,3.));
#13248=CARTESIAN_POINT('',(31.,-123.199631890492,3.));
#13249=CARTESIAN_POINT('',(102.4,-123.199631890492,3.));
#13250=CARTESIAN_POINT('',(102.4,-123.199631890492,3.));
#13251=CARTESIAN_POINT('',(102.4,-125.199631890492,3.));
#13252=CARTESIAN_POINT('',(102.4,-130.199631890492,3.));
#13253=CARTESIAN_POINT('',(107.4,-130.199631890492,3.));
#13254=CARTESIAN_POINT('Origin',(107.4,-125.199631890492,3.));
#13255=CARTESIAN_POINT('',(308.8,-130.199631890492,3.));
#13256=CARTESIAN_POINT('',(142.73125,-111.8375,3.));
#13257=CARTESIAN_POINT('',(135.73125,-111.8375,3.));
#13258=CARTESIAN_POINT('',(142.73125,-116.0375,3.));
#13259=CARTESIAN_POINT('',(142.73125,-103.0375,3.));
#13260=CARTESIAN_POINT('',(142.23125,-116.5375,3.));
#13261=CARTESIAN_POINT('Origin',(142.23125,-116.0375,3.));
#13262=CARTESIAN_POINT('',(129.23125,-116.5375,3.));
#13263=CARTESIAN_POINT('',(129.23125,-116.5375,3.));
#13264=CARTESIAN_POINT('',(128.73125,-116.0375,3.));
#13265=CARTESIAN_POINT('Origin',(129.23125,-116.0375,3.));
#13266=CARTESIAN_POINT('',(128.73125,-111.8375,3.));
#13267=CARTESIAN_POINT('',(128.73125,-103.0375,3.));
#13268=CARTESIAN_POINT('',(89.55865,-111.8375,3.));
#13269=CARTESIAN_POINT('',(135.73125,-111.8375,3.));
#13270=CARTESIAN_POINT('',(89.05865,-112.3375,3.));
#13271=CARTESIAN_POINT('Origin',(89.55865,-112.3375,3.));
#13272=CARTESIAN_POINT('',(89.05865,-115.6415,3.));
#13273=CARTESIAN_POINT('',(89.05865,-112.3375,3.));
#13274=CARTESIAN_POINT('',(88.55865,-116.1415,3.));
#13275=CARTESIAN_POINT('Origin',(88.55865,-115.6415,3.));
#13276=CARTESIAN_POINT('',(87.75525,-116.1415,3.));
#13277=CARTESIAN_POINT('',(88.55865,-116.1415,3.));
#13278=CARTESIAN_POINT('',(87.25525,-116.6415,3.));
#13279=CARTESIAN_POINT('Origin',(87.75525,-116.6415,3.));
#13280=CARTESIAN_POINT('',(87.25525,-116.8099,3.));
#13281=CARTESIAN_POINT('',(87.25525,-116.6415,3.));
#13282=CARTESIAN_POINT('',(86.75525,-117.3099,3.));
#13283=CARTESIAN_POINT('Origin',(86.75525,-116.8099,3.));
#13284=CARTESIAN_POINT('',(84.70725,-117.3099,3.));
#13285=CARTESIAN_POINT('',(86.75525,-117.3099,3.));
#13286=CARTESIAN_POINT('',(84.20725,-116.8099,3.));
#13287=CARTESIAN_POINT('Origin',(84.70725,-116.8099,3.));
#13288=CARTESIAN_POINT('',(84.20725,-116.8099,3.));
#13289=CARTESIAN_POINT('',(97.775,-26.8375,3.));
#13290=CARTESIAN_POINT('',(98.275,-26.3375,3.));
#13291=CARTESIAN_POINT('Origin',(98.275,-26.8375,3.));
#13292=CARTESIAN_POINT('',(111.275,-26.3375,3.));
#13293=CARTESIAN_POINT('',(98.275,-26.3375,3.));
#13294=CARTESIAN_POINT('',(111.775,-26.8375,3.));
#13295=CARTESIAN_POINT('Origin',(111.275,-26.8375,3.));
#13296=CARTESIAN_POINT('',(111.775,-39.8375,3.));
#13297=CARTESIAN_POINT('',(111.775,-26.8375,3.));
#13298=CARTESIAN_POINT('',(111.275,-40.3375,3.));
#13299=CARTESIAN_POINT('Origin',(111.275,-39.8375,3.));
#13300=CARTESIAN_POINT('',(98.275,-40.3375,3.));
#13301=CARTESIAN_POINT('',(98.275,-40.3375,3.));
#13302=CARTESIAN_POINT('',(97.775,-39.8375,3.));
#13303=CARTESIAN_POINT('Origin',(98.275,-39.8375,3.));
#13304=CARTESIAN_POINT('',(97.775,-26.8375,3.));
#13305=CARTESIAN_POINT('',(69.2,-45.8875,3.));
#13306=CARTESIAN_POINT('',(69.7,-45.3875,3.));
#13307=CARTESIAN_POINT('Origin',(69.7,-45.8875,3.));
#13308=CARTESIAN_POINT('',(82.7,-45.3875,3.));
#13309=CARTESIAN_POINT('',(69.7,-45.3875,3.));
#13310=CARTESIAN_POINT('',(83.2,-45.8875,3.));
#13311=CARTESIAN_POINT('Origin',(82.7,-45.8875,3.));
#13312=CARTESIAN_POINT('',(83.2,-58.8875,3.));
#13313=CARTESIAN_POINT('',(83.2,-45.8875,3.));
#13314=CARTESIAN_POINT('',(82.7,-59.3875,3.));
#13315=CARTESIAN_POINT('Origin',(82.7,-58.8875,3.));
#13316=CARTESIAN_POINT('',(69.7,-59.3875,3.));
#13317=CARTESIAN_POINT('',(69.7,-59.3875,3.));
#13318=CARTESIAN_POINT('',(69.2,-58.8875,3.));
#13319=CARTESIAN_POINT('Origin',(69.7,-58.8875,3.));
#13320=CARTESIAN_POINT('',(69.2,-45.8875,3.));
#13321=CARTESIAN_POINT('',(140.6375,-83.9875,3.));
#13322=CARTESIAN_POINT('',(141.1375,-83.4875,3.));
#13323=CARTESIAN_POINT('Origin',(141.1375,-83.9875,3.));
#13324=CARTESIAN_POINT('',(154.1375,-83.4875,3.));
#13325=CARTESIAN_POINT('',(141.1375,-83.4875,3.));
#13326=CARTESIAN_POINT('',(154.6375,-83.9875,3.));
#13327=CARTESIAN_POINT('Origin',(154.1375,-83.9875,3.));
#13328=CARTESIAN_POINT('',(154.6375,-96.9875,3.));
#13329=CARTESIAN_POINT('',(154.6375,-83.9875,3.));
#13330=CARTESIAN_POINT('',(154.1375,-97.4875,3.));
#13331=CARTESIAN_POINT('Origin',(154.1375,-96.9875,3.));
#13332=CARTESIAN_POINT('',(141.1375,-97.4875,3.));
#13333=CARTESIAN_POINT('',(141.1375,-97.4875,3.));
#13334=CARTESIAN_POINT('',(140.6375,-96.9875,3.));
#13335=CARTESIAN_POINT('Origin',(141.1375,-96.9875,3.));
#13336=CARTESIAN_POINT('',(140.6375,-83.9875,3.));
#13337=CARTESIAN_POINT('',(50.15,-45.8875,3.));
#13338=CARTESIAN_POINT('',(50.65,-45.3875,3.));
#13339=CARTESIAN_POINT('Origin',(50.65,-45.8875,3.));
#13340=CARTESIAN_POINT('',(63.65,-45.3875,3.));
#13341=CARTESIAN_POINT('',(50.65,-45.3875,3.));
#13342=CARTESIAN_POINT('',(64.15,-45.8875,3.));
#13343=CARTESIAN_POINT('Origin',(63.65,-45.8875,3.));
#13344=CARTESIAN_POINT('',(64.15,-58.8875,3.));
#13345=CARTESIAN_POINT('',(64.15,-45.8875,3.));
#13346=CARTESIAN_POINT('',(63.65,-59.3875,3.));
#13347=CARTESIAN_POINT('Origin',(63.65,-58.8875,3.));
#13348=CARTESIAN_POINT('',(50.65,-59.3875,3.));
#13349=CARTESIAN_POINT('',(50.65,-59.3875,3.));
#13350=CARTESIAN_POINT('',(50.15,-58.8875,3.));
#13351=CARTESIAN_POINT('Origin',(50.65,-58.8875,3.));
#13352=CARTESIAN_POINT('',(50.15,-45.8875,3.));
#13353=CARTESIAN_POINT('',(9.66875,-64.9375,3.));
#13354=CARTESIAN_POINT('',(10.16875,-64.4375,3.));
#13355=CARTESIAN_POINT('Origin',(10.16875,-64.9375,3.));
#13356=CARTESIAN_POINT('',(23.16875,-64.4375,3.));
#13357=CARTESIAN_POINT('',(10.16875,-64.4375,3.));
#13358=CARTESIAN_POINT('',(23.66875,-64.9375,3.));
#13359=CARTESIAN_POINT('Origin',(23.16875,-64.9375,3.));
#13360=CARTESIAN_POINT('',(23.66875,-77.9375,3.));
#13361=CARTESIAN_POINT('',(23.66875,-64.9375,3.));
#13362=CARTESIAN_POINT('',(23.16875,-78.4375,3.));
#13363=CARTESIAN_POINT('Origin',(23.16875,-77.9375,3.));
#13364=CARTESIAN_POINT('',(10.16875,-78.4375,3.));
#13365=CARTESIAN_POINT('',(10.16875,-78.4375,3.));
#13366=CARTESIAN_POINT('',(9.66875,-77.9375,3.));
#13367=CARTESIAN_POINT('Origin',(10.16875,-77.9375,3.));
#13368=CARTESIAN_POINT('',(9.66875,-64.9375,3.));
#13369=CARTESIAN_POINT('',(102.5375,-83.9875,3.));
#13370=CARTESIAN_POINT('',(103.0375,-83.4875,3.));
#13371=CARTESIAN_POINT('Origin',(103.0375,-83.9875,3.));
#13372=CARTESIAN_POINT('',(116.0375,-83.4875,3.));
#13373=CARTESIAN_POINT('',(103.0375,-83.4875,3.));
#13374=CARTESIAN_POINT('',(116.5375,-83.9875,3.));
#13375=CARTESIAN_POINT('Origin',(116.0375,-83.9875,3.));
#13376=CARTESIAN_POINT('',(116.5375,-96.9875,3.));
#13377=CARTESIAN_POINT('',(116.5375,-83.9875,3.));
#13378=CARTESIAN_POINT('',(116.0375,-97.4875,3.));
#13379=CARTESIAN_POINT('Origin',(116.0375,-96.9875,3.));
#13380=CARTESIAN_POINT('',(103.0375,-97.4875,3.));
#13381=CARTESIAN_POINT('',(103.0375,-97.4875,3.));
#13382=CARTESIAN_POINT('',(102.5375,-96.9875,3.));
#13383=CARTESIAN_POINT('Origin',(103.0375,-96.9875,3.));
#13384=CARTESIAN_POINT('',(102.5375,-83.9875,3.));
#13385=CARTESIAN_POINT('',(121.5875,-83.9875,3.));
#13386=CARTESIAN_POINT('',(122.0875,-83.4875,3.));
#13387=CARTESIAN_POINT('Origin',(122.0875,-83.9875,3.));
#13388=CARTESIAN_POINT('',(135.0875,-83.4875,3.));
#13389=CARTESIAN_POINT('',(122.0875,-83.4875,3.));
#13390=CARTESIAN_POINT('',(135.5875,-83.9875,3.));
#13391=CARTESIAN_POINT('Origin',(135.0875,-83.9875,3.));
#13392=CARTESIAN_POINT('',(135.5875,-96.9875,3.));
#13393=CARTESIAN_POINT('',(135.5875,-83.9875,3.));
#13394=CARTESIAN_POINT('',(135.0875,-97.4875,3.));
#13395=CARTESIAN_POINT('Origin',(135.0875,-96.9875,3.));
#13396=CARTESIAN_POINT('',(122.0875,-97.4875,3.));
#13397=CARTESIAN_POINT('',(122.0875,-97.4875,3.));
#13398=CARTESIAN_POINT('',(121.5875,-96.9875,3.));
#13399=CARTESIAN_POINT('Origin',(122.0875,-96.9875,3.));
#13400=CARTESIAN_POINT('',(121.5875,-83.9875,3.));
#13401=CARTESIAN_POINT('',(112.0625,-64.9375,3.));
#13402=CARTESIAN_POINT('',(112.5625,-64.4375,3.));
#13403=CARTESIAN_POINT('Origin',(112.5625,-64.9375,3.));
#13404=CARTESIAN_POINT('',(125.5625,-64.4375,3.));
#13405=CARTESIAN_POINT('',(112.5625,-64.4375,3.));
#13406=CARTESIAN_POINT('',(126.0625,-64.9375,3.));
#13407=CARTESIAN_POINT('Origin',(125.5625,-64.9375,3.));
#13408=CARTESIAN_POINT('',(126.0625,-77.9375,3.));
#13409=CARTESIAN_POINT('',(126.0625,-64.9375,3.));
#13410=CARTESIAN_POINT('',(125.5625,-78.4375,3.));
#13411=CARTESIAN_POINT('Origin',(125.5625,-77.9375,3.));
#13412=CARTESIAN_POINT('',(112.5625,-78.4375,3.));
#13413=CARTESIAN_POINT('',(112.5625,-78.4375,3.));
#13414=CARTESIAN_POINT('',(112.0625,-77.9375,3.));
#13415=CARTESIAN_POINT('Origin',(112.5625,-77.9375,3.));
#13416=CARTESIAN_POINT('',(112.0625,-64.9375,3.));
#13417=CARTESIAN_POINT('',(40.625,-26.8375,3.));
#13418=CARTESIAN_POINT('',(41.125,-26.3375,3.));
#13419=CARTESIAN_POINT('Origin',(41.125,-26.8375,3.));
#13420=CARTESIAN_POINT('',(54.125,-26.3375,3.));
#13421=CARTESIAN_POINT('',(41.125,-26.3375,3.));
#13422=CARTESIAN_POINT('',(54.625,-26.8375,3.));
#13423=CARTESIAN_POINT('Origin',(54.125,-26.8375,3.));
#13424=CARTESIAN_POINT('',(54.625,-39.8375,3.));
#13425=CARTESIAN_POINT('',(54.625,-26.8375,3.));
#13426=CARTESIAN_POINT('',(54.125,-40.3375,3.));
#13427=CARTESIAN_POINT('Origin',(54.125,-39.8375,3.));
#13428=CARTESIAN_POINT('',(41.125,-40.3375,3.));
#13429=CARTESIAN_POINT('',(41.125,-40.3375,3.));
#13430=CARTESIAN_POINT('',(40.625,-39.8375,3.));
#13431=CARTESIAN_POINT('Origin',(41.125,-39.8375,3.));
#13432=CARTESIAN_POINT('',(40.625,-26.8375,3.));
#13433=CARTESIAN_POINT('',(121.5875,-3.025,3.));
#13434=CARTESIAN_POINT('',(122.0875,-2.525,3.));
#13435=CARTESIAN_POINT('Origin',(122.0875,-3.025,3.));
#13436=CARTESIAN_POINT('',(135.0875,-2.525,3.));
#13437=CARTESIAN_POINT('',(122.0875,-2.525,3.));
#13438=CARTESIAN_POINT('',(135.5875,-3.025,3.));
#13439=CARTESIAN_POINT('Origin',(135.0875,-3.025,3.));
#13440=CARTESIAN_POINT('',(135.5875,-16.025,3.));
#13441=CARTESIAN_POINT('',(135.5875,-3.025,3.));
#13442=CARTESIAN_POINT('',(135.0875,-16.525,3.));
#13443=CARTESIAN_POINT('Origin',(135.0875,-16.025,3.));
#13444=CARTESIAN_POINT('',(122.0875,-16.525,3.));
#13445=CARTESIAN_POINT('',(122.0875,-16.525,3.));
#13446=CARTESIAN_POINT('',(121.5875,-16.025,3.));
#13447=CARTESIAN_POINT('Origin',(122.0875,-16.025,3.));
#13448=CARTESIAN_POINT('',(121.5875,-3.025,3.));
#13449=CARTESIAN_POINT('',(4.90625,-103.0375,3.));
#13450=CARTESIAN_POINT('',(5.40625,-102.5375,3.));
#13451=CARTESIAN_POINT('Origin',(5.40625,-103.0375,3.));
#13452=CARTESIAN_POINT('',(18.40625,-102.5375,3.));
#13453=CARTESIAN_POINT('',(5.40625,-102.5375,3.));
#13454=CARTESIAN_POINT('',(18.90625,-103.0375,3.));
#13455=CARTESIAN_POINT('Origin',(18.40625,-103.0375,3.));
#13456=CARTESIAN_POINT('',(18.90625,-116.0375,3.));
#13457=CARTESIAN_POINT('',(18.90625,-103.0375,3.));
#13458=CARTESIAN_POINT('',(18.40625,-116.5375,3.));
#13459=CARTESIAN_POINT('Origin',(18.40625,-116.0375,3.));
#13460=CARTESIAN_POINT('',(5.40625,-116.5375,3.));
#13461=CARTESIAN_POINT('',(5.40625,-116.5375,3.));
#13462=CARTESIAN_POINT('',(4.90625,-116.0375,3.));
#13463=CARTESIAN_POINT('Origin',(5.40625,-116.0375,3.));
#13464=CARTESIAN_POINT('',(4.90625,-103.0375,3.));
#13465=CARTESIAN_POINT('',(64.4375,-83.9875,3.));
#13466=CARTESIAN_POINT('',(64.9375,-83.4875,3.));
#13467=CARTESIAN_POINT('Origin',(64.9375,-83.9875,3.));
#13468=CARTESIAN_POINT('',(77.9375,-83.4875,3.));
#13469=CARTESIAN_POINT('',(64.9375,-83.4875,3.));
#13470=CARTESIAN_POINT('',(78.4375,-83.9875,3.));
#13471=CARTESIAN_POINT('Origin',(77.9375,-83.9875,3.));
#13472=CARTESIAN_POINT('',(78.4375,-96.9875,3.));
#13473=CARTESIAN_POINT('',(78.4375,-83.9875,3.));
#13474=CARTESIAN_POINT('',(77.9375,-97.4875,3.));
#13475=CARTESIAN_POINT('Origin',(77.9375,-96.9875,3.));
#13476=CARTESIAN_POINT('',(64.9375,-97.4875,3.));
#13477=CARTESIAN_POINT('',(64.9375,-97.4875,3.));
#13478=CARTESIAN_POINT('',(64.4375,-96.9875,3.));
#13479=CARTESIAN_POINT('Origin',(64.9375,-96.9875,3.));
#13480=CARTESIAN_POINT('',(64.4375,-83.9875,3.));
#13481=CARTESIAN_POINT('',(83.4875,-83.9875,3.));
#13482=CARTESIAN_POINT('',(83.9875,-83.4875,3.));
#13483=CARTESIAN_POINT('Origin',(83.9875,-83.9875,3.));
#13484=CARTESIAN_POINT('',(96.9875,-83.4875,3.));
#13485=CARTESIAN_POINT('',(83.9875,-83.4875,3.));
#13486=CARTESIAN_POINT('',(97.4875,-83.9875,3.));
#13487=CARTESIAN_POINT('Origin',(96.9875,-83.9875,3.));
#13488=CARTESIAN_POINT('',(97.4875,-96.9875,3.));
#13489=CARTESIAN_POINT('',(97.4875,-83.9875,3.));
#13490=CARTESIAN_POINT('',(96.9875,-97.4875,3.));
#13491=CARTESIAN_POINT('Origin',(96.9875,-96.9875,3.));
#13492=CARTESIAN_POINT('',(83.9875,-97.4875,3.));
#13493=CARTESIAN_POINT('',(83.9875,-97.4875,3.));
#13494=CARTESIAN_POINT('',(83.4875,-96.9875,3.));
#13495=CARTESIAN_POINT('Origin',(83.9875,-96.9875,3.));
#13496=CARTESIAN_POINT('',(83.4875,-83.9875,3.));
#13497=CARTESIAN_POINT('',(45.3875,-83.9875,3.));
#13498=CARTESIAN_POINT('',(45.8875,-83.4875,3.));
#13499=CARTESIAN_POINT('Origin',(45.8875,-83.9875,3.));
#13500=CARTESIAN_POINT('',(58.8875,-83.4875,3.));
#13501=CARTESIAN_POINT('',(45.8875,-83.4875,3.));
#13502=CARTESIAN_POINT('',(59.3875,-83.9875,3.));
#13503=CARTESIAN_POINT('Origin',(58.8875,-83.9875,3.));
#13504=CARTESIAN_POINT('',(59.3875,-96.9875,3.));
#13505=CARTESIAN_POINT('',(59.3875,-83.9875,3.));
#13506=CARTESIAN_POINT('',(58.8875,-97.4875,3.));
#13507=CARTESIAN_POINT('Origin',(58.8875,-96.9875,3.));
#13508=CARTESIAN_POINT('',(45.8875,-97.4875,3.));
#13509=CARTESIAN_POINT('',(45.8875,-97.4875,3.));
#13510=CARTESIAN_POINT('',(45.3875,-96.9875,3.));
#13511=CARTESIAN_POINT('Origin',(45.8875,-96.9875,3.));
#13512=CARTESIAN_POINT('',(45.3875,-83.9875,3.));
#13513=CARTESIAN_POINT('',(36.69665,-96.5915,3.));
#13514=CARTESIAN_POINT('',(36.69665,-96.5915,3.));
#13515=CARTESIAN_POINT('',(36.19665,-97.0915,3.));
#13516=CARTESIAN_POINT('Origin',(36.19665,-96.5915,3.));
#13517=CARTESIAN_POINT('',(35.39325,-97.0915,3.));
#13518=CARTESIAN_POINT('',(35.39325,-97.0915,3.));
#13519=CARTESIAN_POINT('',(34.89325,-97.5915,3.));
#13520=CARTESIAN_POINT('Origin',(35.39325,-97.5915,3.));
#13521=CARTESIAN_POINT('',(34.89325,-97.7599,3.));
#13522=CARTESIAN_POINT('',(34.89325,-97.7599,3.));
#13523=CARTESIAN_POINT('',(34.39325,-98.2599,3.));
#13524=CARTESIAN_POINT('Origin',(34.39325,-97.7599,3.));
#13525=CARTESIAN_POINT('',(32.34525,-98.2599,3.));
#13526=CARTESIAN_POINT('',(32.34525,-98.2599,3.));
#13527=CARTESIAN_POINT('',(31.84525,-97.7599,3.));
#13528=CARTESIAN_POINT('Origin',(32.34525,-97.7599,3.));
#13529=CARTESIAN_POINT('',(31.84525,-97.5915,3.));
#13530=CARTESIAN_POINT('',(31.84525,-97.5915,3.));
#13531=CARTESIAN_POINT('',(31.34525,-97.0915,3.));
#13532=CARTESIAN_POINT('Origin',(31.34525,-97.5915,3.));
#13533=CARTESIAN_POINT('',(30.04185,-97.0915,3.));
#13534=CARTESIAN_POINT('',(30.04185,-97.0915,3.));
#13535=CARTESIAN_POINT('',(30.04185,-96.8041,3.));
#13536=CARTESIAN_POINT('',(30.04185,-96.8041,3.));
#13537=CARTESIAN_POINT('',(29.54185,-96.3041,3.));
#13538=CARTESIAN_POINT('Origin',(29.54185,-96.8041,3.));
#13539=CARTESIAN_POINT('',(28.43125,-96.3041,3.));
#13540=CARTESIAN_POINT('',(21.43125,-96.3041,3.));
#13541=CARTESIAN_POINT('',(28.43125,-96.9875,3.));
#13542=CARTESIAN_POINT('',(28.43125,-83.9875,3.));
#13543=CARTESIAN_POINT('',(27.93125,-97.4875,3.));
#13544=CARTESIAN_POINT('Origin',(27.93125,-96.9875,3.));
#13545=CARTESIAN_POINT('',(14.93125,-97.4875,3.));
#13546=CARTESIAN_POINT('',(14.93125,-97.4875,3.));
#13547=CARTESIAN_POINT('',(14.43125,-96.9875,3.));
#13548=CARTESIAN_POINT('Origin',(14.93125,-96.9875,3.));
#13549=CARTESIAN_POINT('',(14.43125,-96.3041,3.));
#13550=CARTESIAN_POINT('',(14.43125,-83.9875,3.));
#13551=CARTESIAN_POINT('',(13.32065,-96.3041,3.));
#13552=CARTESIAN_POINT('',(21.43125,-96.3041,3.));
#13553=CARTESIAN_POINT('',(12.82065,-96.8041,3.));
#13554=CARTESIAN_POINT('Origin',(13.32065,-96.8041,3.));
#13555=CARTESIAN_POINT('',(12.82065,-97.0915,3.));
#13556=CARTESIAN_POINT('',(12.82065,-96.8041,3.));
#13557=CARTESIAN_POINT('',(11.51725,-97.0915,3.));
#13558=CARTESIAN_POINT('',(12.82065,-97.0915,3.));
#13559=CARTESIAN_POINT('',(11.01725,-97.5915,3.));
#13560=CARTESIAN_POINT('Origin',(11.51725,-97.5915,3.));
#13561=CARTESIAN_POINT('',(11.01725,-97.7599,3.));
#13562=CARTESIAN_POINT('',(11.01725,-97.5915,3.));
#13563=CARTESIAN_POINT('',(10.51725,-98.2599,3.));
#13564=CARTESIAN_POINT('Origin',(10.51725,-97.7599,3.));
#13565=CARTESIAN_POINT('',(8.46925000000001,-98.2599,3.));
#13566=CARTESIAN_POINT('',(10.51725,-98.2599,3.));
#13567=CARTESIAN_POINT('',(7.96925,-97.7599,3.));
#13568=CARTESIAN_POINT('Origin',(8.46925,-97.7599,3.));
#13569=CARTESIAN_POINT('',(7.96925,-97.5915,3.));
#13570=CARTESIAN_POINT('',(7.96925,-97.7599,3.));
#13571=CARTESIAN_POINT('Origin',(7.46925,-97.5915,3.));
#13572=CARTESIAN_POINT('',(88.25,-45.8875,3.));
#13573=CARTESIAN_POINT('',(88.75,-45.3875,3.));
#13574=CARTESIAN_POINT('Origin',(88.75,-45.8875,3.));
#13575=CARTESIAN_POINT('',(101.75,-45.3875,3.));
#13576=CARTESIAN_POINT('',(88.75,-45.3875,3.));
#13577=CARTESIAN_POINT('',(102.25,-45.8875,3.));
#13578=CARTESIAN_POINT('Origin',(101.75,-45.8875,3.));
#13579=CARTESIAN_POINT('',(102.25,-58.8875,3.));
#13580=CARTESIAN_POINT('',(102.25,-45.8875,3.));
#13581=CARTESIAN_POINT('',(101.75,-59.3875,3.));
#13582=CARTESIAN_POINT('Origin',(101.75,-58.8875,3.));
#13583=CARTESIAN_POINT('',(88.75,-59.3875,3.));
#13584=CARTESIAN_POINT('',(88.75,-59.3875,3.));
#13585=CARTESIAN_POINT('',(88.25,-58.8875,3.));
#13586=CARTESIAN_POINT('Origin',(88.75,-58.8875,3.));
#13587=CARTESIAN_POINT('',(88.25,-45.8875,3.));
#13588=CARTESIAN_POINT('',(21.575,-26.8375,3.));
#13589=CARTESIAN_POINT('',(22.075,-26.3375,3.));
#13590=CARTESIAN_POINT('Origin',(22.075,-26.8375,3.));
#13591=CARTESIAN_POINT('',(35.075,-26.3375,3.));
#13592=CARTESIAN_POINT('',(22.075,-26.3375,3.));
#13593=CARTESIAN_POINT('',(35.575,-26.8375,3.));
#13594=CARTESIAN_POINT('Origin',(35.075,-26.8375,3.));
#13595=CARTESIAN_POINT('',(35.575,-39.8375,3.));
#13596=CARTESIAN_POINT('',(35.575,-26.8375,3.));
#13597=CARTESIAN_POINT('',(35.075,-40.3375,3.));
#13598=CARTESIAN_POINT('Origin',(35.075,-39.8375,3.));
#13599=CARTESIAN_POINT('',(22.075,-40.3375,3.));
#13600=CARTESIAN_POINT('',(22.075,-40.3375,3.));
#13601=CARTESIAN_POINT('',(21.575,-39.8375,3.));
#13602=CARTESIAN_POINT('Origin',(22.075,-39.8375,3.));
#13603=CARTESIAN_POINT('',(21.575,-26.8375,3.));
#13604=CARTESIAN_POINT('',(54.9125,-103.0375,3.));
#13605=CARTESIAN_POINT('',(55.4125,-102.5375,3.));
#13606=CARTESIAN_POINT('Origin',(55.4125,-103.0375,3.));
#13607=CARTESIAN_POINT('',(68.4125,-102.5375,3.));
#13608=CARTESIAN_POINT('',(55.4125,-102.5375,3.));
#13609=CARTESIAN_POINT('',(68.9125,-103.0375,3.));
#13610=CARTESIAN_POINT('Origin',(68.4125,-103.0375,3.));
#13611=CARTESIAN_POINT('',(68.9125,-116.0375,3.));
#13612=CARTESIAN_POINT('',(68.9125,-103.0375,3.));
#13613=CARTESIAN_POINT('',(68.4125,-116.5375,3.));
#13614=CARTESIAN_POINT('Origin',(68.4125,-116.0375,3.));
#13615=CARTESIAN_POINT('',(55.4125,-116.5375,3.));
#13616=CARTESIAN_POINT('',(55.4125,-116.5375,3.));
#13617=CARTESIAN_POINT('',(54.9125,-116.0375,3.));
#13618=CARTESIAN_POINT('Origin',(55.4125,-116.0375,3.));
#13619=CARTESIAN_POINT('',(54.9125,-103.0375,3.));
#13620=CARTESIAN_POINT('',(78.725,-26.8375,3.));
#13621=CARTESIAN_POINT('',(79.225,-26.3375,3.));
#13622=CARTESIAN_POINT('Origin',(79.225,-26.8375,3.));
#13623=CARTESIAN_POINT('',(92.225,-26.3375,3.));
#13624=CARTESIAN_POINT('',(79.225,-26.3375,3.));
#13625=CARTESIAN_POINT('',(92.725,-26.8375,3.));
#13626=CARTESIAN_POINT('Origin',(92.225,-26.8375,3.));
#13627=CARTESIAN_POINT('',(92.725,-39.8375,3.));
#13628=CARTESIAN_POINT('',(92.725,-26.8375,3.));
#13629=CARTESIAN_POINT('',(92.225,-40.3375,3.));
#13630=CARTESIAN_POINT('Origin',(92.225,-39.8375,3.));
#13631=CARTESIAN_POINT('',(79.225,-40.3375,3.));
#13632=CARTESIAN_POINT('',(79.225,-40.3375,3.));
#13633=CARTESIAN_POINT('',(78.725,-39.8375,3.));
#13634=CARTESIAN_POINT('Origin',(79.225,-39.8375,3.));
#13635=CARTESIAN_POINT('',(78.725,-26.8375,3.));
#13636=CARTESIAN_POINT('',(140.6375,-3.025,3.));
#13637=CARTESIAN_POINT('',(141.1375,-2.525,3.));
#13638=CARTESIAN_POINT('Origin',(141.1375,-3.025,3.));
#13639=CARTESIAN_POINT('',(154.1375,-2.52500000000001,3.));
#13640=CARTESIAN_POINT('',(141.1375,-2.525,3.));
#13641=CARTESIAN_POINT('',(154.6375,-3.025,3.));
#13642=CARTESIAN_POINT('Origin',(154.1375,-3.025,3.));
#13643=CARTESIAN_POINT('',(154.6375,-16.025,3.));
#13644=CARTESIAN_POINT('',(154.6375,-3.025,3.));
#13645=CARTESIAN_POINT('',(154.1375,-16.525,3.));
#13646=CARTESIAN_POINT('Origin',(154.1375,-16.025,3.));
#13647=CARTESIAN_POINT('',(141.1375,-16.525,3.));
#13648=CARTESIAN_POINT('',(141.1375,-16.525,3.));
#13649=CARTESIAN_POINT('',(140.6375,-16.025,3.));
#13650=CARTESIAN_POINT('Origin',(141.1375,-16.025,3.));
#13651=CARTESIAN_POINT('',(140.6375,-3.025,3.));
#13652=CARTESIAN_POINT('',(2.525,-3.025,3.));
#13653=CARTESIAN_POINT('',(3.025,-2.525,3.));
#13654=CARTESIAN_POINT('Origin',(3.025,-3.025,3.));
#13655=CARTESIAN_POINT('',(16.025,-2.525,3.));
#13656=CARTESIAN_POINT('',(3.025,-2.525,3.));
#13657=CARTESIAN_POINT('',(16.525,-3.025,3.));
#13658=CARTESIAN_POINT('Origin',(16.025,-3.025,3.));
#13659=CARTESIAN_POINT('',(16.525,-16.025,3.));
#13660=CARTESIAN_POINT('',(16.525,-3.025,3.));
#13661=CARTESIAN_POINT('',(16.025,-16.525,3.));
#13662=CARTESIAN_POINT('Origin',(16.025,-16.025,3.));
#13663=CARTESIAN_POINT('',(3.025,-16.525,3.));
#13664=CARTESIAN_POINT('',(3.025,-16.525,3.));
#13665=CARTESIAN_POINT('',(2.525,-16.025,3.));
#13666=CARTESIAN_POINT('Origin',(3.025,-16.025,3.));
#13667=CARTESIAN_POINT('',(2.525,-3.025,3.));
#13668=CARTESIAN_POINT('',(73.9625,-3.025,3.));
#13669=CARTESIAN_POINT('',(74.4625,-2.525,3.));
#13670=CARTESIAN_POINT('Origin',(74.4625,-3.025,3.));
#13671=CARTESIAN_POINT('',(87.4625,-2.52500000000001,3.));
#13672=CARTESIAN_POINT('',(74.4625,-2.525,3.));
#13673=CARTESIAN_POINT('',(87.9625,-3.025,3.));
#13674=CARTESIAN_POINT('Origin',(87.4625,-3.025,3.));
#13675=CARTESIAN_POINT('',(87.9625,-16.025,3.));
#13676=CARTESIAN_POINT('',(87.9625,-3.025,3.));
#13677=CARTESIAN_POINT('',(87.4625,-16.525,3.));
#13678=CARTESIAN_POINT('Origin',(87.4625,-16.025,3.));
#13679=CARTESIAN_POINT('',(74.4625,-16.525,3.));
#13680=CARTESIAN_POINT('',(74.4625,-16.525,3.));
#13681=CARTESIAN_POINT('',(73.9625,-16.025,3.));
#13682=CARTESIAN_POINT('Origin',(74.4625,-16.025,3.));
#13683=CARTESIAN_POINT('',(73.9625,-3.025,3.));
#13684=CARTESIAN_POINT('',(93.0125,-3.025,3.));
#13685=CARTESIAN_POINT('',(93.5125,-2.525,3.));
#13686=CARTESIAN_POINT('Origin',(93.5125,-3.025,3.));
#13687=CARTESIAN_POINT('',(106.5125,-2.525,3.));
#13688=CARTESIAN_POINT('',(93.5125,-2.525,3.));
#13689=CARTESIAN_POINT('',(107.0125,-3.025,3.));
#13690=CARTESIAN_POINT('Origin',(106.5125,-3.025,3.));
#13691=CARTESIAN_POINT('',(107.0125,-16.025,3.));
#13692=CARTESIAN_POINT('',(107.0125,-3.025,3.));
#13693=CARTESIAN_POINT('',(106.5125,-16.525,3.));
#13694=CARTESIAN_POINT('Origin',(106.5125,-16.025,3.));
#13695=CARTESIAN_POINT('',(93.5125,-16.525,3.));
#13696=CARTESIAN_POINT('',(93.5125,-16.525,3.));
#13697=CARTESIAN_POINT('',(93.0125,-16.025,3.));
#13698=CARTESIAN_POINT('Origin',(93.5125,-16.025,3.));
#13699=CARTESIAN_POINT('',(93.0125,-3.025,3.));
#13700=CARTESIAN_POINT('',(145.4,-45.8875,3.));
#13701=CARTESIAN_POINT('',(145.9,-45.3875,3.));
#13702=CARTESIAN_POINT('Origin',(145.9,-45.8875,3.));
#13703=CARTESIAN_POINT('',(158.9,-45.3875,3.));
#13704=CARTESIAN_POINT('',(145.9,-45.3875,3.));
#13705=CARTESIAN_POINT('',(159.4,-45.8875,3.));
#13706=CARTESIAN_POINT('Origin',(158.9,-45.8875,3.));
#13707=CARTESIAN_POINT('',(159.4,-58.8875,3.));
#13708=CARTESIAN_POINT('',(159.4,-45.8875,3.));
#13709=CARTESIAN_POINT('',(158.9,-59.3875,3.));
#13710=CARTESIAN_POINT('Origin',(158.9,-58.8875,3.));
#13711=CARTESIAN_POINT('',(145.9,-59.3875,3.));
#13712=CARTESIAN_POINT('',(145.9,-59.3875,3.));
#13713=CARTESIAN_POINT('',(145.4,-58.8875,3.));
#13714=CARTESIAN_POINT('Origin',(145.9,-58.8875,3.));
#13715=CARTESIAN_POINT('',(145.4,-45.8875,3.));
#13716=CARTESIAN_POINT('',(54.9125,-3.025,3.));
#13717=CARTESIAN_POINT('',(55.4125,-2.525,3.));
#13718=CARTESIAN_POINT('Origin',(55.4125,-3.025,3.));
#13719=CARTESIAN_POINT('',(68.4125,-2.525,3.));
#13720=CARTESIAN_POINT('',(55.4125,-2.525,3.));
#13721=CARTESIAN_POINT('',(68.9125,-3.025,3.));
#13722=CARTESIAN_POINT('Origin',(68.4125,-3.025,3.));
#13723=CARTESIAN_POINT('',(68.9125,-16.025,3.));
#13724=CARTESIAN_POINT('',(68.9125,-3.025,3.));
#13725=CARTESIAN_POINT('',(68.4125,-16.525,3.));
#13726=CARTESIAN_POINT('Origin',(68.4125,-16.025,3.));
#13727=CARTESIAN_POINT('',(55.4125,-16.525,3.));
#13728=CARTESIAN_POINT('',(55.4125,-16.525,3.));
#13729=CARTESIAN_POINT('',(54.9125,-16.025,3.));
#13730=CARTESIAN_POINT('Origin',(55.4125,-16.025,3.));
#13731=CARTESIAN_POINT('',(54.9125,-3.025,3.));
#13732=CARTESIAN_POINT('',(107.3,-45.8875,3.));
#13733=CARTESIAN_POINT('',(107.8,-45.3875,3.));
#13734=CARTESIAN_POINT('Origin',(107.8,-45.8875,3.));
#13735=CARTESIAN_POINT('',(120.8,-45.3875,3.));
#13736=CARTESIAN_POINT('',(107.8,-45.3875,3.));
#13737=CARTESIAN_POINT('',(121.3,-45.8875,3.));
#13738=CARTESIAN_POINT('Origin',(120.8,-45.8875,3.));
#13739=CARTESIAN_POINT('',(121.3,-58.8875,3.));
#13740=CARTESIAN_POINT('',(121.3,-45.8875,3.));
#13741=CARTESIAN_POINT('',(120.8,-59.3875,3.));
#13742=CARTESIAN_POINT('Origin',(120.8,-58.8875,3.));
#13743=CARTESIAN_POINT('',(107.8,-59.3875,3.));
#13744=CARTESIAN_POINT('',(107.8,-59.3875,3.));
#13745=CARTESIAN_POINT('',(107.3,-58.8875,3.));
#13746=CARTESIAN_POINT('Origin',(107.8,-58.8875,3.));
#13747=CARTESIAN_POINT('',(107.3,-45.8875,3.));
#13748=CARTESIAN_POINT('',(116.825,-26.8375,3.));
#13749=CARTESIAN_POINT('',(117.325,-26.3375,3.));
#13750=CARTESIAN_POINT('Origin',(117.325,-26.8375,3.));
#13751=CARTESIAN_POINT('',(130.325,-26.3375,3.));
#13752=CARTESIAN_POINT('',(117.325,-26.3375,3.));
#13753=CARTESIAN_POINT('',(130.825,-26.8375,3.));
#13754=CARTESIAN_POINT('Origin',(130.325,-26.8375,3.));
#13755=CARTESIAN_POINT('',(130.825,-39.8375,3.));
#13756=CARTESIAN_POINT('',(130.825,-26.8375,3.));
#13757=CARTESIAN_POINT('',(130.325,-40.3375,3.));
#13758=CARTESIAN_POINT('Origin',(130.325,-39.8375,3.));
#13759=CARTESIAN_POINT('',(117.325,-40.3375,3.));
#13760=CARTESIAN_POINT('',(117.325,-40.3375,3.));
#13761=CARTESIAN_POINT('',(116.825,-39.8375,3.));
#13762=CARTESIAN_POINT('Origin',(117.325,-39.8375,3.));
#13763=CARTESIAN_POINT('',(116.825,-26.8375,3.));
#13764=CARTESIAN_POINT('',(126.35,-45.8875,3.));
#13765=CARTESIAN_POINT('',(126.85,-45.3875,3.));
#13766=CARTESIAN_POINT('Origin',(126.85,-45.8875,3.));
#13767=CARTESIAN_POINT('',(139.85,-45.3875,3.));
#13768=CARTESIAN_POINT('',(126.85,-45.3875,3.));
#13769=CARTESIAN_POINT('',(140.35,-45.8875,3.));
#13770=CARTESIAN_POINT('Origin',(139.85,-45.8875,3.));
#13771=CARTESIAN_POINT('',(140.35,-58.8875,3.));
#13772=CARTESIAN_POINT('',(140.35,-45.8875,3.));
#13773=CARTESIAN_POINT('',(139.85,-59.3875,3.));
#13774=CARTESIAN_POINT('Origin',(139.85,-58.8875,3.));
#13775=CARTESIAN_POINT('',(126.85,-59.3875,3.));
#13776=CARTESIAN_POINT('',(126.85,-59.3875,3.));
#13777=CARTESIAN_POINT('',(126.35,-58.8875,3.));
#13778=CARTESIAN_POINT('Origin',(126.85,-58.8875,3.));
#13779=CARTESIAN_POINT('',(126.35,-45.8875,3.));
#13780=CARTESIAN_POINT('',(54.9125,-64.9375,3.));
#13781=CARTESIAN_POINT('',(55.4125,-64.4375,3.));
#13782=CARTESIAN_POINT('Origin',(55.4125,-64.9375,3.));
#13783=CARTESIAN_POINT('',(68.4125,-64.4375,3.));
#13784=CARTESIAN_POINT('',(55.4125,-64.4375,3.));
#13785=CARTESIAN_POINT('',(68.9125,-64.9375,3.));
#13786=CARTESIAN_POINT('Origin',(68.4125,-64.9375,3.));
#13787=CARTESIAN_POINT('',(68.9125,-77.9375,3.));
#13788=CARTESIAN_POINT('',(68.9125,-64.9375,3.));
#13789=CARTESIAN_POINT('',(68.4125,-78.4375,3.));
#13790=CARTESIAN_POINT('Origin',(68.4125,-77.9375,3.));
#13791=CARTESIAN_POINT('',(55.4125,-78.4375,3.));
#13792=CARTESIAN_POINT('',(55.4125,-78.4375,3.));
#13793=CARTESIAN_POINT('',(54.9125,-77.9375,3.));
#13794=CARTESIAN_POINT('Origin',(55.4125,-77.9375,3.));
#13795=CARTESIAN_POINT('',(54.9125,-64.9375,3.));
#13796=CARTESIAN_POINT('',(73.9625,-64.9375,3.));
#13797=CARTESIAN_POINT('',(74.4625,-64.4375,3.));
#13798=CARTESIAN_POINT('Origin',(74.4625,-64.9375,3.));
#13799=CARTESIAN_POINT('',(87.4625,-64.4375,3.));
#13800=CARTESIAN_POINT('',(74.4625,-64.4375,3.));
#13801=CARTESIAN_POINT('',(87.9625,-64.9375,3.));
#13802=CARTESIAN_POINT('Origin',(87.4625,-64.9375,3.));
#13803=CARTESIAN_POINT('',(87.9625,-77.9375,3.));
#13804=CARTESIAN_POINT('',(87.9625,-64.9375,3.));
#13805=CARTESIAN_POINT('',(87.4625,-78.4375,3.));
#13806=CARTESIAN_POINT('Origin',(87.4625,-77.9375,3.));
#13807=CARTESIAN_POINT('',(74.4625,-78.4375,3.));
#13808=CARTESIAN_POINT('',(74.4625,-78.4375,3.));
#13809=CARTESIAN_POINT('',(73.9625,-77.9375,3.));
#13810=CARTESIAN_POINT('Origin',(74.4625,-77.9375,3.));
#13811=CARTESIAN_POINT('',(73.9625,-64.9375,3.));
#13812=CARTESIAN_POINT('',(35.8625,-3.025,3.));
#13813=CARTESIAN_POINT('',(36.3625,-2.525,3.));
#13814=CARTESIAN_POINT('Origin',(36.3625,-3.025,3.));
#13815=CARTESIAN_POINT('',(49.3625,-2.525,3.));
#13816=CARTESIAN_POINT('',(36.3625,-2.525,3.));
#13817=CARTESIAN_POINT('',(49.8625,-3.025,3.));
#13818=CARTESIAN_POINT('Origin',(49.3625,-3.025,3.));
#13819=CARTESIAN_POINT('',(49.8625,-16.025,3.));
#13820=CARTESIAN_POINT('',(49.8625,-3.025,3.));
#13821=CARTESIAN_POINT('',(49.3625,-16.525,3.));
#13822=CARTESIAN_POINT('Origin',(49.3625,-16.025,3.));
#13823=CARTESIAN_POINT('',(36.3625,-16.525,3.));
#13824=CARTESIAN_POINT('',(36.3625,-16.525,3.));
#13825=CARTESIAN_POINT('',(35.8625,-16.025,3.));
#13826=CARTESIAN_POINT('Origin',(36.3625,-16.025,3.));
#13827=CARTESIAN_POINT('',(35.8625,-3.025,3.));
#13828=CARTESIAN_POINT('',(135.875,-26.8375,3.));
#13829=CARTESIAN_POINT('',(136.375,-26.3375,3.));
#13830=CARTESIAN_POINT('Origin',(136.375,-26.8375,3.));
#13831=CARTESIAN_POINT('',(149.375,-26.3375,3.));
#13832=CARTESIAN_POINT('',(136.375,-26.3375,3.));
#13833=CARTESIAN_POINT('',(149.875,-26.8375,3.));
#13834=CARTESIAN_POINT('Origin',(149.375,-26.8375,3.));
#13835=CARTESIAN_POINT('',(149.875,-39.8375,3.));
#13836=CARTESIAN_POINT('',(149.875,-26.8375,3.));
#13837=CARTESIAN_POINT('',(149.375,-40.3375,3.));
#13838=CARTESIAN_POINT('Origin',(149.375,-39.8375,3.));
#13839=CARTESIAN_POINT('',(136.375,-40.3375,3.));
#13840=CARTESIAN_POINT('',(136.375,-40.3375,3.));
#13841=CARTESIAN_POINT('',(135.875,-39.8375,3.));
#13842=CARTESIAN_POINT('Origin',(136.375,-39.8375,3.));
#13843=CARTESIAN_POINT('',(135.875,-26.8375,3.));
#13844=CARTESIAN_POINT('',(7.2875,-45.8875,3.));
#13845=CARTESIAN_POINT('',(7.7875,-45.3875,3.));
#13846=CARTESIAN_POINT('Origin',(7.7875,-45.8875,3.));
#13847=CARTESIAN_POINT('',(20.7875,-45.3875,3.));
#13848=CARTESIAN_POINT('',(7.7875,-45.3875,3.));
#13849=CARTESIAN_POINT('',(21.2875,-45.8875,3.));
#13850=CARTESIAN_POINT('Origin',(20.7875,-45.8875,3.));
#13851=CARTESIAN_POINT('',(21.2875,-58.8875,3.));
#13852=CARTESIAN_POINT('',(21.2875,-45.8875,3.));
#13853=CARTESIAN_POINT('',(20.7875,-59.3875,3.));
#13854=CARTESIAN_POINT('Origin',(20.7875,-58.8875,3.));
#13855=CARTESIAN_POINT('',(7.7875,-59.3875,3.));
#13856=CARTESIAN_POINT('',(7.7875,-59.3875,3.));
#13857=CARTESIAN_POINT('',(7.2875,-58.8875,3.));
#13858=CARTESIAN_POINT('Origin',(7.7875,-58.8875,3.));
#13859=CARTESIAN_POINT('',(7.2875,-45.8875,3.));
#13860=CARTESIAN_POINT('',(93.0125,-64.9375,3.));
#13861=CARTESIAN_POINT('',(93.5125,-64.4375,3.));
#13862=CARTESIAN_POINT('Origin',(93.5125,-64.9375,3.));
#13863=CARTESIAN_POINT('',(106.5125,-64.4375,3.));
#13864=CARTESIAN_POINT('',(93.5125,-64.4375,3.));
#13865=CARTESIAN_POINT('',(107.0125,-64.9375,3.));
#13866=CARTESIAN_POINT('Origin',(106.5125,-64.9375,3.));
#13867=CARTESIAN_POINT('',(107.0125,-77.9375,3.));
#13868=CARTESIAN_POINT('',(107.0125,-64.9375,3.));
#13869=CARTESIAN_POINT('',(106.5125,-78.4375,3.));
#13870=CARTESIAN_POINT('Origin',(106.5125,-77.9375,3.));
#13871=CARTESIAN_POINT('',(93.5125,-78.4375,3.));
#13872=CARTESIAN_POINT('',(93.5125,-78.4375,3.));
#13873=CARTESIAN_POINT('',(93.0125,-77.9375,3.));
#13874=CARTESIAN_POINT('Origin',(93.5125,-77.9375,3.));
#13875=CARTESIAN_POINT('',(93.0125,-64.9375,3.));
#13876=CARTESIAN_POINT('',(35.8625,-64.9375,3.));
#13877=CARTESIAN_POINT('',(36.3625,-64.4375,3.));
#13878=CARTESIAN_POINT('Origin',(36.3625,-64.9375,3.));
#13879=CARTESIAN_POINT('',(49.3625,-64.4375,3.));
#13880=CARTESIAN_POINT('',(36.3625,-64.4375,3.));
#13881=CARTESIAN_POINT('',(49.8625,-64.9375,3.));
#13882=CARTESIAN_POINT('Origin',(49.3625,-64.9375,3.));
#13883=CARTESIAN_POINT('',(49.8625,-77.9375,3.));
#13884=CARTESIAN_POINT('',(49.8625,-64.9375,3.));
#13885=CARTESIAN_POINT('',(49.3625,-78.4375,3.));
#13886=CARTESIAN_POINT('Origin',(49.3625,-77.9375,3.));
#13887=CARTESIAN_POINT('',(36.3625,-78.4375,3.));
#13888=CARTESIAN_POINT('',(36.3625,-78.4375,3.));
#13889=CARTESIAN_POINT('',(35.8625,-77.9375,3.));
#13890=CARTESIAN_POINT('Origin',(36.3625,-77.9375,3.));
#13891=CARTESIAN_POINT('',(35.8625,-64.9375,3.));
#13892=CARTESIAN_POINT('',(131.1125,-64.9375,3.));
#13893=CARTESIAN_POINT('',(131.6125,-64.4375,3.));
#13894=CARTESIAN_POINT('Origin',(131.6125,-64.9375,3.));
#13895=CARTESIAN_POINT('',(144.6125,-64.4375,3.));
#13896=CARTESIAN_POINT('',(131.6125,-64.4375,3.));
#13897=CARTESIAN_POINT('',(145.1125,-64.9375,3.));
#13898=CARTESIAN_POINT('Origin',(144.6125,-64.9375,3.));
#13899=CARTESIAN_POINT('',(145.1125,-77.9375,3.));
#13900=CARTESIAN_POINT('',(145.1125,-64.9375,3.));
#13901=CARTESIAN_POINT('',(144.6125,-78.4375,3.));
#13902=CARTESIAN_POINT('Origin',(144.6125,-77.9375,3.));
#13903=CARTESIAN_POINT('',(131.6125,-78.4375,3.));
#13904=CARTESIAN_POINT('',(131.6125,-78.4375,3.));
#13905=CARTESIAN_POINT('',(131.1125,-77.9375,3.));
#13906=CARTESIAN_POINT('Origin',(131.6125,-77.9375,3.));
#13907=CARTESIAN_POINT('',(131.1125,-64.9375,3.));
#13908=CARTESIAN_POINT('',(28.71875,-103.0375,3.));
#13909=CARTESIAN_POINT('',(29.21875,-102.5375,3.));
#13910=CARTESIAN_POINT('Origin',(29.21875,-103.0375,3.));
#13911=CARTESIAN_POINT('',(42.21875,-102.5375,3.));
#13912=CARTESIAN_POINT('',(29.21875,-102.5375,3.));
#13913=CARTESIAN_POINT('',(42.71875,-103.0375,3.));
#13914=CARTESIAN_POINT('Origin',(42.21875,-103.0375,3.));
#13915=CARTESIAN_POINT('',(42.71875,-116.0375,3.));
#13916=CARTESIAN_POINT('',(42.71875,-103.0375,3.));
#13917=CARTESIAN_POINT('',(42.21875,-116.5375,3.));
#13918=CARTESIAN_POINT('Origin',(42.21875,-116.0375,3.));
#13919=CARTESIAN_POINT('',(29.21875,-116.5375,3.));
#13920=CARTESIAN_POINT('',(29.21875,-116.5375,3.));
#13921=CARTESIAN_POINT('',(28.71875,-116.0375,3.));
#13922=CARTESIAN_POINT('Origin',(29.21875,-116.0375,3.));
#13923=CARTESIAN_POINT('',(28.71875,-103.0375,3.));
#13924=CARTESIAN_POINT('',(31.1,-45.8875,3.));
#13925=CARTESIAN_POINT('',(31.6,-45.3875,3.));
#13926=CARTESIAN_POINT('Origin',(31.6,-45.8875,3.));
#13927=CARTESIAN_POINT('',(44.6,-45.3875,3.));
#13928=CARTESIAN_POINT('',(31.6,-45.3875,3.));
#13929=CARTESIAN_POINT('',(45.1,-45.8875,3.));
#13930=CARTESIAN_POINT('Origin',(44.6,-45.8875,3.));
#13931=CARTESIAN_POINT('',(45.1,-58.8875,3.));
#13932=CARTESIAN_POINT('',(45.1,-45.8875,3.));
#13933=CARTESIAN_POINT('',(44.6,-59.3875,3.));
#13934=CARTESIAN_POINT('Origin',(44.6,-58.8875,3.));
#13935=CARTESIAN_POINT('',(31.6,-59.3875,3.));
#13936=CARTESIAN_POINT('',(31.6,-59.3875,3.));
#13937=CARTESIAN_POINT('',(31.1,-58.8875,3.));
#13938=CARTESIAN_POINT('Origin',(31.6,-58.8875,3.));
#13939=CARTESIAN_POINT('',(31.1,-45.8875,3.));
#13940=CARTESIAN_POINT('',(59.675,-26.8375,3.));
#13941=CARTESIAN_POINT('',(60.175,-26.3375,3.));
#13942=CARTESIAN_POINT('Origin',(60.175,-26.8375,3.));
#13943=CARTESIAN_POINT('',(73.175,-26.3375,3.));
#13944=CARTESIAN_POINT('',(60.175,-26.3375,3.));
#13945=CARTESIAN_POINT('',(73.675,-26.8375,3.));
#13946=CARTESIAN_POINT('Origin',(73.175,-26.8375,3.));
#13947=CARTESIAN_POINT('',(73.675,-39.8375,3.));
#13948=CARTESIAN_POINT('',(73.675,-26.8375,3.));
#13949=CARTESIAN_POINT('',(73.175,-40.3375,3.));
#13950=CARTESIAN_POINT('Origin',(73.175,-39.8375,3.));
#13951=CARTESIAN_POINT('',(60.175,-40.3375,3.));
#13952=CARTESIAN_POINT('',(60.175,-40.3375,3.));
#13953=CARTESIAN_POINT('',(59.675,-39.8375,3.));
#13954=CARTESIAN_POINT('Origin',(60.175,-39.8375,3.));
#13955=CARTESIAN_POINT('',(59.675,-26.8375,3.));
#13956=CARTESIAN_POINT('',(2.525,-26.8375,3.));
#13957=CARTESIAN_POINT('',(3.025,-26.3375,3.));
#13958=CARTESIAN_POINT('Origin',(3.025,-26.8375,3.));
#13959=CARTESIAN_POINT('',(16.025,-26.3375,3.));
#13960=CARTESIAN_POINT('',(3.025,-26.3375,3.));
#13961=CARTESIAN_POINT('',(16.525,-26.8375,3.));
#13962=CARTESIAN_POINT('Origin',(16.025,-26.8375,3.));
#13963=CARTESIAN_POINT('',(16.525,-39.8375,3.));
#13964=CARTESIAN_POINT('',(16.525,-26.8375,3.));
#13965=CARTESIAN_POINT('',(16.025,-40.3375,3.));
#13966=CARTESIAN_POINT('Origin',(16.025,-39.8375,3.));
#13967=CARTESIAN_POINT('',(3.025,-40.3375,3.));
#13968=CARTESIAN_POINT('',(3.025,-40.3375,3.));
#13969=CARTESIAN_POINT('',(2.525,-39.8375,3.));
#13970=CARTESIAN_POINT('Origin',(3.025,-39.8375,3.));
#13971=CARTESIAN_POINT('',(2.525,-26.8375,3.));
#13972=CARTESIAN_POINT('Origin',(181.90385,-111.8375,0.));
#13973=CARTESIAN_POINT('',(142.73125,-111.8375,0.));
#13974=CARTESIAN_POINT('Origin',(26.,-125.199631890492,0.));
#13975=CARTESIAN_POINT('',(26.,-130.199631890492,0.));
#13976=CARTESIAN_POINT('',(26.,-130.199631890492,0.));
#13977=CARTESIAN_POINT('',(31.,-125.199631890492,0.));
#13978=CARTESIAN_POINT('Origin',(26.,-125.199631890492,0.));
#13979=CARTESIAN_POINT('',(31.,-125.199631890492,0.));
#13980=CARTESIAN_POINT('Origin',(31.,-130.199631890492,0.));
#13981=CARTESIAN_POINT('',(31.,-123.199631890492,0.));
#13982=CARTESIAN_POINT('',(31.,-123.199631890492,0.));
#13983=CARTESIAN_POINT('',(31.,-123.199631890492,0.));
#13984=CARTESIAN_POINT('Origin',(152.4,-60.0998159452462,0.));
#13985=CARTESIAN_POINT('',(107.4,-130.199631890492,0.));
#13986=CARTESIAN_POINT('',(308.8,-130.199631890492,0.));
#13987=CARTESIAN_POINT('',(102.4,-125.199631890492,0.));
#13988=CARTESIAN_POINT('Origin',(107.4,-125.199631890492,0.));
#13989=CARTESIAN_POINT('',(102.4,-123.199631890492,0.));
#13990=CARTESIAN_POINT('',(102.4,-130.199631890492,0.));
#13991=CARTESIAN_POINT('',(102.4,-123.199631890492,0.));
#13992=CARTESIAN_POINT('',(1.00000000000001,-130.199631890492,0.));
#13993=CARTESIAN_POINT('',(308.8,-130.199631890492,0.));
#13994=CARTESIAN_POINT('',(-4.,-125.199631890492,0.));
#13995=CARTESIAN_POINT('Origin',(1.,-125.199631890492,0.));
#13996=CARTESIAN_POINT('',(-4.,5.,0.));
#13997=CARTESIAN_POINT('',(-4.,-130.199631890492,0.));
#13998=CARTESIAN_POINT('',(1.,10.,0.));
#13999=CARTESIAN_POINT('Origin',(1.,5.,0.));
#14000=CARTESIAN_POINT('',(26.,10.,0.));
#14001=CARTESIAN_POINT('',(-4.,10.,0.));
#14002=CARTESIAN_POINT('',(31.,5.,0.));
#14003=CARTESIAN_POINT('Origin',(26.,5.,0.));
#14004=CARTESIAN_POINT('',(31.,3.,0.));
#14005=CARTESIAN_POINT('',(31.,3.,0.));
#14006=CARTESIAN_POINT('',(102.4,3.,0.));
#14007=CARTESIAN_POINT('',(102.4,3.,0.));
#14008=CARTESIAN_POINT('',(102.4,5.,0.));
#14009=CARTESIAN_POINT('',(102.4,10.,0.));
#14010=CARTESIAN_POINT('',(107.4,10.,0.));
#14011=CARTESIAN_POINT('Origin',(107.4,5.,0.));
#14012=CARTESIAN_POINT('',(-4.,10.,0.));
#14013=CARTESIAN_POINT('',(97.775,-26.8375,0.));
#14014=CARTESIAN_POINT('',(98.275,-26.3375,0.));
#14015=CARTESIAN_POINT('Origin',(98.275,-26.8375,0.));
#14016=CARTESIAN_POINT('',(97.775,-39.8375,0.));
#14017=CARTESIAN_POINT('',(97.775,-26.8375,0.));
#14018=CARTESIAN_POINT('',(98.275,-40.3375,0.));
#14019=CARTESIAN_POINT('Origin',(98.275,-39.8375,0.));
#14020=CARTESIAN_POINT('',(111.275,-40.3375,0.));
#14021=CARTESIAN_POINT('',(98.275,-40.3375,0.));
#14022=CARTESIAN_POINT('',(111.775,-39.8375,0.));
#14023=CARTESIAN_POINT('Origin',(111.275,-39.8375,0.));
#14024=CARTESIAN_POINT('',(111.775,-26.8375,0.));
#14025=CARTESIAN_POINT('',(111.775,-26.8375,0.));
#14026=CARTESIAN_POINT('',(111.275,-26.3375,0.));
#14027=CARTESIAN_POINT('Origin',(111.275,-26.8375,0.));
#14028=CARTESIAN_POINT('',(98.275,-26.3375,0.));
#14029=CARTESIAN_POINT('',(69.2,-45.8875,0.));
#14030=CARTESIAN_POINT('',(69.7,-45.3875,0.));
#14031=CARTESIAN_POINT('Origin',(69.7,-45.8875,0.));
#14032=CARTESIAN_POINT('',(69.2,-58.8875,0.));
#14033=CARTESIAN_POINT('',(69.2,-45.8875,0.));
#14034=CARTESIAN_POINT('',(69.7,-59.3875,0.));
#14035=CARTESIAN_POINT('Origin',(69.7,-58.8875,0.));
#14036=CARTESIAN_POINT('',(82.7,-59.3875,0.));
#14037=CARTESIAN_POINT('',(69.7,-59.3875,0.));
#14038=CARTESIAN_POINT('',(83.2,-58.8875,0.));
#14039=CARTESIAN_POINT('Origin',(82.7,-58.8875,0.));
#14040=CARTESIAN_POINT('',(83.2,-45.8875,0.));
#14041=CARTESIAN_POINT('',(83.2,-45.8875,0.));
#14042=CARTESIAN_POINT('',(82.7,-45.3875,0.));
#14043=CARTESIAN_POINT('Origin',(82.7,-45.8875,0.));
#14044=CARTESIAN_POINT('',(69.7,-45.3875,0.));
#14045=CARTESIAN_POINT('',(140.6375,-83.9875,0.));
#14046=CARTESIAN_POINT('',(141.1375,-83.4875,0.));
#14047=CARTESIAN_POINT('Origin',(141.1375,-83.9875,0.));
#14048=CARTESIAN_POINT('',(140.6375,-96.9875,0.));
#14049=CARTESIAN_POINT('',(140.6375,-83.9875,0.));
#14050=CARTESIAN_POINT('',(141.1375,-97.4875,0.));
#14051=CARTESIAN_POINT('Origin',(141.1375,-96.9875,0.));
#14052=CARTESIAN_POINT('',(154.1375,-97.4875,0.));
#14053=CARTESIAN_POINT('',(141.1375,-97.4875,0.));
#14054=CARTESIAN_POINT('',(154.6375,-96.9875,0.));
#14055=CARTESIAN_POINT('Origin',(154.1375,-96.9875,0.));
#14056=CARTESIAN_POINT('',(154.6375,-83.9875,0.));
#14057=CARTESIAN_POINT('',(154.6375,-83.9875,0.));
#14058=CARTESIAN_POINT('',(154.1375,-83.4875,0.));
#14059=CARTESIAN_POINT('Origin',(154.1375,-83.9875,0.));
#14060=CARTESIAN_POINT('',(141.1375,-83.4875,0.));
#14061=CARTESIAN_POINT('',(50.15,-45.8875,0.));
#14062=CARTESIAN_POINT('',(50.65,-45.3875,0.));
#14063=CARTESIAN_POINT('Origin',(50.65,-45.8875,0.));
#14064=CARTESIAN_POINT('',(50.15,-58.8875,0.));
#14065=CARTESIAN_POINT('',(50.15,-45.8875,0.));
#14066=CARTESIAN_POINT('',(50.65,-59.3875,0.));
#14067=CARTESIAN_POINT('Origin',(50.65,-58.8875,0.));
#14068=CARTESIAN_POINT('',(63.65,-59.3875,0.));
#14069=CARTESIAN_POINT('',(50.65,-59.3875,0.));
#14070=CARTESIAN_POINT('',(64.15,-58.8875,0.));
#14071=CARTESIAN_POINT('Origin',(63.65,-58.8875,0.));
#14072=CARTESIAN_POINT('',(64.15,-45.8875,0.));
#14073=CARTESIAN_POINT('',(64.15,-45.8875,0.));
#14074=CARTESIAN_POINT('',(63.65,-45.3875,0.));
#14075=CARTESIAN_POINT('Origin',(63.65,-45.8875,0.));
#14076=CARTESIAN_POINT('',(50.65,-45.3875,0.));
#14077=CARTESIAN_POINT('',(9.66875,-64.9375,0.));
#14078=CARTESIAN_POINT('',(10.16875,-64.4375,0.));
#14079=CARTESIAN_POINT('Origin',(10.16875,-64.9375,0.));
#14080=CARTESIAN_POINT('',(9.66875,-77.9375,0.));
#14081=CARTESIAN_POINT('',(9.66875,-64.9375,0.));
#14082=CARTESIAN_POINT('',(10.16875,-78.4375,0.));
#14083=CARTESIAN_POINT('Origin',(10.16875,-77.9375,0.));
#14084=CARTESIAN_POINT('',(23.16875,-78.4375,0.));
#14085=CARTESIAN_POINT('',(10.16875,-78.4375,0.));
#14086=CARTESIAN_POINT('',(23.66875,-77.9375,0.));
#14087=CARTESIAN_POINT('Origin',(23.16875,-77.9375,0.));
#14088=CARTESIAN_POINT('',(23.66875,-64.9375,0.));
#14089=CARTESIAN_POINT('',(23.66875,-64.9375,0.));
#14090=CARTESIAN_POINT('',(23.16875,-64.4375,0.));
#14091=CARTESIAN_POINT('Origin',(23.16875,-64.9375,0.));
#14092=CARTESIAN_POINT('',(10.16875,-64.4375,0.));
#14093=CARTESIAN_POINT('',(102.5375,-83.9875,0.));
#14094=CARTESIAN_POINT('',(103.0375,-83.4875,0.));
#14095=CARTESIAN_POINT('Origin',(103.0375,-83.9875,0.));
#14096=CARTESIAN_POINT('',(102.5375,-96.9875,0.));
#14097=CARTESIAN_POINT('',(102.5375,-83.9875,0.));
#14098=CARTESIAN_POINT('',(103.0375,-97.4875,0.));
#14099=CARTESIAN_POINT('Origin',(103.0375,-96.9875,0.));
#14100=CARTESIAN_POINT('',(116.0375,-97.4875,0.));
#14101=CARTESIAN_POINT('',(103.0375,-97.4875,0.));
#14102=CARTESIAN_POINT('',(116.5375,-96.9875,0.));
#14103=CARTESIAN_POINT('Origin',(116.0375,-96.9875,0.));
#14104=CARTESIAN_POINT('',(116.5375,-83.9875,0.));
#14105=CARTESIAN_POINT('',(116.5375,-83.9875,0.));
#14106=CARTESIAN_POINT('',(116.0375,-83.4875,0.));
#14107=CARTESIAN_POINT('Origin',(116.0375,-83.9875,0.));
#14108=CARTESIAN_POINT('',(103.0375,-83.4875,0.));
#14109=CARTESIAN_POINT('',(121.5875,-83.9875,0.));
#14110=CARTESIAN_POINT('',(122.0875,-83.4875,0.));
#14111=CARTESIAN_POINT('Origin',(122.0875,-83.9875,0.));
#14112=CARTESIAN_POINT('',(121.5875,-96.9875,0.));
#14113=CARTESIAN_POINT('',(121.5875,-83.9875,0.));
#14114=CARTESIAN_POINT('',(122.0875,-97.4875,0.));
#14115=CARTESIAN_POINT('Origin',(122.0875,-96.9875,0.));
#14116=CARTESIAN_POINT('',(135.0875,-97.4875,0.));
#14117=CARTESIAN_POINT('',(122.0875,-97.4875,0.));
#14118=CARTESIAN_POINT('',(135.5875,-96.9875,0.));
#14119=CARTESIAN_POINT('Origin',(135.0875,-96.9875,0.));
#14120=CARTESIAN_POINT('',(135.5875,-83.9875,0.));
#14121=CARTESIAN_POINT('',(135.5875,-83.9875,0.));
#14122=CARTESIAN_POINT('',(135.0875,-83.4875,0.));
#14123=CARTESIAN_POINT('Origin',(135.0875,-83.9875,0.));
#14124=CARTESIAN_POINT('',(122.0875,-83.4875,0.));
#14125=CARTESIAN_POINT('',(112.0625,-64.9375,0.));
#14126=CARTESIAN_POINT('',(112.5625,-64.4375,0.));
#14127=CARTESIAN_POINT('Origin',(112.5625,-64.9375,0.));
#14128=CARTESIAN_POINT('',(112.0625,-77.9375,0.));
#14129=CARTESIAN_POINT('',(112.0625,-64.9375,0.));
#14130=CARTESIAN_POINT('',(112.5625,-78.4375,0.));
#14131=CARTESIAN_POINT('Origin',(112.5625,-77.9375,0.));
#14132=CARTESIAN_POINT('',(125.5625,-78.4375,0.));
#14133=CARTESIAN_POINT('',(112.5625,-78.4375,0.));
#14134=CARTESIAN_POINT('',(126.0625,-77.9375,0.));
#14135=CARTESIAN_POINT('Origin',(125.5625,-77.9375,0.));
#14136=CARTESIAN_POINT('',(126.0625,-64.9375,0.));
#14137=CARTESIAN_POINT('',(126.0625,-64.9375,0.));
#14138=CARTESIAN_POINT('',(125.5625,-64.4375,0.));
#14139=CARTESIAN_POINT('Origin',(125.5625,-64.9375,0.));
#14140=CARTESIAN_POINT('',(112.5625,-64.4375,0.));
#14141=CARTESIAN_POINT('',(40.625,-26.8375,0.));
#14142=CARTESIAN_POINT('',(41.125,-26.3375,0.));
#14143=CARTESIAN_POINT('Origin',(41.125,-26.8375,0.));
#14144=CARTESIAN_POINT('',(40.625,-39.8375,0.));
#14145=CARTESIAN_POINT('',(40.625,-26.8375,0.));
#14146=CARTESIAN_POINT('',(41.125,-40.3375,0.));
#14147=CARTESIAN_POINT('Origin',(41.125,-39.8375,0.));
#14148=CARTESIAN_POINT('',(54.125,-40.3375,0.));
#14149=CARTESIAN_POINT('',(41.125,-40.3375,0.));
#14150=CARTESIAN_POINT('',(54.625,-39.8375,0.));
#14151=CARTESIAN_POINT('Origin',(54.125,-39.8375,0.));
#14152=CARTESIAN_POINT('',(54.625,-26.8375,0.));
#14153=CARTESIAN_POINT('',(54.625,-26.8375,0.));
#14154=CARTESIAN_POINT('',(54.125,-26.3375,0.));
#14155=CARTESIAN_POINT('Origin',(54.125,-26.8375,0.));
#14156=CARTESIAN_POINT('',(41.125,-26.3375,0.));
#14157=CARTESIAN_POINT('',(121.5875,-3.025,0.));
#14158=CARTESIAN_POINT('',(122.0875,-2.525,0.));
#14159=CARTESIAN_POINT('Origin',(122.0875,-3.025,0.));
#14160=CARTESIAN_POINT('',(121.5875,-16.025,0.));
#14161=CARTESIAN_POINT('',(121.5875,-3.025,0.));
#14162=CARTESIAN_POINT('',(122.0875,-16.525,0.));
#14163=CARTESIAN_POINT('Origin',(122.0875,-16.025,0.));
#14164=CARTESIAN_POINT('',(135.0875,-16.525,0.));
#14165=CARTESIAN_POINT('',(122.0875,-16.525,0.));
#14166=CARTESIAN_POINT('',(135.5875,-16.025,0.));
#14167=CARTESIAN_POINT('Origin',(135.0875,-16.025,0.));
#14168=CARTESIAN_POINT('',(135.5875,-3.025,0.));
#14169=CARTESIAN_POINT('',(135.5875,-3.025,0.));
#14170=CARTESIAN_POINT('',(135.0875,-2.52499999999999,0.));
#14171=CARTESIAN_POINT('Origin',(135.0875,-3.025,0.));
#14172=CARTESIAN_POINT('',(122.0875,-2.525,0.));
#14173=CARTESIAN_POINT('',(4.90624999999999,-103.0375,0.));
#14174=CARTESIAN_POINT('',(5.40625,-102.5375,0.));
#14175=CARTESIAN_POINT('Origin',(5.40625,-103.0375,0.));
#14176=CARTESIAN_POINT('',(4.90625,-116.0375,0.));
#14177=CARTESIAN_POINT('',(4.90625,-103.0375,0.));
#14178=CARTESIAN_POINT('',(5.40625,-116.5375,0.));
#14179=CARTESIAN_POINT('Origin',(5.40625,-116.0375,0.));
#14180=CARTESIAN_POINT('',(18.40625,-116.5375,0.));
#14181=CARTESIAN_POINT('',(5.40625,-116.5375,0.));
#14182=CARTESIAN_POINT('',(18.90625,-116.0375,0.));
#14183=CARTESIAN_POINT('Origin',(18.40625,-116.0375,0.));
#14184=CARTESIAN_POINT('',(18.90625,-103.0375,0.));
#14185=CARTESIAN_POINT('',(18.90625,-103.0375,0.));
#14186=CARTESIAN_POINT('',(18.40625,-102.5375,0.));
#14187=CARTESIAN_POINT('Origin',(18.40625,-103.0375,0.));
#14188=CARTESIAN_POINT('',(5.40625,-102.5375,0.));
#14189=CARTESIAN_POINT('',(64.4375,-83.9875,0.));
#14190=CARTESIAN_POINT('',(64.9375,-83.4875,0.));
#14191=CARTESIAN_POINT('Origin',(64.9375,-83.9875,0.));
#14192=CARTESIAN_POINT('',(64.4375,-96.9875,0.));
#14193=CARTESIAN_POINT('',(64.4375,-83.9875,0.));
#14194=CARTESIAN_POINT('',(64.9375,-97.4875,0.));
#14195=CARTESIAN_POINT('Origin',(64.9375,-96.9875,0.));
#14196=CARTESIAN_POINT('',(77.9375,-97.4875,0.));
#14197=CARTESIAN_POINT('',(64.9375,-97.4875,0.));
#14198=CARTESIAN_POINT('',(78.4375,-96.9875,0.));
#14199=CARTESIAN_POINT('Origin',(77.9375,-96.9875,0.));
#14200=CARTESIAN_POINT('',(78.4375,-83.9875,0.));
#14201=CARTESIAN_POINT('',(78.4375,-83.9875,0.));
#14202=CARTESIAN_POINT('',(77.9375,-83.4875,0.));
#14203=CARTESIAN_POINT('Origin',(77.9375,-83.9875,0.));
#14204=CARTESIAN_POINT('',(64.9375,-83.4875,0.));
#14205=CARTESIAN_POINT('',(83.4875,-83.9875,0.));
#14206=CARTESIAN_POINT('',(83.9875,-83.4875,0.));
#14207=CARTESIAN_POINT('Origin',(83.9875,-83.9875,0.));
#14208=CARTESIAN_POINT('',(83.4875,-96.9875,0.));
#14209=CARTESIAN_POINT('',(83.4875,-83.9875,0.));
#14210=CARTESIAN_POINT('',(83.9875,-97.4875,0.));
#14211=CARTESIAN_POINT('Origin',(83.9875,-96.9875,0.));
#14212=CARTESIAN_POINT('',(96.9875,-97.4875,0.));
#14213=CARTESIAN_POINT('',(83.9875,-97.4875,0.));
#14214=CARTESIAN_POINT('',(97.4875,-96.9875,0.));
#14215=CARTESIAN_POINT('Origin',(96.9875,-96.9875,0.));
#14216=CARTESIAN_POINT('',(97.4875,-83.9875,0.));
#14217=CARTESIAN_POINT('',(97.4875,-83.9875,0.));
#14218=CARTESIAN_POINT('',(96.9875,-83.4875,0.));
#14219=CARTESIAN_POINT('Origin',(96.9875,-83.9875,0.));
#14220=CARTESIAN_POINT('',(83.9875,-83.4875,0.));
#14221=CARTESIAN_POINT('',(45.3875,-83.9875,0.));
#14222=CARTESIAN_POINT('',(45.8875,-83.4875,0.));
#14223=CARTESIAN_POINT('Origin',(45.8875,-83.9875,0.));
#14224=CARTESIAN_POINT('',(45.3875,-96.9875,0.));
#14225=CARTESIAN_POINT('',(45.3875,-83.9875,0.));
#14226=CARTESIAN_POINT('',(45.8875,-97.4875,0.));
#14227=CARTESIAN_POINT('Origin',(45.8875,-96.9875,0.));
#14228=CARTESIAN_POINT('',(58.8875,-97.4875,0.));
#14229=CARTESIAN_POINT('',(45.8875,-97.4875,0.));
#14230=CARTESIAN_POINT('',(59.3875,-96.9875,0.));
#14231=CARTESIAN_POINT('Origin',(58.8875,-96.9875,0.));
#14232=CARTESIAN_POINT('',(59.3875,-83.9875,0.));
#14233=CARTESIAN_POINT('',(59.3875,-83.9875,0.));
#14234=CARTESIAN_POINT('',(58.8875,-83.4875,0.));
#14235=CARTESIAN_POINT('Origin',(58.8875,-83.9875,0.));
#14236=CARTESIAN_POINT('',(45.8875,-83.4875,0.));
#14237=CARTESIAN_POINT('',(88.25,-45.8875,0.));
#14238=CARTESIAN_POINT('',(88.75,-45.3875,0.));
#14239=CARTESIAN_POINT('Origin',(88.75,-45.8875,0.));
#14240=CARTESIAN_POINT('',(88.25,-58.8875,0.));
#14241=CARTESIAN_POINT('',(88.25,-45.8875,0.));
#14242=CARTESIAN_POINT('',(88.75,-59.3875,0.));
#14243=CARTESIAN_POINT('Origin',(88.75,-58.8875,0.));
#14244=CARTESIAN_POINT('',(101.75,-59.3875,0.));
#14245=CARTESIAN_POINT('',(88.75,-59.3875,0.));
#14246=CARTESIAN_POINT('',(102.25,-58.8875,0.));
#14247=CARTESIAN_POINT('Origin',(101.75,-58.8875,0.));
#14248=CARTESIAN_POINT('',(102.25,-45.8875,0.));
#14249=CARTESIAN_POINT('',(102.25,-45.8875,0.));
#14250=CARTESIAN_POINT('',(101.75,-45.3875,0.));
#14251=CARTESIAN_POINT('Origin',(101.75,-45.8875,0.));
#14252=CARTESIAN_POINT('',(88.75,-45.3875,0.));
#14253=CARTESIAN_POINT('',(21.575,-26.8375,0.));
#14254=CARTESIAN_POINT('',(22.075,-26.3375,0.));
#14255=CARTESIAN_POINT('Origin',(22.075,-26.8375,0.));
#14256=CARTESIAN_POINT('',(21.575,-39.8375,0.));
#14257=CARTESIAN_POINT('',(21.575,-26.8375,0.));
#14258=CARTESIAN_POINT('',(22.075,-40.3375,0.));
#14259=CARTESIAN_POINT('Origin',(22.075,-39.8375,0.));
#14260=CARTESIAN_POINT('',(35.075,-40.3375,0.));
#14261=CARTESIAN_POINT('',(22.075,-40.3375,0.));
#14262=CARTESIAN_POINT('',(35.575,-39.8375,0.));
#14263=CARTESIAN_POINT('Origin',(35.075,-39.8375,0.));
#14264=CARTESIAN_POINT('',(35.575,-26.8375,0.));
#14265=CARTESIAN_POINT('',(35.575,-26.8375,0.));
#14266=CARTESIAN_POINT('',(35.075,-26.3375,0.));
#14267=CARTESIAN_POINT('Origin',(35.075,-26.8375,0.));
#14268=CARTESIAN_POINT('',(22.075,-26.3375,0.));
#14269=CARTESIAN_POINT('',(54.9125,-103.0375,0.));
#14270=CARTESIAN_POINT('',(55.4125,-102.5375,0.));
#14271=CARTESIAN_POINT('Origin',(55.4125,-103.0375,0.));
#14272=CARTESIAN_POINT('',(54.9125,-116.0375,0.));
#14273=CARTESIAN_POINT('',(54.9125,-103.0375,0.));
#14274=CARTESIAN_POINT('',(55.4125,-116.5375,0.));
#14275=CARTESIAN_POINT('Origin',(55.4125,-116.0375,0.));
#14276=CARTESIAN_POINT('',(68.4125,-116.5375,0.));
#14277=CARTESIAN_POINT('',(55.4125,-116.5375,0.));
#14278=CARTESIAN_POINT('',(68.9125,-116.0375,0.));
#14279=CARTESIAN_POINT('Origin',(68.4125,-116.0375,0.));
#14280=CARTESIAN_POINT('',(68.9125,-103.0375,0.));
#14281=CARTESIAN_POINT('',(68.9125,-103.0375,0.));
#14282=CARTESIAN_POINT('',(68.4125,-102.5375,0.));
#14283=CARTESIAN_POINT('Origin',(68.4125,-103.0375,0.));
#14284=CARTESIAN_POINT('',(55.4125,-102.5375,0.));
#14285=CARTESIAN_POINT('',(78.725,-26.8375,0.));
#14286=CARTESIAN_POINT('',(79.225,-26.3375,0.));
#14287=CARTESIAN_POINT('Origin',(79.225,-26.8375,0.));
#14288=CARTESIAN_POINT('',(78.725,-39.8375,0.));
#14289=CARTESIAN_POINT('',(78.725,-26.8375,0.));
#14290=CARTESIAN_POINT('',(79.225,-40.3375,0.));
#14291=CARTESIAN_POINT('Origin',(79.225,-39.8375,0.));
#14292=CARTESIAN_POINT('',(92.225,-40.3375,0.));
#14293=CARTESIAN_POINT('',(79.225,-40.3375,0.));
#14294=CARTESIAN_POINT('',(92.725,-39.8375,0.));
#14295=CARTESIAN_POINT('Origin',(92.225,-39.8375,0.));
#14296=CARTESIAN_POINT('',(92.725,-26.8375,0.));
#14297=CARTESIAN_POINT('',(92.725,-26.8375,0.));
#14298=CARTESIAN_POINT('',(92.225,-26.3375,0.));
#14299=CARTESIAN_POINT('Origin',(92.225,-26.8375,0.));
#14300=CARTESIAN_POINT('',(79.225,-26.3375,0.));
#14301=CARTESIAN_POINT('',(140.6375,-3.025,0.));
#14302=CARTESIAN_POINT('',(141.1375,-2.525,0.));
#14303=CARTESIAN_POINT('Origin',(141.1375,-3.025,0.));
#14304=CARTESIAN_POINT('',(140.6375,-16.025,0.));
#14305=CARTESIAN_POINT('',(140.6375,-3.025,0.));
#14306=CARTESIAN_POINT('',(141.1375,-16.525,0.));
#14307=CARTESIAN_POINT('Origin',(141.1375,-16.025,0.));
#14308=CARTESIAN_POINT('',(154.1375,-16.525,0.));
#14309=CARTESIAN_POINT('',(141.1375,-16.525,0.));
#14310=CARTESIAN_POINT('',(154.6375,-16.025,0.));
#14311=CARTESIAN_POINT('Origin',(154.1375,-16.025,0.));
#14312=CARTESIAN_POINT('',(154.6375,-3.025,0.));
#14313=CARTESIAN_POINT('',(154.6375,-3.025,0.));
#14314=CARTESIAN_POINT('',(154.1375,-2.52500000000001,0.));
#14315=CARTESIAN_POINT('Origin',(154.1375,-3.025,0.));
#14316=CARTESIAN_POINT('',(141.1375,-2.525,0.));
#14317=CARTESIAN_POINT('',(2.525,-3.025,0.));
#14318=CARTESIAN_POINT('',(3.025,-2.525,0.));
#14319=CARTESIAN_POINT('Origin',(3.025,-3.025,0.));
#14320=CARTESIAN_POINT('',(2.525,-16.025,0.));
#14321=CARTESIAN_POINT('',(2.525,-3.025,0.));
#14322=CARTESIAN_POINT('',(3.025,-16.525,0.));
#14323=CARTESIAN_POINT('Origin',(3.025,-16.025,0.));
#14324=CARTESIAN_POINT('',(16.025,-16.525,0.));
#14325=CARTESIAN_POINT('',(3.025,-16.525,0.));
#14326=CARTESIAN_POINT('',(16.525,-16.025,0.));
#14327=CARTESIAN_POINT('Origin',(16.025,-16.025,0.));
#14328=CARTESIAN_POINT('',(16.525,-3.025,0.));
#14329=CARTESIAN_POINT('',(16.525,-3.025,0.));
#14330=CARTESIAN_POINT('',(16.025,-2.525,0.));
#14331=CARTESIAN_POINT('Origin',(16.025,-3.025,0.));
#14332=CARTESIAN_POINT('',(3.025,-2.525,0.));
#14333=CARTESIAN_POINT('',(73.9625,-3.025,0.));
#14334=CARTESIAN_POINT('',(74.4625,-2.525,0.));
#14335=CARTESIAN_POINT('Origin',(74.4625,-3.025,0.));
#14336=CARTESIAN_POINT('',(73.9625,-16.025,0.));
#14337=CARTESIAN_POINT('',(73.9625,-3.025,0.));
#14338=CARTESIAN_POINT('',(74.4625,-16.525,0.));
#14339=CARTESIAN_POINT('Origin',(74.4625,-16.025,0.));
#14340=CARTESIAN_POINT('',(87.4625,-16.525,0.));
#14341=CARTESIAN_POINT('',(74.4625,-16.525,0.));
#14342=CARTESIAN_POINT('',(87.9625,-16.025,0.));
#14343=CARTESIAN_POINT('Origin',(87.4625,-16.025,0.));
#14344=CARTESIAN_POINT('',(87.9625,-3.025,0.));
#14345=CARTESIAN_POINT('',(87.9625,-3.025,0.));
#14346=CARTESIAN_POINT('',(87.4625,-2.52500000000001,0.));
#14347=CARTESIAN_POINT('Origin',(87.4625,-3.025,0.));
#14348=CARTESIAN_POINT('',(74.4625,-2.525,0.));
#14349=CARTESIAN_POINT('',(93.0125,-3.025,0.));
#14350=CARTESIAN_POINT('',(93.5125,-2.525,0.));
#14351=CARTESIAN_POINT('Origin',(93.5125,-3.025,0.));
#14352=CARTESIAN_POINT('',(93.0125,-16.025,0.));
#14353=CARTESIAN_POINT('',(93.0125,-3.025,0.));
#14354=CARTESIAN_POINT('',(93.5125,-16.525,0.));
#14355=CARTESIAN_POINT('Origin',(93.5125,-16.025,0.));
#14356=CARTESIAN_POINT('',(106.5125,-16.525,0.));
#14357=CARTESIAN_POINT('',(93.5125,-16.525,0.));
#14358=CARTESIAN_POINT('',(107.0125,-16.025,0.));
#14359=CARTESIAN_POINT('Origin',(106.5125,-16.025,0.));
#14360=CARTESIAN_POINT('',(107.0125,-3.025,0.));
#14361=CARTESIAN_POINT('',(107.0125,-3.025,0.));
#14362=CARTESIAN_POINT('',(106.5125,-2.52499999999999,0.));
#14363=CARTESIAN_POINT('Origin',(106.5125,-3.025,0.));
#14364=CARTESIAN_POINT('',(93.5125,-2.525,0.));
#14365=CARTESIAN_POINT('',(145.4,-45.8875,0.));
#14366=CARTESIAN_POINT('',(145.9,-45.3875,0.));
#14367=CARTESIAN_POINT('Origin',(145.9,-45.8875,0.));
#14368=CARTESIAN_POINT('',(145.4,-58.8875,0.));
#14369=CARTESIAN_POINT('',(145.4,-45.8875,0.));
#14370=CARTESIAN_POINT('',(145.9,-59.3875,0.));
#14371=CARTESIAN_POINT('Origin',(145.9,-58.8875,0.));
#14372=CARTESIAN_POINT('',(158.9,-59.3875,0.));
#14373=CARTESIAN_POINT('',(145.9,-59.3875,0.));
#14374=CARTESIAN_POINT('',(159.4,-58.8875,0.));
#14375=CARTESIAN_POINT('Origin',(158.9,-58.8875,0.));
#14376=CARTESIAN_POINT('',(159.4,-45.8875,0.));
#14377=CARTESIAN_POINT('',(159.4,-45.8875,0.));
#14378=CARTESIAN_POINT('',(158.9,-45.3875,0.));
#14379=CARTESIAN_POINT('Origin',(158.9,-45.8875,0.));
#14380=CARTESIAN_POINT('',(145.9,-45.3875,0.));
#14381=CARTESIAN_POINT('',(54.9125,-3.025,0.));
#14382=CARTESIAN_POINT('',(55.4125,-2.525,0.));
#14383=CARTESIAN_POINT('Origin',(55.4125,-3.025,0.));
#14384=CARTESIAN_POINT('',(54.9125,-16.025,0.));
#14385=CARTESIAN_POINT('',(54.9125,-3.025,0.));
#14386=CARTESIAN_POINT('',(55.4125,-16.525,0.));
#14387=CARTESIAN_POINT('Origin',(55.4125,-16.025,0.));
#14388=CARTESIAN_POINT('',(68.4125,-16.525,0.));
#14389=CARTESIAN_POINT('',(55.4125,-16.525,0.));
#14390=CARTESIAN_POINT('',(68.9125,-16.025,0.));
#14391=CARTESIAN_POINT('Origin',(68.4125,-16.025,0.));
#14392=CARTESIAN_POINT('',(68.9125,-3.025,0.));
#14393=CARTESIAN_POINT('',(68.9125,-3.025,0.));
#14394=CARTESIAN_POINT('',(68.4125,-2.525,0.));
#14395=CARTESIAN_POINT('Origin',(68.4125,-3.025,0.));
#14396=CARTESIAN_POINT('',(55.4125,-2.525,0.));
#14397=CARTESIAN_POINT('',(107.3,-45.8875,0.));
#14398=CARTESIAN_POINT('',(107.8,-45.3875,0.));
#14399=CARTESIAN_POINT('Origin',(107.8,-45.8875,0.));
#14400=CARTESIAN_POINT('',(107.3,-58.8875,0.));
#14401=CARTESIAN_POINT('',(107.3,-45.8875,0.));
#14402=CARTESIAN_POINT('',(107.8,-59.3875,0.));
#14403=CARTESIAN_POINT('Origin',(107.8,-58.8875,0.));
#14404=CARTESIAN_POINT('',(120.8,-59.3875,0.));
#14405=CARTESIAN_POINT('',(107.8,-59.3875,0.));
#14406=CARTESIAN_POINT('',(121.3,-58.8875,0.));
#14407=CARTESIAN_POINT('Origin',(120.8,-58.8875,0.));
#14408=CARTESIAN_POINT('',(121.3,-45.8875,0.));
#14409=CARTESIAN_POINT('',(121.3,-45.8875,0.));
#14410=CARTESIAN_POINT('',(120.8,-45.3875,0.));
#14411=CARTESIAN_POINT('Origin',(120.8,-45.8875,0.));
#14412=CARTESIAN_POINT('',(107.8,-45.3875,0.));
#14413=CARTESIAN_POINT('',(116.825,-26.8375,0.));
#14414=CARTESIAN_POINT('',(117.325,-26.3375,0.));
#14415=CARTESIAN_POINT('Origin',(117.325,-26.8375,0.));
#14416=CARTESIAN_POINT('',(116.825,-39.8375,0.));
#14417=CARTESIAN_POINT('',(116.825,-26.8375,0.));
#14418=CARTESIAN_POINT('',(117.325,-40.3375,0.));
#14419=CARTESIAN_POINT('Origin',(117.325,-39.8375,0.));
#14420=CARTESIAN_POINT('',(130.325,-40.3375,0.));
#14421=CARTESIAN_POINT('',(117.325,-40.3375,0.));
#14422=CARTESIAN_POINT('',(130.825,-39.8375,0.));
#14423=CARTESIAN_POINT('Origin',(130.325,-39.8375,0.));
#14424=CARTESIAN_POINT('',(130.825,-26.8375,0.));
#14425=CARTESIAN_POINT('',(130.825,-26.8375,0.));
#14426=CARTESIAN_POINT('',(130.325,-26.3375,0.));
#14427=CARTESIAN_POINT('Origin',(130.325,-26.8375,0.));
#14428=CARTESIAN_POINT('',(117.325,-26.3375,0.));
#14429=CARTESIAN_POINT('',(126.35,-45.8875,0.));
#14430=CARTESIAN_POINT('',(126.85,-45.3875,0.));
#14431=CARTESIAN_POINT('Origin',(126.85,-45.8875,0.));
#14432=CARTESIAN_POINT('',(126.35,-58.8875,0.));
#14433=CARTESIAN_POINT('',(126.35,-45.8875,0.));
#14434=CARTESIAN_POINT('',(126.85,-59.3875,0.));
#14435=CARTESIAN_POINT('Origin',(126.85,-58.8875,0.));
#14436=CARTESIAN_POINT('',(139.85,-59.3875,0.));
#14437=CARTESIAN_POINT('',(126.85,-59.3875,0.));
#14438=CARTESIAN_POINT('',(140.35,-58.8875,0.));
#14439=CARTESIAN_POINT('Origin',(139.85,-58.8875,0.));
#14440=CARTESIAN_POINT('',(140.35,-45.8875,0.));
#14441=CARTESIAN_POINT('',(140.35,-45.8875,0.));
#14442=CARTESIAN_POINT('',(139.85,-45.3875,0.));
#14443=CARTESIAN_POINT('Origin',(139.85,-45.8875,0.));
#14444=CARTESIAN_POINT('',(126.85,-45.3875,0.));
#14445=CARTESIAN_POINT('',(54.9125,-64.9375,0.));
#14446=CARTESIAN_POINT('',(55.4125,-64.4375,0.));
#14447=CARTESIAN_POINT('Origin',(55.4125,-64.9375,0.));
#14448=CARTESIAN_POINT('',(54.9125,-77.9375,0.));
#14449=CARTESIAN_POINT('',(54.9125,-64.9375,0.));
#14450=CARTESIAN_POINT('',(55.4125,-78.4375,0.));
#14451=CARTESIAN_POINT('Origin',(55.4125,-77.9375,0.));
#14452=CARTESIAN_POINT('',(68.4125,-78.4375,0.));
#14453=CARTESIAN_POINT('',(55.4125,-78.4375,0.));
#14454=CARTESIAN_POINT('',(68.9125,-77.9375,0.));
#14455=CARTESIAN_POINT('Origin',(68.4125,-77.9375,0.));
#14456=CARTESIAN_POINT('',(68.9125,-64.9375,0.));
#14457=CARTESIAN_POINT('',(68.9125,-64.9375,0.));
#14458=CARTESIAN_POINT('',(68.4125,-64.4375,0.));
#14459=CARTESIAN_POINT('Origin',(68.4125,-64.9375,0.));
#14460=CARTESIAN_POINT('',(55.4125,-64.4375,0.));
#14461=CARTESIAN_POINT('',(73.9625,-64.9375,0.));
#14462=CARTESIAN_POINT('',(74.4625,-64.4375,0.));
#14463=CARTESIAN_POINT('Origin',(74.4625,-64.9375,0.));
#14464=CARTESIAN_POINT('',(73.9625,-77.9375,0.));
#14465=CARTESIAN_POINT('',(73.9625,-64.9375,0.));
#14466=CARTESIAN_POINT('',(74.4625,-78.4375,0.));
#14467=CARTESIAN_POINT('Origin',(74.4625,-77.9375,0.));
#14468=CARTESIAN_POINT('',(87.4625,-78.4375,0.));
#14469=CARTESIAN_POINT('',(74.4625,-78.4375,0.));
#14470=CARTESIAN_POINT('',(87.9625,-77.9375,0.));
#14471=CARTESIAN_POINT('Origin',(87.4625,-77.9375,0.));
#14472=CARTESIAN_POINT('',(87.9625,-64.9375,0.));
#14473=CARTESIAN_POINT('',(87.9625,-64.9375,0.));
#14474=CARTESIAN_POINT('',(87.4625,-64.4375,0.));
#14475=CARTESIAN_POINT('Origin',(87.4625,-64.9375,0.));
#14476=CARTESIAN_POINT('',(74.4625,-64.4375,0.));
#14477=CARTESIAN_POINT('',(35.8625,-3.025,0.));
#14478=CARTESIAN_POINT('',(36.3625,-2.525,0.));
#14479=CARTESIAN_POINT('Origin',(36.3625,-3.025,0.));
#14480=CARTESIAN_POINT('',(35.8625,-16.025,0.));
#14481=CARTESIAN_POINT('',(35.8625,-3.025,0.));
#14482=CARTESIAN_POINT('',(36.3625,-16.525,0.));
#14483=CARTESIAN_POINT('Origin',(36.3625,-16.025,0.));
#14484=CARTESIAN_POINT('',(49.3625,-16.525,0.));
#14485=CARTESIAN_POINT('',(36.3625,-16.525,0.));
#14486=CARTESIAN_POINT('',(49.8625,-16.025,0.));
#14487=CARTESIAN_POINT('Origin',(49.3625,-16.025,0.));
#14488=CARTESIAN_POINT('',(49.8625,-3.025,0.));
#14489=CARTESIAN_POINT('',(49.8625,-3.025,0.));
#14490=CARTESIAN_POINT('',(49.3625,-2.525,0.));
#14491=CARTESIAN_POINT('Origin',(49.3625,-3.025,0.));
#14492=CARTESIAN_POINT('',(36.3625,-2.525,0.));
#14493=CARTESIAN_POINT('',(135.875,-26.8375,0.));
#14494=CARTESIAN_POINT('',(136.375,-26.3375,0.));
#14495=CARTESIAN_POINT('Origin',(136.375,-26.8375,0.));
#14496=CARTESIAN_POINT('',(135.875,-39.8375,0.));
#14497=CARTESIAN_POINT('',(135.875,-26.8375,0.));
#14498=CARTESIAN_POINT('',(136.375,-40.3375,0.));
#14499=CARTESIAN_POINT('Origin',(136.375,-39.8375,0.));
#14500=CARTESIAN_POINT('',(149.375,-40.3375,0.));
#14501=CARTESIAN_POINT('',(136.375,-40.3375,0.));
#14502=CARTESIAN_POINT('',(149.875,-39.8375,0.));
#14503=CARTESIAN_POINT('Origin',(149.375,-39.8375,0.));
#14504=CARTESIAN_POINT('',(149.875,-26.8375,0.));
#14505=CARTESIAN_POINT('',(149.875,-26.8375,0.));
#14506=CARTESIAN_POINT('',(149.375,-26.3375,0.));
#14507=CARTESIAN_POINT('Origin',(149.375,-26.8375,0.));
#14508=CARTESIAN_POINT('',(136.375,-26.3375,0.));
#14509=CARTESIAN_POINT('',(7.2875,-45.8875,0.));
#14510=CARTESIAN_POINT('',(7.7875,-45.3875,0.));
#14511=CARTESIAN_POINT('Origin',(7.7875,-45.8875,0.));
#14512=CARTESIAN_POINT('',(7.2875,-58.8875,0.));
#14513=CARTESIAN_POINT('',(7.2875,-45.8875,0.));
#14514=CARTESIAN_POINT('',(7.7875,-59.3875,0.));
#14515=CARTESIAN_POINT('Origin',(7.7875,-58.8875,0.));
#14516=CARTESIAN_POINT('',(20.7875,-59.3875,0.));
#14517=CARTESIAN_POINT('',(7.7875,-59.3875,0.));
#14518=CARTESIAN_POINT('',(21.2875,-58.8875,0.));
#14519=CARTESIAN_POINT('Origin',(20.7875,-58.8875,0.));
#14520=CARTESIAN_POINT('',(21.2875,-45.8875,0.));
#14521=CARTESIAN_POINT('',(21.2875,-45.8875,0.));
#14522=CARTESIAN_POINT('',(20.7875,-45.3875,0.));
#14523=CARTESIAN_POINT('Origin',(20.7875,-45.8875,0.));
#14524=CARTESIAN_POINT('',(7.7875,-45.3875,0.));
#14525=CARTESIAN_POINT('',(93.0125,-64.9375,0.));
#14526=CARTESIAN_POINT('',(93.5125,-64.4375,0.));
#14527=CARTESIAN_POINT('Origin',(93.5125,-64.9375,0.));
#14528=CARTESIAN_POINT('',(93.0125,-77.9375,0.));
#14529=CARTESIAN_POINT('',(93.0125,-64.9375,0.));
#14530=CARTESIAN_POINT('',(93.5125,-78.4375,0.));
#14531=CARTESIAN_POINT('Origin',(93.5125,-77.9375,0.));
#14532=CARTESIAN_POINT('',(106.5125,-78.4375,0.));
#14533=CARTESIAN_POINT('',(93.5125,-78.4375,0.));
#14534=CARTESIAN_POINT('',(107.0125,-77.9375,0.));
#14535=CARTESIAN_POINT('Origin',(106.5125,-77.9375,0.));
#14536=CARTESIAN_POINT('',(107.0125,-64.9375,0.));
#14537=CARTESIAN_POINT('',(107.0125,-64.9375,0.));
#14538=CARTESIAN_POINT('',(106.5125,-64.4375,0.));
#14539=CARTESIAN_POINT('Origin',(106.5125,-64.9375,0.));
#14540=CARTESIAN_POINT('',(93.5125,-64.4375,0.));
#14541=CARTESIAN_POINT('',(35.8625,-64.9375,0.));
#14542=CARTESIAN_POINT('',(36.3625,-64.4375,0.));
#14543=CARTESIAN_POINT('Origin',(36.3625,-64.9375,0.));
#14544=CARTESIAN_POINT('',(35.8625,-77.9375,0.));
#14545=CARTESIAN_POINT('',(35.8625,-64.9375,0.));
#14546=CARTESIAN_POINT('',(36.3625,-78.4375,0.));
#14547=CARTESIAN_POINT('Origin',(36.3625,-77.9375,0.));
#14548=CARTESIAN_POINT('',(49.3625,-78.4375,0.));
#14549=CARTESIAN_POINT('',(36.3625,-78.4375,0.));
#14550=CARTESIAN_POINT('',(49.8625,-77.9375,0.));
#14551=CARTESIAN_POINT('Origin',(49.3625,-77.9375,0.));
#14552=CARTESIAN_POINT('',(49.8625,-64.9375,0.));
#14553=CARTESIAN_POINT('',(49.8625,-64.9375,0.));
#14554=CARTESIAN_POINT('',(49.3625,-64.4375,0.));
#14555=CARTESIAN_POINT('Origin',(49.3625,-64.9375,0.));
#14556=CARTESIAN_POINT('',(36.3625,-64.4375,0.));
#14557=CARTESIAN_POINT('',(131.1125,-64.9375,0.));
#14558=CARTESIAN_POINT('',(131.6125,-64.4375,0.));
#14559=CARTESIAN_POINT('Origin',(131.6125,-64.9375,0.));
#14560=CARTESIAN_POINT('',(131.1125,-77.9375,0.));
#14561=CARTESIAN_POINT('',(131.1125,-64.9375,0.));
#14562=CARTESIAN_POINT('',(131.6125,-78.4375,0.));
#14563=CARTESIAN_POINT('Origin',(131.6125,-77.9375,0.));
#14564=CARTESIAN_POINT('',(144.6125,-78.4375,0.));
#14565=CARTESIAN_POINT('',(131.6125,-78.4375,0.));
#14566=CARTESIAN_POINT('',(145.1125,-77.9375,0.));
#14567=CARTESIAN_POINT('Origin',(144.6125,-77.9375,0.));
#14568=CARTESIAN_POINT('',(145.1125,-64.9375,0.));
#14569=CARTESIAN_POINT('',(145.1125,-64.9375,0.));
#14570=CARTESIAN_POINT('',(144.6125,-64.4375,0.));
#14571=CARTESIAN_POINT('Origin',(144.6125,-64.9375,0.));
#14572=CARTESIAN_POINT('',(131.6125,-64.4375,0.));
#14573=CARTESIAN_POINT('',(28.71875,-103.0375,0.));
#14574=CARTESIAN_POINT('',(29.21875,-102.5375,0.));
#14575=CARTESIAN_POINT('Origin',(29.21875,-103.0375,0.));
#14576=CARTESIAN_POINT('',(28.71875,-116.0375,0.));
#14577=CARTESIAN_POINT('',(28.71875,-103.0375,0.));
#14578=CARTESIAN_POINT('',(29.21875,-116.5375,0.));
#14579=CARTESIAN_POINT('Origin',(29.21875,-116.0375,0.));
#14580=CARTESIAN_POINT('',(42.21875,-116.5375,0.));
#14581=CARTESIAN_POINT('',(29.21875,-116.5375,0.));
#14582=CARTESIAN_POINT('',(42.71875,-116.0375,0.));
#14583=CARTESIAN_POINT('Origin',(42.21875,-116.0375,0.));
#14584=CARTESIAN_POINT('',(42.71875,-103.0375,0.));
#14585=CARTESIAN_POINT('',(42.71875,-103.0375,0.));
#14586=CARTESIAN_POINT('',(42.21875,-102.5375,0.));
#14587=CARTESIAN_POINT('Origin',(42.21875,-103.0375,0.));
#14588=CARTESIAN_POINT('',(29.21875,-102.5375,0.));
#14589=CARTESIAN_POINT('',(31.1,-45.8875,0.));
#14590=CARTESIAN_POINT('',(31.6,-45.3875,0.));
#14591=CARTESIAN_POINT('Origin',(31.6,-45.8875,0.));
#14592=CARTESIAN_POINT('',(31.1,-58.8875,0.));
#14593=CARTESIAN_POINT('',(31.1,-45.8875,0.));
#14594=CARTESIAN_POINT('',(31.6,-59.3875,0.));
#14595=CARTESIAN_POINT('Origin',(31.6,-58.8875,0.));
#14596=CARTESIAN_POINT('',(44.6,-59.3875,0.));
#14597=CARTESIAN_POINT('',(31.6,-59.3875,0.));
#14598=CARTESIAN_POINT('',(45.1,-58.8875,0.));
#14599=CARTESIAN_POINT('Origin',(44.6,-58.8875,0.));
#14600=CARTESIAN_POINT('',(45.1,-45.8875,0.));
#14601=CARTESIAN_POINT('',(45.1,-45.8875,0.));
#14602=CARTESIAN_POINT('',(44.6,-45.3875,0.));
#14603=CARTESIAN_POINT('Origin',(44.6,-45.8875,0.));
#14604=CARTESIAN_POINT('',(31.6,-45.3875,0.));
#14605=CARTESIAN_POINT('',(59.675,-26.8375,0.));
#14606=CARTESIAN_POINT('',(60.175,-26.3375,0.));
#14607=CARTESIAN_POINT('Origin',(60.175,-26.8375,0.));
#14608=CARTESIAN_POINT('',(59.675,-39.8375,0.));
#14609=CARTESIAN_POINT('',(59.675,-26.8375,0.));
#14610=CARTESIAN_POINT('',(60.175,-40.3375,0.));
#14611=CARTESIAN_POINT('Origin',(60.175,-39.8375,0.));
#14612=CARTESIAN_POINT('',(73.175,-40.3375,0.));
#14613=CARTESIAN_POINT('',(60.175,-40.3375,0.));
#14614=CARTESIAN_POINT('',(73.675,-39.8375,0.));
#14615=CARTESIAN_POINT('Origin',(73.175,-39.8375,0.));
#14616=CARTESIAN_POINT('',(73.675,-26.8375,0.));
#14617=CARTESIAN_POINT('',(73.675,-26.8375,0.));
#14618=CARTESIAN_POINT('',(73.175,-26.3375,0.));
#14619=CARTESIAN_POINT('Origin',(73.175,-26.8375,0.));
#14620=CARTESIAN_POINT('',(60.175,-26.3375,0.));
#14621=CARTESIAN_POINT('',(2.525,-26.8375,0.));
#14622=CARTESIAN_POINT('',(3.025,-26.3375,0.));
#14623=CARTESIAN_POINT('Origin',(3.025,-26.8375,0.));
#14624=CARTESIAN_POINT('',(2.525,-39.8375,0.));
#14625=CARTESIAN_POINT('',(2.525,-26.8375,0.));
#14626=CARTESIAN_POINT('',(3.025,-40.3375,0.));
#14627=CARTESIAN_POINT('Origin',(3.025,-39.8375,0.));
#14628=CARTESIAN_POINT('',(16.025,-40.3375,0.));
#14629=CARTESIAN_POINT('',(3.025,-40.3375,0.));
#14630=CARTESIAN_POINT('',(16.525,-39.8375,0.));
#14631=CARTESIAN_POINT('Origin',(16.025,-39.8375,0.));
#14632=CARTESIAN_POINT('',(16.525,-26.8375,0.));
#14633=CARTESIAN_POINT('',(16.525,-26.8375,0.));
#14634=CARTESIAN_POINT('',(16.025,-26.3375,0.));
#14635=CARTESIAN_POINT('Origin',(16.025,-26.8375,0.));
#14636=CARTESIAN_POINT('',(3.025,-26.3375,0.));
#14637=CARTESIAN_POINT('Origin',(107.4,-125.199631890492,0.));
#14638=CARTESIAN_POINT('',(102.4,-125.199631890492,0.));
#14639=CARTESIAN_POINT('',(107.4,-130.199631890492,0.));
#14640=CARTESIAN_POINT('Origin',(102.4,-130.199631890492,0.));
#14641=CARTESIAN_POINT('Origin',(107.4,5.,0.));
#14642=CARTESIAN_POINT('',(107.4,10.,0.));
#14643=CARTESIAN_POINT('',(102.4,5.,0.));
#14644=CARTESIAN_POINT('Origin',(202.4,10.,0.));
#14645=CARTESIAN_POINT('Origin',(26.,5.,0.));
#14646=CARTESIAN_POINT('',(31.,5.,0.));
#14647=CARTESIAN_POINT('',(26.,10.,0.));
#14648=CARTESIAN_POINT('Origin',(31.,10.,0.));
#14649=CARTESIAN_POINT('',(1.,10.,0.));
#14650=CARTESIAN_POINT('Origin',(1.,5.,0.));
#14651=CARTESIAN_POINT('',(-4.,5.,0.));
#14652=CARTESIAN_POINT('Origin',(-4.,10.,0.));
#14653=CARTESIAN_POINT('',(-4.,-125.199631890492,0.));
#14654=CARTESIAN_POINT('Origin',(1.,-125.199631890492,0.));
#14655=CARTESIAN_POINT('',(1.,-130.199631890492,0.));
#14656=CARTESIAN_POINT('Origin',(-3.99999999999999,-130.199631890492,0.));
#14657=CARTESIAN_POINT('Origin',(2.525,-39.8375,0.));
#14658=CARTESIAN_POINT('',(2.525,-26.8375,0.));
#14659=CARTESIAN_POINT('',(2.525,-39.8375,0.));
#14660=CARTESIAN_POINT('Origin',(3.025,-39.8375,0.));
#14661=CARTESIAN_POINT('',(3.025,-40.3375,0.));
#14662=CARTESIAN_POINT('Origin',(16.025,-40.3375,0.));
#14663=CARTESIAN_POINT('',(16.025,-40.3375,0.));
#14664=CARTESIAN_POINT('Origin',(16.025,-39.8375,0.));
#14665=CARTESIAN_POINT('',(16.525,-39.8375,0.));
#14666=CARTESIAN_POINT('Origin',(16.525,-26.8375,0.));
#14667=CARTESIAN_POINT('',(16.525,-26.8375,0.));
#14668=CARTESIAN_POINT('Origin',(16.025,-26.8375,0.));
#14669=CARTESIAN_POINT('',(16.025,-26.3375,0.));
#14670=CARTESIAN_POINT('Origin',(3.025,-26.3375,0.));
#14671=CARTESIAN_POINT('',(3.025,-26.3375,0.));
#14672=CARTESIAN_POINT('Origin',(3.025,-26.8375,0.));
#14673=CARTESIAN_POINT('Origin',(59.675,-39.8375,0.));
#14674=CARTESIAN_POINT('',(59.675,-26.8375,0.));
#14675=CARTESIAN_POINT('',(59.675,-39.8375,0.));
#14676=CARTESIAN_POINT('Origin',(60.175,-39.8375,0.));
#14677=CARTESIAN_POINT('',(60.175,-40.3375,0.));
#14678=CARTESIAN_POINT('Origin',(73.175,-40.3375,0.));
#14679=CARTESIAN_POINT('',(73.175,-40.3375,0.));
#14680=CARTESIAN_POINT('Origin',(73.175,-39.8375,0.));
#14681=CARTESIAN_POINT('',(73.675,-39.8375,0.));
#14682=CARTESIAN_POINT('Origin',(73.675,-26.8375,0.));
#14683=CARTESIAN_POINT('',(73.675,-26.8375,0.));
#14684=CARTESIAN_POINT('Origin',(73.175,-26.8375,0.));
#14685=CARTESIAN_POINT('',(73.175,-26.3375,0.));
#14686=CARTESIAN_POINT('Origin',(60.175,-26.3375,0.));
#14687=CARTESIAN_POINT('',(60.175,-26.3375,0.));
#14688=CARTESIAN_POINT('Origin',(60.175,-26.8375,0.));
#14689=CARTESIAN_POINT('Origin',(31.1,-58.8875,0.));
#14690=CARTESIAN_POINT('',(31.1,-45.8875,0.));
#14691=CARTESIAN_POINT('',(31.1,-58.8875,0.));
#14692=CARTESIAN_POINT('Origin',(31.6,-58.8875,0.));
#14693=CARTESIAN_POINT('',(31.6,-59.3875,0.));
#14694=CARTESIAN_POINT('Origin',(44.6,-59.3875,0.));
#14695=CARTESIAN_POINT('',(44.6,-59.3875,0.));
#14696=CARTESIAN_POINT('Origin',(44.6,-58.8875,0.));
#14697=CARTESIAN_POINT('',(45.1,-58.8875,0.));
#14698=CARTESIAN_POINT('Origin',(45.1,-45.8875,0.));
#14699=CARTESIAN_POINT('',(45.1,-45.8875,0.));
#14700=CARTESIAN_POINT('Origin',(44.6,-45.8875,0.));
#14701=CARTESIAN_POINT('',(44.6,-45.3875,0.));
#14702=CARTESIAN_POINT('Origin',(31.6,-45.3875,0.));
#14703=CARTESIAN_POINT('',(31.6,-45.3875,0.));
#14704=CARTESIAN_POINT('Origin',(31.6,-45.8875,0.));
#14705=CARTESIAN_POINT('Origin',(28.71875,-116.0375,0.));
#14706=CARTESIAN_POINT('',(28.71875,-103.0375,0.));
#14707=CARTESIAN_POINT('',(28.71875,-116.0375,0.));
#14708=CARTESIAN_POINT('Origin',(29.21875,-116.0375,0.));
#14709=CARTESIAN_POINT('',(29.21875,-116.5375,0.));
#14710=CARTESIAN_POINT('Origin',(42.21875,-116.5375,0.));
#14711=CARTESIAN_POINT('',(42.21875,-116.5375,0.));
#14712=CARTESIAN_POINT('Origin',(42.21875,-116.0375,0.));
#14713=CARTESIAN_POINT('',(42.71875,-116.0375,0.));
#14714=CARTESIAN_POINT('Origin',(42.71875,-103.0375,0.));
#14715=CARTESIAN_POINT('',(42.71875,-103.0375,0.));
#14716=CARTESIAN_POINT('Origin',(42.21875,-103.0375,0.));
#14717=CARTESIAN_POINT('',(42.21875,-102.5375,0.));
#14718=CARTESIAN_POINT('Origin',(29.21875,-102.5375,0.));
#14719=CARTESIAN_POINT('',(29.21875,-102.5375,0.));
#14720=CARTESIAN_POINT('Origin',(29.21875,-103.0375,0.));
#14721=CARTESIAN_POINT('Origin',(131.1125,-77.9375,0.));
#14722=CARTESIAN_POINT('',(131.1125,-64.9375,0.));
#14723=CARTESIAN_POINT('',(131.1125,-77.9375,0.));
#14724=CARTESIAN_POINT('Origin',(131.6125,-77.9375,0.));
#14725=CARTESIAN_POINT('',(131.6125,-78.4375,0.));
#14726=CARTESIAN_POINT('Origin',(144.6125,-78.4375,0.));
#14727=CARTESIAN_POINT('',(144.6125,-78.4375,0.));
#14728=CARTESIAN_POINT('Origin',(144.6125,-77.9375,0.));
#14729=CARTESIAN_POINT('',(145.1125,-77.9375,0.));
#14730=CARTESIAN_POINT('Origin',(145.1125,-64.9375,0.));
#14731=CARTESIAN_POINT('',(145.1125,-64.9375,0.));
#14732=CARTESIAN_POINT('Origin',(144.6125,-64.9375,0.));
#14733=CARTESIAN_POINT('',(144.6125,-64.4375,0.));
#14734=CARTESIAN_POINT('Origin',(131.6125,-64.4375,0.));
#14735=CARTESIAN_POINT('',(131.6125,-64.4375,0.));
#14736=CARTESIAN_POINT('Origin',(131.6125,-64.9375,0.));
#14737=CARTESIAN_POINT('Origin',(35.8625,-77.9375,0.));
#14738=CARTESIAN_POINT('',(35.8625,-64.9375,0.));
#14739=CARTESIAN_POINT('',(35.8625,-77.9375,0.));
#14740=CARTESIAN_POINT('Origin',(36.3625,-77.9375,0.));
#14741=CARTESIAN_POINT('',(36.3625,-78.4375,0.));
#14742=CARTESIAN_POINT('Origin',(49.3625,-78.4375,0.));
#14743=CARTESIAN_POINT('',(49.3625,-78.4375,0.));
#14744=CARTESIAN_POINT('Origin',(49.3625,-77.9375,0.));
#14745=CARTESIAN_POINT('',(49.8625,-77.9375,0.));
#14746=CARTESIAN_POINT('Origin',(49.8625,-64.9375,0.));
#14747=CARTESIAN_POINT('',(49.8625,-64.9375,0.));
#14748=CARTESIAN_POINT('Origin',(49.3625,-64.9375,0.));
#14749=CARTESIAN_POINT('',(49.3625,-64.4375,0.));
#14750=CARTESIAN_POINT('Origin',(36.3625,-64.4375,0.));
#14751=CARTESIAN_POINT('',(36.3625,-64.4375,0.));
#14752=CARTESIAN_POINT('Origin',(36.3625,-64.9375,0.));
#14753=CARTESIAN_POINT('Origin',(93.0125,-77.9375,0.));
#14754=CARTESIAN_POINT('',(93.0125,-64.9375,0.));
#14755=CARTESIAN_POINT('',(93.0125,-77.9375,0.));
#14756=CARTESIAN_POINT('Origin',(93.5125,-77.9375,0.));
#14757=CARTESIAN_POINT('',(93.5125,-78.4375,0.));
#14758=CARTESIAN_POINT('Origin',(106.5125,-78.4375,0.));
#14759=CARTESIAN_POINT('',(106.5125,-78.4375,0.));
#14760=CARTESIAN_POINT('Origin',(106.5125,-77.9375,0.));
#14761=CARTESIAN_POINT('',(107.0125,-77.9375,0.));
#14762=CARTESIAN_POINT('Origin',(107.0125,-64.9375,0.));
#14763=CARTESIAN_POINT('',(107.0125,-64.9375,0.));
#14764=CARTESIAN_POINT('Origin',(106.5125,-64.9375,0.));
#14765=CARTESIAN_POINT('',(106.5125,-64.4375,0.));
#14766=CARTESIAN_POINT('Origin',(93.5125,-64.4375,0.));
#14767=CARTESIAN_POINT('',(93.5125,-64.4375,0.));
#14768=CARTESIAN_POINT('Origin',(93.5125,-64.9375,0.));
#14769=CARTESIAN_POINT('Origin',(7.2875,-58.8875,0.));
#14770=CARTESIAN_POINT('',(7.2875,-45.8875,0.));
#14771=CARTESIAN_POINT('',(7.2875,-58.8875,0.));
#14772=CARTESIAN_POINT('Origin',(7.7875,-58.8875,0.));
#14773=CARTESIAN_POINT('',(7.7875,-59.3875,0.));
#14774=CARTESIAN_POINT('Origin',(20.7875,-59.3875,0.));
#14775=CARTESIAN_POINT('',(20.7875,-59.3875,0.));
#14776=CARTESIAN_POINT('Origin',(20.7875,-58.8875,0.));
#14777=CARTESIAN_POINT('',(21.2875,-58.8875,0.));
#14778=CARTESIAN_POINT('Origin',(21.2875,-45.8875,0.));
#14779=CARTESIAN_POINT('',(21.2875,-45.8875,0.));
#14780=CARTESIAN_POINT('Origin',(20.7875,-45.8875,0.));
#14781=CARTESIAN_POINT('',(20.7875,-45.3875,0.));
#14782=CARTESIAN_POINT('Origin',(7.7875,-45.3875,0.));
#14783=CARTESIAN_POINT('',(7.7875,-45.3875,0.));
#14784=CARTESIAN_POINT('Origin',(7.7875,-45.8875,0.));
#14785=CARTESIAN_POINT('Origin',(135.875,-39.8375,0.));
#14786=CARTESIAN_POINT('',(135.875,-26.8375,0.));
#14787=CARTESIAN_POINT('',(135.875,-39.8375,0.));
#14788=CARTESIAN_POINT('Origin',(136.375,-39.8375,0.));
#14789=CARTESIAN_POINT('',(136.375,-40.3375,0.));
#14790=CARTESIAN_POINT('Origin',(149.375,-40.3375,0.));
#14791=CARTESIAN_POINT('',(149.375,-40.3375,0.));
#14792=CARTESIAN_POINT('Origin',(149.375,-39.8375,0.));
#14793=CARTESIAN_POINT('',(149.875,-39.8375,0.));
#14794=CARTESIAN_POINT('Origin',(149.875,-26.8375,0.));
#14795=CARTESIAN_POINT('',(149.875,-26.8375,0.));
#14796=CARTESIAN_POINT('Origin',(149.375,-26.8375,0.));
#14797=CARTESIAN_POINT('',(149.375,-26.3375,0.));
#14798=CARTESIAN_POINT('Origin',(136.375,-26.3375,0.));
#14799=CARTESIAN_POINT('',(136.375,-26.3375,0.));
#14800=CARTESIAN_POINT('Origin',(136.375,-26.8375,0.));
#14801=CARTESIAN_POINT('Origin',(35.8625,-16.025,0.));
#14802=CARTESIAN_POINT('',(35.8625,-3.025,0.));
#14803=CARTESIAN_POINT('',(35.8625,-16.025,0.));
#14804=CARTESIAN_POINT('Origin',(36.3625,-16.025,0.));
#14805=CARTESIAN_POINT('',(36.3625,-16.525,0.));
#14806=CARTESIAN_POINT('Origin',(49.3625,-16.525,0.));
#14807=CARTESIAN_POINT('',(49.3625,-16.525,0.));
#14808=CARTESIAN_POINT('Origin',(49.3625,-16.025,0.));
#14809=CARTESIAN_POINT('',(49.8625,-16.025,0.));
#14810=CARTESIAN_POINT('Origin',(49.8625,-3.025,0.));
#14811=CARTESIAN_POINT('',(49.8625,-3.025,0.));
#14812=CARTESIAN_POINT('Origin',(49.3625,-3.025,0.));
#14813=CARTESIAN_POINT('',(49.3625,-2.525,0.));
#14814=CARTESIAN_POINT('Origin',(36.3625,-2.525,0.));
#14815=CARTESIAN_POINT('',(36.3625,-2.525,0.));
#14816=CARTESIAN_POINT('Origin',(36.3625,-3.025,0.));
#14817=CARTESIAN_POINT('Origin',(73.9625,-77.9375,0.));
#14818=CARTESIAN_POINT('',(73.9625,-64.9375,0.));
#14819=CARTESIAN_POINT('',(73.9625,-77.9375,0.));
#14820=CARTESIAN_POINT('Origin',(74.4625,-77.9375,0.));
#14821=CARTESIAN_POINT('',(74.4625,-78.4375,0.));
#14822=CARTESIAN_POINT('Origin',(87.4625,-78.4375,0.));
#14823=CARTESIAN_POINT('',(87.4625,-78.4375,0.));
#14824=CARTESIAN_POINT('Origin',(87.4625,-77.9375,0.));
#14825=CARTESIAN_POINT('',(87.9625,-77.9375,0.));
#14826=CARTESIAN_POINT('Origin',(87.9625,-64.9375,0.));
#14827=CARTESIAN_POINT('',(87.9625,-64.9375,0.));
#14828=CARTESIAN_POINT('Origin',(87.4625,-64.9375,0.));
#14829=CARTESIAN_POINT('',(87.4625,-64.4375,0.));
#14830=CARTESIAN_POINT('Origin',(74.4625,-64.4375,0.));
#14831=CARTESIAN_POINT('',(74.4625,-64.4375,0.));
#14832=CARTESIAN_POINT('Origin',(74.4625,-64.9375,0.));
#14833=CARTESIAN_POINT('Origin',(54.9125,-77.9375,0.));
#14834=CARTESIAN_POINT('',(54.9125,-64.9375,0.));
#14835=CARTESIAN_POINT('',(54.9125,-77.9375,0.));
#14836=CARTESIAN_POINT('Origin',(55.4125,-77.9375,0.));
#14837=CARTESIAN_POINT('',(55.4125,-78.4375,0.));
#14838=CARTESIAN_POINT('Origin',(68.4125,-78.4375,0.));
#14839=CARTESIAN_POINT('',(68.4125,-78.4375,0.));
#14840=CARTESIAN_POINT('Origin',(68.4125,-77.9375,0.));
#14841=CARTESIAN_POINT('',(68.9125,-77.9375,0.));
#14842=CARTESIAN_POINT('Origin',(68.9125,-64.9375,0.));
#14843=CARTESIAN_POINT('',(68.9125,-64.9375,0.));
#14844=CARTESIAN_POINT('Origin',(68.4125,-64.9375,0.));
#14845=CARTESIAN_POINT('',(68.4125,-64.4375,0.));
#14846=CARTESIAN_POINT('Origin',(55.4125,-64.4375,0.));
#14847=CARTESIAN_POINT('',(55.4125,-64.4375,0.));
#14848=CARTESIAN_POINT('Origin',(55.4125,-64.9375,0.));
#14849=CARTESIAN_POINT('Origin',(84.20725,-116.8099,0.));
#14850=CARTESIAN_POINT('',(84.20725,-116.8099,0.));
#14851=CARTESIAN_POINT('Origin',(84.70725,-116.8099,0.));
#14852=CARTESIAN_POINT('',(84.70725,-117.3099,0.));
#14853=CARTESIAN_POINT('Origin',(86.75525,-117.3099,0.));
#14854=CARTESIAN_POINT('',(86.75525,-117.3099,0.));
#14855=CARTESIAN_POINT('Origin',(86.75525,-116.8099,0.));
#14856=CARTESIAN_POINT('',(87.25525,-116.8099,0.));
#14857=CARTESIAN_POINT('Origin',(87.25525,-116.6415,0.));
#14858=CARTESIAN_POINT('',(87.25525,-116.6415,0.));
#14859=CARTESIAN_POINT('Origin',(87.75525,-116.6415,0.));
#14860=CARTESIAN_POINT('',(87.75525,-116.1415,0.));
#14861=CARTESIAN_POINT('Origin',(88.55865,-116.1415,0.));
#14862=CARTESIAN_POINT('',(88.55865,-116.1415,0.));
#14863=CARTESIAN_POINT('Origin',(88.55865,-115.6415,0.));
#14864=CARTESIAN_POINT('',(89.05865,-115.6415,0.));
#14865=CARTESIAN_POINT('Origin',(89.05865,-112.3375,0.));
#14866=CARTESIAN_POINT('',(89.05865,-112.3375,0.));
#14867=CARTESIAN_POINT('Origin',(89.55865,-112.3375,0.));
#14868=CARTESIAN_POINT('',(89.55865,-111.8375,0.));
#14869=CARTESIAN_POINT('Origin',(128.73125,-111.8375,0.));
#14870=CARTESIAN_POINT('',(128.73125,-111.8375,0.));
#14871=CARTESIAN_POINT('Origin',(128.73125,-116.0375,0.));
#14872=CARTESIAN_POINT('',(128.73125,-116.0375,0.));
#14873=CARTESIAN_POINT('Origin',(129.23125,-116.0375,0.));
#14874=CARTESIAN_POINT('',(129.23125,-116.5375,0.));
#14875=CARTESIAN_POINT('Origin',(142.23125,-116.5375,0.));
#14876=CARTESIAN_POINT('',(142.23125,-116.5375,0.));
#14877=CARTESIAN_POINT('Origin',(142.23125,-116.0375,0.));
#14878=CARTESIAN_POINT('',(142.73125,-116.0375,0.));
#14879=CARTESIAN_POINT('Origin',(142.73125,-111.8375,0.));
#14880=CARTESIAN_POINT('Origin',(126.35,-58.8875,0.));
#14881=CARTESIAN_POINT('',(126.35,-45.8875,0.));
#14882=CARTESIAN_POINT('',(126.35,-58.8875,0.));
#14883=CARTESIAN_POINT('Origin',(126.85,-58.8875,0.));
#14884=CARTESIAN_POINT('',(126.85,-59.3875,0.));
#14885=CARTESIAN_POINT('Origin',(139.85,-59.3875,0.));
#14886=CARTESIAN_POINT('',(139.85,-59.3875,0.));
#14887=CARTESIAN_POINT('Origin',(139.85,-58.8875,0.));
#14888=CARTESIAN_POINT('',(140.35,-58.8875,0.));
#14889=CARTESIAN_POINT('Origin',(140.35,-45.8875,0.));
#14890=CARTESIAN_POINT('',(140.35,-45.8875,0.));
#14891=CARTESIAN_POINT('Origin',(139.85,-45.8875,0.));
#14892=CARTESIAN_POINT('',(139.85,-45.3875,0.));
#14893=CARTESIAN_POINT('Origin',(126.85,-45.3875,0.));
#14894=CARTESIAN_POINT('',(126.85,-45.3875,0.));
#14895=CARTESIAN_POINT('Origin',(126.85,-45.8875,0.));
#14896=CARTESIAN_POINT('Origin',(116.825,-39.8375,0.));
#14897=CARTESIAN_POINT('',(116.825,-26.8375,0.));
#14898=CARTESIAN_POINT('',(116.825,-39.8375,0.));
#14899=CARTESIAN_POINT('Origin',(117.325,-39.8375,0.));
#14900=CARTESIAN_POINT('',(117.325,-40.3375,0.));
#14901=CARTESIAN_POINT('Origin',(130.325,-40.3375,0.));
#14902=CARTESIAN_POINT('',(130.325,-40.3375,0.));
#14903=CARTESIAN_POINT('Origin',(130.325,-39.8375,0.));
#14904=CARTESIAN_POINT('',(130.825,-39.8375,0.));
#14905=CARTESIAN_POINT('Origin',(130.825,-26.8375,0.));
#14906=CARTESIAN_POINT('',(130.825,-26.8375,0.));
#14907=CARTESIAN_POINT('Origin',(130.325,-26.8375,0.));
#14908=CARTESIAN_POINT('',(130.325,-26.3375,0.));
#14909=CARTESIAN_POINT('Origin',(117.325,-26.3375,0.));
#14910=CARTESIAN_POINT('',(117.325,-26.3375,0.));
#14911=CARTESIAN_POINT('Origin',(117.325,-26.8375,0.));
#14912=CARTESIAN_POINT('Origin',(107.3,-58.8875,0.));
#14913=CARTESIAN_POINT('',(107.3,-45.8875,0.));
#14914=CARTESIAN_POINT('',(107.3,-58.8875,0.));
#14915=CARTESIAN_POINT('Origin',(107.8,-58.8875,0.));
#14916=CARTESIAN_POINT('',(107.8,-59.3875,0.));
#14917=CARTESIAN_POINT('Origin',(120.8,-59.3875,0.));
#14918=CARTESIAN_POINT('',(120.8,-59.3875,0.));
#14919=CARTESIAN_POINT('Origin',(120.8,-58.8875,0.));
#14920=CARTESIAN_POINT('',(121.3,-58.8875,0.));
#14921=CARTESIAN_POINT('Origin',(121.3,-45.8875,0.));
#14922=CARTESIAN_POINT('',(121.3,-45.8875,0.));
#14923=CARTESIAN_POINT('Origin',(120.8,-45.8875,0.));
#14924=CARTESIAN_POINT('',(120.8,-45.3875,0.));
#14925=CARTESIAN_POINT('Origin',(107.8,-45.3875,0.));
#14926=CARTESIAN_POINT('',(107.8,-45.3875,0.));
#14927=CARTESIAN_POINT('Origin',(107.8,-45.8875,0.));
#14928=CARTESIAN_POINT('Origin',(54.9125,-16.025,0.));
#14929=CARTESIAN_POINT('',(54.9125,-3.025,0.));
#14930=CARTESIAN_POINT('',(54.9125,-16.025,0.));
#14931=CARTESIAN_POINT('Origin',(55.4125,-16.025,0.));
#14932=CARTESIAN_POINT('',(55.4125,-16.525,0.));
#14933=CARTESIAN_POINT('Origin',(68.4125,-16.525,0.));
#14934=CARTESIAN_POINT('',(68.4125,-16.525,0.));
#14935=CARTESIAN_POINT('Origin',(68.4125,-16.025,0.));
#14936=CARTESIAN_POINT('',(68.9125,-16.025,0.));
#14937=CARTESIAN_POINT('Origin',(68.9125,-3.025,0.));
#14938=CARTESIAN_POINT('',(68.9125,-3.025,0.));
#14939=CARTESIAN_POINT('Origin',(68.4125,-3.025,0.));
#14940=CARTESIAN_POINT('',(68.4125,-2.525,0.));
#14941=CARTESIAN_POINT('Origin',(55.4125,-2.525,0.));
#14942=CARTESIAN_POINT('',(55.4125,-2.525,0.));
#14943=CARTESIAN_POINT('Origin',(55.4125,-3.025,0.));
#14944=CARTESIAN_POINT('Origin',(145.4,-58.8875,0.));
#14945=CARTESIAN_POINT('',(145.4,-45.8875,0.));
#14946=CARTESIAN_POINT('',(145.4,-58.8875,0.));
#14947=CARTESIAN_POINT('Origin',(145.9,-58.8875,0.));
#14948=CARTESIAN_POINT('',(145.9,-59.3875,0.));
#14949=CARTESIAN_POINT('Origin',(158.9,-59.3875,0.));
#14950=CARTESIAN_POINT('',(158.9,-59.3875,0.));
#14951=CARTESIAN_POINT('Origin',(158.9,-58.8875,0.));
#14952=CARTESIAN_POINT('',(159.4,-58.8875,0.));
#14953=CARTESIAN_POINT('Origin',(159.4,-45.8875,0.));
#14954=CARTESIAN_POINT('',(159.4,-45.8875,0.));
#14955=CARTESIAN_POINT('Origin',(158.9,-45.8875,0.));
#14956=CARTESIAN_POINT('',(158.9,-45.3875,0.));
#14957=CARTESIAN_POINT('Origin',(145.9,-45.3875,0.));
#14958=CARTESIAN_POINT('',(145.9,-45.3875,0.));
#14959=CARTESIAN_POINT('Origin',(145.9,-45.8875,0.));
#14960=CARTESIAN_POINT('Origin',(93.0125,-16.025,0.));
#14961=CARTESIAN_POINT('',(93.0125,-3.025,0.));
#14962=CARTESIAN_POINT('',(93.0125,-16.025,0.));
#14963=CARTESIAN_POINT('Origin',(93.5125,-16.025,0.));
#14964=CARTESIAN_POINT('',(93.5125,-16.525,0.));
#14965=CARTESIAN_POINT('Origin',(106.5125,-16.525,0.));
#14966=CARTESIAN_POINT('',(106.5125,-16.525,0.));
#14967=CARTESIAN_POINT('Origin',(106.5125,-16.025,0.));
#14968=CARTESIAN_POINT('',(107.0125,-16.025,0.));
#14969=CARTESIAN_POINT('Origin',(107.0125,-3.025,0.));
#14970=CARTESIAN_POINT('',(107.0125,-3.025,0.));
#14971=CARTESIAN_POINT('Origin',(106.5125,-3.025,0.));
#14972=CARTESIAN_POINT('',(106.5125,-2.52499999999999,0.));
#14973=CARTESIAN_POINT('Origin',(93.5125,-2.525,0.));
#14974=CARTESIAN_POINT('',(93.5125,-2.525,0.));
#14975=CARTESIAN_POINT('Origin',(93.5125,-3.025,0.));
#14976=CARTESIAN_POINT('Origin',(73.9625,-16.025,0.));
#14977=CARTESIAN_POINT('',(73.9625,-3.025,0.));
#14978=CARTESIAN_POINT('',(73.9625,-16.025,0.));
#14979=CARTESIAN_POINT('Origin',(74.4625,-16.025,0.));
#14980=CARTESIAN_POINT('',(74.4625,-16.525,0.));
#14981=CARTESIAN_POINT('Origin',(87.4625,-16.525,0.));
#14982=CARTESIAN_POINT('',(87.4625,-16.525,0.));
#14983=CARTESIAN_POINT('Origin',(87.4625,-16.025,0.));
#14984=CARTESIAN_POINT('',(87.9625,-16.025,0.));
#14985=CARTESIAN_POINT('Origin',(87.9625,-3.025,0.));
#14986=CARTESIAN_POINT('',(87.9625,-3.025,0.));
#14987=CARTESIAN_POINT('Origin',(87.4625,-3.025,0.));
#14988=CARTESIAN_POINT('',(87.4625,-2.52500000000001,0.));
#14989=CARTESIAN_POINT('Origin',(74.4625,-2.525,0.));
#14990=CARTESIAN_POINT('',(74.4625,-2.525,0.));
#14991=CARTESIAN_POINT('Origin',(74.4625,-3.025,0.));
#14992=CARTESIAN_POINT('Origin',(2.525,-16.025,0.));
#14993=CARTESIAN_POINT('',(2.525,-3.025,0.));
#14994=CARTESIAN_POINT('',(2.525,-16.025,0.));
#14995=CARTESIAN_POINT('Origin',(3.025,-16.025,0.));
#14996=CARTESIAN_POINT('',(3.025,-16.525,0.));
#14997=CARTESIAN_POINT('Origin',(16.025,-16.525,0.));
#14998=CARTESIAN_POINT('',(16.025,-16.525,0.));
#14999=CARTESIAN_POINT('Origin',(16.025,-16.025,0.));
#15000=CARTESIAN_POINT('',(16.525,-16.025,0.));
#15001=CARTESIAN_POINT('Origin',(16.525,-3.025,0.));
#15002=CARTESIAN_POINT('',(16.525,-3.025,0.));
#15003=CARTESIAN_POINT('Origin',(16.025,-3.025,0.));
#15004=CARTESIAN_POINT('',(16.025,-2.525,0.));
#15005=CARTESIAN_POINT('Origin',(3.025,-2.525,0.));
#15006=CARTESIAN_POINT('',(3.025,-2.525,0.));
#15007=CARTESIAN_POINT('Origin',(3.025,-3.025,0.));
#15008=CARTESIAN_POINT('Origin',(140.6375,-16.025,0.));
#15009=CARTESIAN_POINT('',(140.6375,-3.025,0.));
#15010=CARTESIAN_POINT('',(140.6375,-16.025,0.));
#15011=CARTESIAN_POINT('Origin',(141.1375,-16.025,0.));
#15012=CARTESIAN_POINT('',(141.1375,-16.525,0.));
#15013=CARTESIAN_POINT('Origin',(154.1375,-16.525,0.));
#15014=CARTESIAN_POINT('',(154.1375,-16.525,0.));
#15015=CARTESIAN_POINT('Origin',(154.1375,-16.025,0.));
#15016=CARTESIAN_POINT('',(154.6375,-16.025,0.));
#15017=CARTESIAN_POINT('Origin',(154.6375,-3.025,0.));
#15018=CARTESIAN_POINT('',(154.6375,-3.025,0.));
#15019=CARTESIAN_POINT('Origin',(154.1375,-3.025,0.));
#15020=CARTESIAN_POINT('',(154.1375,-2.52500000000001,0.));
#15021=CARTESIAN_POINT('Origin',(141.1375,-2.525,0.));
#15022=CARTESIAN_POINT('',(141.1375,-2.525,0.));
#15023=CARTESIAN_POINT('Origin',(141.1375,-3.025,0.));
#15024=CARTESIAN_POINT('Origin',(78.725,-39.8375,0.));
#15025=CARTESIAN_POINT('',(78.725,-26.8375,0.));
#15026=CARTESIAN_POINT('',(78.725,-39.8375,0.));
#15027=CARTESIAN_POINT('Origin',(79.225,-39.8375,0.));
#15028=CARTESIAN_POINT('',(79.225,-40.3375,0.));
#15029=CARTESIAN_POINT('Origin',(92.225,-40.3375,0.));
#15030=CARTESIAN_POINT('',(92.225,-40.3375,0.));
#15031=CARTESIAN_POINT('Origin',(92.225,-39.8375,0.));
#15032=CARTESIAN_POINT('',(92.725,-39.8375,0.));
#15033=CARTESIAN_POINT('Origin',(92.725,-26.8375,0.));
#15034=CARTESIAN_POINT('',(92.725,-26.8375,0.));
#15035=CARTESIAN_POINT('Origin',(92.225,-26.8375,0.));
#15036=CARTESIAN_POINT('',(92.225,-26.3375,0.));
#15037=CARTESIAN_POINT('Origin',(79.225,-26.3375,0.));
#15038=CARTESIAN_POINT('',(79.225,-26.3375,0.));
#15039=CARTESIAN_POINT('Origin',(79.225,-26.8375,0.));
#15040=CARTESIAN_POINT('Origin',(54.9125,-116.0375,0.));
#15041=CARTESIAN_POINT('',(54.9125,-103.0375,0.));
#15042=CARTESIAN_POINT('',(54.9125,-116.0375,0.));
#15043=CARTESIAN_POINT('Origin',(55.4125,-116.0375,0.));
#15044=CARTESIAN_POINT('',(55.4125,-116.5375,0.));
#15045=CARTESIAN_POINT('Origin',(68.4125,-116.5375,0.));
#15046=CARTESIAN_POINT('',(68.4125,-116.5375,0.));
#15047=CARTESIAN_POINT('Origin',(68.4125,-116.0375,0.));
#15048=CARTESIAN_POINT('',(68.9125,-116.0375,0.));
#15049=CARTESIAN_POINT('Origin',(68.9125,-103.0375,0.));
#15050=CARTESIAN_POINT('',(68.9125,-103.0375,0.));
#15051=CARTESIAN_POINT('Origin',(68.4125,-103.0375,0.));
#15052=CARTESIAN_POINT('',(68.4125,-102.5375,0.));
#15053=CARTESIAN_POINT('Origin',(55.4125,-102.5375,0.));
#15054=CARTESIAN_POINT('',(55.4125,-102.5375,0.));
#15055=CARTESIAN_POINT('Origin',(55.4125,-103.0375,0.));
#15056=CARTESIAN_POINT('Origin',(21.575,-39.8375,0.));
#15057=CARTESIAN_POINT('',(21.575,-26.8375,0.));
#15058=CARTESIAN_POINT('',(21.575,-39.8375,0.));
#15059=CARTESIAN_POINT('Origin',(22.075,-39.8375,0.));
#15060=CARTESIAN_POINT('',(22.075,-40.3375,0.));
#15061=CARTESIAN_POINT('Origin',(35.075,-40.3375,0.));
#15062=CARTESIAN_POINT('',(35.075,-40.3375,0.));
#15063=CARTESIAN_POINT('Origin',(35.075,-39.8375,0.));
#15064=CARTESIAN_POINT('',(35.575,-39.8375,0.));
#15065=CARTESIAN_POINT('Origin',(35.575,-26.8375,0.));
#15066=CARTESIAN_POINT('',(35.575,-26.8375,0.));
#15067=CARTESIAN_POINT('Origin',(35.075,-26.8375,0.));
#15068=CARTESIAN_POINT('',(35.075,-26.3375,0.));
#15069=CARTESIAN_POINT('Origin',(22.075,-26.3375,0.));
#15070=CARTESIAN_POINT('',(22.075,-26.3375,0.));
#15071=CARTESIAN_POINT('Origin',(22.075,-26.8375,0.));
#15072=CARTESIAN_POINT('Origin',(88.25,-58.8875,0.));
#15073=CARTESIAN_POINT('',(88.25,-45.8875,0.));
#15074=CARTESIAN_POINT('',(88.25,-58.8875,0.));
#15075=CARTESIAN_POINT('Origin',(88.75,-58.8875,0.));
#15076=CARTESIAN_POINT('',(88.75,-59.3875,0.));
#15077=CARTESIAN_POINT('Origin',(101.75,-59.3875,0.));
#15078=CARTESIAN_POINT('',(101.75,-59.3875,0.));
#15079=CARTESIAN_POINT('Origin',(101.75,-58.8875,0.));
#15080=CARTESIAN_POINT('',(102.25,-58.8875,0.));
#15081=CARTESIAN_POINT('Origin',(102.25,-45.8875,0.));
#15082=CARTESIAN_POINT('',(102.25,-45.8875,0.));
#15083=CARTESIAN_POINT('Origin',(101.75,-45.8875,0.));
#15084=CARTESIAN_POINT('',(101.75,-45.3875,0.));
#15085=CARTESIAN_POINT('Origin',(88.75,-45.3875,0.));
#15086=CARTESIAN_POINT('',(88.75,-45.3875,0.));
#15087=CARTESIAN_POINT('Origin',(88.75,-45.8875,0.));
#15088=CARTESIAN_POINT('Origin',(7.46925,-97.5915,0.));
#15089=CARTESIAN_POINT('',(7.96925,-97.5915,0.));
#15090=CARTESIAN_POINT('Origin',(7.96925,-97.7599,0.));
#15091=CARTESIAN_POINT('',(7.96925,-97.7599,0.));
#15092=CARTESIAN_POINT('Origin',(8.46925,-97.7599,0.));
#15093=CARTESIAN_POINT('',(8.46925,-98.2599,0.));
#15094=CARTESIAN_POINT('Origin',(10.51725,-98.2599,0.));
#15095=CARTESIAN_POINT('',(10.51725,-98.2599,0.));
#15096=CARTESIAN_POINT('Origin',(10.51725,-97.7599,0.));
#15097=CARTESIAN_POINT('',(11.01725,-97.7599,0.));
#15098=CARTESIAN_POINT('Origin',(11.01725,-97.5915,0.));
#15099=CARTESIAN_POINT('',(11.01725,-97.5915,0.));
#15100=CARTESIAN_POINT('Origin',(11.51725,-97.5915,0.));
#15101=CARTESIAN_POINT('',(11.51725,-97.0915,0.));
#15102=CARTESIAN_POINT('Origin',(12.82065,-97.0915,0.));
#15103=CARTESIAN_POINT('',(12.82065,-97.0915,0.));
#15104=CARTESIAN_POINT('Origin',(12.82065,-96.8041,0.));
#15105=CARTESIAN_POINT('',(12.82065,-96.8041,0.));
#15106=CARTESIAN_POINT('Origin',(13.32065,-96.8041,0.));
#15107=CARTESIAN_POINT('',(13.32065,-96.3041,0.));
#15108=CARTESIAN_POINT('Origin',(14.43125,-96.3041,0.));
#15109=CARTESIAN_POINT('',(14.43125,-96.3041,0.));
#15110=CARTESIAN_POINT('Origin',(14.43125,-96.9875,0.));
#15111=CARTESIAN_POINT('',(14.43125,-96.9875,0.));
#15112=CARTESIAN_POINT('Origin',(14.93125,-96.9875,0.));
#15113=CARTESIAN_POINT('',(14.93125,-97.4875,0.));
#15114=CARTESIAN_POINT('Origin',(27.93125,-97.4875,0.));
#15115=CARTESIAN_POINT('',(27.93125,-97.4875,0.));
#15116=CARTESIAN_POINT('Origin',(27.93125,-96.9875,0.));
#15117=CARTESIAN_POINT('',(28.43125,-96.9875,0.));
#15118=CARTESIAN_POINT('Origin',(28.43125,-96.3041,0.));
#15119=CARTESIAN_POINT('',(28.43125,-96.3041,0.));
#15120=CARTESIAN_POINT('Origin',(29.54185,-96.3041,0.));
#15121=CARTESIAN_POINT('',(29.54185,-96.3041,0.));
#15122=CARTESIAN_POINT('Origin',(29.54185,-96.8041,0.));
#15123=CARTESIAN_POINT('',(30.04185,-96.8041,0.));
#15124=CARTESIAN_POINT('Origin',(30.04185,-97.0915,0.));
#15125=CARTESIAN_POINT('',(30.04185,-97.0915,0.));
#15126=CARTESIAN_POINT('Origin',(31.34525,-97.0915,0.));
#15127=CARTESIAN_POINT('',(31.34525,-97.0915,0.));
#15128=CARTESIAN_POINT('Origin',(31.34525,-97.5915,0.));
#15129=CARTESIAN_POINT('',(31.84525,-97.5915,0.));
#15130=CARTESIAN_POINT('Origin',(31.84525,-97.7599,0.));
#15131=CARTESIAN_POINT('',(31.84525,-97.7599,0.));
#15132=CARTESIAN_POINT('Origin',(32.34525,-97.7599,0.));
#15133=CARTESIAN_POINT('',(32.34525,-98.2599,0.));
#15134=CARTESIAN_POINT('Origin',(34.39325,-98.2599,0.));
#15135=CARTESIAN_POINT('',(34.39325,-98.2599,0.));
#15136=CARTESIAN_POINT('Origin',(34.39325,-97.7599,0.));
#15137=CARTESIAN_POINT('',(34.89325,-97.7599,0.));
#15138=CARTESIAN_POINT('Origin',(34.89325,-97.5915,0.));
#15139=CARTESIAN_POINT('',(34.89325,-97.5915,0.));
#15140=CARTESIAN_POINT('Origin',(35.39325,-97.5915,0.));
#15141=CARTESIAN_POINT('',(35.39325,-97.0915,0.));
#15142=CARTESIAN_POINT('Origin',(36.19665,-97.0915,0.));
#15143=CARTESIAN_POINT('',(36.19665,-97.0915,0.));
#15144=CARTESIAN_POINT('Origin',(36.19665,-96.5915,0.));
#15145=CARTESIAN_POINT('',(36.69665,-96.5915,0.));
#15146=CARTESIAN_POINT('Origin',(36.69665,-91.4955,0.));
#15147=CARTESIAN_POINT('Origin',(45.3875,-96.9875,0.));
#15148=CARTESIAN_POINT('',(45.3875,-83.9875,0.));
#15149=CARTESIAN_POINT('',(45.3875,-96.9875,0.));
#15150=CARTESIAN_POINT('Origin',(45.8875,-96.9875,0.));
#15151=CARTESIAN_POINT('',(45.8875,-97.4875,0.));
#15152=CARTESIAN_POINT('Origin',(58.8875,-97.4875,0.));
#15153=CARTESIAN_POINT('',(58.8875,-97.4875,0.));
#15154=CARTESIAN_POINT('Origin',(58.8875,-96.9875,0.));
#15155=CARTESIAN_POINT('',(59.3875,-96.9875,0.));
#15156=CARTESIAN_POINT('Origin',(59.3875,-83.9875,0.));
#15157=CARTESIAN_POINT('',(59.3875,-83.9875,0.));
#15158=CARTESIAN_POINT('Origin',(58.8875,-83.9875,0.));
#15159=CARTESIAN_POINT('',(58.8875,-83.4875,0.));
#15160=CARTESIAN_POINT('Origin',(45.8875,-83.4875,0.));
#15161=CARTESIAN_POINT('',(45.8875,-83.4875,0.));
#15162=CARTESIAN_POINT('Origin',(45.8875,-83.9875,0.));
#15163=CARTESIAN_POINT('Origin',(83.4875,-96.9875,0.));
#15164=CARTESIAN_POINT('',(83.4875,-83.9875,0.));
#15165=CARTESIAN_POINT('',(83.4875,-96.9875,0.));
#15166=CARTESIAN_POINT('Origin',(83.9875,-96.9875,0.));
#15167=CARTESIAN_POINT('',(83.9875,-97.4875,0.));
#15168=CARTESIAN_POINT('Origin',(96.9875,-97.4875,0.));
#15169=CARTESIAN_POINT('',(96.9875,-97.4875,0.));
#15170=CARTESIAN_POINT('Origin',(96.9875,-96.9875,0.));
#15171=CARTESIAN_POINT('',(97.4875,-96.9875,0.));
#15172=CARTESIAN_POINT('Origin',(97.4875,-83.9875,0.));
#15173=CARTESIAN_POINT('',(97.4875,-83.9875,0.));
#15174=CARTESIAN_POINT('Origin',(96.9875,-83.9875,0.));
#15175=CARTESIAN_POINT('',(96.9875,-83.4875,0.));
#15176=CARTESIAN_POINT('Origin',(83.9875,-83.4875,0.));
#15177=CARTESIAN_POINT('',(83.9875,-83.4875,0.));
#15178=CARTESIAN_POINT('Origin',(83.9875,-83.9875,0.));
#15179=CARTESIAN_POINT('Origin',(64.4375,-96.9875,0.));
#15180=CARTESIAN_POINT('',(64.4375,-83.9875,0.));
#15181=CARTESIAN_POINT('',(64.4375,-96.9875,0.));
#15182=CARTESIAN_POINT('Origin',(64.9375,-96.9875,0.));
#15183=CARTESIAN_POINT('',(64.9375,-97.4875,0.));
#15184=CARTESIAN_POINT('Origin',(77.9375,-97.4875,0.));
#15185=CARTESIAN_POINT('',(77.9375,-97.4875,0.));
#15186=CARTESIAN_POINT('Origin',(77.9375,-96.9875,0.));
#15187=CARTESIAN_POINT('',(78.4375,-96.9875,0.));
#15188=CARTESIAN_POINT('Origin',(78.4375,-83.9875,0.));
#15189=CARTESIAN_POINT('',(78.4375,-83.9875,0.));
#15190=CARTESIAN_POINT('Origin',(77.9375,-83.9875,0.));
#15191=CARTESIAN_POINT('',(77.9375,-83.4875,0.));
#15192=CARTESIAN_POINT('Origin',(64.9375,-83.4875,0.));
#15193=CARTESIAN_POINT('',(64.9375,-83.4875,0.));
#15194=CARTESIAN_POINT('Origin',(64.9375,-83.9875,0.));
#15195=CARTESIAN_POINT('Origin',(4.90625,-116.0375,0.));
#15196=CARTESIAN_POINT('',(4.90624999999999,-103.0375,0.));
#15197=CARTESIAN_POINT('',(4.90625,-116.0375,0.));
#15198=CARTESIAN_POINT('Origin',(5.40625,-116.0375,0.));
#15199=CARTESIAN_POINT('',(5.40625,-116.5375,0.));
#15200=CARTESIAN_POINT('Origin',(18.40625,-116.5375,0.));
#15201=CARTESIAN_POINT('',(18.40625,-116.5375,0.));
#15202=CARTESIAN_POINT('Origin',(18.40625,-116.0375,0.));
#15203=CARTESIAN_POINT('',(18.90625,-116.0375,0.));
#15204=CARTESIAN_POINT('Origin',(18.90625,-103.0375,0.));
#15205=CARTESIAN_POINT('',(18.90625,-103.0375,0.));
#15206=CARTESIAN_POINT('Origin',(18.40625,-103.0375,0.));
#15207=CARTESIAN_POINT('',(18.40625,-102.5375,0.));
#15208=CARTESIAN_POINT('Origin',(5.40625,-102.5375,0.));
#15209=CARTESIAN_POINT('',(5.40625,-102.5375,0.));
#15210=CARTESIAN_POINT('Origin',(5.40625,-103.0375,0.));
#15211=CARTESIAN_POINT('Origin',(121.5875,-16.025,0.));
#15212=CARTESIAN_POINT('',(121.5875,-3.025,0.));
#15213=CARTESIAN_POINT('',(121.5875,-16.025,0.));
#15214=CARTESIAN_POINT('Origin',(122.0875,-16.025,0.));
#15215=CARTESIAN_POINT('',(122.0875,-16.525,0.));
#15216=CARTESIAN_POINT('Origin',(135.0875,-16.525,0.));
#15217=CARTESIAN_POINT('',(135.0875,-16.525,0.));
#15218=CARTESIAN_POINT('Origin',(135.0875,-16.025,0.));
#15219=CARTESIAN_POINT('',(135.5875,-16.025,0.));
#15220=CARTESIAN_POINT('Origin',(135.5875,-3.025,0.));
#15221=CARTESIAN_POINT('',(135.5875,-3.025,0.));
#15222=CARTESIAN_POINT('Origin',(135.0875,-3.025,0.));
#15223=CARTESIAN_POINT('',(135.0875,-2.52499999999999,0.));
#15224=CARTESIAN_POINT('Origin',(122.0875,-2.525,0.));
#15225=CARTESIAN_POINT('',(122.0875,-2.525,0.));
#15226=CARTESIAN_POINT('Origin',(122.0875,-3.025,0.));
#15227=CARTESIAN_POINT('Origin',(40.625,-39.8375,0.));
#15228=CARTESIAN_POINT('',(40.625,-26.8375,0.));
#15229=CARTESIAN_POINT('',(40.625,-39.8375,0.));
#15230=CARTESIAN_POINT('Origin',(41.125,-39.8375,0.));
#15231=CARTESIAN_POINT('',(41.125,-40.3375,0.));
#15232=CARTESIAN_POINT('Origin',(54.125,-40.3375,0.));
#15233=CARTESIAN_POINT('',(54.125,-40.3375,0.));
#15234=CARTESIAN_POINT('Origin',(54.125,-39.8375,0.));
#15235=CARTESIAN_POINT('',(54.625,-39.8375,0.));
#15236=CARTESIAN_POINT('Origin',(54.625,-26.8375,0.));
#15237=CARTESIAN_POINT('',(54.625,-26.8375,0.));
#15238=CARTESIAN_POINT('Origin',(54.125,-26.8375,0.));
#15239=CARTESIAN_POINT('',(54.125,-26.3375,0.));
#15240=CARTESIAN_POINT('Origin',(41.125,-26.3375,0.));
#15241=CARTESIAN_POINT('',(41.125,-26.3375,0.));
#15242=CARTESIAN_POINT('Origin',(41.125,-26.8375,0.));
#15243=CARTESIAN_POINT('Origin',(112.0625,-77.9375,0.));
#15244=CARTESIAN_POINT('',(112.0625,-64.9375,0.));
#15245=CARTESIAN_POINT('',(112.0625,-77.9375,0.));
#15246=CARTESIAN_POINT('Origin',(112.5625,-77.9375,0.));
#15247=CARTESIAN_POINT('',(112.5625,-78.4375,0.));
#15248=CARTESIAN_POINT('Origin',(125.5625,-78.4375,0.));
#15249=CARTESIAN_POINT('',(125.5625,-78.4375,0.));
#15250=CARTESIAN_POINT('Origin',(125.5625,-77.9375,0.));
#15251=CARTESIAN_POINT('',(126.0625,-77.9375,0.));
#15252=CARTESIAN_POINT('Origin',(126.0625,-64.9375,0.));
#15253=CARTESIAN_POINT('',(126.0625,-64.9375,0.));
#15254=CARTESIAN_POINT('Origin',(125.5625,-64.9375,0.));
#15255=CARTESIAN_POINT('',(125.5625,-64.4375,0.));
#15256=CARTESIAN_POINT('Origin',(112.5625,-64.4375,0.));
#15257=CARTESIAN_POINT('',(112.5625,-64.4375,0.));
#15258=CARTESIAN_POINT('Origin',(112.5625,-64.9375,0.));
#15259=CARTESIAN_POINT('Origin',(121.5875,-96.9875,0.));
#15260=CARTESIAN_POINT('',(121.5875,-83.9875,0.));
#15261=CARTESIAN_POINT('',(121.5875,-96.9875,0.));
#15262=CARTESIAN_POINT('Origin',(122.0875,-96.9875,0.));
#15263=CARTESIAN_POINT('',(122.0875,-97.4875,0.));
#15264=CARTESIAN_POINT('Origin',(135.0875,-97.4875,0.));
#15265=CARTESIAN_POINT('',(135.0875,-97.4875,0.));
#15266=CARTESIAN_POINT('Origin',(135.0875,-96.9875,0.));
#15267=CARTESIAN_POINT('',(135.5875,-96.9875,0.));
#15268=CARTESIAN_POINT('Origin',(135.5875,-83.9875,0.));
#15269=CARTESIAN_POINT('',(135.5875,-83.9875,0.));
#15270=CARTESIAN_POINT('Origin',(135.0875,-83.9875,0.));
#15271=CARTESIAN_POINT('',(135.0875,-83.4875,0.));
#15272=CARTESIAN_POINT('Origin',(122.0875,-83.4875,0.));
#15273=CARTESIAN_POINT('',(122.0875,-83.4875,0.));
#15274=CARTESIAN_POINT('Origin',(122.0875,-83.9875,0.));
#15275=CARTESIAN_POINT('Origin',(102.5375,-96.9875,0.));
#15276=CARTESIAN_POINT('',(102.5375,-83.9875,0.));
#15277=CARTESIAN_POINT('',(102.5375,-96.9875,0.));
#15278=CARTESIAN_POINT('Origin',(103.0375,-96.9875,0.));
#15279=CARTESIAN_POINT('',(103.0375,-97.4875,0.));
#15280=CARTESIAN_POINT('Origin',(116.0375,-97.4875,0.));
#15281=CARTESIAN_POINT('',(116.0375,-97.4875,0.));
#15282=CARTESIAN_POINT('Origin',(116.0375,-96.9875,0.));
#15283=CARTESIAN_POINT('',(116.5375,-96.9875,0.));
#15284=CARTESIAN_POINT('Origin',(116.5375,-83.9875,0.));
#15285=CARTESIAN_POINT('',(116.5375,-83.9875,0.));
#15286=CARTESIAN_POINT('Origin',(116.0375,-83.9875,0.));
#15287=CARTESIAN_POINT('',(116.0375,-83.4875,0.));
#15288=CARTESIAN_POINT('Origin',(103.0375,-83.4875,0.));
#15289=CARTESIAN_POINT('',(103.0375,-83.4875,0.));
#15290=CARTESIAN_POINT('Origin',(103.0375,-83.9875,0.));
#15291=CARTESIAN_POINT('Origin',(9.66875,-77.9375,0.));
#15292=CARTESIAN_POINT('',(9.66875,-64.9375,0.));
#15293=CARTESIAN_POINT('',(9.66875,-77.9375,0.));
#15294=CARTESIAN_POINT('Origin',(10.16875,-77.9375,0.));
#15295=CARTESIAN_POINT('',(10.16875,-78.4375,0.));
#15296=CARTESIAN_POINT('Origin',(23.16875,-78.4375,0.));
#15297=CARTESIAN_POINT('',(23.16875,-78.4375,0.));
#15298=CARTESIAN_POINT('Origin',(23.16875,-77.9375,0.));
#15299=CARTESIAN_POINT('',(23.66875,-77.9375,0.));
#15300=CARTESIAN_POINT('Origin',(23.66875,-64.9375,0.));
#15301=CARTESIAN_POINT('',(23.66875,-64.9375,0.));
#15302=CARTESIAN_POINT('Origin',(23.16875,-64.9375,0.));
#15303=CARTESIAN_POINT('',(23.16875,-64.4375,0.));
#15304=CARTESIAN_POINT('Origin',(10.16875,-64.4375,0.));
#15305=CARTESIAN_POINT('',(10.16875,-64.4375,0.));
#15306=CARTESIAN_POINT('Origin',(10.16875,-64.9375,0.));
#15307=CARTESIAN_POINT('Origin',(50.15,-58.8875,0.));
#15308=CARTESIAN_POINT('',(50.15,-45.8875,0.));
#15309=CARTESIAN_POINT('',(50.15,-58.8875,0.));
#15310=CARTESIAN_POINT('Origin',(50.65,-58.8875,0.));
#15311=CARTESIAN_POINT('',(50.65,-59.3875,0.));
#15312=CARTESIAN_POINT('Origin',(63.65,-59.3875,0.));
#15313=CARTESIAN_POINT('',(63.65,-59.3875,0.));
#15314=CARTESIAN_POINT('Origin',(63.65,-58.8875,0.));
#15315=CARTESIAN_POINT('',(64.15,-58.8875,0.));
#15316=CARTESIAN_POINT('Origin',(64.15,-45.8875,0.));
#15317=CARTESIAN_POINT('',(64.15,-45.8875,0.));
#15318=CARTESIAN_POINT('Origin',(63.65,-45.8875,0.));
#15319=CARTESIAN_POINT('',(63.65,-45.3875,0.));
#15320=CARTESIAN_POINT('Origin',(50.65,-45.3875,0.));
#15321=CARTESIAN_POINT('',(50.65,-45.3875,0.));
#15322=CARTESIAN_POINT('Origin',(50.65,-45.8875,0.));
#15323=CARTESIAN_POINT('Origin',(140.6375,-96.9875,0.));
#15324=CARTESIAN_POINT('',(140.6375,-83.9875,0.));
#15325=CARTESIAN_POINT('',(140.6375,-96.9875,0.));
#15326=CARTESIAN_POINT('Origin',(141.1375,-96.9875,0.));
#15327=CARTESIAN_POINT('',(141.1375,-97.4875,0.));
#15328=CARTESIAN_POINT('Origin',(154.1375,-97.4875,0.));
#15329=CARTESIAN_POINT('',(154.1375,-97.4875,0.));
#15330=CARTESIAN_POINT('Origin',(154.1375,-96.9875,0.));
#15331=CARTESIAN_POINT('',(154.6375,-96.9875,0.));
#15332=CARTESIAN_POINT('Origin',(154.6375,-83.9875,0.));
#15333=CARTESIAN_POINT('',(154.6375,-83.9875,0.));
#15334=CARTESIAN_POINT('Origin',(154.1375,-83.9875,0.));
#15335=CARTESIAN_POINT('',(154.1375,-83.4875,0.));
#15336=CARTESIAN_POINT('Origin',(141.1375,-83.4875,0.));
#15337=CARTESIAN_POINT('',(141.1375,-83.4875,0.));
#15338=CARTESIAN_POINT('Origin',(141.1375,-83.9875,0.));
#15339=CARTESIAN_POINT('Origin',(69.2,-58.8875,0.));
#15340=CARTESIAN_POINT('',(69.2,-45.8875,0.));
#15341=CARTESIAN_POINT('',(69.2,-58.8875,0.));
#15342=CARTESIAN_POINT('Origin',(69.7,-58.8875,0.));
#15343=CARTESIAN_POINT('',(69.7,-59.3875,0.));
#15344=CARTESIAN_POINT('Origin',(82.7,-59.3875,0.));
#15345=CARTESIAN_POINT('',(82.7,-59.3875,0.));
#15346=CARTESIAN_POINT('Origin',(82.7,-58.8875,0.));
#15347=CARTESIAN_POINT('',(83.2,-58.8875,0.));
#15348=CARTESIAN_POINT('Origin',(83.2,-45.8875,0.));
#15349=CARTESIAN_POINT('',(83.2,-45.8875,0.));
#15350=CARTESIAN_POINT('Origin',(82.7,-45.8875,0.));
#15351=CARTESIAN_POINT('',(82.7,-45.3875,0.));
#15352=CARTESIAN_POINT('Origin',(69.7,-45.3875,0.));
#15353=CARTESIAN_POINT('',(69.7,-45.3875,0.));
#15354=CARTESIAN_POINT('Origin',(69.7,-45.8875,0.));
#15355=CARTESIAN_POINT('Origin',(97.775,-39.8375,0.));
#15356=CARTESIAN_POINT('',(97.775,-26.8375,0.));
#15357=CARTESIAN_POINT('',(97.775,-39.8375,0.));
#15358=CARTESIAN_POINT('Origin',(98.275,-39.8375,0.));
#15359=CARTESIAN_POINT('',(98.275,-40.3375,0.));
#15360=CARTESIAN_POINT('Origin',(111.275,-40.3375,0.));
#15361=CARTESIAN_POINT('',(111.275,-40.3375,0.));
#15362=CARTESIAN_POINT('Origin',(111.275,-39.8375,0.));
#15363=CARTESIAN_POINT('',(111.775,-39.8375,0.));
#15364=CARTESIAN_POINT('Origin',(111.775,-26.8375,0.));
#15365=CARTESIAN_POINT('',(111.775,-26.8375,0.));
#15366=CARTESIAN_POINT('Origin',(111.275,-26.8375,0.));
#15367=CARTESIAN_POINT('',(111.275,-26.3375,0.));
#15368=CARTESIAN_POINT('Origin',(98.275,-26.3375,0.));
#15369=CARTESIAN_POINT('',(98.275,-26.3375,0.));
#15370=CARTESIAN_POINT('Origin',(98.275,-26.8375,0.));
#15371=CARTESIAN_POINT('Origin',(102.4,-123.199631890492,0.));
#15372=CARTESIAN_POINT('',(102.4,-123.199631890492,0.));
#15373=CARTESIAN_POINT('Origin',(31.,-123.199631890492,0.));
#15374=CARTESIAN_POINT('Origin',(31.,3.,0.));
#15375=CARTESIAN_POINT('',(31.,3.,0.));
#15376=CARTESIAN_POINT('Origin',(102.4,3.,0.));
#15377=CARTESIAN_POINT('',(102.4,3.,0.));
#15378=CARTESIAN_POINT('Origin',(102.4,10.,0.));
#15379=UNCERTAINTY_MEASURE_WITH_UNIT(LENGTH_MEASURE(0.01),#15383,
'DISTANCE_ACCURACY_VALUE',
'Maximum model space distance between geometric entities at asserted c
onnectivities');
#15380=UNCERTAINTY_MEASURE_WITH_UNIT(LENGTH_MEASURE(0.01),#15383,
'DISTANCE_ACCURACY_VALUE',
'Maximum model space distance between geometric entities at asserted c
onnectivities');
#15381=(
GEOMETRIC_REPRESENTATION_CONTEXT(3)
GLOBAL_UNCERTAINTY_ASSIGNED_CONTEXT((#15379))
GLOBAL_UNIT_ASSIGNED_CONTEXT((#15383,#15385,#15386))
REPRESENTATION_CONTEXT('','3D')
);
#15382=(
GEOMETRIC_REPRESENTATION_CONTEXT(3)
GLOBAL_UNCERTAINTY_ASSIGNED_CONTEXT((#15380))
GLOBAL_UNIT_ASSIGNED_CONTEXT((#15383,#15385,#15386))
REPRESENTATION_CONTEXT('','3D')
);
#15383=(
LENGTH_UNIT()
NAMED_UNIT(*)
SI_UNIT(.MILLI.,.METRE.)
);
#15384=(
LENGTH_UNIT()
NAMED_UNIT(*)
SI_UNIT($,.METRE.)
);
#15385=(
NAMED_UNIT(*)
PLANE_ANGLE_UNIT()
SI_UNIT($,.RADIAN.)
);
#15386=(
NAMED_UNIT(*)
SI_UNIT($,.STERADIAN.)
SOLID_ANGLE_UNIT()
);
#15387=SHAPE_DEFINITION_REPRESENTATION(#15388,#15389);
#15388=PRODUCT_DEFINITION_SHAPE('',$,#15391);
#15389=SHAPE_REPRESENTATION('',(#9187),#15381);
#15390=PRODUCT_DEFINITION_CONTEXT('part definition',#15395,'design');
#15391=PRODUCT_DEFINITION('2026-05-10-17-46-24-524','Plate',#15392,#15390);
#15392=PRODUCT_DEFINITION_FORMATION('',$,#15397);
#15393=PRODUCT_RELATED_PRODUCT_CATEGORY('Plate','Plate',(#15397));
#15394=APPLICATION_PROTOCOL_DEFINITION('international standard',
'automotive_design',2009,#15395);
#15395=APPLICATION_CONTEXT(
'Core Data for Automotive Mechanical Design Process');
#15396=PRODUCT_CONTEXT('part definition',#15395,'mechanical');
#15397=PRODUCT('2026-05-10-17-46-24-524','Plate',$,(#15396));
#15398=PRESENTATION_STYLE_ASSIGNMENT((#15399));
#15399=SURFACE_STYLE_USAGE(.BOTH.,#15400);
#15400=SURFACE_SIDE_STYLE('',(#15401));
#15401=SURFACE_STYLE_FILL_AREA(#15402);
#15402=FILL_AREA_STYLE('Steel - Satin',(#15403));
#15403=FILL_AREA_STYLE_COLOUR('Steel - Satin',#15404);
#15404=COLOUR_RGB('Steel - Satin',0.627450980392157,0.627450980392157,0.627450980392157);
ENDSEC;
END-ISO-10303-21;
