ISO-10303-21;
HEADER;
/* Generated by software containing ST-Developer
 * from STEP Tools, Inc. (www.steptools.com) 
 */

FILE_DESCRIPTION(
/* description */ (''),
/* implementation_level */ '2;1');

FILE_NAME(
/* name */ 'PlateR.step',
/* time_stamp */ '2026-08-06T18:11:20-07:00',
/* author */ (''),
/* organization */ (''),
/* preprocessor_version */ 'ST-DEVELOPER v20.1',
/* originating_system */ 'Autodesk Translation Framework v15.8.0.0',
/* authorisation */ '');

FILE_SCHEMA (('AUTOMOTIVE_DESIGN { 1 0 10303 214 3 1 1 }'));
ENDSEC;

DATA;
#10=MECHANICAL_DESIGN_GEOMETRIC_PRESENTATION_REPRESENTATION('',(#13),#16876);
#11=SHAPE_REPRESENTATION_RELATIONSHIP('SRR','None',#16883,#12);
#12=ADVANCED_BREP_SHAPE_REPRESENTATION('',(#14),#16875);
#13=STYLED_ITEM('',(#16892),#14);
#14=MANIFOLD_SOLID_BREP('Body1',#10072);
#15=FACE_BOUND('',#876,.T.);
#16=FACE_BOUND('',#886,.T.);
#17=FACE_BOUND('',#960,.T.);
#18=FACE_BOUND('',#961,.T.);
#19=FACE_BOUND('',#962,.T.);
#20=FACE_BOUND('',#963,.T.);
#21=FACE_BOUND('',#964,.T.);
#22=FACE_BOUND('',#965,.T.);
#23=FACE_BOUND('',#966,.T.);
#24=FACE_BOUND('',#967,.T.);
#25=FACE_BOUND('',#968,.T.);
#26=FACE_BOUND('',#969,.T.);
#27=FACE_BOUND('',#970,.T.);
#28=FACE_BOUND('',#971,.T.);
#29=FACE_BOUND('',#972,.T.);
#30=FACE_BOUND('',#973,.T.);
#31=FACE_BOUND('',#974,.T.);
#32=FACE_BOUND('',#975,.T.);
#33=FACE_BOUND('',#976,.T.);
#34=FACE_BOUND('',#977,.T.);
#35=FACE_BOUND('',#978,.T.);
#36=FACE_BOUND('',#979,.T.);
#37=FACE_BOUND('',#980,.T.);
#38=FACE_BOUND('',#981,.T.);
#39=FACE_BOUND('',#982,.T.);
#40=FACE_BOUND('',#983,.T.);
#41=FACE_BOUND('',#984,.T.);
#42=FACE_BOUND('',#985,.T.);
#43=FACE_BOUND('',#986,.T.);
#44=FACE_BOUND('',#987,.T.);
#45=FACE_BOUND('',#988,.T.);
#46=FACE_BOUND('',#989,.T.);
#47=FACE_BOUND('',#990,.T.);
#48=FACE_BOUND('',#991,.T.);
#49=FACE_BOUND('',#992,.T.);
#50=FACE_BOUND('',#993,.T.);
#51=FACE_BOUND('',#994,.T.);
#52=FACE_BOUND('',#995,.T.);
#53=FACE_BOUND('',#996,.T.);
#54=FACE_BOUND('',#997,.T.);
#55=FACE_BOUND('',#998,.T.);
#56=FACE_BOUND('',#999,.T.);
#57=FACE_BOUND('',#1000,.T.);
#58=FACE_BOUND('',#1002,.T.);
#59=FACE_BOUND('',#1003,.T.);
#60=FACE_BOUND('',#1004,.T.);
#61=FACE_BOUND('',#1005,.T.);
#62=FACE_BOUND('',#1006,.T.);
#63=FACE_BOUND('',#1007,.T.);
#64=FACE_BOUND('',#1008,.T.);
#65=FACE_BOUND('',#1009,.T.);
#66=FACE_BOUND('',#1010,.T.);
#67=FACE_BOUND('',#1011,.T.);
#68=FACE_BOUND('',#1012,.T.);
#69=FACE_BOUND('',#1013,.T.);
#70=FACE_BOUND('',#1014,.T.);
#71=FACE_BOUND('',#1015,.T.);
#72=FACE_BOUND('',#1016,.T.);
#73=FACE_BOUND('',#1017,.T.);
#74=FACE_BOUND('',#1018,.T.);
#75=FACE_BOUND('',#1019,.T.);
#76=FACE_BOUND('',#1020,.T.);
#77=FACE_BOUND('',#1021,.T.);
#78=FACE_BOUND('',#1022,.T.);
#79=FACE_BOUND('',#1023,.T.);
#80=FACE_BOUND('',#1024,.T.);
#81=FACE_BOUND('',#1025,.T.);
#82=FACE_BOUND('',#1026,.T.);
#83=FACE_BOUND('',#1027,.T.);
#84=FACE_BOUND('',#1028,.T.);
#85=FACE_BOUND('',#1029,.T.);
#86=FACE_BOUND('',#1030,.T.);
#87=FACE_BOUND('',#1031,.T.);
#88=FACE_BOUND('',#1032,.T.);
#89=FACE_BOUND('',#1033,.T.);
#90=FACE_BOUND('',#1034,.T.);
#91=FACE_BOUND('',#1035,.T.);
#92=FACE_BOUND('',#1036,.T.);
#93=FACE_BOUND('',#1037,.T.);
#94=FACE_BOUND('',#1038,.T.);
#95=FACE_BOUND('',#1039,.T.);
#96=FACE_BOUND('',#1040,.T.);
#97=FACE_BOUND('',#1041,.T.);
#98=FACE_BOUND('',#1042,.T.);
#99=PLANE('',#10089);
#100=PLANE('',#10090);
#101=PLANE('',#10091);
#102=PLANE('',#10092);
#103=PLANE('',#10093);
#104=PLANE('',#10118);
#105=PLANE('',#10119);
#106=PLANE('',#10120);
#107=PLANE('',#10121);
#108=PLANE('',#10134);
#109=PLANE('',#10135);
#110=PLANE('',#10136);
#111=PLANE('',#10137);
#112=PLANE('',#10138);
#113=PLANE('',#10163);
#114=PLANE('',#10166);
#115=PLANE('',#10169);
#116=PLANE('',#10172);
#117=PLANE('',#10173);
#118=PLANE('',#10176);
#119=PLANE('',#10177);
#120=PLANE('',#10180);
#121=PLANE('',#10183);
#122=PLANE('',#10184);
#123=PLANE('',#10185);
#124=PLANE('',#10188);
#125=PLANE('',#10191);
#126=PLANE('',#10192);
#127=PLANE('',#10193);
#128=PLANE('',#10196);
#129=PLANE('',#10199);
#130=PLANE('',#10200);
#131=PLANE('',#10203);
#132=PLANE('',#10206);
#133=PLANE('',#10209);
#134=PLANE('',#10212);
#135=PLANE('',#10215);
#136=PLANE('',#10218);
#137=PLANE('',#10219);
#138=PLANE('',#10220);
#139=PLANE('',#10221);
#140=PLANE('',#10224);
#141=PLANE('',#10227);
#142=PLANE('',#10230);
#143=PLANE('',#10231);
#144=PLANE('',#10234);
#145=PLANE('',#10235);
#146=PLANE('',#10238);
#147=PLANE('',#10241);
#148=PLANE('',#10242);
#149=PLANE('',#10243);
#150=PLANE('',#10246);
#151=PLANE('',#10249);
#152=PLANE('',#10250);
#153=PLANE('',#10251);
#154=PLANE('',#10254);
#155=PLANE('',#10257);
#156=PLANE('',#10258);
#157=PLANE('',#10261);
#158=PLANE('',#10262);
#159=PLANE('',#10421);
#160=PLANE('',#10613);
#161=PLANE('',#10614);
#162=PLANE('',#10615);
#163=PLANE('',#10616);
#164=PLANE('',#10617);
#165=PLANE('',#10619);
#166=PLANE('',#10621);
#167=PLANE('',#10623);
#168=PLANE('',#10625);
#169=PLANE('',#10627);
#170=PLANE('',#10629);
#171=PLANE('',#10631);
#172=PLANE('',#10633);
#173=PLANE('',#10635);
#174=PLANE('',#10637);
#175=PLANE('',#10639);
#176=PLANE('',#10641);
#177=PLANE('',#10643);
#178=PLANE('',#10645);
#179=PLANE('',#10647);
#180=PLANE('',#10649);
#181=PLANE('',#10651);
#182=PLANE('',#10653);
#183=PLANE('',#10655);
#184=PLANE('',#10657);
#185=PLANE('',#10659);
#186=PLANE('',#10661);
#187=PLANE('',#10663);
#188=PLANE('',#10665);
#189=PLANE('',#10666);
#190=PLANE('',#10668);
#191=PLANE('',#10670);
#192=PLANE('',#10672);
#193=PLANE('',#10674);
#194=PLANE('',#10676);
#195=PLANE('',#10678);
#196=PLANE('',#10679);
#197=PLANE('',#10681);
#198=PLANE('',#10682);
#199=PLANE('',#10684);
#200=PLANE('',#10686);
#201=PLANE('',#10687);
#202=PLANE('',#10689);
#203=PLANE('',#10690);
#204=PLANE('',#10692);
#205=PLANE('',#10694);
#206=PLANE('',#10697);
#207=PLANE('',#10699);
#208=PLANE('',#10701);
#209=PLANE('',#10703);
#210=PLANE('',#10705);
#211=PLANE('',#10707);
#212=PLANE('',#10709);
#213=PLANE('',#10711);
#214=PLANE('',#10713);
#215=PLANE('',#10715);
#216=PLANE('',#10717);
#217=PLANE('',#10719);
#218=PLANE('',#10721);
#219=PLANE('',#10723);
#220=PLANE('',#10725);
#221=PLANE('',#10727);
#222=PLANE('',#10729);
#223=PLANE('',#10731);
#224=PLANE('',#10733);
#225=PLANE('',#10735);
#226=PLANE('',#10737);
#227=PLANE('',#10739);
#228=PLANE('',#10741);
#229=PLANE('',#10743);
#230=PLANE('',#10745);
#231=PLANE('',#10747);
#232=PLANE('',#10749);
#233=PLANE('',#10751);
#234=PLANE('',#10753);
#235=PLANE('',#10755);
#236=PLANE('',#10757);
#237=PLANE('',#10759);
#238=PLANE('',#10761);
#239=PLANE('',#10763);
#240=PLANE('',#10765);
#241=PLANE('',#10767);
#242=PLANE('',#10769);
#243=PLANE('',#10771);
#244=PLANE('',#10773);
#245=PLANE('',#10775);
#246=PLANE('',#10777);
#247=PLANE('',#10779);
#248=PLANE('',#10781);
#249=PLANE('',#10783);
#250=PLANE('',#10785);
#251=PLANE('',#10787);
#252=PLANE('',#10789);
#253=PLANE('',#10791);
#254=PLANE('',#10793);
#255=PLANE('',#10795);
#256=PLANE('',#10797);
#257=PLANE('',#10799);
#258=PLANE('',#10801);
#259=PLANE('',#10803);
#260=PLANE('',#10805);
#261=PLANE('',#10807);
#262=PLANE('',#10808);
#263=PLANE('',#10810);
#264=PLANE('',#10812);
#265=PLANE('',#10814);
#266=PLANE('',#10815);
#267=PLANE('',#10817);
#268=PLANE('',#10819);
#269=PLANE('',#10821);
#270=PLANE('',#10822);
#271=PLANE('',#10824);
#272=PLANE('',#10826);
#273=PLANE('',#10828);
#274=PLANE('',#10830);
#275=PLANE('',#10832);
#276=PLANE('',#10834);
#277=PLANE('',#10836);
#278=PLANE('',#10838);
#279=PLANE('',#10840);
#280=PLANE('',#10842);
#281=PLANE('',#10844);
#282=PLANE('',#10846);
#283=PLANE('',#10848);
#284=PLANE('',#10850);
#285=PLANE('',#10852);
#286=PLANE('',#10854);
#287=PLANE('',#10856);
#288=PLANE('',#10858);
#289=PLANE('',#10860);
#290=PLANE('',#10862);
#291=PLANE('',#10864);
#292=PLANE('',#10866);
#293=PLANE('',#10868);
#294=PLANE('',#10870);
#295=PLANE('',#10872);
#296=PLANE('',#10874);
#297=PLANE('',#10876);
#298=PLANE('',#10878);
#299=PLANE('',#10880);
#300=PLANE('',#10882);
#301=PLANE('',#10884);
#302=PLANE('',#10886);
#303=PLANE('',#10888);
#304=PLANE('',#10890);
#305=PLANE('',#10892);
#306=PLANE('',#10894);
#307=PLANE('',#10896);
#308=PLANE('',#10897);
#309=PLANE('',#10899);
#310=PLANE('',#10901);
#311=PLANE('',#10903);
#312=PLANE('',#10905);
#313=PLANE('',#10907);
#314=PLANE('',#10909);
#315=PLANE('',#10910);
#316=PLANE('',#10912);
#317=PLANE('',#10913);
#318=PLANE('',#10915);
#319=PLANE('',#10917);
#320=PLANE('',#10918);
#321=PLANE('',#10920);
#322=PLANE('',#10921);
#323=PLANE('',#10923);
#324=PLANE('',#10925);
#325=PLANE('',#10928);
#326=PLANE('',#10930);
#327=PLANE('',#10932);
#328=PLANE('',#10934);
#329=PLANE('',#10936);
#330=PLANE('',#10938);
#331=PLANE('',#10940);
#332=PLANE('',#10942);
#333=PLANE('',#10944);
#334=PLANE('',#10946);
#335=PLANE('',#10948);
#336=PLANE('',#10950);
#337=PLANE('',#10952);
#338=PLANE('',#10954);
#339=PLANE('',#10956);
#340=PLANE('',#10958);
#341=PLANE('',#10960);
#342=PLANE('',#10962);
#343=PLANE('',#10964);
#344=PLANE('',#10966);
#345=PLANE('',#10968);
#346=PLANE('',#10970);
#347=PLANE('',#10972);
#348=PLANE('',#10974);
#349=PLANE('',#10976);
#350=PLANE('',#10978);
#351=PLANE('',#10980);
#352=PLANE('',#10982);
#353=PLANE('',#10984);
#354=PLANE('',#10986);
#355=PLANE('',#10988);
#356=PLANE('',#10990);
#357=PLANE('',#10992);
#358=PLANE('',#10994);
#359=PLANE('',#10996);
#360=PLANE('',#10998);
#361=PLANE('',#11000);
#362=PLANE('',#11003);
#363=PLANE('',#11005);
#364=PLANE('',#11007);
#365=PLANE('',#11009);
#366=PLANE('',#11010);
#367=PLANE('',#11011);
#368=PLANE('',#11012);
#369=PLANE('',#11013);
#370=PLANE('',#11014);
#371=PLANE('',#11015);
#372=PLANE('',#11016);
#373=PLANE('',#11017);
#374=PLANE('',#11018);
#375=FACE_OUTER_BOUND('',#870,.T.);
#376=FACE_OUTER_BOUND('',#871,.T.);
#377=FACE_OUTER_BOUND('',#872,.T.);
#378=FACE_OUTER_BOUND('',#873,.T.);
#379=FACE_OUTER_BOUND('',#874,.T.);
#380=FACE_OUTER_BOUND('',#875,.T.);
#381=FACE_OUTER_BOUND('',#877,.T.);
#382=FACE_OUTER_BOUND('',#878,.T.);
#383=FACE_OUTER_BOUND('',#879,.T.);
#384=FACE_OUTER_BOUND('',#880,.T.);
#385=FACE_OUTER_BOUND('',#881,.T.);
#386=FACE_OUTER_BOUND('',#882,.T.);
#387=FACE_OUTER_BOUND('',#883,.T.);
#388=FACE_OUTER_BOUND('',#884,.T.);
#389=FACE_OUTER_BOUND('',#885,.T.);
#390=FACE_OUTER_BOUND('',#887,.T.);
#391=FACE_OUTER_BOUND('',#888,.T.);
#392=FACE_OUTER_BOUND('',#889,.T.);
#393=FACE_OUTER_BOUND('',#890,.T.);
#394=FACE_OUTER_BOUND('',#891,.T.);
#395=FACE_OUTER_BOUND('',#892,.T.);
#396=FACE_OUTER_BOUND('',#893,.T.);
#397=FACE_OUTER_BOUND('',#894,.T.);
#398=FACE_OUTER_BOUND('',#895,.T.);
#399=FACE_OUTER_BOUND('',#896,.T.);
#400=FACE_OUTER_BOUND('',#897,.T.);
#401=FACE_OUTER_BOUND('',#898,.T.);
#402=FACE_OUTER_BOUND('',#899,.T.);
#403=FACE_OUTER_BOUND('',#900,.T.);
#404=FACE_OUTER_BOUND('',#901,.T.);
#405=FACE_OUTER_BOUND('',#902,.T.);
#406=FACE_OUTER_BOUND('',#903,.T.);
#407=FACE_OUTER_BOUND('',#904,.T.);
#408=FACE_OUTER_BOUND('',#905,.T.);
#409=FACE_OUTER_BOUND('',#906,.T.);
#410=FACE_OUTER_BOUND('',#907,.T.);
#411=FACE_OUTER_BOUND('',#908,.T.);
#412=FACE_OUTER_BOUND('',#909,.T.);
#413=FACE_OUTER_BOUND('',#910,.T.);
#414=FACE_OUTER_BOUND('',#911,.T.);
#415=FACE_OUTER_BOUND('',#912,.T.);
#416=FACE_OUTER_BOUND('',#913,.T.);
#417=FACE_OUTER_BOUND('',#914,.T.);
#418=FACE_OUTER_BOUND('',#915,.T.);
#419=FACE_OUTER_BOUND('',#916,.T.);
#420=FACE_OUTER_BOUND('',#917,.T.);
#421=FACE_OUTER_BOUND('',#918,.T.);
#422=FACE_OUTER_BOUND('',#919,.T.);
#423=FACE_OUTER_BOUND('',#920,.T.);
#424=FACE_OUTER_BOUND('',#921,.T.);
#425=FACE_OUTER_BOUND('',#922,.T.);
#426=FACE_OUTER_BOUND('',#923,.T.);
#427=FACE_OUTER_BOUND('',#924,.T.);
#428=FACE_OUTER_BOUND('',#925,.T.);
#429=FACE_OUTER_BOUND('',#926,.T.);
#430=FACE_OUTER_BOUND('',#927,.T.);
#431=FACE_OUTER_BOUND('',#928,.T.);
#432=FACE_OUTER_BOUND('',#929,.T.);
#433=FACE_OUTER_BOUND('',#930,.T.);
#434=FACE_OUTER_BOUND('',#931,.T.);
#435=FACE_OUTER_BOUND('',#932,.T.);
#436=FACE_OUTER_BOUND('',#933,.T.);
#437=FACE_OUTER_BOUND('',#934,.T.);
#438=FACE_OUTER_BOUND('',#935,.T.);
#439=FACE_OUTER_BOUND('',#936,.T.);
#440=FACE_OUTER_BOUND('',#937,.T.);
#441=FACE_OUTER_BOUND('',#938,.T.);
#442=FACE_OUTER_BOUND('',#939,.T.);
#443=FACE_OUTER_BOUND('',#940,.T.);
#444=FACE_OUTER_BOUND('',#941,.T.);
#445=FACE_OUTER_BOUND('',#942,.T.);
#446=FACE_OUTER_BOUND('',#943,.T.);
#447=FACE_OUTER_BOUND('',#944,.T.);
#448=FACE_OUTER_BOUND('',#945,.T.);
#449=FACE_OUTER_BOUND('',#946,.T.);
#450=FACE_OUTER_BOUND('',#947,.T.);
#451=FACE_OUTER_BOUND('',#948,.T.);
#452=FACE_OUTER_BOUND('',#949,.T.);
#453=FACE_OUTER_BOUND('',#950,.T.);
#454=FACE_OUTER_BOUND('',#951,.T.);
#455=FACE_OUTER_BOUND('',#952,.T.);
#456=FACE_OUTER_BOUND('',#953,.T.);
#457=FACE_OUTER_BOUND('',#954,.T.);
#458=FACE_OUTER_BOUND('',#955,.T.);
#459=FACE_OUTER_BOUND('',#956,.T.);
#460=FACE_OUTER_BOUND('',#957,.T.);
#461=FACE_OUTER_BOUND('',#958,.T.);
#462=FACE_OUTER_BOUND('',#959,.T.);
#463=FACE_OUTER_BOUND('',#1001,.T.);
#464=FACE_OUTER_BOUND('',#1043,.T.);
#465=FACE_OUTER_BOUND('',#1044,.T.);
#466=FACE_OUTER_BOUND('',#1045,.T.);
#467=FACE_OUTER_BOUND('',#1046,.T.);
#468=FACE_OUTER_BOUND('',#1047,.T.);
#469=FACE_OUTER_BOUND('',#1048,.T.);
#470=FACE_OUTER_BOUND('',#1049,.T.);
#471=FACE_OUTER_BOUND('',#1050,.T.);
#472=FACE_OUTER_BOUND('',#1051,.T.);
#473=FACE_OUTER_BOUND('',#1052,.T.);
#474=FACE_OUTER_BOUND('',#1053,.T.);
#475=FACE_OUTER_BOUND('',#1054,.T.);
#476=FACE_OUTER_BOUND('',#1055,.T.);
#477=FACE_OUTER_BOUND('',#1056,.T.);
#478=FACE_OUTER_BOUND('',#1057,.T.);
#479=FACE_OUTER_BOUND('',#1058,.T.);
#480=FACE_OUTER_BOUND('',#1059,.T.);
#481=FACE_OUTER_BOUND('',#1060,.T.);
#482=FACE_OUTER_BOUND('',#1061,.T.);
#483=FACE_OUTER_BOUND('',#1062,.T.);
#484=FACE_OUTER_BOUND('',#1063,.T.);
#485=FACE_OUTER_BOUND('',#1064,.T.);
#486=FACE_OUTER_BOUND('',#1065,.T.);
#487=FACE_OUTER_BOUND('',#1066,.T.);
#488=FACE_OUTER_BOUND('',#1067,.T.);
#489=FACE_OUTER_BOUND('',#1068,.T.);
#490=FACE_OUTER_BOUND('',#1069,.T.);
#491=FACE_OUTER_BOUND('',#1070,.T.);
#492=FACE_OUTER_BOUND('',#1071,.T.);
#493=FACE_OUTER_BOUND('',#1072,.T.);
#494=FACE_OUTER_BOUND('',#1073,.T.);
#495=FACE_OUTER_BOUND('',#1074,.T.);
#496=FACE_OUTER_BOUND('',#1075,.T.);
#497=FACE_OUTER_BOUND('',#1076,.T.);
#498=FACE_OUTER_BOUND('',#1077,.T.);
#499=FACE_OUTER_BOUND('',#1078,.T.);
#500=FACE_OUTER_BOUND('',#1079,.T.);
#501=FACE_OUTER_BOUND('',#1080,.T.);
#502=FACE_OUTER_BOUND('',#1081,.T.);
#503=FACE_OUTER_BOUND('',#1082,.T.);
#504=FACE_OUTER_BOUND('',#1083,.T.);
#505=FACE_OUTER_BOUND('',#1084,.T.);
#506=FACE_OUTER_BOUND('',#1085,.T.);
#507=FACE_OUTER_BOUND('',#1086,.T.);
#508=FACE_OUTER_BOUND('',#1087,.T.);
#509=FACE_OUTER_BOUND('',#1088,.T.);
#510=FACE_OUTER_BOUND('',#1089,.T.);
#511=FACE_OUTER_BOUND('',#1090,.T.);
#512=FACE_OUTER_BOUND('',#1091,.T.);
#513=FACE_OUTER_BOUND('',#1092,.T.);
#514=FACE_OUTER_BOUND('',#1093,.T.);
#515=FACE_OUTER_BOUND('',#1094,.T.);
#516=FACE_OUTER_BOUND('',#1095,.T.);
#517=FACE_OUTER_BOUND('',#1096,.T.);
#518=FACE_OUTER_BOUND('',#1097,.T.);
#519=FACE_OUTER_BOUND('',#1098,.T.);
#520=FACE_OUTER_BOUND('',#1099,.T.);
#521=FACE_OUTER_BOUND('',#1100,.T.);
#522=FACE_OUTER_BOUND('',#1101,.T.);
#523=FACE_OUTER_BOUND('',#1102,.T.);
#524=FACE_OUTER_BOUND('',#1103,.T.);
#525=FACE_OUTER_BOUND('',#1104,.T.);
#526=FACE_OUTER_BOUND('',#1105,.T.);
#527=FACE_OUTER_BOUND('',#1106,.T.);
#528=FACE_OUTER_BOUND('',#1107,.T.);
#529=FACE_OUTER_BOUND('',#1108,.T.);
#530=FACE_OUTER_BOUND('',#1109,.T.);
#531=FACE_OUTER_BOUND('',#1110,.T.);
#532=FACE_OUTER_BOUND('',#1111,.T.);
#533=FACE_OUTER_BOUND('',#1112,.T.);
#534=FACE_OUTER_BOUND('',#1113,.T.);
#535=FACE_OUTER_BOUND('',#1114,.T.);
#536=FACE_OUTER_BOUND('',#1115,.T.);
#537=FACE_OUTER_BOUND('',#1116,.T.);
#538=FACE_OUTER_BOUND('',#1117,.T.);
#539=FACE_OUTER_BOUND('',#1118,.T.);
#540=FACE_OUTER_BOUND('',#1119,.T.);
#541=FACE_OUTER_BOUND('',#1120,.T.);
#542=FACE_OUTER_BOUND('',#1121,.T.);
#543=FACE_OUTER_BOUND('',#1122,.T.);
#544=FACE_OUTER_BOUND('',#1123,.T.);
#545=FACE_OUTER_BOUND('',#1124,.T.);
#546=FACE_OUTER_BOUND('',#1125,.T.);
#547=FACE_OUTER_BOUND('',#1126,.T.);
#548=FACE_OUTER_BOUND('',#1127,.T.);
#549=FACE_OUTER_BOUND('',#1128,.T.);
#550=FACE_OUTER_BOUND('',#1129,.T.);
#551=FACE_OUTER_BOUND('',#1130,.T.);
#552=FACE_OUTER_BOUND('',#1131,.T.);
#553=FACE_OUTER_BOUND('',#1132,.T.);
#554=FACE_OUTER_BOUND('',#1133,.T.);
#555=FACE_OUTER_BOUND('',#1134,.T.);
#556=FACE_OUTER_BOUND('',#1135,.T.);
#557=FACE_OUTER_BOUND('',#1136,.T.);
#558=FACE_OUTER_BOUND('',#1137,.T.);
#559=FACE_OUTER_BOUND('',#1138,.T.);
#560=FACE_OUTER_BOUND('',#1139,.T.);
#561=FACE_OUTER_BOUND('',#1140,.T.);
#562=FACE_OUTER_BOUND('',#1141,.T.);
#563=FACE_OUTER_BOUND('',#1142,.T.);
#564=FACE_OUTER_BOUND('',#1143,.T.);
#565=FACE_OUTER_BOUND('',#1144,.T.);
#566=FACE_OUTER_BOUND('',#1145,.T.);
#567=FACE_OUTER_BOUND('',#1146,.T.);
#568=FACE_OUTER_BOUND('',#1147,.T.);
#569=FACE_OUTER_BOUND('',#1148,.T.);
#570=FACE_OUTER_BOUND('',#1149,.T.);
#571=FACE_OUTER_BOUND('',#1150,.T.);
#572=FACE_OUTER_BOUND('',#1151,.T.);
#573=FACE_OUTER_BOUND('',#1152,.T.);
#574=FACE_OUTER_BOUND('',#1153,.T.);
#575=FACE_OUTER_BOUND('',#1154,.T.);
#576=FACE_OUTER_BOUND('',#1155,.T.);
#577=FACE_OUTER_BOUND('',#1156,.T.);
#578=FACE_OUTER_BOUND('',#1157,.T.);
#579=FACE_OUTER_BOUND('',#1158,.T.);
#580=FACE_OUTER_BOUND('',#1159,.T.);
#581=FACE_OUTER_BOUND('',#1160,.T.);
#582=FACE_OUTER_BOUND('',#1161,.T.);
#583=FACE_OUTER_BOUND('',#1162,.T.);
#584=FACE_OUTER_BOUND('',#1163,.T.);
#585=FACE_OUTER_BOUND('',#1164,.T.);
#586=FACE_OUTER_BOUND('',#1165,.T.);
#587=FACE_OUTER_BOUND('',#1166,.T.);
#588=FACE_OUTER_BOUND('',#1167,.T.);
#589=FACE_OUTER_BOUND('',#1168,.T.);
#590=FACE_OUTER_BOUND('',#1169,.T.);
#591=FACE_OUTER_BOUND('',#1170,.T.);
#592=FACE_OUTER_BOUND('',#1171,.T.);
#593=FACE_OUTER_BOUND('',#1172,.T.);
#594=FACE_OUTER_BOUND('',#1173,.T.);
#595=FACE_OUTER_BOUND('',#1174,.T.);
#596=FACE_OUTER_BOUND('',#1175,.T.);
#597=FACE_OUTER_BOUND('',#1176,.T.);
#598=FACE_OUTER_BOUND('',#1177,.T.);
#599=FACE_OUTER_BOUND('',#1178,.T.);
#600=FACE_OUTER_BOUND('',#1179,.T.);
#601=FACE_OUTER_BOUND('',#1180,.T.);
#602=FACE_OUTER_BOUND('',#1181,.T.);
#603=FACE_OUTER_BOUND('',#1182,.T.);
#604=FACE_OUTER_BOUND('',#1183,.T.);
#605=FACE_OUTER_BOUND('',#1184,.T.);
#606=FACE_OUTER_BOUND('',#1185,.T.);
#607=FACE_OUTER_BOUND('',#1186,.T.);
#608=FACE_OUTER_BOUND('',#1187,.T.);
#609=FACE_OUTER_BOUND('',#1188,.T.);
#610=FACE_OUTER_BOUND('',#1189,.T.);
#611=FACE_OUTER_BOUND('',#1190,.T.);
#612=FACE_OUTER_BOUND('',#1191,.T.);
#613=FACE_OUTER_BOUND('',#1192,.T.);
#614=FACE_OUTER_BOUND('',#1193,.T.);
#615=FACE_OUTER_BOUND('',#1194,.T.);
#616=FACE_OUTER_BOUND('',#1195,.T.);
#617=FACE_OUTER_BOUND('',#1196,.T.);
#618=FACE_OUTER_BOUND('',#1197,.T.);
#619=FACE_OUTER_BOUND('',#1198,.T.);
#620=FACE_OUTER_BOUND('',#1199,.T.);
#621=FACE_OUTER_BOUND('',#1200,.T.);
#622=FACE_OUTER_BOUND('',#1201,.T.);
#623=FACE_OUTER_BOUND('',#1202,.T.);
#624=FACE_OUTER_BOUND('',#1203,.T.);
#625=FACE_OUTER_BOUND('',#1204,.T.);
#626=FACE_OUTER_BOUND('',#1205,.T.);
#627=FACE_OUTER_BOUND('',#1206,.T.);
#628=FACE_OUTER_BOUND('',#1207,.T.);
#629=FACE_OUTER_BOUND('',#1208,.T.);
#630=FACE_OUTER_BOUND('',#1209,.T.);
#631=FACE_OUTER_BOUND('',#1210,.T.);
#632=FACE_OUTER_BOUND('',#1211,.T.);
#633=FACE_OUTER_BOUND('',#1212,.T.);
#634=FACE_OUTER_BOUND('',#1213,.T.);
#635=FACE_OUTER_BOUND('',#1214,.T.);
#636=FACE_OUTER_BOUND('',#1215,.T.);
#637=FACE_OUTER_BOUND('',#1216,.T.);
#638=FACE_OUTER_BOUND('',#1217,.T.);
#639=FACE_OUTER_BOUND('',#1218,.T.);
#640=FACE_OUTER_BOUND('',#1219,.T.);
#641=FACE_OUTER_BOUND('',#1220,.T.);
#642=FACE_OUTER_BOUND('',#1221,.T.);
#643=FACE_OUTER_BOUND('',#1222,.T.);
#644=FACE_OUTER_BOUND('',#1223,.T.);
#645=FACE_OUTER_BOUND('',#1224,.T.);
#646=FACE_OUTER_BOUND('',#1225,.T.);
#647=FACE_OUTER_BOUND('',#1226,.T.);
#648=FACE_OUTER_BOUND('',#1227,.T.);
#649=FACE_OUTER_BOUND('',#1228,.T.);
#650=FACE_OUTER_BOUND('',#1229,.T.);
#651=FACE_OUTER_BOUND('',#1230,.T.);
#652=FACE_OUTER_BOUND('',#1231,.T.);
#653=FACE_OUTER_BOUND('',#1232,.T.);
#654=FACE_OUTER_BOUND('',#1233,.T.);
#655=FACE_OUTER_BOUND('',#1234,.T.);
#656=FACE_OUTER_BOUND('',#1235,.T.);
#657=FACE_OUTER_BOUND('',#1236,.T.);
#658=FACE_OUTER_BOUND('',#1237,.T.);
#659=FACE_OUTER_BOUND('',#1238,.T.);
#660=FACE_OUTER_BOUND('',#1239,.T.);
#661=FACE_OUTER_BOUND('',#1240,.T.);
#662=FACE_OUTER_BOUND('',#1241,.T.);
#663=FACE_OUTER_BOUND('',#1242,.T.);
#664=FACE_OUTER_BOUND('',#1243,.T.);
#665=FACE_OUTER_BOUND('',#1244,.T.);
#666=FACE_OUTER_BOUND('',#1245,.T.);
#667=FACE_OUTER_BOUND('',#1246,.T.);
#668=FACE_OUTER_BOUND('',#1247,.T.);
#669=FACE_OUTER_BOUND('',#1248,.T.);
#670=FACE_OUTER_BOUND('',#1249,.T.);
#671=FACE_OUTER_BOUND('',#1250,.T.);
#672=FACE_OUTER_BOUND('',#1251,.T.);
#673=FACE_OUTER_BOUND('',#1252,.T.);
#674=FACE_OUTER_BOUND('',#1253,.T.);
#675=FACE_OUTER_BOUND('',#1254,.T.);
#676=FACE_OUTER_BOUND('',#1255,.T.);
#677=FACE_OUTER_BOUND('',#1256,.T.);
#678=FACE_OUTER_BOUND('',#1257,.T.);
#679=FACE_OUTER_BOUND('',#1258,.T.);
#680=FACE_OUTER_BOUND('',#1259,.T.);
#681=FACE_OUTER_BOUND('',#1260,.T.);
#682=FACE_OUTER_BOUND('',#1261,.T.);
#683=FACE_OUTER_BOUND('',#1262,.T.);
#684=FACE_OUTER_BOUND('',#1263,.T.);
#685=FACE_OUTER_BOUND('',#1264,.T.);
#686=FACE_OUTER_BOUND('',#1265,.T.);
#687=FACE_OUTER_BOUND('',#1266,.T.);
#688=FACE_OUTER_BOUND('',#1267,.T.);
#689=FACE_OUTER_BOUND('',#1268,.T.);
#690=FACE_OUTER_BOUND('',#1269,.T.);
#691=FACE_OUTER_BOUND('',#1270,.T.);
#692=FACE_OUTER_BOUND('',#1271,.T.);
#693=FACE_OUTER_BOUND('',#1272,.T.);
#694=FACE_OUTER_BOUND('',#1273,.T.);
#695=FACE_OUTER_BOUND('',#1274,.T.);
#696=FACE_OUTER_BOUND('',#1275,.T.);
#697=FACE_OUTER_BOUND('',#1276,.T.);
#698=FACE_OUTER_BOUND('',#1277,.T.);
#699=FACE_OUTER_BOUND('',#1278,.T.);
#700=FACE_OUTER_BOUND('',#1279,.T.);
#701=FACE_OUTER_BOUND('',#1280,.T.);
#702=FACE_OUTER_BOUND('',#1281,.T.);
#703=FACE_OUTER_BOUND('',#1282,.T.);
#704=FACE_OUTER_BOUND('',#1283,.T.);
#705=FACE_OUTER_BOUND('',#1284,.T.);
#706=FACE_OUTER_BOUND('',#1285,.T.);
#707=FACE_OUTER_BOUND('',#1286,.T.);
#708=FACE_OUTER_BOUND('',#1287,.T.);
#709=FACE_OUTER_BOUND('',#1288,.T.);
#710=FACE_OUTER_BOUND('',#1289,.T.);
#711=FACE_OUTER_BOUND('',#1290,.T.);
#712=FACE_OUTER_BOUND('',#1291,.T.);
#713=FACE_OUTER_BOUND('',#1292,.T.);
#714=FACE_OUTER_BOUND('',#1293,.T.);
#715=FACE_OUTER_BOUND('',#1294,.T.);
#716=FACE_OUTER_BOUND('',#1295,.T.);
#717=FACE_OUTER_BOUND('',#1296,.T.);
#718=FACE_OUTER_BOUND('',#1297,.T.);
#719=FACE_OUTER_BOUND('',#1298,.T.);
#720=FACE_OUTER_BOUND('',#1299,.T.);
#721=FACE_OUTER_BOUND('',#1300,.T.);
#722=FACE_OUTER_BOUND('',#1301,.T.);
#723=FACE_OUTER_BOUND('',#1302,.T.);
#724=FACE_OUTER_BOUND('',#1303,.T.);
#725=FACE_OUTER_BOUND('',#1304,.T.);
#726=FACE_OUTER_BOUND('',#1305,.T.);
#727=FACE_OUTER_BOUND('',#1306,.T.);
#728=FACE_OUTER_BOUND('',#1307,.T.);
#729=FACE_OUTER_BOUND('',#1308,.T.);
#730=FACE_OUTER_BOUND('',#1309,.T.);
#731=FACE_OUTER_BOUND('',#1310,.T.);
#732=FACE_OUTER_BOUND('',#1311,.T.);
#733=FACE_OUTER_BOUND('',#1312,.T.);
#734=FACE_OUTER_BOUND('',#1313,.T.);
#735=FACE_OUTER_BOUND('',#1314,.T.);
#736=FACE_OUTER_BOUND('',#1315,.T.);
#737=FACE_OUTER_BOUND('',#1316,.T.);
#738=FACE_OUTER_BOUND('',#1317,.T.);
#739=FACE_OUTER_BOUND('',#1318,.T.);
#740=FACE_OUTER_BOUND('',#1319,.T.);
#741=FACE_OUTER_BOUND('',#1320,.T.);
#742=FACE_OUTER_BOUND('',#1321,.T.);
#743=FACE_OUTER_BOUND('',#1322,.T.);
#744=FACE_OUTER_BOUND('',#1323,.T.);
#745=FACE_OUTER_BOUND('',#1324,.T.);
#746=FACE_OUTER_BOUND('',#1325,.T.);
#747=FACE_OUTER_BOUND('',#1326,.T.);
#748=FACE_OUTER_BOUND('',#1327,.T.);
#749=FACE_OUTER_BOUND('',#1328,.T.);
#750=FACE_OUTER_BOUND('',#1329,.T.);
#751=FACE_OUTER_BOUND('',#1330,.T.);
#752=FACE_OUTER_BOUND('',#1331,.T.);
#753=FACE_OUTER_BOUND('',#1332,.T.);
#754=FACE_OUTER_BOUND('',#1333,.T.);
#755=FACE_OUTER_BOUND('',#1334,.T.);
#756=FACE_OUTER_BOUND('',#1335,.T.);
#757=FACE_OUTER_BOUND('',#1336,.T.);
#758=FACE_OUTER_BOUND('',#1337,.T.);
#759=FACE_OUTER_BOUND('',#1338,.T.);
#760=FACE_OUTER_BOUND('',#1339,.T.);
#761=FACE_OUTER_BOUND('',#1340,.T.);
#762=FACE_OUTER_BOUND('',#1341,.T.);
#763=FACE_OUTER_BOUND('',#1342,.T.);
#764=FACE_OUTER_BOUND('',#1343,.T.);
#765=FACE_OUTER_BOUND('',#1344,.T.);
#766=FACE_OUTER_BOUND('',#1345,.T.);
#767=FACE_OUTER_BOUND('',#1346,.T.);
#768=FACE_OUTER_BOUND('',#1347,.T.);
#769=FACE_OUTER_BOUND('',#1348,.T.);
#770=FACE_OUTER_BOUND('',#1349,.T.);
#771=FACE_OUTER_BOUND('',#1350,.T.);
#772=FACE_OUTER_BOUND('',#1351,.T.);
#773=FACE_OUTER_BOUND('',#1352,.T.);
#774=FACE_OUTER_BOUND('',#1353,.T.);
#775=FACE_OUTER_BOUND('',#1354,.T.);
#776=FACE_OUTER_BOUND('',#1355,.T.);
#777=FACE_OUTER_BOUND('',#1356,.T.);
#778=FACE_OUTER_BOUND('',#1357,.T.);
#779=FACE_OUTER_BOUND('',#1358,.T.);
#780=FACE_OUTER_BOUND('',#1359,.T.);
#781=FACE_OUTER_BOUND('',#1360,.T.);
#782=FACE_OUTER_BOUND('',#1361,.T.);
#783=FACE_OUTER_BOUND('',#1362,.T.);
#784=FACE_OUTER_BOUND('',#1363,.T.);
#785=FACE_OUTER_BOUND('',#1364,.T.);
#786=FACE_OUTER_BOUND('',#1365,.T.);
#787=FACE_OUTER_BOUND('',#1366,.T.);
#788=FACE_OUTER_BOUND('',#1367,.T.);
#789=FACE_OUTER_BOUND('',#1368,.T.);
#790=FACE_OUTER_BOUND('',#1369,.T.);
#791=FACE_OUTER_BOUND('',#1370,.T.);
#792=FACE_OUTER_BOUND('',#1371,.T.);
#793=FACE_OUTER_BOUND('',#1372,.T.);
#794=FACE_OUTER_BOUND('',#1373,.T.);
#795=FACE_OUTER_BOUND('',#1374,.T.);
#796=FACE_OUTER_BOUND('',#1375,.T.);
#797=FACE_OUTER_BOUND('',#1376,.T.);
#798=FACE_OUTER_BOUND('',#1377,.T.);
#799=FACE_OUTER_BOUND('',#1378,.T.);
#800=FACE_OUTER_BOUND('',#1379,.T.);
#801=FACE_OUTER_BOUND('',#1380,.T.);
#802=FACE_OUTER_BOUND('',#1381,.T.);
#803=FACE_OUTER_BOUND('',#1382,.T.);
#804=FACE_OUTER_BOUND('',#1383,.T.);
#805=FACE_OUTER_BOUND('',#1384,.T.);
#806=FACE_OUTER_BOUND('',#1385,.T.);
#807=FACE_OUTER_BOUND('',#1386,.T.);
#808=FACE_OUTER_BOUND('',#1387,.T.);
#809=FACE_OUTER_BOUND('',#1388,.T.);
#810=FACE_OUTER_BOUND('',#1389,.T.);
#811=FACE_OUTER_BOUND('',#1390,.T.);
#812=FACE_OUTER_BOUND('',#1391,.T.);
#813=FACE_OUTER_BOUND('',#1392,.T.);
#814=FACE_OUTER_BOUND('',#1393,.T.);
#815=FACE_OUTER_BOUND('',#1394,.T.);
#816=FACE_OUTER_BOUND('',#1395,.T.);
#817=FACE_OUTER_BOUND('',#1396,.T.);
#818=FACE_OUTER_BOUND('',#1397,.T.);
#819=FACE_OUTER_BOUND('',#1398,.T.);
#820=FACE_OUTER_BOUND('',#1399,.T.);
#821=FACE_OUTER_BOUND('',#1400,.T.);
#822=FACE_OUTER_BOUND('',#1401,.T.);
#823=FACE_OUTER_BOUND('',#1402,.T.);
#824=FACE_OUTER_BOUND('',#1403,.T.);
#825=FACE_OUTER_BOUND('',#1404,.T.);
#826=FACE_OUTER_BOUND('',#1405,.T.);
#827=FACE_OUTER_BOUND('',#1406,.T.);
#828=FACE_OUTER_BOUND('',#1407,.T.);
#829=FACE_OUTER_BOUND('',#1408,.T.);
#830=FACE_OUTER_BOUND('',#1409,.T.);
#831=FACE_OUTER_BOUND('',#1410,.T.);
#832=FACE_OUTER_BOUND('',#1411,.T.);
#833=FACE_OUTER_BOUND('',#1412,.T.);
#834=FACE_OUTER_BOUND('',#1413,.T.);
#835=FACE_OUTER_BOUND('',#1414,.T.);
#836=FACE_OUTER_BOUND('',#1415,.T.);
#837=FACE_OUTER_BOUND('',#1416,.T.);
#838=FACE_OUTER_BOUND('',#1417,.T.);
#839=FACE_OUTER_BOUND('',#1418,.T.);
#840=FACE_OUTER_BOUND('',#1419,.T.);
#841=FACE_OUTER_BOUND('',#1420,.T.);
#842=FACE_OUTER_BOUND('',#1421,.T.);
#843=FACE_OUTER_BOUND('',#1422,.T.);
#844=FACE_OUTER_BOUND('',#1423,.T.);
#845=FACE_OUTER_BOUND('',#1424,.T.);
#846=FACE_OUTER_BOUND('',#1425,.T.);
#847=FACE_OUTER_BOUND('',#1426,.T.);
#848=FACE_OUTER_BOUND('',#1427,.T.);
#849=FACE_OUTER_BOUND('',#1428,.T.);
#850=FACE_OUTER_BOUND('',#1429,.T.);
#851=FACE_OUTER_BOUND('',#1430,.T.);
#852=FACE_OUTER_BOUND('',#1431,.T.);
#853=FACE_OUTER_BOUND('',#1432,.T.);
#854=FACE_OUTER_BOUND('',#1433,.T.);
#855=FACE_OUTER_BOUND('',#1434,.T.);
#856=FACE_OUTER_BOUND('',#1435,.T.);
#857=FACE_OUTER_BOUND('',#1436,.T.);
#858=FACE_OUTER_BOUND('',#1437,.T.);
#859=FACE_OUTER_BOUND('',#1438,.T.);
#860=FACE_OUTER_BOUND('',#1439,.T.);
#861=FACE_OUTER_BOUND('',#1440,.T.);
#862=FACE_OUTER_BOUND('',#1441,.T.);
#863=FACE_OUTER_BOUND('',#1442,.T.);
#864=FACE_OUTER_BOUND('',#1443,.T.);
#865=FACE_OUTER_BOUND('',#1444,.T.);
#866=FACE_OUTER_BOUND('',#1445,.T.);
#867=FACE_OUTER_BOUND('',#1446,.T.);
#868=FACE_OUTER_BOUND('',#1447,.T.);
#869=FACE_OUTER_BOUND('',#1448,.T.);
#870=EDGE_LOOP('',(#6412,#6413,#6414,#6415));
#871=EDGE_LOOP('',(#6416,#6417,#6418,#6419));
#872=EDGE_LOOP('',(#6420,#6421,#6422,#6423));
#873=EDGE_LOOP('',(#6424,#6425,#6426,#6427));
#874=EDGE_LOOP('',(#6428,#6429,#6430,#6431));
#875=EDGE_LOOP('',(#6432,#6433,#6434,#6435));
#876=EDGE_LOOP('',(#6436,#6437,#6438,#6439,#6440,#6441,#6442,#6443,#6444,
#6445,#6446,#6447,#6448,#6449,#6450,#6451,#6452,#6453,#6454,#6455,#6456,
#6457,#6458,#6459,#6460,#6461,#6462,#6463,#6464,#6465,#6466,#6467,#6468,
#6469,#6470,#6471,#6472,#6473,#6474,#6475,#6476,#6477,#6478,#6479,#6480,
#6481,#6482,#6483,#6484,#6485,#6486,#6487,#6488,#6489,#6490,#6491,#6492,
#6493,#6494,#6495));
#877=EDGE_LOOP('',(#6496,#6497,#6498,#6499));
#878=EDGE_LOOP('',(#6500,#6501,#6502,#6503));
#879=EDGE_LOOP('',(#6504,#6505,#6506,#6507));
#880=EDGE_LOOP('',(#6508,#6509,#6510,#6511,#6512,#6513,#6514,#6515,#6516,
#6517,#6518,#6519,#6520,#6521,#6522,#6523,#6524,#6525,#6526,#6527,#6528,
#6529,#6530,#6531,#6532,#6533,#6534,#6535,#6536,#6537,#6538,#6539));
#881=EDGE_LOOP('',(#6540,#6541,#6542,#6543));
#882=EDGE_LOOP('',(#6544,#6545,#6546,#6547));
#883=EDGE_LOOP('',(#6548,#6549,#6550,#6551));
#884=EDGE_LOOP('',(#6552,#6553,#6554,#6555));
#885=EDGE_LOOP('',(#6556,#6557,#6558,#6559));
#886=EDGE_LOOP('',(#6560,#6561,#6562,#6563,#6564,#6565,#6566,#6567,#6568,
#6569,#6570,#6571,#6572,#6573,#6574,#6575,#6576,#6577,#6578,#6579,#6580,
#6581,#6582,#6583,#6584,#6585,#6586,#6587,#6588,#6589,#6590,#6591,#6592,
#6593,#6594,#6595,#6596,#6597,#6598,#6599,#6600,#6601,#6602,#6603,#6604,
#6605,#6606,#6607,#6608,#6609,#6610,#6611,#6612,#6613,#6614,#6615,#6616,
#6617,#6618,#6619));
#887=EDGE_LOOP('',(#6620,#6621,#6622,#6623));
#888=EDGE_LOOP('',(#6624,#6625,#6626,#6627));
#889=EDGE_LOOP('',(#6628,#6629,#6630,#6631));
#890=EDGE_LOOP('',(#6632,#6633,#6634,#6635));
#891=EDGE_LOOP('',(#6636,#6637,#6638,#6639));
#892=EDGE_LOOP('',(#6640,#6641,#6642,#6643));
#893=EDGE_LOOP('',(#6644,#6645,#6646,#6647));
#894=EDGE_LOOP('',(#6648,#6649,#6650,#6651));
#895=EDGE_LOOP('',(#6652,#6653,#6654,#6655));
#896=EDGE_LOOP('',(#6656,#6657,#6658,#6659));
#897=EDGE_LOOP('',(#6660,#6661,#6662,#6663));
#898=EDGE_LOOP('',(#6664,#6665,#6666,#6667));
#899=EDGE_LOOP('',(#6668,#6669,#6670,#6671));
#900=EDGE_LOOP('',(#6672,#6673,#6674,#6675));
#901=EDGE_LOOP('',(#6676,#6677,#6678,#6679));
#902=EDGE_LOOP('',(#6680,#6681,#6682,#6683));
#903=EDGE_LOOP('',(#6684,#6685,#6686,#6687));
#904=EDGE_LOOP('',(#6688,#6689,#6690,#6691));
#905=EDGE_LOOP('',(#6692,#6693,#6694,#6695));
#906=EDGE_LOOP('',(#6696,#6697,#6698,#6699));
#907=EDGE_LOOP('',(#6700,#6701,#6702,#6703));
#908=EDGE_LOOP('',(#6704,#6705,#6706,#6707));
#909=EDGE_LOOP('',(#6708,#6709,#6710,#6711));
#910=EDGE_LOOP('',(#6712,#6713,#6714,#6715));
#911=EDGE_LOOP('',(#6716,#6717,#6718,#6719));
#912=EDGE_LOOP('',(#6720,#6721,#6722,#6723));
#913=EDGE_LOOP('',(#6724,#6725,#6726,#6727));
#914=EDGE_LOOP('',(#6728,#6729,#6730,#6731));
#915=EDGE_LOOP('',(#6732,#6733,#6734,#6735));
#916=EDGE_LOOP('',(#6736,#6737,#6738,#6739));
#917=EDGE_LOOP('',(#6740,#6741,#6742,#6743));
#918=EDGE_LOOP('',(#6744,#6745,#6746,#6747));
#919=EDGE_LOOP('',(#6748,#6749,#6750,#6751));
#920=EDGE_LOOP('',(#6752,#6753,#6754,#6755));
#921=EDGE_LOOP('',(#6756,#6757,#6758,#6759));
#922=EDGE_LOOP('',(#6760,#6761,#6762,#6763));
#923=EDGE_LOOP('',(#6764,#6765,#6766,#6767));
#924=EDGE_LOOP('',(#6768,#6769,#6770,#6771));
#925=EDGE_LOOP('',(#6772,#6773,#6774,#6775));
#926=EDGE_LOOP('',(#6776,#6777,#6778,#6779));
#927=EDGE_LOOP('',(#6780,#6781,#6782,#6783,#6784,#6785));
#928=EDGE_LOOP('',(#6786,#6787,#6788,#6789,#6790,#6791));
#929=EDGE_LOOP('',(#6792,#6793,#6794,#6795));
#930=EDGE_LOOP('',(#6796,#6797,#6798,#6799));
#931=EDGE_LOOP('',(#6800,#6801,#6802,#6803));
#932=EDGE_LOOP('',(#6804,#6805,#6806,#6807));
#933=EDGE_LOOP('',(#6808,#6809,#6810,#6811));
#934=EDGE_LOOP('',(#6812,#6813,#6814,#6815));
#935=EDGE_LOOP('',(#6816,#6817,#6818,#6819));
#936=EDGE_LOOP('',(#6820,#6821,#6822,#6823));
#937=EDGE_LOOP('',(#6824,#6825,#6826,#6827));
#938=EDGE_LOOP('',(#6828,#6829,#6830,#6831));
#939=EDGE_LOOP('',(#6832,#6833,#6834,#6835));
#940=EDGE_LOOP('',(#6836,#6837,#6838,#6839));
#941=EDGE_LOOP('',(#6840,#6841,#6842,#6843));
#942=EDGE_LOOP('',(#6844,#6845,#6846,#6847));
#943=EDGE_LOOP('',(#6848,#6849,#6850,#6851));
#944=EDGE_LOOP('',(#6852,#6853,#6854,#6855));
#945=EDGE_LOOP('',(#6856,#6857,#6858,#6859));
#946=EDGE_LOOP('',(#6860,#6861,#6862,#6863));
#947=EDGE_LOOP('',(#6864,#6865,#6866,#6867));
#948=EDGE_LOOP('',(#6868,#6869,#6870,#6871));
#949=EDGE_LOOP('',(#6872,#6873,#6874,#6875));
#950=EDGE_LOOP('',(#6876,#6877,#6878,#6879));
#951=EDGE_LOOP('',(#6880,#6881,#6882,#6883));
#952=EDGE_LOOP('',(#6884,#6885,#6886,#6887));
#953=EDGE_LOOP('',(#6888,#6889,#6890,#6891));
#954=EDGE_LOOP('',(#6892,#6893,#6894,#6895));
#955=EDGE_LOOP('',(#6896,#6897,#6898,#6899));
#956=EDGE_LOOP('',(#6900,#6901,#6902,#6903));
#957=EDGE_LOOP('',(#6904,#6905,#6906,#6907));
#958=EDGE_LOOP('',(#6908,#6909,#6910,#6911));
#959=EDGE_LOOP('',(#6912,#6913,#6914,#6915,#6916,#6917,#6918,#6919,#6920,
#6921,#6922,#6923,#6924,#6925,#6926,#6927,#6928,#6929,#6930,#6931,#6932,
#6933,#6934,#6935,#6936,#6937,#6938,#6939,#6940,#6941));
#960=EDGE_LOOP('',(#6942,#6943,#6944,#6945));
#961=EDGE_LOOP('',(#6946,#6947,#6948,#6949));
#962=EDGE_LOOP('',(#6950,#6951,#6952,#6953,#6954,#6955,#6956,#6957));
#963=EDGE_LOOP('',(#6958,#6959,#6960,#6961,#6962,#6963,#6964,#6965));
#964=EDGE_LOOP('',(#6966,#6967,#6968,#6969,#6970,#6971,#6972,#6973));
#965=EDGE_LOOP('',(#6974,#6975,#6976,#6977,#6978,#6979,#6980,#6981));
#966=EDGE_LOOP('',(#6982,#6983,#6984,#6985,#6986,#6987,#6988,#6989));
#967=EDGE_LOOP('',(#6990,#6991,#6992,#6993,#6994,#6995,#6996,#6997));
#968=EDGE_LOOP('',(#6998,#6999,#7000,#7001,#7002,#7003,#7004,#7005));
#969=EDGE_LOOP('',(#7006,#7007,#7008,#7009,#7010,#7011,#7012,#7013));
#970=EDGE_LOOP('',(#7014,#7015,#7016,#7017,#7018,#7019,#7020,#7021));
#971=EDGE_LOOP('',(#7022,#7023,#7024,#7025,#7026,#7027,#7028,#7029));
#972=EDGE_LOOP('',(#7030,#7031,#7032,#7033,#7034,#7035,#7036,#7037));
#973=EDGE_LOOP('',(#7038,#7039,#7040,#7041,#7042,#7043,#7044,#7045));
#974=EDGE_LOOP('',(#7046,#7047,#7048,#7049,#7050,#7051,#7052,#7053));
#975=EDGE_LOOP('',(#7054,#7055,#7056,#7057,#7058,#7059,#7060,#7061));
#976=EDGE_LOOP('',(#7062,#7063,#7064,#7065,#7066,#7067,#7068,#7069));
#977=EDGE_LOOP('',(#7070,#7071,#7072,#7073,#7074,#7075,#7076,#7077));
#978=EDGE_LOOP('',(#7078,#7079,#7080,#7081,#7082,#7083,#7084,#7085));
#979=EDGE_LOOP('',(#7086,#7087,#7088,#7089,#7090,#7091,#7092,#7093));
#980=EDGE_LOOP('',(#7094,#7095,#7096,#7097,#7098,#7099,#7100,#7101));
#981=EDGE_LOOP('',(#7102,#7103,#7104,#7105,#7106,#7107,#7108,#7109));
#982=EDGE_LOOP('',(#7110,#7111,#7112,#7113,#7114,#7115,#7116,#7117));
#983=EDGE_LOOP('',(#7118,#7119,#7120,#7121,#7122,#7123,#7124,#7125));
#984=EDGE_LOOP('',(#7126,#7127,#7128,#7129,#7130,#7131,#7132,#7133));
#985=EDGE_LOOP('',(#7134,#7135,#7136,#7137,#7138,#7139,#7140,#7141));
#986=EDGE_LOOP('',(#7142,#7143,#7144,#7145,#7146,#7147,#7148,#7149));
#987=EDGE_LOOP('',(#7150,#7151,#7152,#7153,#7154,#7155,#7156,#7157));
#988=EDGE_LOOP('',(#7158,#7159,#7160,#7161,#7162,#7163,#7164,#7165));
#989=EDGE_LOOP('',(#7166,#7167,#7168,#7169,#7170,#7171,#7172,#7173));
#990=EDGE_LOOP('',(#7174,#7175,#7176,#7177,#7178,#7179,#7180,#7181));
#991=EDGE_LOOP('',(#7182,#7183,#7184,#7185,#7186,#7187,#7188,#7189));
#992=EDGE_LOOP('',(#7190,#7191,#7192,#7193,#7194,#7195,#7196,#7197));
#993=EDGE_LOOP('',(#7198,#7199,#7200,#7201,#7202,#7203,#7204,#7205));
#994=EDGE_LOOP('',(#7206,#7207,#7208,#7209,#7210,#7211,#7212,#7213));
#995=EDGE_LOOP('',(#7214,#7215,#7216,#7217,#7218,#7219,#7220,#7221));
#996=EDGE_LOOP('',(#7222,#7223,#7224,#7225,#7226,#7227,#7228,#7229));
#997=EDGE_LOOP('',(#7230,#7231,#7232,#7233,#7234,#7235,#7236,#7237));
#998=EDGE_LOOP('',(#7238,#7239,#7240,#7241,#7242,#7243,#7244,#7245));
#999=EDGE_LOOP('',(#7246,#7247,#7248,#7249,#7250,#7251,#7252,#7253));
#1000=EDGE_LOOP('',(#7254));
#1001=EDGE_LOOP('',(#7255,#7256,#7257,#7258,#7259,#7260,#7261,#7262,#7263,
#7264,#7265,#7266,#7267,#7268,#7269,#7270,#7271,#7272,#7273,#7274,#7275,
#7276,#7277,#7278,#7279,#7280,#7281,#7282,#7283,#7284,#7285,#7286,#7287,
#7288,#7289,#7290,#7291,#7292,#7293,#7294,#7295,#7296,#7297,#7298,#7299,
#7300,#7301,#7302,#7303,#7304,#7305,#7306,#7307,#7308));
#1002=EDGE_LOOP('',(#7309,#7310,#7311,#7312,#7313,#7314,#7315,#7316));
#1003=EDGE_LOOP('',(#7317,#7318,#7319,#7320,#7321,#7322,#7323,#7324));
#1004=EDGE_LOOP('',(#7325,#7326,#7327,#7328,#7329,#7330,#7331,#7332));
#1005=EDGE_LOOP('',(#7333,#7334,#7335,#7336,#7337,#7338,#7339,#7340));
#1006=EDGE_LOOP('',(#7341,#7342,#7343,#7344,#7345,#7346,#7347,#7348));
#1007=EDGE_LOOP('',(#7349,#7350,#7351,#7352,#7353,#7354,#7355,#7356));
#1008=EDGE_LOOP('',(#7357,#7358,#7359,#7360,#7361,#7362,#7363,#7364));
#1009=EDGE_LOOP('',(#7365,#7366,#7367,#7368,#7369,#7370,#7371,#7372));
#1010=EDGE_LOOP('',(#7373,#7374,#7375,#7376,#7377,#7378,#7379,#7380));
#1011=EDGE_LOOP('',(#7381,#7382,#7383,#7384,#7385,#7386,#7387,#7388,#7389,
#7390,#7391,#7392,#7393,#7394,#7395,#7396,#7397,#7398,#7399,#7400,#7401,
#7402,#7403,#7404,#7405,#7406,#7407,#7408,#7409,#7410,#7411,#7412,#7413,
#7414,#7415,#7416,#7417,#7418,#7419,#7420,#7421,#7422,#7423,#7424,#7425,
#7426,#7427,#7428,#7429,#7430,#7431,#7432,#7433,#7434,#7435,#7436,#7437,
#7438,#7439,#7440));
#1012=EDGE_LOOP('',(#7441,#7442,#7443,#7444,#7445,#7446,#7447,#7448));
#1013=EDGE_LOOP('',(#7449,#7450,#7451,#7452,#7453,#7454,#7455,#7456));
#1014=EDGE_LOOP('',(#7457,#7458,#7459,#7460,#7461,#7462,#7463,#7464));
#1015=EDGE_LOOP('',(#7465,#7466,#7467,#7468,#7469,#7470,#7471,#7472));
#1016=EDGE_LOOP('',(#7473,#7474,#7475,#7476,#7477,#7478,#7479,#7480));
#1017=EDGE_LOOP('',(#7481,#7482,#7483,#7484,#7485,#7486,#7487,#7488));
#1018=EDGE_LOOP('',(#7489,#7490,#7491,#7492,#7493,#7494,#7495,#7496));
#1019=EDGE_LOOP('',(#7497,#7498,#7499,#7500,#7501,#7502,#7503,#7504));
#1020=EDGE_LOOP('',(#7505,#7506,#7507,#7508,#7509,#7510,#7511,#7512));
#1021=EDGE_LOOP('',(#7513,#7514,#7515,#7516,#7517,#7518,#7519,#7520));
#1022=EDGE_LOOP('',(#7521,#7522,#7523,#7524,#7525,#7526,#7527,#7528));
#1023=EDGE_LOOP('',(#7529,#7530,#7531,#7532,#7533,#7534,#7535,#7536));
#1024=EDGE_LOOP('',(#7537,#7538,#7539,#7540,#7541,#7542,#7543,#7544));
#1025=EDGE_LOOP('',(#7545,#7546,#7547,#7548,#7549,#7550,#7551,#7552));
#1026=EDGE_LOOP('',(#7553,#7554,#7555,#7556,#7557,#7558,#7559,#7560));
#1027=EDGE_LOOP('',(#7561,#7562,#7563,#7564,#7565,#7566,#7567,#7568));
#1028=EDGE_LOOP('',(#7569,#7570,#7571,#7572,#7573,#7574,#7575,#7576));
#1029=EDGE_LOOP('',(#7577,#7578,#7579,#7580,#7581,#7582,#7583,#7584));
#1030=EDGE_LOOP('',(#7585,#7586,#7587,#7588,#7589,#7590,#7591,#7592));
#1031=EDGE_LOOP('',(#7593,#7594,#7595,#7596,#7597,#7598,#7599,#7600));
#1032=EDGE_LOOP('',(#7601,#7602,#7603,#7604,#7605,#7606,#7607,#7608));
#1033=EDGE_LOOP('',(#7609,#7610,#7611,#7612,#7613,#7614,#7615,#7616));
#1034=EDGE_LOOP('',(#7617,#7618,#7619,#7620,#7621,#7622,#7623,#7624));
#1035=EDGE_LOOP('',(#7625,#7626,#7627,#7628,#7629,#7630,#7631,#7632,#7633,
#7634,#7635,#7636,#7637,#7638,#7639,#7640,#7641,#7642,#7643,#7644,#7645,
#7646,#7647,#7648,#7649,#7650,#7651,#7652,#7653,#7654,#7655,#7656,#7657,
#7658,#7659,#7660,#7661,#7662,#7663,#7664,#7665,#7666,#7667,#7668,#7669,
#7670,#7671,#7672,#7673,#7674,#7675,#7676,#7677,#7678,#7679,#7680,#7681,
#7682,#7683,#7684));
#1036=EDGE_LOOP('',(#7685,#7686,#7687,#7688,#7689,#7690,#7691,#7692));
#1037=EDGE_LOOP('',(#7693,#7694,#7695,#7696,#7697,#7698,#7699,#7700));
#1038=EDGE_LOOP('',(#7701,#7702,#7703,#7704,#7705,#7706,#7707,#7708));
#1039=EDGE_LOOP('',(#7709,#7710,#7711,#7712,#7713,#7714,#7715,#7716));
#1040=EDGE_LOOP('',(#7717,#7718,#7719,#7720,#7721,#7722,#7723,#7724));
#1041=EDGE_LOOP('',(#7725,#7726,#7727,#7728,#7729,#7730,#7731,#7732));
#1042=EDGE_LOOP('',(#7733));
#1043=EDGE_LOOP('',(#7734,#7735,#7736,#7737));
#1044=EDGE_LOOP('',(#7738,#7739,#7740,#7741));
#1045=EDGE_LOOP('',(#7742,#7743,#7744,#7745));
#1046=EDGE_LOOP('',(#7746,#7747,#7748,#7749));
#1047=EDGE_LOOP('',(#7750,#7751,#7752,#7753));
#1048=EDGE_LOOP('',(#7754,#7755,#7756,#7757));
#1049=EDGE_LOOP('',(#7758,#7759,#7760,#7761));
#1050=EDGE_LOOP('',(#7762,#7763,#7764,#7765));
#1051=EDGE_LOOP('',(#7766,#7767,#7768,#7769));
#1052=EDGE_LOOP('',(#7770,#7771,#7772,#7773));
#1053=EDGE_LOOP('',(#7774,#7775,#7776,#7777));
#1054=EDGE_LOOP('',(#7778,#7779,#7780,#7781));
#1055=EDGE_LOOP('',(#7782,#7783,#7784,#7785));
#1056=EDGE_LOOP('',(#7786,#7787,#7788,#7789));
#1057=EDGE_LOOP('',(#7790,#7791,#7792,#7793));
#1058=EDGE_LOOP('',(#7794,#7795,#7796,#7797));
#1059=EDGE_LOOP('',(#7798,#7799,#7800,#7801));
#1060=EDGE_LOOP('',(#7802,#7803,#7804,#7805));
#1061=EDGE_LOOP('',(#7806,#7807,#7808,#7809));
#1062=EDGE_LOOP('',(#7810,#7811,#7812,#7813));
#1063=EDGE_LOOP('',(#7814,#7815,#7816,#7817));
#1064=EDGE_LOOP('',(#7818,#7819,#7820,#7821));
#1065=EDGE_LOOP('',(#7822,#7823,#7824,#7825));
#1066=EDGE_LOOP('',(#7826,#7827,#7828,#7829));
#1067=EDGE_LOOP('',(#7830,#7831,#7832,#7833));
#1068=EDGE_LOOP('',(#7834,#7835,#7836,#7837));
#1069=EDGE_LOOP('',(#7838,#7839,#7840,#7841));
#1070=EDGE_LOOP('',(#7842,#7843,#7844,#7845));
#1071=EDGE_LOOP('',(#7846,#7847,#7848,#7849));
#1072=EDGE_LOOP('',(#7850,#7851,#7852,#7853));
#1073=EDGE_LOOP('',(#7854,#7855,#7856,#7857));
#1074=EDGE_LOOP('',(#7858,#7859,#7860,#7861));
#1075=EDGE_LOOP('',(#7862,#7863,#7864,#7865));
#1076=EDGE_LOOP('',(#7866,#7867,#7868,#7869));
#1077=EDGE_LOOP('',(#7870,#7871,#7872,#7873));
#1078=EDGE_LOOP('',(#7874,#7875,#7876,#7877));
#1079=EDGE_LOOP('',(#7878,#7879,#7880,#7881));
#1080=EDGE_LOOP('',(#7882,#7883,#7884,#7885));
#1081=EDGE_LOOP('',(#7886,#7887,#7888,#7889));
#1082=EDGE_LOOP('',(#7890,#7891,#7892,#7893));
#1083=EDGE_LOOP('',(#7894,#7895,#7896,#7897));
#1084=EDGE_LOOP('',(#7898,#7899,#7900,#7901));
#1085=EDGE_LOOP('',(#7902,#7903,#7904,#7905));
#1086=EDGE_LOOP('',(#7906,#7907,#7908,#7909));
#1087=EDGE_LOOP('',(#7910,#7911,#7912,#7913));
#1088=EDGE_LOOP('',(#7914,#7915,#7916,#7917));
#1089=EDGE_LOOP('',(#7918,#7919,#7920,#7921));
#1090=EDGE_LOOP('',(#7922,#7923,#7924,#7925));
#1091=EDGE_LOOP('',(#7926,#7927,#7928,#7929));
#1092=EDGE_LOOP('',(#7930,#7931,#7932,#7933));
#1093=EDGE_LOOP('',(#7934,#7935,#7936,#7937));
#1094=EDGE_LOOP('',(#7938,#7939,#7940,#7941));
#1095=EDGE_LOOP('',(#7942,#7943,#7944,#7945));
#1096=EDGE_LOOP('',(#7946,#7947,#7948,#7949));
#1097=EDGE_LOOP('',(#7950,#7951,#7952,#7953));
#1098=EDGE_LOOP('',(#7954,#7955,#7956,#7957));
#1099=EDGE_LOOP('',(#7958,#7959,#7960,#7961));
#1100=EDGE_LOOP('',(#7962,#7963,#7964,#7965));
#1101=EDGE_LOOP('',(#7966,#7967,#7968,#7969));
#1102=EDGE_LOOP('',(#7970,#7971,#7972,#7973));
#1103=EDGE_LOOP('',(#7974,#7975,#7976,#7977));
#1104=EDGE_LOOP('',(#7978,#7979,#7980,#7981));
#1105=EDGE_LOOP('',(#7982,#7983,#7984,#7985));
#1106=EDGE_LOOP('',(#7986,#7987,#7988,#7989));
#1107=EDGE_LOOP('',(#7990,#7991,#7992,#7993));
#1108=EDGE_LOOP('',(#7994,#7995,#7996,#7997));
#1109=EDGE_LOOP('',(#7998,#7999,#8000,#8001));
#1110=EDGE_LOOP('',(#8002,#8003,#8004,#8005));
#1111=EDGE_LOOP('',(#8006,#8007,#8008,#8009));
#1112=EDGE_LOOP('',(#8010,#8011,#8012,#8013));
#1113=EDGE_LOOP('',(#8014,#8015,#8016,#8017));
#1114=EDGE_LOOP('',(#8018,#8019,#8020,#8021));
#1115=EDGE_LOOP('',(#8022,#8023,#8024,#8025));
#1116=EDGE_LOOP('',(#8026,#8027,#8028,#8029));
#1117=EDGE_LOOP('',(#8030,#8031,#8032,#8033));
#1118=EDGE_LOOP('',(#8034,#8035,#8036,#8037));
#1119=EDGE_LOOP('',(#8038,#8039,#8040,#8041));
#1120=EDGE_LOOP('',(#8042,#8043,#8044,#8045));
#1121=EDGE_LOOP('',(#8046,#8047,#8048,#8049));
#1122=EDGE_LOOP('',(#8050,#8051,#8052,#8053));
#1123=EDGE_LOOP('',(#8054,#8055,#8056,#8057));
#1124=EDGE_LOOP('',(#8058,#8059,#8060,#8061));
#1125=EDGE_LOOP('',(#8062,#8063,#8064,#8065));
#1126=EDGE_LOOP('',(#8066,#8067,#8068,#8069));
#1127=EDGE_LOOP('',(#8070,#8071,#8072,#8073));
#1128=EDGE_LOOP('',(#8074,#8075,#8076,#8077));
#1129=EDGE_LOOP('',(#8078,#8079,#8080,#8081));
#1130=EDGE_LOOP('',(#8082,#8083,#8084,#8085));
#1131=EDGE_LOOP('',(#8086,#8087,#8088,#8089));
#1132=EDGE_LOOP('',(#8090,#8091,#8092,#8093));
#1133=EDGE_LOOP('',(#8094,#8095,#8096,#8097));
#1134=EDGE_LOOP('',(#8098,#8099,#8100,#8101));
#1135=EDGE_LOOP('',(#8102,#8103,#8104,#8105));
#1136=EDGE_LOOP('',(#8106,#8107,#8108,#8109));
#1137=EDGE_LOOP('',(#8110,#8111,#8112,#8113));
#1138=EDGE_LOOP('',(#8114,#8115,#8116,#8117));
#1139=EDGE_LOOP('',(#8118,#8119,#8120,#8121));
#1140=EDGE_LOOP('',(#8122,#8123,#8124,#8125));
#1141=EDGE_LOOP('',(#8126,#8127,#8128,#8129));
#1142=EDGE_LOOP('',(#8130,#8131,#8132,#8133));
#1143=EDGE_LOOP('',(#8134,#8135,#8136,#8137));
#1144=EDGE_LOOP('',(#8138,#8139,#8140,#8141));
#1145=EDGE_LOOP('',(#8142,#8143,#8144,#8145));
#1146=EDGE_LOOP('',(#8146,#8147,#8148,#8149));
#1147=EDGE_LOOP('',(#8150,#8151,#8152,#8153));
#1148=EDGE_LOOP('',(#8154,#8155,#8156,#8157));
#1149=EDGE_LOOP('',(#8158,#8159,#8160,#8161));
#1150=EDGE_LOOP('',(#8162,#8163,#8164,#8165));
#1151=EDGE_LOOP('',(#8166,#8167,#8168,#8169));
#1152=EDGE_LOOP('',(#8170,#8171,#8172,#8173));
#1153=EDGE_LOOP('',(#8174,#8175,#8176,#8177));
#1154=EDGE_LOOP('',(#8178,#8179,#8180,#8181));
#1155=EDGE_LOOP('',(#8182,#8183,#8184,#8185));
#1156=EDGE_LOOP('',(#8186,#8187,#8188,#8189));
#1157=EDGE_LOOP('',(#8190,#8191,#8192,#8193));
#1158=EDGE_LOOP('',(#8194,#8195,#8196,#8197));
#1159=EDGE_LOOP('',(#8198,#8199,#8200,#8201));
#1160=EDGE_LOOP('',(#8202,#8203,#8204,#8205));
#1161=EDGE_LOOP('',(#8206,#8207,#8208,#8209));
#1162=EDGE_LOOP('',(#8210,#8211,#8212,#8213));
#1163=EDGE_LOOP('',(#8214,#8215,#8216,#8217));
#1164=EDGE_LOOP('',(#8218,#8219,#8220,#8221));
#1165=EDGE_LOOP('',(#8222,#8223,#8224,#8225));
#1166=EDGE_LOOP('',(#8226,#8227,#8228,#8229));
#1167=EDGE_LOOP('',(#8230,#8231,#8232,#8233));
#1168=EDGE_LOOP('',(#8234,#8235,#8236,#8237));
#1169=EDGE_LOOP('',(#8238,#8239,#8240,#8241));
#1170=EDGE_LOOP('',(#8242,#8243,#8244,#8245));
#1171=EDGE_LOOP('',(#8246,#8247,#8248,#8249));
#1172=EDGE_LOOP('',(#8250,#8251,#8252,#8253));
#1173=EDGE_LOOP('',(#8254,#8255,#8256,#8257));
#1174=EDGE_LOOP('',(#8258,#8259,#8260,#8261));
#1175=EDGE_LOOP('',(#8262,#8263,#8264,#8265));
#1176=EDGE_LOOP('',(#8266,#8267,#8268,#8269));
#1177=EDGE_LOOP('',(#8270,#8271,#8272,#8273));
#1178=EDGE_LOOP('',(#8274,#8275,#8276,#8277));
#1179=EDGE_LOOP('',(#8278,#8279,#8280,#8281));
#1180=EDGE_LOOP('',(#8282,#8283,#8284,#8285));
#1181=EDGE_LOOP('',(#8286,#8287,#8288,#8289));
#1182=EDGE_LOOP('',(#8290,#8291,#8292,#8293));
#1183=EDGE_LOOP('',(#8294,#8295,#8296,#8297));
#1184=EDGE_LOOP('',(#8298,#8299,#8300,#8301));
#1185=EDGE_LOOP('',(#8302,#8303,#8304,#8305));
#1186=EDGE_LOOP('',(#8306,#8307,#8308,#8309));
#1187=EDGE_LOOP('',(#8310,#8311,#8312,#8313));
#1188=EDGE_LOOP('',(#8314,#8315,#8316,#8317));
#1189=EDGE_LOOP('',(#8318,#8319,#8320,#8321));
#1190=EDGE_LOOP('',(#8322,#8323,#8324,#8325));
#1191=EDGE_LOOP('',(#8326,#8327,#8328,#8329));
#1192=EDGE_LOOP('',(#8330,#8331,#8332,#8333));
#1193=EDGE_LOOP('',(#8334,#8335,#8336,#8337));
#1194=EDGE_LOOP('',(#8338,#8339,#8340,#8341));
#1195=EDGE_LOOP('',(#8342,#8343,#8344,#8345));
#1196=EDGE_LOOP('',(#8346,#8347,#8348,#8349));
#1197=EDGE_LOOP('',(#8350,#8351,#8352,#8353));
#1198=EDGE_LOOP('',(#8354,#8355,#8356,#8357));
#1199=EDGE_LOOP('',(#8358,#8359,#8360,#8361));
#1200=EDGE_LOOP('',(#8362,#8363,#8364,#8365));
#1201=EDGE_LOOP('',(#8366,#8367,#8368,#8369));
#1202=EDGE_LOOP('',(#8370,#8371,#8372,#8373));
#1203=EDGE_LOOP('',(#8374,#8375,#8376,#8377));
#1204=EDGE_LOOP('',(#8378,#8379,#8380,#8381));
#1205=EDGE_LOOP('',(#8382,#8383,#8384,#8385));
#1206=EDGE_LOOP('',(#8386,#8387,#8388,#8389));
#1207=EDGE_LOOP('',(#8390,#8391,#8392,#8393));
#1208=EDGE_LOOP('',(#8394,#8395,#8396,#8397));
#1209=EDGE_LOOP('',(#8398,#8399,#8400,#8401));
#1210=EDGE_LOOP('',(#8402,#8403,#8404,#8405));
#1211=EDGE_LOOP('',(#8406,#8407,#8408,#8409));
#1212=EDGE_LOOP('',(#8410,#8411,#8412,#8413));
#1213=EDGE_LOOP('',(#8414,#8415,#8416,#8417));
#1214=EDGE_LOOP('',(#8418,#8419,#8420,#8421));
#1215=EDGE_LOOP('',(#8422,#8423,#8424,#8425));
#1216=EDGE_LOOP('',(#8426,#8427,#8428,#8429));
#1217=EDGE_LOOP('',(#8430,#8431,#8432,#8433));
#1218=EDGE_LOOP('',(#8434,#8435,#8436,#8437));
#1219=EDGE_LOOP('',(#8438,#8439,#8440,#8441));
#1220=EDGE_LOOP('',(#8442,#8443,#8444,#8445));
#1221=EDGE_LOOP('',(#8446,#8447,#8448,#8449));
#1222=EDGE_LOOP('',(#8450,#8451,#8452,#8453));
#1223=EDGE_LOOP('',(#8454,#8455,#8456,#8457));
#1224=EDGE_LOOP('',(#8458,#8459,#8460,#8461));
#1225=EDGE_LOOP('',(#8462,#8463,#8464,#8465));
#1226=EDGE_LOOP('',(#8466,#8467,#8468,#8469));
#1227=EDGE_LOOP('',(#8470,#8471,#8472,#8473));
#1228=EDGE_LOOP('',(#8474,#8475,#8476,#8477));
#1229=EDGE_LOOP('',(#8478,#8479,#8480,#8481));
#1230=EDGE_LOOP('',(#8482,#8483,#8484,#8485));
#1231=EDGE_LOOP('',(#8486,#8487,#8488,#8489));
#1232=EDGE_LOOP('',(#8490,#8491,#8492,#8493));
#1233=EDGE_LOOP('',(#8494,#8495,#8496,#8497));
#1234=EDGE_LOOP('',(#8498,#8499,#8500,#8501));
#1235=EDGE_LOOP('',(#8502,#8503,#8504,#8505));
#1236=EDGE_LOOP('',(#8506,#8507,#8508,#8509));
#1237=EDGE_LOOP('',(#8510,#8511,#8512,#8513));
#1238=EDGE_LOOP('',(#8514,#8515,#8516,#8517));
#1239=EDGE_LOOP('',(#8518,#8519,#8520,#8521));
#1240=EDGE_LOOP('',(#8522,#8523,#8524,#8525));
#1241=EDGE_LOOP('',(#8526,#8527,#8528,#8529));
#1242=EDGE_LOOP('',(#8530,#8531,#8532,#8533));
#1243=EDGE_LOOP('',(#8534,#8535,#8536,#8537));
#1244=EDGE_LOOP('',(#8538,#8539,#8540,#8541));
#1245=EDGE_LOOP('',(#8542,#8543,#8544,#8545));
#1246=EDGE_LOOP('',(#8546,#8547,#8548,#8549));
#1247=EDGE_LOOP('',(#8550,#8551,#8552,#8553));
#1248=EDGE_LOOP('',(#8554,#8555,#8556,#8557));
#1249=EDGE_LOOP('',(#8558,#8559,#8560,#8561));
#1250=EDGE_LOOP('',(#8562,#8563,#8564,#8565));
#1251=EDGE_LOOP('',(#8566,#8567,#8568,#8569));
#1252=EDGE_LOOP('',(#8570,#8571,#8572,#8573));
#1253=EDGE_LOOP('',(#8574,#8575,#8576,#8577));
#1254=EDGE_LOOP('',(#8578,#8579,#8580,#8581));
#1255=EDGE_LOOP('',(#8582,#8583,#8584,#8585));
#1256=EDGE_LOOP('',(#8586,#8587,#8588,#8589));
#1257=EDGE_LOOP('',(#8590,#8591,#8592,#8593));
#1258=EDGE_LOOP('',(#8594,#8595,#8596,#8597));
#1259=EDGE_LOOP('',(#8598,#8599,#8600,#8601));
#1260=EDGE_LOOP('',(#8602,#8603,#8604,#8605));
#1261=EDGE_LOOP('',(#8606,#8607,#8608,#8609));
#1262=EDGE_LOOP('',(#8610,#8611,#8612,#8613));
#1263=EDGE_LOOP('',(#8614,#8615,#8616,#8617));
#1264=EDGE_LOOP('',(#8618,#8619,#8620,#8621));
#1265=EDGE_LOOP('',(#8622,#8623,#8624,#8625));
#1266=EDGE_LOOP('',(#8626,#8627,#8628,#8629));
#1267=EDGE_LOOP('',(#8630,#8631,#8632,#8633));
#1268=EDGE_LOOP('',(#8634,#8635,#8636,#8637));
#1269=EDGE_LOOP('',(#8638,#8639,#8640,#8641));
#1270=EDGE_LOOP('',(#8642,#8643,#8644,#8645));
#1271=EDGE_LOOP('',(#8646,#8647,#8648,#8649));
#1272=EDGE_LOOP('',(#8650,#8651,#8652,#8653));
#1273=EDGE_LOOP('',(#8654,#8655,#8656,#8657));
#1274=EDGE_LOOP('',(#8658,#8659,#8660,#8661));
#1275=EDGE_LOOP('',(#8662,#8663,#8664,#8665));
#1276=EDGE_LOOP('',(#8666,#8667,#8668,#8669));
#1277=EDGE_LOOP('',(#8670,#8671,#8672,#8673));
#1278=EDGE_LOOP('',(#8674,#8675,#8676,#8677));
#1279=EDGE_LOOP('',(#8678,#8679,#8680,#8681));
#1280=EDGE_LOOP('',(#8682,#8683,#8684,#8685));
#1281=EDGE_LOOP('',(#8686,#8687,#8688,#8689));
#1282=EDGE_LOOP('',(#8690,#8691,#8692,#8693));
#1283=EDGE_LOOP('',(#8694,#8695,#8696,#8697));
#1284=EDGE_LOOP('',(#8698,#8699,#8700,#8701));
#1285=EDGE_LOOP('',(#8702,#8703,#8704,#8705));
#1286=EDGE_LOOP('',(#8706,#8707,#8708,#8709));
#1287=EDGE_LOOP('',(#8710,#8711,#8712,#8713));
#1288=EDGE_LOOP('',(#8714,#8715,#8716,#8717));
#1289=EDGE_LOOP('',(#8718,#8719,#8720,#8721));
#1290=EDGE_LOOP('',(#8722,#8723,#8724,#8725));
#1291=EDGE_LOOP('',(#8726,#8727,#8728,#8729));
#1292=EDGE_LOOP('',(#8730,#8731,#8732,#8733));
#1293=EDGE_LOOP('',(#8734,#8735,#8736,#8737));
#1294=EDGE_LOOP('',(#8738,#8739,#8740,#8741));
#1295=EDGE_LOOP('',(#8742,#8743,#8744,#8745));
#1296=EDGE_LOOP('',(#8746,#8747,#8748,#8749));
#1297=EDGE_LOOP('',(#8750,#8751,#8752,#8753));
#1298=EDGE_LOOP('',(#8754,#8755,#8756,#8757));
#1299=EDGE_LOOP('',(#8758,#8759,#8760,#8761));
#1300=EDGE_LOOP('',(#8762,#8763,#8764,#8765));
#1301=EDGE_LOOP('',(#8766,#8767,#8768,#8769));
#1302=EDGE_LOOP('',(#8770,#8771,#8772,#8773));
#1303=EDGE_LOOP('',(#8774,#8775,#8776,#8777));
#1304=EDGE_LOOP('',(#8778,#8779,#8780,#8781));
#1305=EDGE_LOOP('',(#8782,#8783,#8784,#8785));
#1306=EDGE_LOOP('',(#8786,#8787,#8788,#8789));
#1307=EDGE_LOOP('',(#8790,#8791,#8792,#8793));
#1308=EDGE_LOOP('',(#8794,#8795,#8796,#8797));
#1309=EDGE_LOOP('',(#8798,#8799,#8800,#8801));
#1310=EDGE_LOOP('',(#8802,#8803,#8804,#8805));
#1311=EDGE_LOOP('',(#8806,#8807,#8808,#8809));
#1312=EDGE_LOOP('',(#8810,#8811,#8812,#8813));
#1313=EDGE_LOOP('',(#8814,#8815,#8816,#8817));
#1314=EDGE_LOOP('',(#8818,#8819,#8820,#8821));
#1315=EDGE_LOOP('',(#8822,#8823,#8824,#8825));
#1316=EDGE_LOOP('',(#8826,#8827,#8828,#8829));
#1317=EDGE_LOOP('',(#8830,#8831,#8832,#8833));
#1318=EDGE_LOOP('',(#8834,#8835,#8836,#8837));
#1319=EDGE_LOOP('',(#8838,#8839,#8840,#8841));
#1320=EDGE_LOOP('',(#8842,#8843,#8844,#8845));
#1321=EDGE_LOOP('',(#8846,#8847,#8848,#8849));
#1322=EDGE_LOOP('',(#8850,#8851,#8852,#8853));
#1323=EDGE_LOOP('',(#8854,#8855,#8856,#8857));
#1324=EDGE_LOOP('',(#8858,#8859,#8860,#8861));
#1325=EDGE_LOOP('',(#8862,#8863,#8864,#8865));
#1326=EDGE_LOOP('',(#8866,#8867,#8868,#8869));
#1327=EDGE_LOOP('',(#8870,#8871,#8872,#8873));
#1328=EDGE_LOOP('',(#8874,#8875,#8876,#8877));
#1329=EDGE_LOOP('',(#8878,#8879,#8880,#8881));
#1330=EDGE_LOOP('',(#8882,#8883,#8884,#8885));
#1331=EDGE_LOOP('',(#8886,#8887,#8888,#8889));
#1332=EDGE_LOOP('',(#8890,#8891,#8892,#8893));
#1333=EDGE_LOOP('',(#8894,#8895,#8896,#8897));
#1334=EDGE_LOOP('',(#8898,#8899,#8900,#8901));
#1335=EDGE_LOOP('',(#8902,#8903,#8904,#8905));
#1336=EDGE_LOOP('',(#8906,#8907,#8908,#8909));
#1337=EDGE_LOOP('',(#8910,#8911,#8912,#8913));
#1338=EDGE_LOOP('',(#8914,#8915,#8916,#8917));
#1339=EDGE_LOOP('',(#8918,#8919,#8920,#8921));
#1340=EDGE_LOOP('',(#8922,#8923,#8924,#8925));
#1341=EDGE_LOOP('',(#8926,#8927,#8928,#8929));
#1342=EDGE_LOOP('',(#8930,#8931,#8932,#8933));
#1343=EDGE_LOOP('',(#8934,#8935,#8936,#8937));
#1344=EDGE_LOOP('',(#8938,#8939,#8940,#8941));
#1345=EDGE_LOOP('',(#8942,#8943,#8944,#8945));
#1346=EDGE_LOOP('',(#8946,#8947,#8948,#8949));
#1347=EDGE_LOOP('',(#8950,#8951,#8952,#8953));
#1348=EDGE_LOOP('',(#8954,#8955,#8956,#8957));
#1349=EDGE_LOOP('',(#8958,#8959,#8960,#8961));
#1350=EDGE_LOOP('',(#8962,#8963,#8964,#8965));
#1351=EDGE_LOOP('',(#8966,#8967,#8968,#8969));
#1352=EDGE_LOOP('',(#8970,#8971,#8972,#8973));
#1353=EDGE_LOOP('',(#8974,#8975,#8976,#8977));
#1354=EDGE_LOOP('',(#8978,#8979,#8980,#8981));
#1355=EDGE_LOOP('',(#8982,#8983,#8984,#8985));
#1356=EDGE_LOOP('',(#8986,#8987,#8988,#8989));
#1357=EDGE_LOOP('',(#8990,#8991,#8992,#8993));
#1358=EDGE_LOOP('',(#8994,#8995,#8996,#8997));
#1359=EDGE_LOOP('',(#8998,#8999,#9000,#9001));
#1360=EDGE_LOOP('',(#9002,#9003,#9004,#9005));
#1361=EDGE_LOOP('',(#9006,#9007,#9008,#9009));
#1362=EDGE_LOOP('',(#9010,#9011,#9012,#9013));
#1363=EDGE_LOOP('',(#9014,#9015,#9016,#9017));
#1364=EDGE_LOOP('',(#9018,#9019,#9020,#9021));
#1365=EDGE_LOOP('',(#9022,#9023,#9024,#9025));
#1366=EDGE_LOOP('',(#9026,#9027,#9028,#9029));
#1367=EDGE_LOOP('',(#9030,#9031,#9032,#9033));
#1368=EDGE_LOOP('',(#9034,#9035,#9036,#9037));
#1369=EDGE_LOOP('',(#9038,#9039,#9040,#9041));
#1370=EDGE_LOOP('',(#9042,#9043,#9044,#9045));
#1371=EDGE_LOOP('',(#9046,#9047,#9048,#9049));
#1372=EDGE_LOOP('',(#9050,#9051,#9052,#9053));
#1373=EDGE_LOOP('',(#9054,#9055,#9056,#9057));
#1374=EDGE_LOOP('',(#9058,#9059,#9060,#9061));
#1375=EDGE_LOOP('',(#9062,#9063,#9064,#9065));
#1376=EDGE_LOOP('',(#9066,#9067,#9068,#9069));
#1377=EDGE_LOOP('',(#9070,#9071,#9072,#9073));
#1378=EDGE_LOOP('',(#9074,#9075,#9076,#9077));
#1379=EDGE_LOOP('',(#9078,#9079,#9080,#9081));
#1380=EDGE_LOOP('',(#9082,#9083,#9084,#9085));
#1381=EDGE_LOOP('',(#9086,#9087,#9088,#9089));
#1382=EDGE_LOOP('',(#9090,#9091,#9092,#9093));
#1383=EDGE_LOOP('',(#9094,#9095,#9096,#9097));
#1384=EDGE_LOOP('',(#9098,#9099,#9100,#9101));
#1385=EDGE_LOOP('',(#9102,#9103,#9104,#9105));
#1386=EDGE_LOOP('',(#9106,#9107,#9108,#9109));
#1387=EDGE_LOOP('',(#9110,#9111,#9112,#9113));
#1388=EDGE_LOOP('',(#9114,#9115,#9116,#9117));
#1389=EDGE_LOOP('',(#9118,#9119,#9120,#9121));
#1390=EDGE_LOOP('',(#9122,#9123,#9124,#9125));
#1391=EDGE_LOOP('',(#9126,#9127,#9128,#9129));
#1392=EDGE_LOOP('',(#9130,#9131,#9132,#9133));
#1393=EDGE_LOOP('',(#9134,#9135,#9136,#9137));
#1394=EDGE_LOOP('',(#9138,#9139,#9140,#9141));
#1395=EDGE_LOOP('',(#9142,#9143,#9144,#9145));
#1396=EDGE_LOOP('',(#9146,#9147,#9148,#9149));
#1397=EDGE_LOOP('',(#9150,#9151,#9152,#9153));
#1398=EDGE_LOOP('',(#9154,#9155,#9156,#9157));
#1399=EDGE_LOOP('',(#9158,#9159,#9160,#9161));
#1400=EDGE_LOOP('',(#9162,#9163,#9164,#9165));
#1401=EDGE_LOOP('',(#9166,#9167,#9168,#9169));
#1402=EDGE_LOOP('',(#9170,#9171,#9172,#9173));
#1403=EDGE_LOOP('',(#9174,#9175,#9176,#9177));
#1404=EDGE_LOOP('',(#9178,#9179,#9180,#9181));
#1405=EDGE_LOOP('',(#9182,#9183,#9184,#9185));
#1406=EDGE_LOOP('',(#9186,#9187,#9188,#9189));
#1407=EDGE_LOOP('',(#9190,#9191,#9192,#9193));
#1408=EDGE_LOOP('',(#9194,#9195,#9196,#9197));
#1409=EDGE_LOOP('',(#9198,#9199,#9200,#9201));
#1410=EDGE_LOOP('',(#9202,#9203,#9204,#9205));
#1411=EDGE_LOOP('',(#9206,#9207,#9208,#9209));
#1412=EDGE_LOOP('',(#9210,#9211,#9212,#9213));
#1413=EDGE_LOOP('',(#9214,#9215,#9216,#9217));
#1414=EDGE_LOOP('',(#9218,#9219,#9220,#9221));
#1415=EDGE_LOOP('',(#9222,#9223,#9224,#9225));
#1416=EDGE_LOOP('',(#9226,#9227,#9228,#9229));
#1417=EDGE_LOOP('',(#9230,#9231,#9232,#9233));
#1418=EDGE_LOOP('',(#9234,#9235,#9236,#9237));
#1419=EDGE_LOOP('',(#9238,#9239,#9240,#9241));
#1420=EDGE_LOOP('',(#9242,#9243,#9244,#9245));
#1421=EDGE_LOOP('',(#9246,#9247,#9248,#9249));
#1422=EDGE_LOOP('',(#9250,#9251,#9252,#9253));
#1423=EDGE_LOOP('',(#9254,#9255,#9256,#9257));
#1424=EDGE_LOOP('',(#9258,#9259,#9260,#9261));
#1425=EDGE_LOOP('',(#9262,#9263,#9264,#9265));
#1426=EDGE_LOOP('',(#9266,#9267,#9268,#9269));
#1427=EDGE_LOOP('',(#9270,#9271,#9272,#9273));
#1428=EDGE_LOOP('',(#9274,#9275,#9276,#9277));
#1429=EDGE_LOOP('',(#9278,#9279,#9280,#9281));
#1430=EDGE_LOOP('',(#9282,#9283,#9284,#9285));
#1431=EDGE_LOOP('',(#9286,#9287,#9288,#9289));
#1432=EDGE_LOOP('',(#9290,#9291,#9292,#9293));
#1433=EDGE_LOOP('',(#9294,#9295,#9296,#9297));
#1434=EDGE_LOOP('',(#9298,#9299,#9300,#9301));
#1435=EDGE_LOOP('',(#9302,#9303,#9304,#9305));
#1436=EDGE_LOOP('',(#9306,#9307,#9308,#9309));
#1437=EDGE_LOOP('',(#9310,#9311,#9312,#9313));
#1438=EDGE_LOOP('',(#9314,#9315,#9316,#9317));
#1439=EDGE_LOOP('',(#9318,#9319,#9320,#9321));
#1440=EDGE_LOOP('',(#9322,#9323,#9324,#9325));
#1441=EDGE_LOOP('',(#9326,#9327,#9328,#9329));
#1442=EDGE_LOOP('',(#9330,#9331,#9332,#9333));
#1443=EDGE_LOOP('',(#9334,#9335,#9336,#9337));
#1444=EDGE_LOOP('',(#9338,#9339,#9340,#9341));
#1445=EDGE_LOOP('',(#9342,#9343,#9344,#9345));
#1446=EDGE_LOOP('',(#9346,#9347,#9348,#9349));
#1447=EDGE_LOOP('',(#9350,#9351,#9352,#9353));
#1448=EDGE_LOOP('',(#9354,#9355,#9356,#9357));
#1449=LINE('',#13927,#2484);
#1450=LINE('',#13932,#2485);
#1451=LINE('',#13934,#2486);
#1452=LINE('',#13936,#2487);
#1453=LINE('',#13937,#2488);
#1454=LINE('',#13940,#2489);
#1455=LINE('',#13942,#2490);
#1456=LINE('',#13943,#2491);
#1457=LINE('',#13946,#2492);
#1458=LINE('',#13948,#2493);
#1459=LINE('',#13949,#2494);
#1460=LINE('',#13951,#2495);
#1461=LINE('',#13952,#2496);
#1462=LINE('',#13956,#2497);
#1463=LINE('',#13958,#2498);
#1464=LINE('',#13962,#2499);
#1465=LINE('',#13964,#2500);
#1466=LINE('',#13968,#2501);
#1467=LINE('',#13972,#2502);
#1468=LINE('',#13974,#2503);
#1469=LINE('',#13976,#2504);
#1470=LINE('',#13980,#2505);
#1471=LINE('',#13984,#2506);
#1472=LINE('',#13986,#2507);
#1473=LINE('',#13988,#2508);
#1474=LINE('',#13992,#2509);
#1475=LINE('',#13996,#2510);
#1476=LINE('',#13998,#2511);
#1477=LINE('',#14002,#2512);
#1478=LINE('',#14004,#2513);
#1479=LINE('',#14008,#2514);
#1480=LINE('',#14012,#2515);
#1481=LINE('',#14016,#2516);
#1482=LINE('',#14020,#2517);
#1483=LINE('',#14024,#2518);
#1484=LINE('',#14028,#2519);
#1485=LINE('',#14030,#2520);
#1486=LINE('',#14034,#2521);
#1487=LINE('',#14036,#2522);
#1488=LINE('',#14040,#2523);
#1489=LINE('',#14044,#2524);
#1490=LINE('',#14046,#2525);
#1491=LINE('',#14050,#2526);
#1492=LINE('',#14052,#2527);
#1493=LINE('',#14056,#2528);
#1494=LINE('',#14060,#2529);
#1495=LINE('',#14064,#2530);
#1496=LINE('',#14068,#2531);
#1497=LINE('',#14072,#2532);
#1498=LINE('',#14077,#2533);
#1499=LINE('',#14079,#2534);
#1500=LINE('',#14081,#2535);
#1501=LINE('',#14082,#2536);
#1502=LINE('',#14086,#2537);
#1503=LINE('',#14088,#2538);
#1504=LINE('',#14090,#2539);
#1505=LINE('',#14091,#2540);
#1506=LINE('',#14093,#2541);
#1507=LINE('',#14094,#2542);
#1508=LINE('',#14097,#2543);
#1509=LINE('',#14099,#2544);
#1510=LINE('',#14103,#2545);
#1511=LINE('',#14107,#2546);
#1512=LINE('',#14111,#2547);
#1513=LINE('',#14115,#2548);
#1514=LINE('',#14119,#2549);
#1515=LINE('',#14123,#2550);
#1516=LINE('',#14127,#2551);
#1517=LINE('',#14131,#2552);
#1518=LINE('',#14133,#2553);
#1519=LINE('',#14137,#2554);
#1520=LINE('',#14139,#2555);
#1521=LINE('',#14143,#2556);
#1522=LINE('',#14147,#2557);
#1523=LINE('',#14151,#2558);
#1524=LINE('',#14152,#2559);
#1525=LINE('',#14156,#2560);
#1526=LINE('',#14158,#2561);
#1527=LINE('',#14160,#2562);
#1528=LINE('',#14161,#2563);
#1529=LINE('',#14164,#2564);
#1530=LINE('',#14166,#2565);
#1531=LINE('',#14167,#2566);
#1532=LINE('',#14170,#2567);
#1533=LINE('',#14172,#2568);
#1534=LINE('',#14173,#2569);
#1535=LINE('',#14175,#2570);
#1536=LINE('',#14176,#2571);
#1537=LINE('',#14180,#2572);
#1538=LINE('',#14182,#2573);
#1539=LINE('',#14186,#2574);
#1540=LINE('',#14188,#2575);
#1541=LINE('',#14192,#2576);
#1542=LINE('',#14196,#2577);
#1543=LINE('',#14198,#2578);
#1544=LINE('',#14200,#2579);
#1545=LINE('',#14204,#2580);
#1546=LINE('',#14208,#2581);
#1547=LINE('',#14210,#2582);
#1548=LINE('',#14212,#2583);
#1549=LINE('',#14216,#2584);
#1550=LINE('',#14220,#2585);
#1551=LINE('',#14222,#2586);
#1552=LINE('',#14226,#2587);
#1553=LINE('',#14228,#2588);
#1554=LINE('',#14232,#2589);
#1555=LINE('',#14236,#2590);
#1556=LINE('',#14240,#2591);
#1557=LINE('',#14244,#2592);
#1558=LINE('',#14248,#2593);
#1559=LINE('',#14252,#2594);
#1560=LINE('',#14254,#2595);
#1561=LINE('',#14258,#2596);
#1562=LINE('',#14260,#2597);
#1563=LINE('',#14264,#2598);
#1564=LINE('',#14268,#2599);
#1565=LINE('',#14270,#2600);
#1566=LINE('',#14274,#2601);
#1567=LINE('',#14276,#2602);
#1568=LINE('',#14280,#2603);
#1569=LINE('',#14284,#2604);
#1570=LINE('',#14288,#2605);
#1571=LINE('',#14292,#2606);
#1572=LINE('',#14296,#2607);
#1573=LINE('',#14300,#2608);
#1574=LINE('',#14302,#2609);
#1575=LINE('',#14303,#2610);
#1576=LINE('',#14306,#2611);
#1577=LINE('',#14310,#2612);
#1578=LINE('',#14311,#2613);
#1579=LINE('',#14314,#2614);
#1580=LINE('',#14318,#2615);
#1581=LINE('',#14319,#2616);
#1582=LINE('',#14322,#2617);
#1583=LINE('',#14326,#2618);
#1584=LINE('',#14327,#2619);
#1585=LINE('',#14330,#2620);
#1586=LINE('',#14331,#2621);
#1587=LINE('',#14334,#2622);
#1588=LINE('',#14338,#2623);
#1589=LINE('',#14339,#2624);
#1590=LINE('',#14342,#2625);
#1591=LINE('',#14343,#2626);
#1592=LINE('',#14346,#2627);
#1593=LINE('',#14350,#2628);
#1594=LINE('',#14351,#2629);
#1595=LINE('',#14354,#2630);
#1596=LINE('',#14358,#2631);
#1597=LINE('',#14359,#2632);
#1598=LINE('',#14362,#2633);
#1599=LINE('',#14363,#2634);
#1600=LINE('',#14366,#2635);
#1601=LINE('',#14367,#2636);
#1602=LINE('',#14370,#2637);
#1603=LINE('',#14374,#2638);
#1604=LINE('',#14375,#2639);
#1605=LINE('',#14378,#2640);
#1606=LINE('',#14382,#2641);
#1607=LINE('',#14383,#2642);
#1608=LINE('',#14386,#2643);
#1609=LINE('',#14387,#2644);
#1610=LINE('',#14390,#2645);
#1611=LINE('',#14391,#2646);
#1612=LINE('',#14394,#2647);
#1613=LINE('',#14398,#2648);
#1614=LINE('',#14399,#2649);
#1615=LINE('',#14402,#2650);
#1616=LINE('',#14406,#2651);
#1617=LINE('',#14407,#2652);
#1618=LINE('',#14410,#2653);
#1619=LINE('',#14411,#2654);
#1620=LINE('',#14414,#2655);
#1621=LINE('',#14418,#2656);
#1622=LINE('',#14419,#2657);
#1623=LINE('',#14422,#2658);
#1624=LINE('',#14425,#2659);
#1625=LINE('',#14428,#2660);
#1626=LINE('',#14429,#2661);
#1627=LINE('',#14432,#2662);
#1628=LINE('',#14436,#2663);
#1629=LINE('',#14437,#2664);
#1630=LINE('',#14440,#2665);
#1631=LINE('',#14444,#2666);
#1632=LINE('',#14445,#2667);
#1633=LINE('',#14448,#2668);
#1634=LINE('',#14452,#2669);
#1635=LINE('',#14453,#2670);
#1636=LINE('',#14456,#2671);
#1637=LINE('',#14460,#2672);
#1638=LINE('',#14461,#2673);
#1639=LINE('',#14464,#2674);
#1640=LINE('',#14466,#2675);
#1641=LINE('',#14467,#2676);
#1642=LINE('',#14470,#2677);
#1643=LINE('',#14472,#2678);
#1644=LINE('',#14474,#2679);
#1645=LINE('',#14475,#2680);
#1646=LINE('',#14478,#2681);
#1647=LINE('',#14480,#2682);
#1648=LINE('',#14481,#2683);
#1649=LINE('',#14484,#2684);
#1650=LINE('',#14488,#2685);
#1651=LINE('',#14489,#2686);
#1652=LINE('',#14492,#2687);
#1653=LINE('',#14496,#2688);
#1654=LINE('',#14497,#2689);
#1655=LINE('',#14500,#2690);
#1656=LINE('',#14504,#2691);
#1657=LINE('',#14505,#2692);
#1658=LINE('',#14508,#2693);
#1659=LINE('',#14509,#2694);
#1660=LINE('',#14512,#2695);
#1661=LINE('',#14516,#2696);
#1662=LINE('',#14517,#2697);
#1663=LINE('',#14520,#2698);
#1664=LINE('',#14521,#2699);
#1665=LINE('',#14524,#2700);
#1666=LINE('',#14528,#2701);
#1667=LINE('',#14529,#2702);
#1668=LINE('',#14532,#2703);
#1669=LINE('',#14536,#2704);
#1670=LINE('',#14537,#2705);
#1671=LINE('',#14540,#2706);
#1672=LINE('',#14541,#2707);
#1673=LINE('',#14544,#2708);
#1674=LINE('',#14545,#2709);
#1675=LINE('',#14548,#2710);
#1676=LINE('',#14552,#2711);
#1677=LINE('',#14553,#2712);
#1678=LINE('',#14556,#2713);
#1679=LINE('',#14560,#2714);
#1680=LINE('',#14561,#2715);
#1681=LINE('',#14564,#2716);
#1682=LINE('',#14565,#2717);
#1683=LINE('',#14568,#2718);
#1684=LINE('',#14569,#2719);
#1685=LINE('',#14572,#2720);
#1686=LINE('',#14576,#2721);
#1687=LINE('',#14577,#2722);
#1688=LINE('',#14580,#2723);
#1689=LINE('',#14584,#2724);
#1690=LINE('',#14585,#2725);
#1691=LINE('',#14588,#2726);
#1692=LINE('',#14589,#2727);
#1693=LINE('',#14592,#2728);
#1694=LINE('',#14596,#2729);
#1695=LINE('',#14597,#2730);
#1696=LINE('',#14600,#2731);
#1697=LINE('',#14602,#2732);
#1698=LINE('',#14604,#2733);
#1699=LINE('',#14606,#2734);
#1700=LINE('',#14608,#2735);
#1701=LINE('',#14610,#2736);
#1702=LINE('',#14612,#2737);
#1703=LINE('',#14614,#2738);
#1704=LINE('',#14616,#2739);
#1705=LINE('',#14620,#2740);
#1706=LINE('',#14622,#2741);
#1707=LINE('',#14624,#2742);
#1708=LINE('',#14628,#2743);
#1709=LINE('',#14632,#2744);
#1710=LINE('',#14636,#2745);
#1711=LINE('',#14640,#2746);
#1712=LINE('',#14642,#2747);
#1713=LINE('',#14644,#2748);
#1714=LINE('',#14647,#2749);
#1715=LINE('',#14652,#2750);
#1716=LINE('',#14656,#2751);
#1717=LINE('',#14660,#2752);
#1718=LINE('',#14663,#2753);
#1719=LINE('',#14668,#2754);
#1720=LINE('',#14672,#2755);
#1721=LINE('',#14676,#2756);
#1722=LINE('',#14679,#2757);
#1723=LINE('',#14684,#2758);
#1724=LINE('',#14688,#2759);
#1725=LINE('',#14692,#2760);
#1726=LINE('',#14695,#2761);
#1727=LINE('',#14700,#2762);
#1728=LINE('',#14704,#2763);
#1729=LINE('',#14708,#2764);
#1730=LINE('',#14711,#2765);
#1731=LINE('',#14716,#2766);
#1732=LINE('',#14720,#2767);
#1733=LINE('',#14724,#2768);
#1734=LINE('',#14727,#2769);
#1735=LINE('',#14732,#2770);
#1736=LINE('',#14736,#2771);
#1737=LINE('',#14740,#2772);
#1738=LINE('',#14743,#2773);
#1739=LINE('',#14748,#2774);
#1740=LINE('',#14752,#2775);
#1741=LINE('',#14756,#2776);
#1742=LINE('',#14759,#2777);
#1743=LINE('',#14764,#2778);
#1744=LINE('',#14768,#2779);
#1745=LINE('',#14772,#2780);
#1746=LINE('',#14775,#2781);
#1747=LINE('',#14780,#2782);
#1748=LINE('',#14784,#2783);
#1749=LINE('',#14788,#2784);
#1750=LINE('',#14791,#2785);
#1751=LINE('',#14796,#2786);
#1752=LINE('',#14800,#2787);
#1753=LINE('',#14804,#2788);
#1754=LINE('',#14807,#2789);
#1755=LINE('',#14812,#2790);
#1756=LINE('',#14816,#2791);
#1757=LINE('',#14820,#2792);
#1758=LINE('',#14823,#2793);
#1759=LINE('',#14828,#2794);
#1760=LINE('',#14832,#2795);
#1761=LINE('',#14836,#2796);
#1762=LINE('',#14839,#2797);
#1763=LINE('',#14844,#2798);
#1764=LINE('',#14848,#2799);
#1765=LINE('',#14852,#2800);
#1766=LINE('',#14855,#2801);
#1767=LINE('',#14860,#2802);
#1768=LINE('',#14864,#2803);
#1769=LINE('',#14868,#2804);
#1770=LINE('',#14871,#2805);
#1771=LINE('',#14876,#2806);
#1772=LINE('',#14880,#2807);
#1773=LINE('',#14884,#2808);
#1774=LINE('',#14887,#2809);
#1775=LINE('',#14892,#2810);
#1776=LINE('',#14896,#2811);
#1777=LINE('',#14900,#2812);
#1778=LINE('',#14903,#2813);
#1779=LINE('',#14908,#2814);
#1780=LINE('',#14912,#2815);
#1781=LINE('',#14916,#2816);
#1782=LINE('',#14919,#2817);
#1783=LINE('',#14924,#2818);
#1784=LINE('',#14928,#2819);
#1785=LINE('',#14932,#2820);
#1786=LINE('',#14935,#2821);
#1787=LINE('',#14940,#2822);
#1788=LINE('',#14944,#2823);
#1789=LINE('',#14948,#2824);
#1790=LINE('',#14951,#2825);
#1791=LINE('',#14956,#2826);
#1792=LINE('',#14960,#2827);
#1793=LINE('',#14964,#2828);
#1794=LINE('',#14967,#2829);
#1795=LINE('',#14972,#2830);
#1796=LINE('',#14976,#2831);
#1797=LINE('',#14980,#2832);
#1798=LINE('',#14983,#2833);
#1799=LINE('',#14988,#2834);
#1800=LINE('',#14992,#2835);
#1801=LINE('',#14996,#2836);
#1802=LINE('',#14999,#2837);
#1803=LINE('',#15004,#2838);
#1804=LINE('',#15008,#2839);
#1805=LINE('',#15012,#2840);
#1806=LINE('',#15015,#2841);
#1807=LINE('',#15020,#2842);
#1808=LINE('',#15024,#2843);
#1809=LINE('',#15028,#2844);
#1810=LINE('',#15031,#2845);
#1811=LINE('',#15036,#2846);
#1812=LINE('',#15040,#2847);
#1813=LINE('',#15044,#2848);
#1814=LINE('',#15047,#2849);
#1815=LINE('',#15052,#2850);
#1816=LINE('',#15056,#2851);
#1817=LINE('',#15060,#2852);
#1818=LINE('',#15063,#2853);
#1819=LINE('',#15068,#2854);
#1820=LINE('',#15072,#2855);
#1821=LINE('',#15076,#2856);
#1822=LINE('',#15079,#2857);
#1823=LINE('',#15084,#2858);
#1824=LINE('',#15088,#2859);
#1825=LINE('',#15092,#2860);
#1826=LINE('',#15095,#2861);
#1827=LINE('',#15100,#2862);
#1828=LINE('',#15104,#2863);
#1829=LINE('',#15108,#2864);
#1830=LINE('',#15111,#2865);
#1831=LINE('',#15116,#2866);
#1832=LINE('',#15120,#2867);
#1833=LINE('',#15124,#2868);
#1834=LINE('',#15127,#2869);
#1835=LINE('',#15132,#2870);
#1836=LINE('',#15136,#2871);
#1837=LINE('',#15140,#2872);
#1838=LINE('',#15143,#2873);
#1839=LINE('',#15148,#2874);
#1840=LINE('',#15152,#2875);
#1841=LINE('',#15156,#2876);
#1842=LINE('',#15159,#2877);
#1843=LINE('',#15164,#2878);
#1844=LINE('',#15168,#2879);
#1845=LINE('',#15172,#2880);
#1846=LINE('',#15175,#2881);
#1847=LINE('',#15180,#2882);
#1848=LINE('',#15184,#2883);
#1849=LINE('',#15188,#2884);
#1850=LINE('',#15191,#2885);
#1851=LINE('',#15196,#2886);
#1852=LINE('',#15200,#2887);
#1853=LINE('',#15204,#2888);
#1854=LINE('',#15207,#2889);
#1855=LINE('',#15212,#2890);
#1856=LINE('',#15216,#2891);
#1857=LINE('',#15220,#2892);
#1858=LINE('',#15223,#2893);
#1859=LINE('',#15228,#2894);
#1860=LINE('',#15232,#2895);
#1861=LINE('',#15236,#2896);
#1862=LINE('',#15239,#2897);
#1863=LINE('',#15244,#2898);
#1864=LINE('',#15248,#2899);
#1865=LINE('',#15252,#2900);
#1866=LINE('',#15255,#2901);
#1867=LINE('',#15258,#2902);
#1868=LINE('',#15262,#2903);
#1869=LINE('',#15266,#2904);
#1870=LINE('',#15270,#2905);
#1871=LINE('',#15272,#2906);
#1872=LINE('',#15276,#2907);
#1873=LINE('',#15278,#2908);
#1874=LINE('',#15282,#2909);
#1875=LINE('',#15286,#2910);
#1876=LINE('',#15289,#2911);
#1877=LINE('',#15291,#2912);
#1878=LINE('',#15295,#2913);
#1879=LINE('',#15297,#2914);
#1880=LINE('',#15299,#2915);
#1881=LINE('',#15303,#2916);
#1882=LINE('',#15307,#2917);
#1883=LINE('',#15311,#2918);
#1884=LINE('',#15315,#2919);
#1885=LINE('',#15317,#2920);
#1886=LINE('',#15319,#2921);
#1887=LINE('',#15323,#2922);
#1888=LINE('',#15325,#2923);
#1889=LINE('',#15327,#2924);
#1890=LINE('',#15329,#2925);
#1891=LINE('',#15331,#2926);
#1892=LINE('',#15333,#2927);
#1893=LINE('',#15335,#2928);
#1894=LINE('',#15337,#2929);
#1895=LINE('',#15338,#2930);
#1896=LINE('',#15343,#2931);
#1897=LINE('',#15347,#2932);
#1898=LINE('',#15351,#2933);
#1899=LINE('',#15354,#2934);
#1900=LINE('',#15359,#2935);
#1901=LINE('',#15363,#2936);
#1902=LINE('',#15367,#2937);
#1903=LINE('',#15370,#2938);
#1904=LINE('',#15375,#2939);
#1905=LINE('',#15379,#2940);
#1906=LINE('',#15383,#2941);
#1907=LINE('',#15386,#2942);
#1908=LINE('',#15391,#2943);
#1909=LINE('',#15395,#2944);
#1910=LINE('',#15399,#2945);
#1911=LINE('',#15402,#2946);
#1912=LINE('',#15407,#2947);
#1913=LINE('',#15411,#2948);
#1914=LINE('',#15415,#2949);
#1915=LINE('',#15418,#2950);
#1916=LINE('',#15423,#2951);
#1917=LINE('',#15427,#2952);
#1918=LINE('',#15431,#2953);
#1919=LINE('',#15434,#2954);
#1920=LINE('',#15439,#2955);
#1921=LINE('',#15443,#2956);
#1922=LINE('',#15447,#2957);
#1923=LINE('',#15450,#2958);
#1924=LINE('',#15455,#2959);
#1925=LINE('',#15459,#2960);
#1926=LINE('',#15463,#2961);
#1927=LINE('',#15466,#2962);
#1928=LINE('',#15471,#2963);
#1929=LINE('',#15475,#2964);
#1930=LINE('',#15479,#2965);
#1931=LINE('',#15482,#2966);
#1932=LINE('',#15484,#2967);
#1933=LINE('',#15488,#2968);
#1934=LINE('',#15492,#2969);
#1935=LINE('',#15496,#2970);
#1936=LINE('',#15500,#2971);
#1937=LINE('',#15504,#2972);
#1938=LINE('',#15508,#2973);
#1939=LINE('',#15510,#2974);
#1940=LINE('',#15514,#2975);
#1941=LINE('',#15516,#2976);
#1942=LINE('',#15520,#2977);
#1943=LINE('',#15524,#2978);
#1944=LINE('',#15526,#2979);
#1945=LINE('',#15530,#2980);
#1946=LINE('',#15532,#2981);
#1947=LINE('',#15536,#2982);
#1948=LINE('',#15540,#2983);
#1949=LINE('',#15546,#2984);
#1950=LINE('',#15550,#2985);
#1951=LINE('',#15554,#2986);
#1952=LINE('',#15557,#2987);
#1953=LINE('',#15562,#2988);
#1954=LINE('',#15566,#2989);
#1955=LINE('',#15570,#2990);
#1956=LINE('',#15573,#2991);
#1957=LINE('',#15578,#2992);
#1958=LINE('',#15582,#2993);
#1959=LINE('',#15586,#2994);
#1960=LINE('',#15589,#2995);
#1961=LINE('',#15594,#2996);
#1962=LINE('',#15598,#2997);
#1963=LINE('',#15602,#2998);
#1964=LINE('',#15605,#2999);
#1965=LINE('',#15610,#3000);
#1966=LINE('',#15614,#3001);
#1967=LINE('',#15618,#3002);
#1968=LINE('',#15621,#3003);
#1969=LINE('',#15626,#3004);
#1970=LINE('',#15630,#3005);
#1971=LINE('',#15634,#3006);
#1972=LINE('',#15637,#3007);
#1973=LINE('',#15642,#3008);
#1974=LINE('',#15646,#3009);
#1975=LINE('',#15650,#3010);
#1976=LINE('',#15653,#3011);
#1977=LINE('',#15658,#3012);
#1978=LINE('',#15662,#3013);
#1979=LINE('',#15666,#3014);
#1980=LINE('',#15669,#3015);
#1981=LINE('',#15674,#3016);
#1982=LINE('',#15678,#3017);
#1983=LINE('',#15682,#3018);
#1984=LINE('',#15685,#3019);
#1985=LINE('',#15690,#3020);
#1986=LINE('',#15694,#3021);
#1987=LINE('',#15698,#3022);
#1988=LINE('',#15701,#3023);
#1989=LINE('',#15706,#3024);
#1990=LINE('',#15710,#3025);
#1991=LINE('',#15714,#3026);
#1992=LINE('',#15717,#3027);
#1993=LINE('',#15722,#3028);
#1994=LINE('',#15726,#3029);
#1995=LINE('',#15730,#3030);
#1996=LINE('',#15733,#3031);
#1997=LINE('',#15738,#3032);
#1998=LINE('',#15742,#3033);
#1999=LINE('',#15746,#3034);
#2000=LINE('',#15749,#3035);
#2001=LINE('',#15754,#3036);
#2002=LINE('',#15758,#3037);
#2003=LINE('',#15762,#3038);
#2004=LINE('',#15765,#3039);
#2005=LINE('',#15770,#3040);
#2006=LINE('',#15774,#3041);
#2007=LINE('',#15778,#3042);
#2008=LINE('',#15781,#3043);
#2009=LINE('',#15786,#3044);
#2010=LINE('',#15790,#3045);
#2011=LINE('',#15794,#3046);
#2012=LINE('',#15797,#3047);
#2013=LINE('',#15802,#3048);
#2014=LINE('',#15806,#3049);
#2015=LINE('',#15810,#3050);
#2016=LINE('',#15813,#3051);
#2017=LINE('',#15818,#3052);
#2018=LINE('',#15822,#3053);
#2019=LINE('',#15826,#3054);
#2020=LINE('',#15829,#3055);
#2021=LINE('',#15834,#3056);
#2022=LINE('',#15838,#3057);
#2023=LINE('',#15842,#3058);
#2024=LINE('',#15845,#3059);
#2025=LINE('',#15850,#3060);
#2026=LINE('',#15854,#3061);
#2027=LINE('',#15858,#3062);
#2028=LINE('',#15861,#3063);
#2029=LINE('',#15866,#3064);
#2030=LINE('',#15870,#3065);
#2031=LINE('',#15874,#3066);
#2032=LINE('',#15877,#3067);
#2033=LINE('',#15882,#3068);
#2034=LINE('',#15886,#3069);
#2035=LINE('',#15890,#3070);
#2036=LINE('',#15893,#3071);
#2037=LINE('',#15898,#3072);
#2038=LINE('',#15902,#3073);
#2039=LINE('',#15906,#3074);
#2040=LINE('',#15909,#3075);
#2041=LINE('',#15911,#3076);
#2042=LINE('',#15915,#3077);
#2043=LINE('',#15919,#3078);
#2044=LINE('',#15923,#3079);
#2045=LINE('',#15927,#3080);
#2046=LINE('',#15931,#3081);
#2047=LINE('',#15935,#3082);
#2048=LINE('',#15937,#3083);
#2049=LINE('',#15941,#3084);
#2050=LINE('',#15943,#3085);
#2051=LINE('',#15947,#3086);
#2052=LINE('',#15951,#3087);
#2053=LINE('',#15953,#3088);
#2054=LINE('',#15957,#3089);
#2055=LINE('',#15959,#3090);
#2056=LINE('',#15963,#3091);
#2057=LINE('',#15967,#3092);
#2058=LINE('',#15973,#3093);
#2059=LINE('',#15977,#3094);
#2060=LINE('',#15981,#3095);
#2061=LINE('',#15984,#3096);
#2062=LINE('',#15989,#3097);
#2063=LINE('',#15993,#3098);
#2064=LINE('',#15997,#3099);
#2065=LINE('',#16000,#3100);
#2066=LINE('',#16005,#3101);
#2067=LINE('',#16009,#3102);
#2068=LINE('',#16013,#3103);
#2069=LINE('',#16016,#3104);
#2070=LINE('',#16021,#3105);
#2071=LINE('',#16025,#3106);
#2072=LINE('',#16029,#3107);
#2073=LINE('',#16032,#3108);
#2074=LINE('',#16037,#3109);
#2075=LINE('',#16041,#3110);
#2076=LINE('',#16045,#3111);
#2077=LINE('',#16048,#3112);
#2078=LINE('',#16053,#3113);
#2079=LINE('',#16057,#3114);
#2080=LINE('',#16061,#3115);
#2081=LINE('',#16064,#3116);
#2082=LINE('',#16066,#3117);
#2083=LINE('',#16067,#3118);
#2084=LINE('',#16069,#3119);
#2085=LINE('',#16071,#3120);
#2086=LINE('',#16072,#3121);
#2087=LINE('',#16074,#3122);
#2088=LINE('',#16075,#3123);
#2089=LINE('',#16077,#3124);
#2090=LINE('',#16079,#3125);
#2091=LINE('',#16080,#3126);
#2092=LINE('',#16082,#3127);
#2093=LINE('',#16084,#3128);
#2094=LINE('',#16086,#3129);
#2095=LINE('',#16088,#3130);
#2096=LINE('',#16090,#3131);
#2097=LINE('',#16092,#3132);
#2098=LINE('',#16095,#3133);
#2099=LINE('',#16096,#3134);
#2100=LINE('',#16098,#3135);
#2101=LINE('',#16100,#3136);
#2102=LINE('',#16102,#3137);
#2103=LINE('',#16104,#3138);
#2104=LINE('',#16106,#3139);
#2105=LINE('',#16108,#3140);
#2106=LINE('',#16111,#3141);
#2107=LINE('',#16112,#3142);
#2108=LINE('',#16114,#3143);
#2109=LINE('',#16116,#3144);
#2110=LINE('',#16118,#3145);
#2111=LINE('',#16120,#3146);
#2112=LINE('',#16122,#3147);
#2113=LINE('',#16124,#3148);
#2114=LINE('',#16127,#3149);
#2115=LINE('',#16128,#3150);
#2116=LINE('',#16130,#3151);
#2117=LINE('',#16132,#3152);
#2118=LINE('',#16134,#3153);
#2119=LINE('',#16136,#3154);
#2120=LINE('',#16138,#3155);
#2121=LINE('',#16140,#3156);
#2122=LINE('',#16143,#3157);
#2123=LINE('',#16144,#3158);
#2124=LINE('',#16146,#3159);
#2125=LINE('',#16148,#3160);
#2126=LINE('',#16150,#3161);
#2127=LINE('',#16152,#3162);
#2128=LINE('',#16154,#3163);
#2129=LINE('',#16156,#3164);
#2130=LINE('',#16159,#3165);
#2131=LINE('',#16160,#3166);
#2132=LINE('',#16162,#3167);
#2133=LINE('',#16164,#3168);
#2134=LINE('',#16166,#3169);
#2135=LINE('',#16168,#3170);
#2136=LINE('',#16170,#3171);
#2137=LINE('',#16172,#3172);
#2138=LINE('',#16175,#3173);
#2139=LINE('',#16177,#3174);
#2140=LINE('',#16179,#3175);
#2141=LINE('',#16181,#3176);
#2142=LINE('',#16183,#3177);
#2143=LINE('',#16185,#3178);
#2144=LINE('',#16187,#3179);
#2145=LINE('',#16189,#3180);
#2146=LINE('',#16191,#3181);
#2147=LINE('',#16193,#3182);
#2148=LINE('',#16195,#3183);
#2149=LINE('',#16197,#3184);
#2150=LINE('',#16199,#3185);
#2151=LINE('',#16201,#3186);
#2152=LINE('',#16203,#3187);
#2153=LINE('',#16205,#3188);
#2154=LINE('',#16207,#3189);
#2155=LINE('',#16209,#3190);
#2156=LINE('',#16211,#3191);
#2157=LINE('',#16213,#3192);
#2158=LINE('',#16215,#3193);
#2159=LINE('',#16217,#3194);
#2160=LINE('',#16219,#3195);
#2161=LINE('',#16221,#3196);
#2162=LINE('',#16223,#3197);
#2163=LINE('',#16225,#3198);
#2164=LINE('',#16227,#3199);
#2165=LINE('',#16229,#3200);
#2166=LINE('',#16231,#3201);
#2167=LINE('',#16234,#3202);
#2168=LINE('',#16235,#3203);
#2169=LINE('',#16237,#3204);
#2170=LINE('',#16239,#3205);
#2171=LINE('',#16241,#3206);
#2172=LINE('',#16243,#3207);
#2173=LINE('',#16245,#3208);
#2174=LINE('',#16247,#3209);
#2175=LINE('',#16250,#3210);
#2176=LINE('',#16251,#3211);
#2177=LINE('',#16253,#3212);
#2178=LINE('',#16255,#3213);
#2179=LINE('',#16257,#3214);
#2180=LINE('',#16259,#3215);
#2181=LINE('',#16261,#3216);
#2182=LINE('',#16263,#3217);
#2183=LINE('',#16266,#3218);
#2184=LINE('',#16267,#3219);
#2185=LINE('',#16269,#3220);
#2186=LINE('',#16271,#3221);
#2187=LINE('',#16273,#3222);
#2188=LINE('',#16275,#3223);
#2189=LINE('',#16277,#3224);
#2190=LINE('',#16279,#3225);
#2191=LINE('',#16282,#3226);
#2192=LINE('',#16283,#3227);
#2193=LINE('',#16285,#3228);
#2194=LINE('',#16287,#3229);
#2195=LINE('',#16289,#3230);
#2196=LINE('',#16291,#3231);
#2197=LINE('',#16293,#3232);
#2198=LINE('',#16295,#3233);
#2199=LINE('',#16298,#3234);
#2200=LINE('',#16299,#3235);
#2201=LINE('',#16301,#3236);
#2202=LINE('',#16303,#3237);
#2203=LINE('',#16305,#3238);
#2204=LINE('',#16307,#3239);
#2205=LINE('',#16309,#3240);
#2206=LINE('',#16311,#3241);
#2207=LINE('',#16314,#3242);
#2208=LINE('',#16315,#3243);
#2209=LINE('',#16317,#3244);
#2210=LINE('',#16319,#3245);
#2211=LINE('',#16321,#3246);
#2212=LINE('',#16323,#3247);
#2213=LINE('',#16325,#3248);
#2214=LINE('',#16327,#3249);
#2215=LINE('',#16330,#3250);
#2216=LINE('',#16331,#3251);
#2217=LINE('',#16333,#3252);
#2218=LINE('',#16335,#3253);
#2219=LINE('',#16337,#3254);
#2220=LINE('',#16339,#3255);
#2221=LINE('',#16341,#3256);
#2222=LINE('',#16343,#3257);
#2223=LINE('',#16346,#3258);
#2224=LINE('',#16347,#3259);
#2225=LINE('',#16349,#3260);
#2226=LINE('',#16351,#3261);
#2227=LINE('',#16353,#3262);
#2228=LINE('',#16355,#3263);
#2229=LINE('',#16357,#3264);
#2230=LINE('',#16359,#3265);
#2231=LINE('',#16362,#3266);
#2232=LINE('',#16363,#3267);
#2233=LINE('',#16365,#3268);
#2234=LINE('',#16367,#3269);
#2235=LINE('',#16369,#3270);
#2236=LINE('',#16371,#3271);
#2237=LINE('',#16373,#3272);
#2238=LINE('',#16375,#3273);
#2239=LINE('',#16378,#3274);
#2240=LINE('',#16379,#3275);
#2241=LINE('',#16381,#3276);
#2242=LINE('',#16383,#3277);
#2243=LINE('',#16385,#3278);
#2244=LINE('',#16387,#3279);
#2245=LINE('',#16389,#3280);
#2246=LINE('',#16391,#3281);
#2247=LINE('',#16394,#3282);
#2248=LINE('',#16395,#3283);
#2249=LINE('',#16397,#3284);
#2250=LINE('',#16399,#3285);
#2251=LINE('',#16401,#3286);
#2252=LINE('',#16403,#3287);
#2253=LINE('',#16405,#3288);
#2254=LINE('',#16407,#3289);
#2255=LINE('',#16410,#3290);
#2256=LINE('',#16411,#3291);
#2257=LINE('',#16413,#3292);
#2258=LINE('',#16415,#3293);
#2259=LINE('',#16417,#3294);
#2260=LINE('',#16419,#3295);
#2261=LINE('',#16421,#3296);
#2262=LINE('',#16423,#3297);
#2263=LINE('',#16426,#3298);
#2264=LINE('',#16427,#3299);
#2265=LINE('',#16429,#3300);
#2266=LINE('',#16431,#3301);
#2267=LINE('',#16433,#3302);
#2268=LINE('',#16435,#3303);
#2269=LINE('',#16437,#3304);
#2270=LINE('',#16439,#3305);
#2271=LINE('',#16442,#3306);
#2272=LINE('',#16443,#3307);
#2273=LINE('',#16445,#3308);
#2274=LINE('',#16447,#3309);
#2275=LINE('',#16449,#3310);
#2276=LINE('',#16451,#3311);
#2277=LINE('',#16453,#3312);
#2278=LINE('',#16455,#3313);
#2279=LINE('',#16458,#3314);
#2280=LINE('',#16459,#3315);
#2281=LINE('',#16461,#3316);
#2282=LINE('',#16463,#3317);
#2283=LINE('',#16465,#3318);
#2284=LINE('',#16467,#3319);
#2285=LINE('',#16469,#3320);
#2286=LINE('',#16472,#3321);
#2287=LINE('',#16474,#3322);
#2288=LINE('',#16476,#3323);
#2289=LINE('',#16478,#3324);
#2290=LINE('',#16480,#3325);
#2291=LINE('',#16482,#3326);
#2292=LINE('',#16484,#3327);
#2293=LINE('',#16486,#3328);
#2294=LINE('',#16488,#3329);
#2295=LINE('',#16491,#3330);
#2296=LINE('',#16492,#3331);
#2297=LINE('',#16494,#3332);
#2298=LINE('',#16496,#3333);
#2299=LINE('',#16498,#3334);
#2300=LINE('',#16500,#3335);
#2301=LINE('',#16502,#3336);
#2302=LINE('',#16504,#3337);
#2303=LINE('',#16507,#3338);
#2304=LINE('',#16508,#3339);
#2305=LINE('',#16510,#3340);
#2306=LINE('',#16512,#3341);
#2307=LINE('',#16514,#3342);
#2308=LINE('',#16516,#3343);
#2309=LINE('',#16518,#3344);
#2310=LINE('',#16520,#3345);
#2311=LINE('',#16523,#3346);
#2312=LINE('',#16524,#3347);
#2313=LINE('',#16526,#3348);
#2314=LINE('',#16528,#3349);
#2315=LINE('',#16530,#3350);
#2316=LINE('',#16532,#3351);
#2317=LINE('',#16534,#3352);
#2318=LINE('',#16536,#3353);
#2319=LINE('',#16539,#3354);
#2320=LINE('',#16540,#3355);
#2321=LINE('',#16542,#3356);
#2322=LINE('',#16544,#3357);
#2323=LINE('',#16546,#3358);
#2324=LINE('',#16548,#3359);
#2325=LINE('',#16550,#3360);
#2326=LINE('',#16552,#3361);
#2327=LINE('',#16555,#3362);
#2328=LINE('',#16556,#3363);
#2329=LINE('',#16558,#3364);
#2330=LINE('',#16560,#3365);
#2331=LINE('',#16562,#3366);
#2332=LINE('',#16564,#3367);
#2333=LINE('',#16566,#3368);
#2334=LINE('',#16568,#3369);
#2335=LINE('',#16571,#3370);
#2336=LINE('',#16572,#3371);
#2337=LINE('',#16574,#3372);
#2338=LINE('',#16576,#3373);
#2339=LINE('',#16578,#3374);
#2340=LINE('',#16580,#3375);
#2341=LINE('',#16582,#3376);
#2342=LINE('',#16584,#3377);
#2343=LINE('',#16587,#3378);
#2344=LINE('',#16588,#3379);
#2345=LINE('',#16590,#3380);
#2346=LINE('',#16592,#3381);
#2347=LINE('',#16594,#3382);
#2348=LINE('',#16596,#3383);
#2349=LINE('',#16598,#3384);
#2350=LINE('',#16600,#3385);
#2351=LINE('',#16603,#3386);
#2352=LINE('',#16604,#3387);
#2353=LINE('',#16606,#3388);
#2354=LINE('',#16608,#3389);
#2355=LINE('',#16610,#3390);
#2356=LINE('',#16612,#3391);
#2357=LINE('',#16614,#3392);
#2358=LINE('',#16616,#3393);
#2359=LINE('',#16619,#3394);
#2360=LINE('',#16620,#3395);
#2361=LINE('',#16622,#3396);
#2362=LINE('',#16624,#3397);
#2363=LINE('',#16626,#3398);
#2364=LINE('',#16628,#3399);
#2365=LINE('',#16630,#3400);
#2366=LINE('',#16632,#3401);
#2367=LINE('',#16635,#3402);
#2368=LINE('',#16637,#3403);
#2369=LINE('',#16639,#3404);
#2370=LINE('',#16641,#3405);
#2371=LINE('',#16643,#3406);
#2372=LINE('',#16645,#3407);
#2373=LINE('',#16647,#3408);
#2374=LINE('',#16649,#3409);
#2375=LINE('',#16651,#3410);
#2376=LINE('',#16653,#3411);
#2377=LINE('',#16655,#3412);
#2378=LINE('',#16657,#3413);
#2379=LINE('',#16659,#3414);
#2380=LINE('',#16661,#3415);
#2381=LINE('',#16663,#3416);
#2382=LINE('',#16665,#3417);
#2383=LINE('',#16667,#3418);
#2384=LINE('',#16669,#3419);
#2385=LINE('',#16671,#3420);
#2386=LINE('',#16673,#3421);
#2387=LINE('',#16675,#3422);
#2388=LINE('',#16677,#3423);
#2389=LINE('',#16679,#3424);
#2390=LINE('',#16681,#3425);
#2391=LINE('',#16683,#3426);
#2392=LINE('',#16685,#3427);
#2393=LINE('',#16687,#3428);
#2394=LINE('',#16689,#3429);
#2395=LINE('',#16691,#3430);
#2396=LINE('',#16694,#3431);
#2397=LINE('',#16695,#3432);
#2398=LINE('',#16697,#3433);
#2399=LINE('',#16699,#3434);
#2400=LINE('',#16701,#3435);
#2401=LINE('',#16703,#3436);
#2402=LINE('',#16705,#3437);
#2403=LINE('',#16707,#3438);
#2404=LINE('',#16710,#3439);
#2405=LINE('',#16711,#3440);
#2406=LINE('',#16713,#3441);
#2407=LINE('',#16715,#3442);
#2408=LINE('',#16717,#3443);
#2409=LINE('',#16719,#3444);
#2410=LINE('',#16721,#3445);
#2411=LINE('',#16723,#3446);
#2412=LINE('',#16726,#3447);
#2413=LINE('',#16727,#3448);
#2414=LINE('',#16729,#3449);
#2415=LINE('',#16731,#3450);
#2416=LINE('',#16733,#3451);
#2417=LINE('',#16735,#3452);
#2418=LINE('',#16737,#3453);
#2419=LINE('',#16739,#3454);
#2420=LINE('',#16742,#3455);
#2421=LINE('',#16743,#3456);
#2422=LINE('',#16745,#3457);
#2423=LINE('',#16747,#3458);
#2424=LINE('',#16749,#3459);
#2425=LINE('',#16751,#3460);
#2426=LINE('',#16753,#3461);
#2427=LINE('',#16755,#3462);
#2428=LINE('',#16758,#3463);
#2429=LINE('',#16759,#3464);
#2430=LINE('',#16761,#3465);
#2431=LINE('',#16763,#3466);
#2432=LINE('',#16765,#3467);
#2433=LINE('',#16767,#3468);
#2434=LINE('',#16769,#3469);
#2435=LINE('',#16771,#3470);
#2436=LINE('',#16774,#3471);
#2437=LINE('',#16775,#3472);
#2438=LINE('',#16777,#3473);
#2439=LINE('',#16779,#3474);
#2440=LINE('',#16781,#3475);
#2441=LINE('',#16783,#3476);
#2442=LINE('',#16785,#3477);
#2443=LINE('',#16787,#3478);
#2444=LINE('',#16790,#3479);
#2445=LINE('',#16791,#3480);
#2446=LINE('',#16793,#3481);
#2447=LINE('',#16795,#3482);
#2448=LINE('',#16797,#3483);
#2449=LINE('',#16799,#3484);
#2450=LINE('',#16801,#3485);
#2451=LINE('',#16803,#3486);
#2452=LINE('',#16806,#3487);
#2453=LINE('',#16807,#3488);
#2454=LINE('',#16809,#3489);
#2455=LINE('',#16811,#3490);
#2456=LINE('',#16813,#3491);
#2457=LINE('',#16815,#3492);
#2458=LINE('',#16817,#3493);
#2459=LINE('',#16819,#3494);
#2460=LINE('',#16822,#3495);
#2461=LINE('',#16823,#3496);
#2462=LINE('',#16825,#3497);
#2463=LINE('',#16827,#3498);
#2464=LINE('',#16829,#3499);
#2465=LINE('',#16831,#3500);
#2466=LINE('',#16833,#3501);
#2467=LINE('',#16835,#3502);
#2468=LINE('',#16838,#3503);
#2469=LINE('',#16840,#3504);
#2470=LINE('',#16841,#3505);
#2471=LINE('',#16844,#3506);
#2472=LINE('',#16846,#3507);
#2473=LINE('',#16849,#3508);
#2474=LINE('',#16852,#3509);
#2475=LINE('',#16854,#3510);
#2476=LINE('',#16857,#3511);
#2477=LINE('',#16859,#3512);
#2478=LINE('',#16861,#3513);
#2479=LINE('',#16862,#3514);
#2480=LINE('',#16864,#3515);
#2481=LINE('',#16866,#3516);
#2482=LINE('',#16868,#3517);
#2483=LINE('',#16870,#3518);
#2484=VECTOR('',#11025,1.40000000000001);
#2485=VECTOR('',#11030,10.);
#2486=VECTOR('',#11031,10.);
#2487=VECTOR('',#11032,10.);
#2488=VECTOR('',#11033,10.);
#2489=VECTOR('',#11036,10.);
#2490=VECTOR('',#11037,10.);
#2491=VECTOR('',#11038,10.);
#2492=VECTOR('',#11041,10.);
#2493=VECTOR('',#11042,10.);
#2494=VECTOR('',#11043,10.);
#2495=VECTOR('',#11046,10.);
#2496=VECTOR('',#11047,10.);
#2497=VECTOR('',#11050,10.);
#2498=VECTOR('',#11051,10.);
#2499=VECTOR('',#11054,10.);
#2500=VECTOR('',#11055,10.);
#2501=VECTOR('',#11058,10.);
#2502=VECTOR('',#11061,10.);
#2503=VECTOR('',#11062,10.);
#2504=VECTOR('',#11063,10.);
#2505=VECTOR('',#11066,10.);
#2506=VECTOR('',#11069,10.);
#2507=VECTOR('',#11070,10.);
#2508=VECTOR('',#11071,10.);
#2509=VECTOR('',#11074,10.);
#2510=VECTOR('',#11077,10.);
#2511=VECTOR('',#11078,10.);
#2512=VECTOR('',#11081,10.);
#2513=VECTOR('',#11082,10.);
#2514=VECTOR('',#11085,10.);
#2515=VECTOR('',#11088,10.);
#2516=VECTOR('',#11091,10.);
#2517=VECTOR('',#11094,10.);
#2518=VECTOR('',#11097,10.);
#2519=VECTOR('',#11100,10.);
#2520=VECTOR('',#11101,10.);
#2521=VECTOR('',#11104,10.);
#2522=VECTOR('',#11105,10.);
#2523=VECTOR('',#11108,10.);
#2524=VECTOR('',#11111,10.);
#2525=VECTOR('',#11112,10.);
#2526=VECTOR('',#11115,10.);
#2527=VECTOR('',#11116,10.);
#2528=VECTOR('',#11119,10.);
#2529=VECTOR('',#11122,10.);
#2530=VECTOR('',#11125,10.);
#2531=VECTOR('',#11128,10.);
#2532=VECTOR('',#11131,10.);
#2533=VECTOR('',#11136,10.);
#2534=VECTOR('',#11137,10.);
#2535=VECTOR('',#11138,10.);
#2536=VECTOR('',#11139,10.);
#2537=VECTOR('',#11142,10.);
#2538=VECTOR('',#11143,10.);
#2539=VECTOR('',#11144,10.);
#2540=VECTOR('',#11145,10.);
#2541=VECTOR('',#11148,10.);
#2542=VECTOR('',#11149,10.);
#2543=VECTOR('',#11152,10.);
#2544=VECTOR('',#11153,10.);
#2545=VECTOR('',#11156,10.);
#2546=VECTOR('',#11159,10.);
#2547=VECTOR('',#11162,10.);
#2548=VECTOR('',#11165,10.);
#2549=VECTOR('',#11168,10.);
#2550=VECTOR('',#11171,10.);
#2551=VECTOR('',#11174,10.);
#2552=VECTOR('',#11177,10.);
#2553=VECTOR('',#11178,10.);
#2554=VECTOR('',#11181,10.);
#2555=VECTOR('',#11182,10.);
#2556=VECTOR('',#11185,10.);
#2557=VECTOR('',#11188,10.);
#2558=VECTOR('',#11191,10.);
#2559=VECTOR('',#11192,10.);
#2560=VECTOR('',#11195,10.);
#2561=VECTOR('',#11196,10.);
#2562=VECTOR('',#11197,10.);
#2563=VECTOR('',#11198,10.);
#2564=VECTOR('',#11201,10.);
#2565=VECTOR('',#11202,10.);
#2566=VECTOR('',#11203,10.);
#2567=VECTOR('',#11206,10.);
#2568=VECTOR('',#11207,10.);
#2569=VECTOR('',#11208,10.);
#2570=VECTOR('',#11211,10.);
#2571=VECTOR('',#11212,10.);
#2572=VECTOR('',#11215,10.);
#2573=VECTOR('',#11216,10.);
#2574=VECTOR('',#11219,10.);
#2575=VECTOR('',#11220,10.);
#2576=VECTOR('',#11223,10.);
#2577=VECTOR('',#11226,10.);
#2578=VECTOR('',#11227,10.);
#2579=VECTOR('',#11228,10.);
#2580=VECTOR('',#11231,10.);
#2581=VECTOR('',#11234,10.);
#2582=VECTOR('',#11235,10.);
#2583=VECTOR('',#11236,10.);
#2584=VECTOR('',#11239,10.);
#2585=VECTOR('',#11242,10.);
#2586=VECTOR('',#11243,10.);
#2587=VECTOR('',#11246,10.);
#2588=VECTOR('',#11247,10.);
#2589=VECTOR('',#11250,10.);
#2590=VECTOR('',#11253,10.);
#2591=VECTOR('',#11256,10.);
#2592=VECTOR('',#11259,10.);
#2593=VECTOR('',#11262,10.);
#2594=VECTOR('',#11265,10.);
#2595=VECTOR('',#11266,10.);
#2596=VECTOR('',#11269,10.);
#2597=VECTOR('',#11270,10.);
#2598=VECTOR('',#11273,10.);
#2599=VECTOR('',#11276,10.);
#2600=VECTOR('',#11277,10.);
#2601=VECTOR('',#11280,10.);
#2602=VECTOR('',#11281,10.);
#2603=VECTOR('',#11284,10.);
#2604=VECTOR('',#11287,10.);
#2605=VECTOR('',#11290,10.);
#2606=VECTOR('',#11293,10.);
#2607=VECTOR('',#11296,10.);
#2608=VECTOR('',#11301,10.);
#2609=VECTOR('',#11302,10.);
#2610=VECTOR('',#11303,10.);
#2611=VECTOR('',#11306,10.);
#2612=VECTOR('',#11311,10.);
#2613=VECTOR('',#11312,10.);
#2614=VECTOR('',#11315,10.);
#2615=VECTOR('',#11320,10.);
#2616=VECTOR('',#11321,10.);
#2617=VECTOR('',#11324,10.);
#2618=VECTOR('',#11329,10.);
#2619=VECTOR('',#11330,10.);
#2620=VECTOR('',#11333,10.);
#2621=VECTOR('',#11334,10.);
#2622=VECTOR('',#11337,10.);
#2623=VECTOR('',#11342,10.);
#2624=VECTOR('',#11343,10.);
#2625=VECTOR('',#11346,10.);
#2626=VECTOR('',#11347,10.);
#2627=VECTOR('',#11350,10.);
#2628=VECTOR('',#11355,10.);
#2629=VECTOR('',#11356,10.);
#2630=VECTOR('',#11359,10.);
#2631=VECTOR('',#11364,10.);
#2632=VECTOR('',#11365,10.);
#2633=VECTOR('',#11368,10.);
#2634=VECTOR('',#11369,10.);
#2635=VECTOR('',#11372,10.);
#2636=VECTOR('',#11373,10.);
#2637=VECTOR('',#11376,10.);
#2638=VECTOR('',#11381,10.);
#2639=VECTOR('',#11382,10.);
#2640=VECTOR('',#11385,10.);
#2641=VECTOR('',#11390,10.);
#2642=VECTOR('',#11391,10.);
#2643=VECTOR('',#11394,10.);
#2644=VECTOR('',#11395,10.);
#2645=VECTOR('',#11398,10.);
#2646=VECTOR('',#11399,10.);
#2647=VECTOR('',#11402,10.);
#2648=VECTOR('',#11407,10.);
#2649=VECTOR('',#11408,10.);
#2650=VECTOR('',#11411,10.);
#2651=VECTOR('',#11416,10.);
#2652=VECTOR('',#11417,10.);
#2653=VECTOR('',#11420,10.);
#2654=VECTOR('',#11421,10.);
#2655=VECTOR('',#11424,10.);
#2656=VECTOR('',#11429,10.);
#2657=VECTOR('',#11430,10.);
#2658=VECTOR('',#11433,10.);
#2659=VECTOR('',#11436,10.);
#2660=VECTOR('',#11439,10.);
#2661=VECTOR('',#11440,10.);
#2662=VECTOR('',#11443,10.);
#2663=VECTOR('',#11448,10.);
#2664=VECTOR('',#11449,10.);
#2665=VECTOR('',#11452,10.);
#2666=VECTOR('',#11457,10.);
#2667=VECTOR('',#11458,10.);
#2668=VECTOR('',#11461,10.);
#2669=VECTOR('',#11466,10.);
#2670=VECTOR('',#11467,10.);
#2671=VECTOR('',#11470,10.);
#2672=VECTOR('',#11475,10.);
#2673=VECTOR('',#11476,10.);
#2674=VECTOR('',#11479,10.);
#2675=VECTOR('',#11480,10.);
#2676=VECTOR('',#11481,10.);
#2677=VECTOR('',#11484,10.);
#2678=VECTOR('',#11485,10.);
#2679=VECTOR('',#11486,10.);
#2680=VECTOR('',#11487,10.);
#2681=VECTOR('',#11490,10.);
#2682=VECTOR('',#11491,10.);
#2683=VECTOR('',#11492,10.);
#2684=VECTOR('',#11495,10.);
#2685=VECTOR('',#11500,10.);
#2686=VECTOR('',#11501,10.);
#2687=VECTOR('',#11504,10.);
#2688=VECTOR('',#11509,10.);
#2689=VECTOR('',#11510,10.);
#2690=VECTOR('',#11513,10.);
#2691=VECTOR('',#11518,10.);
#2692=VECTOR('',#11519,10.);
#2693=VECTOR('',#11522,10.);
#2694=VECTOR('',#11523,10.);
#2695=VECTOR('',#11526,10.);
#2696=VECTOR('',#11531,10.);
#2697=VECTOR('',#11532,10.);
#2698=VECTOR('',#11535,10.);
#2699=VECTOR('',#11536,10.);
#2700=VECTOR('',#11539,10.);
#2701=VECTOR('',#11544,10.);
#2702=VECTOR('',#11545,10.);
#2703=VECTOR('',#11548,10.);
#2704=VECTOR('',#11553,10.);
#2705=VECTOR('',#11554,10.);
#2706=VECTOR('',#11557,10.);
#2707=VECTOR('',#11558,10.);
#2708=VECTOR('',#11561,10.);
#2709=VECTOR('',#11562,10.);
#2710=VECTOR('',#11565,10.);
#2711=VECTOR('',#11570,10.);
#2712=VECTOR('',#11571,10.);
#2713=VECTOR('',#11574,10.);
#2714=VECTOR('',#11579,10.);
#2715=VECTOR('',#11580,10.);
#2716=VECTOR('',#11583,10.);
#2717=VECTOR('',#11584,10.);
#2718=VECTOR('',#11587,10.);
#2719=VECTOR('',#11588,10.);
#2720=VECTOR('',#11591,10.);
#2721=VECTOR('',#11596,10.);
#2722=VECTOR('',#11597,10.);
#2723=VECTOR('',#11600,10.);
#2724=VECTOR('',#11605,10.);
#2725=VECTOR('',#11606,10.);
#2726=VECTOR('',#11609,10.);
#2727=VECTOR('',#11610,10.);
#2728=VECTOR('',#11613,10.);
#2729=VECTOR('',#11618,10.);
#2730=VECTOR('',#11619,10.);
#2731=VECTOR('',#11622,10.);
#2732=VECTOR('',#11623,10.);
#2733=VECTOR('',#11624,10.);
#2734=VECTOR('',#11625,10.);
#2735=VECTOR('',#11626,10.);
#2736=VECTOR('',#11627,10.);
#2737=VECTOR('',#11628,10.);
#2738=VECTOR('',#11629,10.);
#2739=VECTOR('',#11630,10.);
#2740=VECTOR('',#11633,10.);
#2741=VECTOR('',#11634,10.);
#2742=VECTOR('',#11635,10.);
#2743=VECTOR('',#11638,10.);
#2744=VECTOR('',#11641,10.);
#2745=VECTOR('',#11644,10.);
#2746=VECTOR('',#11647,10.);
#2747=VECTOR('',#11648,10.);
#2748=VECTOR('',#11649,10.);
#2749=VECTOR('',#11652,10.);
#2750=VECTOR('',#11655,10.);
#2751=VECTOR('',#11658,10.);
#2752=VECTOR('',#11661,10.);
#2753=VECTOR('',#11664,10.);
#2754=VECTOR('',#11667,10.);
#2755=VECTOR('',#11670,10.);
#2756=VECTOR('',#11673,10.);
#2757=VECTOR('',#11676,10.);
#2758=VECTOR('',#11679,10.);
#2759=VECTOR('',#11682,10.);
#2760=VECTOR('',#11685,10.);
#2761=VECTOR('',#11688,10.);
#2762=VECTOR('',#11691,10.);
#2763=VECTOR('',#11694,10.);
#2764=VECTOR('',#11697,10.);
#2765=VECTOR('',#11700,10.);
#2766=VECTOR('',#11703,10.);
#2767=VECTOR('',#11706,10.);
#2768=VECTOR('',#11709,10.);
#2769=VECTOR('',#11712,10.);
#2770=VECTOR('',#11715,10.);
#2771=VECTOR('',#11718,10.);
#2772=VECTOR('',#11721,10.);
#2773=VECTOR('',#11724,10.);
#2774=VECTOR('',#11727,10.);
#2775=VECTOR('',#11730,10.);
#2776=VECTOR('',#11733,10.);
#2777=VECTOR('',#11736,10.);
#2778=VECTOR('',#11739,10.);
#2779=VECTOR('',#11742,10.);
#2780=VECTOR('',#11745,10.);
#2781=VECTOR('',#11748,10.);
#2782=VECTOR('',#11751,10.);
#2783=VECTOR('',#11754,10.);
#2784=VECTOR('',#11757,10.);
#2785=VECTOR('',#11760,10.);
#2786=VECTOR('',#11763,10.);
#2787=VECTOR('',#11766,10.);
#2788=VECTOR('',#11769,10.);
#2789=VECTOR('',#11772,10.);
#2790=VECTOR('',#11775,10.);
#2791=VECTOR('',#11778,10.);
#2792=VECTOR('',#11781,10.);
#2793=VECTOR('',#11784,10.);
#2794=VECTOR('',#11787,10.);
#2795=VECTOR('',#11790,10.);
#2796=VECTOR('',#11793,10.);
#2797=VECTOR('',#11796,10.);
#2798=VECTOR('',#11799,10.);
#2799=VECTOR('',#11802,10.);
#2800=VECTOR('',#11805,10.);
#2801=VECTOR('',#11808,10.);
#2802=VECTOR('',#11811,10.);
#2803=VECTOR('',#11814,10.);
#2804=VECTOR('',#11817,10.);
#2805=VECTOR('',#11820,10.);
#2806=VECTOR('',#11823,10.);
#2807=VECTOR('',#11826,10.);
#2808=VECTOR('',#11829,10.);
#2809=VECTOR('',#11832,10.);
#2810=VECTOR('',#11835,10.);
#2811=VECTOR('',#11838,10.);
#2812=VECTOR('',#11841,10.);
#2813=VECTOR('',#11844,10.);
#2814=VECTOR('',#11847,10.);
#2815=VECTOR('',#11850,10.);
#2816=VECTOR('',#11853,10.);
#2817=VECTOR('',#11856,10.);
#2818=VECTOR('',#11859,10.);
#2819=VECTOR('',#11862,10.);
#2820=VECTOR('',#11865,10.);
#2821=VECTOR('',#11868,10.);
#2822=VECTOR('',#11871,10.);
#2823=VECTOR('',#11874,10.);
#2824=VECTOR('',#11877,10.);
#2825=VECTOR('',#11880,10.);
#2826=VECTOR('',#11883,10.);
#2827=VECTOR('',#11886,10.);
#2828=VECTOR('',#11889,10.);
#2829=VECTOR('',#11892,10.);
#2830=VECTOR('',#11895,10.);
#2831=VECTOR('',#11898,10.);
#2832=VECTOR('',#11901,10.);
#2833=VECTOR('',#11904,10.);
#2834=VECTOR('',#11907,10.);
#2835=VECTOR('',#11910,10.);
#2836=VECTOR('',#11913,10.);
#2837=VECTOR('',#11916,10.);
#2838=VECTOR('',#11919,10.);
#2839=VECTOR('',#11922,10.);
#2840=VECTOR('',#11925,10.);
#2841=VECTOR('',#11928,10.);
#2842=VECTOR('',#11931,10.);
#2843=VECTOR('',#11934,10.);
#2844=VECTOR('',#11937,10.);
#2845=VECTOR('',#11940,10.);
#2846=VECTOR('',#11943,10.);
#2847=VECTOR('',#11946,10.);
#2848=VECTOR('',#11949,10.);
#2849=VECTOR('',#11952,10.);
#2850=VECTOR('',#11955,10.);
#2851=VECTOR('',#11958,10.);
#2852=VECTOR('',#11961,10.);
#2853=VECTOR('',#11964,10.);
#2854=VECTOR('',#11967,10.);
#2855=VECTOR('',#11970,10.);
#2856=VECTOR('',#11973,10.);
#2857=VECTOR('',#11976,10.);
#2858=VECTOR('',#11979,10.);
#2859=VECTOR('',#11982,10.);
#2860=VECTOR('',#11985,10.);
#2861=VECTOR('',#11988,10.);
#2862=VECTOR('',#11991,10.);
#2863=VECTOR('',#11994,10.);
#2864=VECTOR('',#11997,10.);
#2865=VECTOR('',#12000,10.);
#2866=VECTOR('',#12003,10.);
#2867=VECTOR('',#12006,10.);
#2868=VECTOR('',#12009,10.);
#2869=VECTOR('',#12012,10.);
#2870=VECTOR('',#12015,10.);
#2871=VECTOR('',#12018,10.);
#2872=VECTOR('',#12021,10.);
#2873=VECTOR('',#12024,10.);
#2874=VECTOR('',#12027,10.);
#2875=VECTOR('',#12030,10.);
#2876=VECTOR('',#12033,10.);
#2877=VECTOR('',#12036,10.);
#2878=VECTOR('',#12039,10.);
#2879=VECTOR('',#12042,10.);
#2880=VECTOR('',#12045,10.);
#2881=VECTOR('',#12048,10.);
#2882=VECTOR('',#12051,10.);
#2883=VECTOR('',#12054,10.);
#2884=VECTOR('',#12057,10.);
#2885=VECTOR('',#12060,10.);
#2886=VECTOR('',#12063,10.);
#2887=VECTOR('',#12066,10.);
#2888=VECTOR('',#12069,10.);
#2889=VECTOR('',#12072,10.);
#2890=VECTOR('',#12075,10.);
#2891=VECTOR('',#12078,10.);
#2892=VECTOR('',#12081,10.);
#2893=VECTOR('',#12084,10.);
#2894=VECTOR('',#12087,10.);
#2895=VECTOR('',#12090,10.);
#2896=VECTOR('',#12093,10.);
#2897=VECTOR('',#12096,10.);
#2898=VECTOR('',#12099,10.);
#2899=VECTOR('',#12102,10.);
#2900=VECTOR('',#12105,10.);
#2901=VECTOR('',#12108,10.);
#2902=VECTOR('',#12111,10.);
#2903=VECTOR('',#12114,10.);
#2904=VECTOR('',#12117,10.);
#2905=VECTOR('',#12120,10.);
#2906=VECTOR('',#12121,10.);
#2907=VECTOR('',#12124,10.);
#2908=VECTOR('',#12125,10.);
#2909=VECTOR('',#12128,10.);
#2910=VECTOR('',#12131,10.);
#2911=VECTOR('',#12134,10.);
#2912=VECTOR('',#12135,10.);
#2913=VECTOR('',#12138,10.);
#2914=VECTOR('',#12139,10.);
#2915=VECTOR('',#12140,10.);
#2916=VECTOR('',#12143,10.);
#2917=VECTOR('',#12146,10.);
#2918=VECTOR('',#12149,10.);
#2919=VECTOR('',#12152,10.);
#2920=VECTOR('',#12153,10.);
#2921=VECTOR('',#12154,10.);
#2922=VECTOR('',#12157,10.);
#2923=VECTOR('',#12158,10.);
#2924=VECTOR('',#12159,10.);
#2925=VECTOR('',#12160,10.);
#2926=VECTOR('',#12161,10.);
#2927=VECTOR('',#12162,10.);
#2928=VECTOR('',#12163,10.);
#2929=VECTOR('',#12164,10.);
#2930=VECTOR('',#12165,10.);
#2931=VECTOR('',#12168,10.);
#2932=VECTOR('',#12171,10.);
#2933=VECTOR('',#12174,10.);
#2934=VECTOR('',#12177,10.);
#2935=VECTOR('',#12180,10.);
#2936=VECTOR('',#12183,10.);
#2937=VECTOR('',#12186,10.);
#2938=VECTOR('',#12189,10.);
#2939=VECTOR('',#12192,10.);
#2940=VECTOR('',#12195,10.);
#2941=VECTOR('',#12198,10.);
#2942=VECTOR('',#12201,10.);
#2943=VECTOR('',#12204,10.);
#2944=VECTOR('',#12207,10.);
#2945=VECTOR('',#12210,10.);
#2946=VECTOR('',#12213,10.);
#2947=VECTOR('',#12216,10.);
#2948=VECTOR('',#12219,10.);
#2949=VECTOR('',#12222,10.);
#2950=VECTOR('',#12225,10.);
#2951=VECTOR('',#12228,10.);
#2952=VECTOR('',#12231,10.);
#2953=VECTOR('',#12234,10.);
#2954=VECTOR('',#12237,10.);
#2955=VECTOR('',#12240,10.);
#2956=VECTOR('',#12243,10.);
#2957=VECTOR('',#12246,10.);
#2958=VECTOR('',#12249,10.);
#2959=VECTOR('',#12252,10.);
#2960=VECTOR('',#12255,10.);
#2961=VECTOR('',#12258,10.);
#2962=VECTOR('',#12261,10.);
#2963=VECTOR('',#12264,10.);
#2964=VECTOR('',#12267,10.);
#2965=VECTOR('',#12270,10.);
#2966=VECTOR('',#12273,10.);
#2967=VECTOR('',#12274,10.);
#2968=VECTOR('',#12277,10.);
#2969=VECTOR('',#12280,10.);
#2970=VECTOR('',#12283,10.);
#2971=VECTOR('',#12286,10.);
#2972=VECTOR('',#12289,10.);
#2973=VECTOR('',#12292,10.);
#2974=VECTOR('',#12293,10.);
#2975=VECTOR('',#12296,10.);
#2976=VECTOR('',#12297,10.);
#2977=VECTOR('',#12300,10.);
#2978=VECTOR('',#12303,10.);
#2979=VECTOR('',#12304,10.);
#2980=VECTOR('',#12307,10.);
#2981=VECTOR('',#12308,10.);
#2982=VECTOR('',#12311,10.);
#2983=VECTOR('',#12314,10.);
#2984=VECTOR('',#12319,10.);
#2985=VECTOR('',#12322,10.);
#2986=VECTOR('',#12325,10.);
#2987=VECTOR('',#12328,10.);
#2988=VECTOR('',#12331,10.);
#2989=VECTOR('',#12334,10.);
#2990=VECTOR('',#12337,10.);
#2991=VECTOR('',#12340,10.);
#2992=VECTOR('',#12343,10.);
#2993=VECTOR('',#12346,10.);
#2994=VECTOR('',#12349,10.);
#2995=VECTOR('',#12352,10.);
#2996=VECTOR('',#12355,10.);
#2997=VECTOR('',#12358,10.);
#2998=VECTOR('',#12361,10.);
#2999=VECTOR('',#12364,10.);
#3000=VECTOR('',#12367,10.);
#3001=VECTOR('',#12370,10.);
#3002=VECTOR('',#12373,10.);
#3003=VECTOR('',#12376,10.);
#3004=VECTOR('',#12379,10.);
#3005=VECTOR('',#12382,10.);
#3006=VECTOR('',#12385,10.);
#3007=VECTOR('',#12388,10.);
#3008=VECTOR('',#12391,10.);
#3009=VECTOR('',#12394,10.);
#3010=VECTOR('',#12397,10.);
#3011=VECTOR('',#12400,10.);
#3012=VECTOR('',#12403,10.);
#3013=VECTOR('',#12406,10.);
#3014=VECTOR('',#12409,10.);
#3015=VECTOR('',#12412,10.);
#3016=VECTOR('',#12415,10.);
#3017=VECTOR('',#12418,10.);
#3018=VECTOR('',#12421,10.);
#3019=VECTOR('',#12424,10.);
#3020=VECTOR('',#12427,10.);
#3021=VECTOR('',#12430,10.);
#3022=VECTOR('',#12433,10.);
#3023=VECTOR('',#12436,10.);
#3024=VECTOR('',#12439,10.);
#3025=VECTOR('',#12442,10.);
#3026=VECTOR('',#12445,10.);
#3027=VECTOR('',#12448,10.);
#3028=VECTOR('',#12451,10.);
#3029=VECTOR('',#12454,10.);
#3030=VECTOR('',#12457,10.);
#3031=VECTOR('',#12460,10.);
#3032=VECTOR('',#12463,10.);
#3033=VECTOR('',#12466,10.);
#3034=VECTOR('',#12469,10.);
#3035=VECTOR('',#12472,10.);
#3036=VECTOR('',#12475,10.);
#3037=VECTOR('',#12478,10.);
#3038=VECTOR('',#12481,10.);
#3039=VECTOR('',#12484,10.);
#3040=VECTOR('',#12487,10.);
#3041=VECTOR('',#12490,10.);
#3042=VECTOR('',#12493,10.);
#3043=VECTOR('',#12496,10.);
#3044=VECTOR('',#12499,10.);
#3045=VECTOR('',#12502,10.);
#3046=VECTOR('',#12505,10.);
#3047=VECTOR('',#12508,10.);
#3048=VECTOR('',#12511,10.);
#3049=VECTOR('',#12514,10.);
#3050=VECTOR('',#12517,10.);
#3051=VECTOR('',#12520,10.);
#3052=VECTOR('',#12523,10.);
#3053=VECTOR('',#12526,10.);
#3054=VECTOR('',#12529,10.);
#3055=VECTOR('',#12532,10.);
#3056=VECTOR('',#12535,10.);
#3057=VECTOR('',#12538,10.);
#3058=VECTOR('',#12541,10.);
#3059=VECTOR('',#12544,10.);
#3060=VECTOR('',#12547,10.);
#3061=VECTOR('',#12550,10.);
#3062=VECTOR('',#12553,10.);
#3063=VECTOR('',#12556,10.);
#3064=VECTOR('',#12559,10.);
#3065=VECTOR('',#12562,10.);
#3066=VECTOR('',#12565,10.);
#3067=VECTOR('',#12568,10.);
#3068=VECTOR('',#12571,10.);
#3069=VECTOR('',#12574,10.);
#3070=VECTOR('',#12577,10.);
#3071=VECTOR('',#12580,10.);
#3072=VECTOR('',#12583,10.);
#3073=VECTOR('',#12586,10.);
#3074=VECTOR('',#12589,10.);
#3075=VECTOR('',#12592,10.);
#3076=VECTOR('',#12593,10.);
#3077=VECTOR('',#12596,10.);
#3078=VECTOR('',#12599,10.);
#3079=VECTOR('',#12602,10.);
#3080=VECTOR('',#12605,10.);
#3081=VECTOR('',#12608,10.);
#3082=VECTOR('',#12611,10.);
#3083=VECTOR('',#12612,10.);
#3084=VECTOR('',#12615,10.);
#3085=VECTOR('',#12616,10.);
#3086=VECTOR('',#12619,10.);
#3087=VECTOR('',#12622,10.);
#3088=VECTOR('',#12623,10.);
#3089=VECTOR('',#12626,10.);
#3090=VECTOR('',#12627,10.);
#3091=VECTOR('',#12630,10.);
#3092=VECTOR('',#12633,10.);
#3093=VECTOR('',#12638,10.);
#3094=VECTOR('',#12641,10.);
#3095=VECTOR('',#12644,10.);
#3096=VECTOR('',#12647,10.);
#3097=VECTOR('',#12650,10.);
#3098=VECTOR('',#12653,10.);
#3099=VECTOR('',#12656,10.);
#3100=VECTOR('',#12659,10.);
#3101=VECTOR('',#12662,10.);
#3102=VECTOR('',#12665,10.);
#3103=VECTOR('',#12668,10.);
#3104=VECTOR('',#12671,10.);
#3105=VECTOR('',#12674,10.);
#3106=VECTOR('',#12677,10.);
#3107=VECTOR('',#12680,10.);
#3108=VECTOR('',#12683,10.);
#3109=VECTOR('',#12686,10.);
#3110=VECTOR('',#12689,10.);
#3111=VECTOR('',#12692,10.);
#3112=VECTOR('',#12695,10.);
#3113=VECTOR('',#12698,10.);
#3114=VECTOR('',#12701,10.);
#3115=VECTOR('',#12704,10.);
#3116=VECTOR('',#12707,10.);
#3117=VECTOR('',#12710,10.);
#3118=VECTOR('',#12711,10.);
#3119=VECTOR('',#12714,10.);
#3120=VECTOR('',#12717,10.);
#3121=VECTOR('',#12718,10.);
#3122=VECTOR('',#12721,10.);
#3123=VECTOR('',#12722,10.);
#3124=VECTOR('',#12725,10.);
#3125=VECTOR('',#12728,10.);
#3126=VECTOR('',#12729,10.);
#3127=VECTOR('',#12732,10.);
#3128=VECTOR('',#12735,10.);
#3129=VECTOR('',#12738,10.);
#3130=VECTOR('',#12741,10.);
#3131=VECTOR('',#12744,10.);
#3132=VECTOR('',#12747,10.);
#3133=VECTOR('',#12752,10.);
#3134=VECTOR('',#12753,10.);
#3135=VECTOR('',#12756,10.);
#3136=VECTOR('',#12759,10.);
#3137=VECTOR('',#12762,10.);
#3138=VECTOR('',#12765,10.);
#3139=VECTOR('',#12768,10.);
#3140=VECTOR('',#12771,10.);
#3141=VECTOR('',#12776,10.);
#3142=VECTOR('',#12777,10.);
#3143=VECTOR('',#12780,10.);
#3144=VECTOR('',#12783,10.);
#3145=VECTOR('',#12786,10.);
#3146=VECTOR('',#12789,10.);
#3147=VECTOR('',#12792,10.);
#3148=VECTOR('',#12795,10.);
#3149=VECTOR('',#12800,10.);
#3150=VECTOR('',#12801,10.);
#3151=VECTOR('',#12804,10.);
#3152=VECTOR('',#12807,10.);
#3153=VECTOR('',#12810,10.);
#3154=VECTOR('',#12813,10.);
#3155=VECTOR('',#12816,10.);
#3156=VECTOR('',#12819,10.);
#3157=VECTOR('',#12824,10.);
#3158=VECTOR('',#12825,10.);
#3159=VECTOR('',#12828,10.);
#3160=VECTOR('',#12831,10.);
#3161=VECTOR('',#12834,10.);
#3162=VECTOR('',#12837,10.);
#3163=VECTOR('',#12840,10.);
#3164=VECTOR('',#12843,10.);
#3165=VECTOR('',#12848,10.);
#3166=VECTOR('',#12849,10.);
#3167=VECTOR('',#12852,10.);
#3168=VECTOR('',#12855,10.);
#3169=VECTOR('',#12858,10.);
#3170=VECTOR('',#12861,10.);
#3171=VECTOR('',#12864,10.);
#3172=VECTOR('',#12867,10.);
#3173=VECTOR('',#12872,10.);
#3174=VECTOR('',#12875,10.);
#3175=VECTOR('',#12878,10.);
#3176=VECTOR('',#12881,10.);
#3177=VECTOR('',#12884,10.);
#3178=VECTOR('',#12887,10.);
#3179=VECTOR('',#12890,10.);
#3180=VECTOR('',#12893,10.);
#3181=VECTOR('',#12896,10.);
#3182=VECTOR('',#12899,10.);
#3183=VECTOR('',#12902,10.);
#3184=VECTOR('',#12905,10.);
#3185=VECTOR('',#12908,10.);
#3186=VECTOR('',#12911,10.);
#3187=VECTOR('',#12914,10.);
#3188=VECTOR('',#12917,10.);
#3189=VECTOR('',#12920,10.);
#3190=VECTOR('',#12923,10.);
#3191=VECTOR('',#12926,10.);
#3192=VECTOR('',#12929,10.);
#3193=VECTOR('',#12932,10.);
#3194=VECTOR('',#12935,10.);
#3195=VECTOR('',#12938,10.);
#3196=VECTOR('',#12941,10.);
#3197=VECTOR('',#12944,10.);
#3198=VECTOR('',#12947,10.);
#3199=VECTOR('',#12950,10.);
#3200=VECTOR('',#12953,10.);
#3201=VECTOR('',#12956,10.);
#3202=VECTOR('',#12961,10.);
#3203=VECTOR('',#12962,10.);
#3204=VECTOR('',#12965,10.);
#3205=VECTOR('',#12968,10.);
#3206=VECTOR('',#12971,10.);
#3207=VECTOR('',#12974,10.);
#3208=VECTOR('',#12977,10.);
#3209=VECTOR('',#12980,10.);
#3210=VECTOR('',#12985,10.);
#3211=VECTOR('',#12986,10.);
#3212=VECTOR('',#12989,10.);
#3213=VECTOR('',#12992,10.);
#3214=VECTOR('',#12995,10.);
#3215=VECTOR('',#12998,10.);
#3216=VECTOR('',#13001,10.);
#3217=VECTOR('',#13004,10.);
#3218=VECTOR('',#13009,10.);
#3219=VECTOR('',#13010,10.);
#3220=VECTOR('',#13013,10.);
#3221=VECTOR('',#13016,10.);
#3222=VECTOR('',#13019,10.);
#3223=VECTOR('',#13022,10.);
#3224=VECTOR('',#13025,10.);
#3225=VECTOR('',#13028,10.);
#3226=VECTOR('',#13033,10.);
#3227=VECTOR('',#13034,10.);
#3228=VECTOR('',#13037,10.);
#3229=VECTOR('',#13040,10.);
#3230=VECTOR('',#13043,10.);
#3231=VECTOR('',#13046,10.);
#3232=VECTOR('',#13049,10.);
#3233=VECTOR('',#13052,10.);
#3234=VECTOR('',#13057,10.);
#3235=VECTOR('',#13058,10.);
#3236=VECTOR('',#13061,10.);
#3237=VECTOR('',#13064,10.);
#3238=VECTOR('',#13067,10.);
#3239=VECTOR('',#13070,10.);
#3240=VECTOR('',#13073,10.);
#3241=VECTOR('',#13076,10.);
#3242=VECTOR('',#13081,10.);
#3243=VECTOR('',#13082,10.);
#3244=VECTOR('',#13085,10.);
#3245=VECTOR('',#13088,10.);
#3246=VECTOR('',#13091,10.);
#3247=VECTOR('',#13094,10.);
#3248=VECTOR('',#13097,10.);
#3249=VECTOR('',#13100,10.);
#3250=VECTOR('',#13105,10.);
#3251=VECTOR('',#13106,10.);
#3252=VECTOR('',#13109,10.);
#3253=VECTOR('',#13112,10.);
#3254=VECTOR('',#13115,10.);
#3255=VECTOR('',#13118,10.);
#3256=VECTOR('',#13121,10.);
#3257=VECTOR('',#13124,10.);
#3258=VECTOR('',#13129,10.);
#3259=VECTOR('',#13130,10.);
#3260=VECTOR('',#13133,10.);
#3261=VECTOR('',#13136,10.);
#3262=VECTOR('',#13139,10.);
#3263=VECTOR('',#13142,10.);
#3264=VECTOR('',#13145,10.);
#3265=VECTOR('',#13148,10.);
#3266=VECTOR('',#13153,10.);
#3267=VECTOR('',#13154,10.);
#3268=VECTOR('',#13157,10.);
#3269=VECTOR('',#13160,10.);
#3270=VECTOR('',#13163,10.);
#3271=VECTOR('',#13166,10.);
#3272=VECTOR('',#13169,10.);
#3273=VECTOR('',#13172,10.);
#3274=VECTOR('',#13177,10.);
#3275=VECTOR('',#13178,10.);
#3276=VECTOR('',#13181,10.);
#3277=VECTOR('',#13184,10.);
#3278=VECTOR('',#13187,10.);
#3279=VECTOR('',#13190,10.);
#3280=VECTOR('',#13193,10.);
#3281=VECTOR('',#13196,10.);
#3282=VECTOR('',#13201,10.);
#3283=VECTOR('',#13202,10.);
#3284=VECTOR('',#13205,10.);
#3285=VECTOR('',#13208,10.);
#3286=VECTOR('',#13211,10.);
#3287=VECTOR('',#13214,10.);
#3288=VECTOR('',#13217,10.);
#3289=VECTOR('',#13220,10.);
#3290=VECTOR('',#13225,10.);
#3291=VECTOR('',#13226,10.);
#3292=VECTOR('',#13229,10.);
#3293=VECTOR('',#13232,10.);
#3294=VECTOR('',#13235,10.);
#3295=VECTOR('',#13238,10.);
#3296=VECTOR('',#13241,10.);
#3297=VECTOR('',#13244,10.);
#3298=VECTOR('',#13249,10.);
#3299=VECTOR('',#13250,10.);
#3300=VECTOR('',#13253,10.);
#3301=VECTOR('',#13256,10.);
#3302=VECTOR('',#13259,10.);
#3303=VECTOR('',#13262,10.);
#3304=VECTOR('',#13265,10.);
#3305=VECTOR('',#13268,10.);
#3306=VECTOR('',#13273,10.);
#3307=VECTOR('',#13274,10.);
#3308=VECTOR('',#13277,10.);
#3309=VECTOR('',#13280,10.);
#3310=VECTOR('',#13283,10.);
#3311=VECTOR('',#13286,10.);
#3312=VECTOR('',#13289,10.);
#3313=VECTOR('',#13292,10.);
#3314=VECTOR('',#13297,10.);
#3315=VECTOR('',#13298,10.);
#3316=VECTOR('',#13301,10.);
#3317=VECTOR('',#13304,10.);
#3318=VECTOR('',#13307,10.);
#3319=VECTOR('',#13310,10.);
#3320=VECTOR('',#13313,10.);
#3321=VECTOR('',#13318,10.);
#3322=VECTOR('',#13321,10.);
#3323=VECTOR('',#13324,10.);
#3324=VECTOR('',#13327,10.);
#3325=VECTOR('',#13330,10.);
#3326=VECTOR('',#13333,10.);
#3327=VECTOR('',#13336,10.);
#3328=VECTOR('',#13339,10.);
#3329=VECTOR('',#13342,10.);
#3330=VECTOR('',#13347,10.);
#3331=VECTOR('',#13348,10.);
#3332=VECTOR('',#13351,10.);
#3333=VECTOR('',#13354,10.);
#3334=VECTOR('',#13357,10.);
#3335=VECTOR('',#13360,10.);
#3336=VECTOR('',#13363,10.);
#3337=VECTOR('',#13366,10.);
#3338=VECTOR('',#13371,10.);
#3339=VECTOR('',#13372,10.);
#3340=VECTOR('',#13375,10.);
#3341=VECTOR('',#13378,10.);
#3342=VECTOR('',#13381,10.);
#3343=VECTOR('',#13384,10.);
#3344=VECTOR('',#13387,10.);
#3345=VECTOR('',#13390,10.);
#3346=VECTOR('',#13395,10.);
#3347=VECTOR('',#13396,10.);
#3348=VECTOR('',#13399,10.);
#3349=VECTOR('',#13402,10.);
#3350=VECTOR('',#13405,10.);
#3351=VECTOR('',#13408,10.);
#3352=VECTOR('',#13411,10.);
#3353=VECTOR('',#13414,10.);
#3354=VECTOR('',#13419,10.);
#3355=VECTOR('',#13420,10.);
#3356=VECTOR('',#13423,10.);
#3357=VECTOR('',#13426,10.);
#3358=VECTOR('',#13429,10.);
#3359=VECTOR('',#13432,10.);
#3360=VECTOR('',#13435,10.);
#3361=VECTOR('',#13438,10.);
#3362=VECTOR('',#13443,10.);
#3363=VECTOR('',#13444,10.);
#3364=VECTOR('',#13447,10.);
#3365=VECTOR('',#13450,10.);
#3366=VECTOR('',#13453,10.);
#3367=VECTOR('',#13456,10.);
#3368=VECTOR('',#13459,10.);
#3369=VECTOR('',#13462,10.);
#3370=VECTOR('',#13467,10.);
#3371=VECTOR('',#13468,10.);
#3372=VECTOR('',#13471,10.);
#3373=VECTOR('',#13474,10.);
#3374=VECTOR('',#13477,10.);
#3375=VECTOR('',#13480,10.);
#3376=VECTOR('',#13483,10.);
#3377=VECTOR('',#13486,10.);
#3378=VECTOR('',#13491,10.);
#3379=VECTOR('',#13492,10.);
#3380=VECTOR('',#13495,10.);
#3381=VECTOR('',#13498,10.);
#3382=VECTOR('',#13501,10.);
#3383=VECTOR('',#13504,10.);
#3384=VECTOR('',#13507,10.);
#3385=VECTOR('',#13510,10.);
#3386=VECTOR('',#13515,10.);
#3387=VECTOR('',#13516,10.);
#3388=VECTOR('',#13519,10.);
#3389=VECTOR('',#13522,10.);
#3390=VECTOR('',#13525,10.);
#3391=VECTOR('',#13528,10.);
#3392=VECTOR('',#13531,10.);
#3393=VECTOR('',#13534,10.);
#3394=VECTOR('',#13539,10.);
#3395=VECTOR('',#13540,10.);
#3396=VECTOR('',#13543,10.);
#3397=VECTOR('',#13546,10.);
#3398=VECTOR('',#13549,10.);
#3399=VECTOR('',#13552,10.);
#3400=VECTOR('',#13555,10.);
#3401=VECTOR('',#13558,10.);
#3402=VECTOR('',#13563,10.);
#3403=VECTOR('',#13566,10.);
#3404=VECTOR('',#13569,10.);
#3405=VECTOR('',#13572,10.);
#3406=VECTOR('',#13575,10.);
#3407=VECTOR('',#13578,10.);
#3408=VECTOR('',#13581,10.);
#3409=VECTOR('',#13584,10.);
#3410=VECTOR('',#13587,10.);
#3411=VECTOR('',#13590,10.);
#3412=VECTOR('',#13593,10.);
#3413=VECTOR('',#13596,10.);
#3414=VECTOR('',#13599,10.);
#3415=VECTOR('',#13602,10.);
#3416=VECTOR('',#13605,10.);
#3417=VECTOR('',#13608,10.);
#3418=VECTOR('',#13611,10.);
#3419=VECTOR('',#13614,10.);
#3420=VECTOR('',#13617,10.);
#3421=VECTOR('',#13620,10.);
#3422=VECTOR('',#13623,10.);
#3423=VECTOR('',#13626,10.);
#3424=VECTOR('',#13629,10.);
#3425=VECTOR('',#13632,10.);
#3426=VECTOR('',#13635,10.);
#3427=VECTOR('',#13638,10.);
#3428=VECTOR('',#13641,10.);
#3429=VECTOR('',#13644,10.);
#3430=VECTOR('',#13647,10.);
#3431=VECTOR('',#13652,10.);
#3432=VECTOR('',#13653,10.);
#3433=VECTOR('',#13656,10.);
#3434=VECTOR('',#13659,10.);
#3435=VECTOR('',#13662,10.);
#3436=VECTOR('',#13665,10.);
#3437=VECTOR('',#13668,10.);
#3438=VECTOR('',#13671,10.);
#3439=VECTOR('',#13676,10.);
#3440=VECTOR('',#13677,10.);
#3441=VECTOR('',#13680,10.);
#3442=VECTOR('',#13683,10.);
#3443=VECTOR('',#13686,10.);
#3444=VECTOR('',#13689,10.);
#3445=VECTOR('',#13692,10.);
#3446=VECTOR('',#13695,10.);
#3447=VECTOR('',#13700,10.);
#3448=VECTOR('',#13701,10.);
#3449=VECTOR('',#13704,10.);
#3450=VECTOR('',#13707,10.);
#3451=VECTOR('',#13710,10.);
#3452=VECTOR('',#13713,10.);
#3453=VECTOR('',#13716,10.);
#3454=VECTOR('',#13719,10.);
#3455=VECTOR('',#13724,10.);
#3456=VECTOR('',#13725,10.);
#3457=VECTOR('',#13728,10.);
#3458=VECTOR('',#13731,10.);
#3459=VECTOR('',#13734,10.);
#3460=VECTOR('',#13737,10.);
#3461=VECTOR('',#13740,10.);
#3462=VECTOR('',#13743,10.);
#3463=VECTOR('',#13748,10.);
#3464=VECTOR('',#13749,10.);
#3465=VECTOR('',#13752,10.);
#3466=VECTOR('',#13755,10.);
#3467=VECTOR('',#13758,10.);
#3468=VECTOR('',#13761,10.);
#3469=VECTOR('',#13764,10.);
#3470=VECTOR('',#13767,10.);
#3471=VECTOR('',#13772,10.);
#3472=VECTOR('',#13773,10.);
#3473=VECTOR('',#13776,10.);
#3474=VECTOR('',#13779,10.);
#3475=VECTOR('',#13782,10.);
#3476=VECTOR('',#13785,10.);
#3477=VECTOR('',#13788,10.);
#3478=VECTOR('',#13791,10.);
#3479=VECTOR('',#13796,10.);
#3480=VECTOR('',#13797,10.);
#3481=VECTOR('',#13800,10.);
#3482=VECTOR('',#13803,10.);
#3483=VECTOR('',#13806,10.);
#3484=VECTOR('',#13809,10.);
#3485=VECTOR('',#13812,10.);
#3486=VECTOR('',#13815,10.);
#3487=VECTOR('',#13820,10.);
#3488=VECTOR('',#13821,10.);
#3489=VECTOR('',#13824,10.);
#3490=VECTOR('',#13827,10.);
#3491=VECTOR('',#13830,10.);
#3492=VECTOR('',#13833,10.);
#3493=VECTOR('',#13836,10.);
#3494=VECTOR('',#13839,10.);
#3495=VECTOR('',#13844,10.);
#3496=VECTOR('',#13845,10.);
#3497=VECTOR('',#13848,10.);
#3498=VECTOR('',#13851,10.);
#3499=VECTOR('',#13854,10.);
#3500=VECTOR('',#13857,10.);
#3501=VECTOR('',#13860,10.);
#3502=VECTOR('',#13863,10.);
#3503=VECTOR('',#13868,10.);
#3504=VECTOR('',#13871,10.);
#3505=VECTOR('',#13872,10.);
#3506=VECTOR('',#13877,10.);
#3507=VECTOR('',#13880,10.);
#3508=VECTOR('',#13885,10.);
#3509=VECTOR('',#13890,10.);
#3510=VECTOR('',#13893,10.);
#3511=VECTOR('',#13898,10.);
#3512=VECTOR('',#13901,10.);
#3513=VECTOR('',#13904,10.);
#3514=VECTOR('',#13905,10.);
#3515=VECTOR('',#13908,10.);
#3516=VECTOR('',#13911,10.);
#3517=VECTOR('',#13914,10.);
#3518=VECTOR('',#13917,10.);
#3519=CIRCLE('',#10087,1.40000000000001);
#3520=CIRCLE('',#10088,1.40000000000001);
#3521=CIRCLE('',#10094,0.500000000000007);
#3522=CIRCLE('',#10095,0.499999999999972);
#3523=CIRCLE('',#10096,0.500000000000007);
#3524=CIRCLE('',#10097,0.500000000000007);
#3525=CIRCLE('',#10098,0.499999999999998);
#3526=CIRCLE('',#10099,0.500000000000007);
#3527=CIRCLE('',#10100,0.500000000000007);
#3528=CIRCLE('',#10101,0.499999999999998);
#3529=CIRCLE('',#10102,0.500000000000007);
#3530=CIRCLE('',#10103,0.500000000000007);
#3531=CIRCLE('',#10104,0.500000000000007);
#3532=CIRCLE('',#10105,0.500000000000007);
#3533=CIRCLE('',#10106,0.499999999999998);
#3534=CIRCLE('',#10107,0.500000000000007);
#3535=CIRCLE('',#10108,0.499999999999998);
#3536=CIRCLE('',#10109,0.500000000000007);
#3537=CIRCLE('',#10110,0.499999999999998);
#3538=CIRCLE('',#10111,0.499999999999972);
#3539=CIRCLE('',#10112,0.499999999999972);
#3540=CIRCLE('',#10113,0.500000000000007);
#3541=CIRCLE('',#10114,0.499999999999998);
#3542=CIRCLE('',#10115,0.500000000000007);
#3543=CIRCLE('',#10116,0.499999999999998);
#3544=CIRCLE('',#10117,0.500000000000007);
#3545=CIRCLE('',#10122,0.499999999999972);
#3546=CIRCLE('',#10123,0.500000000000007);
#3547=CIRCLE('',#10124,0.500000000000007);
#3548=CIRCLE('',#10125,0.499999999999972);
#3549=CIRCLE('',#10126,0.499999999999989);
#3550=CIRCLE('',#10127,0.499999999999989);
#3551=CIRCLE('',#10128,0.500000000000007);
#3552=CIRCLE('',#10129,0.499999999999989);
#3553=CIRCLE('',#10130,0.500000000000007);
#3554=CIRCLE('',#10131,0.500000000000007);
#3555=CIRCLE('',#10132,0.499999999999989);
#3556=CIRCLE('',#10133,0.500000000000007);
#3557=CIRCLE('',#10139,0.500000000000007);
#3558=CIRCLE('',#10140,0.499999999999972);
#3559=CIRCLE('',#10141,0.500000000000003);
#3560=CIRCLE('',#10142,0.500000000000007);
#3561=CIRCLE('',#10143,0.499999999999998);
#3562=CIRCLE('',#10144,0.500000000000007);
#3563=CIRCLE('',#10145,0.500000000000003);
#3564=CIRCLE('',#10146,0.500000000000003);
#3565=CIRCLE('',#10147,0.500000000000007);
#3566=CIRCLE('',#10148,0.500000000000007);
#3567=CIRCLE('',#10149,0.500000000000007);
#3568=CIRCLE('',#10150,0.500000000000007);
#3569=CIRCLE('',#10151,0.499999999999998);
#3570=CIRCLE('',#10152,0.500000000000003);
#3571=CIRCLE('',#10153,0.500000000000003);
#3572=CIRCLE('',#10154,0.500000000000007);
#3573=CIRCLE('',#10155,0.500000000000003);
#3574=CIRCLE('',#10156,0.500000000000007);
#3575=CIRCLE('',#10157,0.500000000000007);
#3576=CIRCLE('',#10158,0.500000000000007);
#3577=CIRCLE('',#10159,0.499999999999998);
#3578=CIRCLE('',#10160,0.500000000000003);
#3579=CIRCLE('',#10161,0.499999999999998);
#3580=CIRCLE('',#10162,0.499999999999998);
#3581=CIRCLE('',#10165,0.500000000000007);
#3582=CIRCLE('',#10168,0.500000000000007);
#3583=CIRCLE('',#10171,0.500000000000007);
#3584=CIRCLE('',#10175,0.499999999999998);
#3585=CIRCLE('',#10179,0.500000000000007);
#3586=CIRCLE('',#10182,0.500000000000007);
#3587=CIRCLE('',#10187,0.499999999999998);
#3588=CIRCLE('',#10190,0.500000000000007);
#3589=CIRCLE('',#10195,0.500000000000007);
#3590=CIRCLE('',#10198,0.499999999999972);
#3591=CIRCLE('',#10202,0.500000000000007);
#3592=CIRCLE('',#10205,0.499999999999989);
#3593=CIRCLE('',#10208,0.499999999999972);
#3594=CIRCLE('',#10211,0.500000000000007);
#3595=CIRCLE('',#10214,0.500000000000007);
#3596=CIRCLE('',#10217,0.499999999999972);
#3597=CIRCLE('',#10223,0.500000000000007);
#3598=CIRCLE('',#10226,0.500000000000007);
#3599=CIRCLE('',#10229,0.500000000000007);
#3600=CIRCLE('',#10233,0.500000000000003);
#3601=CIRCLE('',#10237,0.500000000000003);
#3602=CIRCLE('',#10240,0.500000000000007);
#3603=CIRCLE('',#10245,0.499999999999998);
#3604=CIRCLE('',#10248,0.500000000000007);
#3605=CIRCLE('',#10253,0.500000000000003);
#3606=CIRCLE('',#10256,0.499999999999972);
#3607=CIRCLE('',#10260,0.500000000000007);
#3608=CIRCLE('',#10263,5.);
#3609=CIRCLE('',#10264,5.);
#3610=CIRCLE('',#10265,5.);
#3611=CIRCLE('',#10266,5.);
#3612=CIRCLE('',#10267,5.);
#3613=CIRCLE('',#10268,5.);
#3614=CIRCLE('',#10269,0.499999999999998);
#3615=CIRCLE('',#10270,0.500000000000007);
#3616=CIRCLE('',#10271,0.499999999999998);
#3617=CIRCLE('',#10272,0.500000000000007);
#3618=CIRCLE('',#10273,0.499999999999998);
#3619=CIRCLE('',#10274,0.500000000000007);
#3620=CIRCLE('',#10275,0.499999999999998);
#3621=CIRCLE('',#10276,0.500000000000007);
#3622=CIRCLE('',#10277,0.499999999999998);
#3623=CIRCLE('',#10278,0.499999999999972);
#3624=CIRCLE('',#10279,0.499999999999998);
#3625=CIRCLE('',#10280,0.500000000000007);
#3626=CIRCLE('',#10281,0.519127584823787);
#3627=CIRCLE('',#10282,0.514708501454079);
#3628=CIRCLE('',#10283,0.501232162685752);
#3629=CIRCLE('',#10284,0.501269943069486);
#3630=CIRCLE('',#10285,0.499999999999998);
#3631=CIRCLE('',#10286,0.500000000000007);
#3632=CIRCLE('',#10287,0.499999999999998);
#3633=CIRCLE('',#10288,0.499999999999972);
#3634=CIRCLE('',#10289,0.499999999999998);
#3635=CIRCLE('',#10290,0.499999999999972);
#3636=CIRCLE('',#10291,0.500000000000003);
#3637=CIRCLE('',#10292,0.500000000000007);
#3638=CIRCLE('',#10293,0.499999999999998);
#3639=CIRCLE('',#10294,0.499999999999972);
#3640=CIRCLE('',#10295,0.499999999999998);
#3641=CIRCLE('',#10296,0.500000000000007);
#3642=CIRCLE('',#10297,0.499999999999989);
#3643=CIRCLE('',#10298,0.500000000000007);
#3644=CIRCLE('',#10299,0.500000000000007);
#3645=CIRCLE('',#10300,0.500000000000007);
#3646=CIRCLE('',#10301,0.499999999999998);
#3647=CIRCLE('',#10302,0.500000000000007);
#3648=CIRCLE('',#10303,0.500000000000003);
#3649=CIRCLE('',#10304,0.500000000000007);
#3650=CIRCLE('',#10305,0.499999999999998);
#3651=CIRCLE('',#10306,0.500000000000007);
#3652=CIRCLE('',#10307,0.500000000000003);
#3653=CIRCLE('',#10308,0.499999999999972);
#3654=CIRCLE('',#10309,0.499999999999998);
#3655=CIRCLE('',#10310,0.500000000000007);
#3656=CIRCLE('',#10311,0.499999999999998);
#3657=CIRCLE('',#10312,0.500000000000007);
#3658=CIRCLE('',#10313,0.499999999999998);
#3659=CIRCLE('',#10314,0.500000000000007);
#3660=CIRCLE('',#10315,0.500000000000003);
#3661=CIRCLE('',#10316,0.500000000000007);
#3662=CIRCLE('',#10317,0.499999999999989);
#3663=CIRCLE('',#10318,0.500000000000007);
#3664=CIRCLE('',#10319,0.500000000000007);
#3665=CIRCLE('',#10320,0.500000000000007);
#3666=CIRCLE('',#10321,0.499999999999989);
#3667=CIRCLE('',#10322,0.499999999999972);
#3668=CIRCLE('',#10323,0.500000000000007);
#3669=CIRCLE('',#10324,0.500000000000007);
#3670=CIRCLE('',#10325,0.499999999999989);
#3671=CIRCLE('',#10326,0.499999999999972);
#3672=CIRCLE('',#10327,0.500000000000007);
#3673=CIRCLE('',#10328,0.500000000000007);
#3674=CIRCLE('',#10329,0.499999999999989);
#3675=CIRCLE('',#10330,0.500000000000007);
#3676=CIRCLE('',#10331,0.500000000000007);
#3677=CIRCLE('',#10332,0.499999999999972);
#3678=CIRCLE('',#10333,0.5);
#3679=CIRCLE('',#10334,0.499999999999972);
#3680=CIRCLE('',#10335,0.499999999999998);
#3681=CIRCLE('',#10336,0.500000000000007);
#3682=CIRCLE('',#10337,0.500000000000007);
#3683=CIRCLE('',#10338,0.500000000000007);
#3684=CIRCLE('',#10339,0.500000000000007);
#3685=CIRCLE('',#10340,0.500000000000007);
#3686=CIRCLE('',#10341,0.5);
#3687=CIRCLE('',#10342,0.500000000000007);
#3688=CIRCLE('',#10343,0.499999999999998);
#3689=CIRCLE('',#10344,0.499999999999972);
#3690=CIRCLE('',#10345,0.5);
#3691=CIRCLE('',#10346,0.500000000000007);
#3692=CIRCLE('',#10347,0.499999999999998);
#3693=CIRCLE('',#10348,0.500000000000007);
#3694=CIRCLE('',#10349,0.5);
#3695=CIRCLE('',#10350,0.499999999999972);
#3696=CIRCLE('',#10351,0.499999999999998);
#3697=CIRCLE('',#10352,0.500000000000007);
#3698=CIRCLE('',#10353,0.5);
#3699=CIRCLE('',#10354,0.500000000000007);
#3700=CIRCLE('',#10355,0.499999999999998);
#3701=CIRCLE('',#10356,0.500000000000007);
#3702=CIRCLE('',#10357,0.499999999999998);
#3703=CIRCLE('',#10358,0.500000000000007);
#3704=CIRCLE('',#10359,0.499999999999998);
#3705=CIRCLE('',#10360,0.499999999999972);
#3706=CIRCLE('',#10361,0.500000000000007);
#3707=CIRCLE('',#10362,0.500000000000007);
#3708=CIRCLE('',#10363,0.500000000000007);
#3709=CIRCLE('',#10364,0.500000000000007);
#3710=CIRCLE('',#10365,0.500000000000007);
#3711=CIRCLE('',#10366,0.499999999999972);
#3712=CIRCLE('',#10367,0.500000000000007);
#3713=CIRCLE('',#10368,0.500000000000007);
#3714=CIRCLE('',#10369,0.500000000000007);
#3715=CIRCLE('',#10370,0.500000000000007);
#3716=CIRCLE('',#10371,0.500000000000007);
#3717=CIRCLE('',#10372,0.500000000000007);
#3718=CIRCLE('',#10373,0.500000000000007);
#3719=CIRCLE('',#10374,0.500000000000007);
#3720=CIRCLE('',#10375,0.500000000000007);
#3721=CIRCLE('',#10376,0.499999999999972);
#3722=CIRCLE('',#10377,0.499999999999998);
#3723=CIRCLE('',#10378,0.500000000000007);
#3724=CIRCLE('',#10379,0.500000000000003);
#3725=CIRCLE('',#10380,0.500000000000007);
#3726=CIRCLE('',#10381,0.499999999999998);
#3727=CIRCLE('',#10382,0.500000000000007);
#3728=CIRCLE('',#10383,0.500000000000003);
#3729=CIRCLE('',#10384,0.500000000000007);
#3730=CIRCLE('',#10385,0.499999999999998);
#3731=CIRCLE('',#10386,0.500000000000007);
#3732=CIRCLE('',#10387,0.499999999999998);
#3733=CIRCLE('',#10388,0.500000000000007);
#3734=CIRCLE('',#10389,0.499999999999989);
#3735=CIRCLE('',#10390,0.500000000000007);
#3736=CIRCLE('',#10391,0.500000000000007);
#3737=CIRCLE('',#10392,0.500000000000007);
#3738=CIRCLE('',#10393,0.499999999999998);
#3739=CIRCLE('',#10394,0.499999999999972);
#3740=CIRCLE('',#10395,0.499999999999998);
#3741=CIRCLE('',#10396,0.500000000000007);
#3742=CIRCLE('',#10397,0.499999999999998);
#3743=CIRCLE('',#10398,0.500000000000007);
#3744=CIRCLE('',#10399,0.499999999999998);
#3745=CIRCLE('',#10400,0.499999999999972);
#3746=CIRCLE('',#10401,0.5);
#3747=CIRCLE('',#10402,0.500000000000007);
#3748=CIRCLE('',#10403,0.499999999999998);
#3749=CIRCLE('',#10404,0.500000000000007);
#3750=CIRCLE('',#10405,0.499999999999998);
#3751=CIRCLE('',#10406,0.500000000000007);
#3752=CIRCLE('',#10407,0.499999999999998);
#3753=CIRCLE('',#10408,0.500000000000007);
#3754=CIRCLE('',#10409,0.499999999999998);
#3755=CIRCLE('',#10410,0.499999999999972);
#3756=CIRCLE('',#10411,0.499999999999998);
#3757=CIRCLE('',#10412,0.500000000000007);
#3758=CIRCLE('',#10413,0.499999999999989);
#3759=CIRCLE('',#10414,0.499999999999972);
#3760=CIRCLE('',#10415,0.500000000000007);
#3761=CIRCLE('',#10416,0.500000000000007);
#3762=CIRCLE('',#10417,0.499999999999998);
#3763=CIRCLE('',#10418,0.500000000000007);
#3764=CIRCLE('',#10419,0.499999999999998);
#3765=CIRCLE('',#10420,0.500000000000007);
#3766=CIRCLE('',#10422,0.500000000000007);
#3767=CIRCLE('',#10423,0.499999999999989);
#3768=CIRCLE('',#10424,0.500000000000007);
#3769=CIRCLE('',#10425,0.500000000000007);
#3770=CIRCLE('',#10426,0.499999999999989);
#3771=CIRCLE('',#10427,0.500000000000007);
#3772=CIRCLE('',#10428,0.499999999999989);
#3773=CIRCLE('',#10429,5.);
#3774=CIRCLE('',#10430,5.);
#3775=CIRCLE('',#10431,5.);
#3776=CIRCLE('',#10432,5.);
#3777=CIRCLE('',#10433,5.);
#3778=CIRCLE('',#10434,5.);
#3779=CIRCLE('',#10435,0.499999999999998);
#3780=CIRCLE('',#10436,0.500000000000007);
#3781=CIRCLE('',#10437,0.499999999999998);
#3782=CIRCLE('',#10438,0.500000000000007);
#3783=CIRCLE('',#10439,0.499999999999998);
#3784=CIRCLE('',#10440,0.500000000000007);
#3785=CIRCLE('',#10441,0.499999999999998);
#3786=CIRCLE('',#10442,0.500000000000007);
#3787=CIRCLE('',#10443,0.499999999999998);
#3788=CIRCLE('',#10444,0.500000000000007);
#3789=CIRCLE('',#10445,0.499999999999998);
#3790=CIRCLE('',#10446,0.499999999999972);
#3791=CIRCLE('',#10447,0.519127584823787);
#3792=CIRCLE('',#10448,0.501269943069486);
#3793=CIRCLE('',#10449,0.501232162685752);
#3794=CIRCLE('',#10450,0.514708501454079);
#3795=CIRCLE('',#10451,0.499999999999998);
#3796=CIRCLE('',#10452,0.499999999999972);
#3797=CIRCLE('',#10453,0.499999999999998);
#3798=CIRCLE('',#10454,0.500000000000007);
#3799=CIRCLE('',#10455,0.499999999999998);
#3800=CIRCLE('',#10456,0.500000000000007);
#3801=CIRCLE('',#10457,0.500000000000003);
#3802=CIRCLE('',#10458,0.499999999999972);
#3803=CIRCLE('',#10459,0.499999999999998);
#3804=CIRCLE('',#10460,0.500000000000007);
#3805=CIRCLE('',#10461,0.499999999999998);
#3806=CIRCLE('',#10462,0.499999999999972);
#3807=CIRCLE('',#10463,0.499999999999989);
#3808=CIRCLE('',#10464,0.500000000000007);
#3809=CIRCLE('',#10465,0.500000000000007);
#3810=CIRCLE('',#10466,0.500000000000007);
#3811=CIRCLE('',#10467,0.499999999999998);
#3812=CIRCLE('',#10468,0.500000000000007);
#3813=CIRCLE('',#10469,0.500000000000003);
#3814=CIRCLE('',#10470,0.500000000000007);
#3815=CIRCLE('',#10471,0.500000000000007);
#3816=CIRCLE('',#10472,0.499999999999998);
#3817=CIRCLE('',#10473,0.500000000000007);
#3818=CIRCLE('',#10474,0.499999999999998);
#3819=CIRCLE('',#10475,0.500000000000007);
#3820=CIRCLE('',#10476,0.499999999999972);
#3821=CIRCLE('',#10477,0.499999999999972);
#3822=CIRCLE('',#10478,0.499999999999998);
#3823=CIRCLE('',#10479,0.500000000000007);
#3824=CIRCLE('',#10480,0.499999999999998);
#3825=CIRCLE('',#10481,0.500000000000007);
#3826=CIRCLE('',#10482,0.499999999999998);
#3827=CIRCLE('',#10483,0.500000000000007);
#3828=CIRCLE('',#10484,0.499999999999998);
#3829=CIRCLE('',#10485,0.499999999999972);
#3830=CIRCLE('',#10486,0.500000000000003);
#3831=CIRCLE('',#10487,0.500000000000007);
#3832=CIRCLE('',#10488,0.499999999999998);
#3833=CIRCLE('',#10489,0.500000000000007);
#3834=CIRCLE('',#10490,0.499999999999998);
#3835=CIRCLE('',#10491,0.500000000000007);
#3836=CIRCLE('',#10492,0.499999999999998);
#3837=CIRCLE('',#10493,0.500000000000007);
#3838=CIRCLE('',#10494,0.500000000000003);
#3839=CIRCLE('',#10495,0.500000000000007);
#3840=CIRCLE('',#10496,0.499999999999989);
#3841=CIRCLE('',#10497,0.500000000000007);
#3842=CIRCLE('',#10498,0.500000000000007);
#3843=CIRCLE('',#10499,0.500000000000007);
#3844=CIRCLE('',#10500,0.499999999999989);
#3845=CIRCLE('',#10501,0.500000000000007);
#3846=CIRCLE('',#10502,0.500000000000007);
#3847=CIRCLE('',#10503,0.499999999999972);
#3848=CIRCLE('',#10504,0.499999999999989);
#3849=CIRCLE('',#10505,0.500000000000007);
#3850=CIRCLE('',#10506,0.500000000000007);
#3851=CIRCLE('',#10507,0.499999999999972);
#3852=CIRCLE('',#10508,0.499999999999989);
#3853=CIRCLE('',#10509,0.499999999999972);
#3854=CIRCLE('',#10510,0.500000000000007);
#3855=CIRCLE('',#10511,0.500000000000007);
#3856=CIRCLE('',#10512,0.5);
#3857=CIRCLE('',#10513,0.500000000000007);
#3858=CIRCLE('',#10514,0.499999999999998);
#3859=CIRCLE('',#10515,0.499999999999972);
#3860=CIRCLE('',#10516,0.500000000000007);
#3861=CIRCLE('',#10517,0.500000000000007);
#3862=CIRCLE('',#10518,0.500000000000007);
#3863=CIRCLE('',#10519,0.500000000000007);
#3864=CIRCLE('',#10520,0.5);
#3865=CIRCLE('',#10521,0.499999999999972);
#3866=CIRCLE('',#10522,0.499999999999998);
#3867=CIRCLE('',#10523,0.500000000000007);
#3868=CIRCLE('',#10524,0.5);
#3869=CIRCLE('',#10525,0.500000000000007);
#3870=CIRCLE('',#10526,0.499999999999998);
#3871=CIRCLE('',#10527,0.500000000000007);
#3872=CIRCLE('',#10528,0.5);
#3873=CIRCLE('',#10529,0.500000000000007);
#3874=CIRCLE('',#10530,0.499999999999998);
#3875=CIRCLE('',#10531,0.499999999999972);
#3876=CIRCLE('',#10532,0.5);
#3877=CIRCLE('',#10533,0.500000000000007);
#3878=CIRCLE('',#10534,0.499999999999998);
#3879=CIRCLE('',#10535,0.500000000000007);
#3880=CIRCLE('',#10536,0.499999999999998);
#3881=CIRCLE('',#10537,0.499999999999972);
#3882=CIRCLE('',#10538,0.499999999999998);
#3883=CIRCLE('',#10539,0.500000000000007);
#3884=CIRCLE('',#10540,0.500000000000007);
#3885=CIRCLE('',#10541,0.500000000000007);
#3886=CIRCLE('',#10542,0.500000000000007);
#3887=CIRCLE('',#10543,0.500000000000007);
#3888=CIRCLE('',#10544,0.500000000000007);
#3889=CIRCLE('',#10545,0.500000000000007);
#3890=CIRCLE('',#10546,0.500000000000007);
#3891=CIRCLE('',#10547,0.499999999999972);
#3892=CIRCLE('',#10548,0.500000000000007);
#3893=CIRCLE('',#10549,0.500000000000007);
#3894=CIRCLE('',#10550,0.500000000000007);
#3895=CIRCLE('',#10551,0.500000000000007);
#3896=CIRCLE('',#10552,0.500000000000007);
#3897=CIRCLE('',#10553,0.499999999999972);
#3898=CIRCLE('',#10554,0.500000000000007);
#3899=CIRCLE('',#10555,0.500000000000007);
#3900=CIRCLE('',#10556,0.499999999999998);
#3901=CIRCLE('',#10557,0.500000000000007);
#3902=CIRCLE('',#10558,0.500000000000003);
#3903=CIRCLE('',#10559,0.500000000000007);
#3904=CIRCLE('',#10560,0.499999999999998);
#3905=CIRCLE('',#10561,0.500000000000007);
#3906=CIRCLE('',#10562,0.500000000000003);
#3907=CIRCLE('',#10563,0.500000000000007);
#3908=CIRCLE('',#10564,0.499999999999998);
#3909=CIRCLE('',#10565,0.500000000000007);
#3910=CIRCLE('',#10566,0.499999999999998);
#3911=CIRCLE('',#10567,0.500000000000007);
#3912=CIRCLE('',#10568,0.499999999999989);
#3913=CIRCLE('',#10569,0.500000000000007);
#3914=CIRCLE('',#10570,0.500000000000007);
#3915=CIRCLE('',#10571,0.500000000000007);
#3916=CIRCLE('',#10572,0.499999999999998);
#3917=CIRCLE('',#10573,0.500000000000007);
#3918=CIRCLE('',#10574,0.499999999999998);
#3919=CIRCLE('',#10575,0.499999999999972);
#3920=CIRCLE('',#10576,0.499999999999998);
#3921=CIRCLE('',#10577,0.499999999999998);
#3922=CIRCLE('',#10578,0.500000000000003);
#3923=CIRCLE('',#10579,0.499999999999998);
#3924=CIRCLE('',#10580,0.500000000000007);
#3925=CIRCLE('',#10581,0.500000000000007);
#3926=CIRCLE('',#10582,0.500000000000007);
#3927=CIRCLE('',#10583,0.500000000000003);
#3928=CIRCLE('',#10584,0.500000000000007);
#3929=CIRCLE('',#10585,0.500000000000003);
#3930=CIRCLE('',#10586,0.500000000000003);
#3931=CIRCLE('',#10587,0.499999999999998);
#3932=CIRCLE('',#10588,0.500000000000007);
#3933=CIRCLE('',#10589,0.499999999999998);
#3934=CIRCLE('',#10590,0.499999999999972);
#3935=CIRCLE('',#10591,0.499999999999998);
#3936=CIRCLE('',#10592,0.500000000000007);
#3937=CIRCLE('',#10593,0.5);
#3938=CIRCLE('',#10594,0.500000000000007);
#3939=CIRCLE('',#10595,0.499999999999998);
#3940=CIRCLE('',#10596,0.500000000000007);
#3941=CIRCLE('',#10597,0.499999999999998);
#3942=CIRCLE('',#10598,0.500000000000007);
#3943=CIRCLE('',#10599,0.499999999999998);
#3944=CIRCLE('',#10600,0.500000000000007);
#3945=CIRCLE('',#10601,0.499999999999998);
#3946=CIRCLE('',#10602,0.500000000000007);
#3947=CIRCLE('',#10603,0.499999999999998);
#3948=CIRCLE('',#10604,0.499999999999972);
#3949=CIRCLE('',#10605,0.499999999999989);
#3950=CIRCLE('',#10606,0.500000000000007);
#3951=CIRCLE('',#10607,0.500000000000007);
#3952=CIRCLE('',#10608,0.499999999999972);
#3953=CIRCLE('',#10609,0.499999999999998);
#3954=CIRCLE('',#10610,0.500000000000007);
#3955=CIRCLE('',#10611,0.499999999999998);
#3956=CIRCLE('',#10612,0.500000000000007);
#3957=VERTEX_POINT('',#13924);
#3958=VERTEX_POINT('',#13926);
#3959=VERTEX_POINT('',#13930);
#3960=VERTEX_POINT('',#13931);
#3961=VERTEX_POINT('',#13933);
#3962=VERTEX_POINT('',#13935);
#3963=VERTEX_POINT('',#13939);
#3964=VERTEX_POINT('',#13941);
#3965=VERTEX_POINT('',#13945);
#3966=VERTEX_POINT('',#13947);
#3967=VERTEX_POINT('',#13954);
#3968=VERTEX_POINT('',#13955);
#3969=VERTEX_POINT('',#13957);
#3970=VERTEX_POINT('',#13959);
#3971=VERTEX_POINT('',#13961);
#3972=VERTEX_POINT('',#13963);
#3973=VERTEX_POINT('',#13965);
#3974=VERTEX_POINT('',#13967);
#3975=VERTEX_POINT('',#13969);
#3976=VERTEX_POINT('',#13971);
#3977=VERTEX_POINT('',#13973);
#3978=VERTEX_POINT('',#13975);
#3979=VERTEX_POINT('',#13977);
#3980=VERTEX_POINT('',#13979);
#3981=VERTEX_POINT('',#13981);
#3982=VERTEX_POINT('',#13983);
#3983=VERTEX_POINT('',#13985);
#3984=VERTEX_POINT('',#13987);
#3985=VERTEX_POINT('',#13989);
#3986=VERTEX_POINT('',#13991);
#3987=VERTEX_POINT('',#13993);
#3988=VERTEX_POINT('',#13995);
#3989=VERTEX_POINT('',#13997);
#3990=VERTEX_POINT('',#13999);
#3991=VERTEX_POINT('',#14001);
#3992=VERTEX_POINT('',#14003);
#3993=VERTEX_POINT('',#14005);
#3994=VERTEX_POINT('',#14007);
#3995=VERTEX_POINT('',#14009);
#3996=VERTEX_POINT('',#14011);
#3997=VERTEX_POINT('',#14013);
#3998=VERTEX_POINT('',#14015);
#3999=VERTEX_POINT('',#14017);
#4000=VERTEX_POINT('',#14019);
#4001=VERTEX_POINT('',#14021);
#4002=VERTEX_POINT('',#14023);
#4003=VERTEX_POINT('',#14025);
#4004=VERTEX_POINT('',#14027);
#4005=VERTEX_POINT('',#14029);
#4006=VERTEX_POINT('',#14031);
#4007=VERTEX_POINT('',#14033);
#4008=VERTEX_POINT('',#14035);
#4009=VERTEX_POINT('',#14037);
#4010=VERTEX_POINT('',#14039);
#4011=VERTEX_POINT('',#14041);
#4012=VERTEX_POINT('',#14043);
#4013=VERTEX_POINT('',#14045);
#4014=VERTEX_POINT('',#14047);
#4015=VERTEX_POINT('',#14049);
#4016=VERTEX_POINT('',#14051);
#4017=VERTEX_POINT('',#14053);
#4018=VERTEX_POINT('',#14055);
#4019=VERTEX_POINT('',#14057);
#4020=VERTEX_POINT('',#14059);
#4021=VERTEX_POINT('',#14061);
#4022=VERTEX_POINT('',#14063);
#4023=VERTEX_POINT('',#14065);
#4024=VERTEX_POINT('',#14067);
#4025=VERTEX_POINT('',#14069);
#4026=VERTEX_POINT('',#14071);
#4027=VERTEX_POINT('',#14075);
#4028=VERTEX_POINT('',#14076);
#4029=VERTEX_POINT('',#14078);
#4030=VERTEX_POINT('',#14080);
#4031=VERTEX_POINT('',#14084);
#4032=VERTEX_POINT('',#14085);
#4033=VERTEX_POINT('',#14087);
#4034=VERTEX_POINT('',#14089);
#4035=VERTEX_POINT('',#14096);
#4036=VERTEX_POINT('',#14098);
#4037=VERTEX_POINT('',#14100);
#4038=VERTEX_POINT('',#14102);
#4039=VERTEX_POINT('',#14104);
#4040=VERTEX_POINT('',#14106);
#4041=VERTEX_POINT('',#14108);
#4042=VERTEX_POINT('',#14110);
#4043=VERTEX_POINT('',#14112);
#4044=VERTEX_POINT('',#14114);
#4045=VERTEX_POINT('',#14116);
#4046=VERTEX_POINT('',#14118);
#4047=VERTEX_POINT('',#14120);
#4048=VERTEX_POINT('',#14122);
#4049=VERTEX_POINT('',#14124);
#4050=VERTEX_POINT('',#14126);
#4051=VERTEX_POINT('',#14128);
#4052=VERTEX_POINT('',#14130);
#4053=VERTEX_POINT('',#14132);
#4054=VERTEX_POINT('',#14134);
#4055=VERTEX_POINT('',#14136);
#4056=VERTEX_POINT('',#14138);
#4057=VERTEX_POINT('',#14140);
#4058=VERTEX_POINT('',#14142);
#4059=VERTEX_POINT('',#14144);
#4060=VERTEX_POINT('',#14146);
#4061=VERTEX_POINT('',#14148);
#4062=VERTEX_POINT('',#14150);
#4063=VERTEX_POINT('',#14154);
#4064=VERTEX_POINT('',#14155);
#4065=VERTEX_POINT('',#14157);
#4066=VERTEX_POINT('',#14159);
#4067=VERTEX_POINT('',#14163);
#4068=VERTEX_POINT('',#14165);
#4069=VERTEX_POINT('',#14169);
#4070=VERTEX_POINT('',#14171);
#4071=VERTEX_POINT('',#14178);
#4072=VERTEX_POINT('',#14179);
#4073=VERTEX_POINT('',#14181);
#4074=VERTEX_POINT('',#14183);
#4075=VERTEX_POINT('',#14185);
#4076=VERTEX_POINT('',#14187);
#4077=VERTEX_POINT('',#14189);
#4078=VERTEX_POINT('',#14191);
#4079=VERTEX_POINT('',#14193);
#4080=VERTEX_POINT('',#14195);
#4081=VERTEX_POINT('',#14197);
#4082=VERTEX_POINT('',#14199);
#4083=VERTEX_POINT('',#14201);
#4084=VERTEX_POINT('',#14203);
#4085=VERTEX_POINT('',#14205);
#4086=VERTEX_POINT('',#14207);
#4087=VERTEX_POINT('',#14209);
#4088=VERTEX_POINT('',#14211);
#4089=VERTEX_POINT('',#14213);
#4090=VERTEX_POINT('',#14215);
#4091=VERTEX_POINT('',#14217);
#4092=VERTEX_POINT('',#14219);
#4093=VERTEX_POINT('',#14221);
#4094=VERTEX_POINT('',#14223);
#4095=VERTEX_POINT('',#14225);
#4096=VERTEX_POINT('',#14227);
#4097=VERTEX_POINT('',#14229);
#4098=VERTEX_POINT('',#14231);
#4099=VERTEX_POINT('',#14233);
#4100=VERTEX_POINT('',#14235);
#4101=VERTEX_POINT('',#14237);
#4102=VERTEX_POINT('',#14239);
#4103=VERTEX_POINT('',#14241);
#4104=VERTEX_POINT('',#14243);
#4105=VERTEX_POINT('',#14245);
#4106=VERTEX_POINT('',#14247);
#4107=VERTEX_POINT('',#14249);
#4108=VERTEX_POINT('',#14251);
#4109=VERTEX_POINT('',#14253);
#4110=VERTEX_POINT('',#14255);
#4111=VERTEX_POINT('',#14257);
#4112=VERTEX_POINT('',#14259);
#4113=VERTEX_POINT('',#14261);
#4114=VERTEX_POINT('',#14263);
#4115=VERTEX_POINT('',#14265);
#4116=VERTEX_POINT('',#14267);
#4117=VERTEX_POINT('',#14269);
#4118=VERTEX_POINT('',#14271);
#4119=VERTEX_POINT('',#14273);
#4120=VERTEX_POINT('',#14275);
#4121=VERTEX_POINT('',#14277);
#4122=VERTEX_POINT('',#14279);
#4123=VERTEX_POINT('',#14281);
#4124=VERTEX_POINT('',#14283);
#4125=VERTEX_POINT('',#14285);
#4126=VERTEX_POINT('',#14287);
#4127=VERTEX_POINT('',#14289);
#4128=VERTEX_POINT('',#14291);
#4129=VERTEX_POINT('',#14293);
#4130=VERTEX_POINT('',#14295);
#4131=VERTEX_POINT('',#14299);
#4132=VERTEX_POINT('',#14301);
#4133=VERTEX_POINT('',#14305);
#4134=VERTEX_POINT('',#14309);
#4135=VERTEX_POINT('',#14313);
#4136=VERTEX_POINT('',#14317);
#4137=VERTEX_POINT('',#14321);
#4138=VERTEX_POINT('',#14325);
#4139=VERTEX_POINT('',#14329);
#4140=VERTEX_POINT('',#14333);
#4141=VERTEX_POINT('',#14337);
#4142=VERTEX_POINT('',#14341);
#4143=VERTEX_POINT('',#14345);
#4144=VERTEX_POINT('',#14349);
#4145=VERTEX_POINT('',#14353);
#4146=VERTEX_POINT('',#14357);
#4147=VERTEX_POINT('',#14361);
#4148=VERTEX_POINT('',#14365);
#4149=VERTEX_POINT('',#14369);
#4150=VERTEX_POINT('',#14373);
#4151=VERTEX_POINT('',#14377);
#4152=VERTEX_POINT('',#14381);
#4153=VERTEX_POINT('',#14385);
#4154=VERTEX_POINT('',#14389);
#4155=VERTEX_POINT('',#14393);
#4156=VERTEX_POINT('',#14397);
#4157=VERTEX_POINT('',#14401);
#4158=VERTEX_POINT('',#14405);
#4159=VERTEX_POINT('',#14409);
#4160=VERTEX_POINT('',#14413);
#4161=VERTEX_POINT('',#14417);
#4162=VERTEX_POINT('',#14421);
#4163=VERTEX_POINT('',#14423);
#4164=VERTEX_POINT('',#14427);
#4165=VERTEX_POINT('',#14431);
#4166=VERTEX_POINT('',#14435);
#4167=VERTEX_POINT('',#14439);
#4168=VERTEX_POINT('',#14443);
#4169=VERTEX_POINT('',#14447);
#4170=VERTEX_POINT('',#14451);
#4171=VERTEX_POINT('',#14455);
#4172=VERTEX_POINT('',#14459);
#4173=VERTEX_POINT('',#14463);
#4174=VERTEX_POINT('',#14465);
#4175=VERTEX_POINT('',#14469);
#4176=VERTEX_POINT('',#14471);
#4177=VERTEX_POINT('',#14473);
#4178=VERTEX_POINT('',#14477);
#4179=VERTEX_POINT('',#14479);
#4180=VERTEX_POINT('',#14483);
#4181=VERTEX_POINT('',#14487);
#4182=VERTEX_POINT('',#14491);
#4183=VERTEX_POINT('',#14495);
#4184=VERTEX_POINT('',#14499);
#4185=VERTEX_POINT('',#14503);
#4186=VERTEX_POINT('',#14507);
#4187=VERTEX_POINT('',#14511);
#4188=VERTEX_POINT('',#14515);
#4189=VERTEX_POINT('',#14519);
#4190=VERTEX_POINT('',#14523);
#4191=VERTEX_POINT('',#14527);
#4192=VERTEX_POINT('',#14531);
#4193=VERTEX_POINT('',#14535);
#4194=VERTEX_POINT('',#14539);
#4195=VERTEX_POINT('',#14543);
#4196=VERTEX_POINT('',#14547);
#4197=VERTEX_POINT('',#14551);
#4198=VERTEX_POINT('',#14555);
#4199=VERTEX_POINT('',#14559);
#4200=VERTEX_POINT('',#14563);
#4201=VERTEX_POINT('',#14567);
#4202=VERTEX_POINT('',#14571);
#4203=VERTEX_POINT('',#14575);
#4204=VERTEX_POINT('',#14579);
#4205=VERTEX_POINT('',#14583);
#4206=VERTEX_POINT('',#14587);
#4207=VERTEX_POINT('',#14591);
#4208=VERTEX_POINT('',#14595);
#4209=VERTEX_POINT('',#14599);
#4210=VERTEX_POINT('',#14601);
#4211=VERTEX_POINT('',#14603);
#4212=VERTEX_POINT('',#14605);
#4213=VERTEX_POINT('',#14607);
#4214=VERTEX_POINT('',#14609);
#4215=VERTEX_POINT('',#14611);
#4216=VERTEX_POINT('',#14613);
#4217=VERTEX_POINT('',#14615);
#4218=VERTEX_POINT('',#14617);
#4219=VERTEX_POINT('',#14619);
#4220=VERTEX_POINT('',#14621);
#4221=VERTEX_POINT('',#14623);
#4222=VERTEX_POINT('',#14625);
#4223=VERTEX_POINT('',#14627);
#4224=VERTEX_POINT('',#14629);
#4225=VERTEX_POINT('',#14631);
#4226=VERTEX_POINT('',#14633);
#4227=VERTEX_POINT('',#14635);
#4228=VERTEX_POINT('',#14637);
#4229=VERTEX_POINT('',#14639);
#4230=VERTEX_POINT('',#14641);
#4231=VERTEX_POINT('',#14643);
#4232=VERTEX_POINT('',#14645);
#4233=VERTEX_POINT('',#14648);
#4234=VERTEX_POINT('',#14649);
#4235=VERTEX_POINT('',#14651);
#4236=VERTEX_POINT('',#14653);
#4237=VERTEX_POINT('',#14655);
#4238=VERTEX_POINT('',#14657);
#4239=VERTEX_POINT('',#14659);
#4240=VERTEX_POINT('',#14661);
#4241=VERTEX_POINT('',#14664);
#4242=VERTEX_POINT('',#14665);
#4243=VERTEX_POINT('',#14667);
#4244=VERTEX_POINT('',#14669);
#4245=VERTEX_POINT('',#14671);
#4246=VERTEX_POINT('',#14673);
#4247=VERTEX_POINT('',#14675);
#4248=VERTEX_POINT('',#14677);
#4249=VERTEX_POINT('',#14680);
#4250=VERTEX_POINT('',#14681);
#4251=VERTEX_POINT('',#14683);
#4252=VERTEX_POINT('',#14685);
#4253=VERTEX_POINT('',#14687);
#4254=VERTEX_POINT('',#14689);
#4255=VERTEX_POINT('',#14691);
#4256=VERTEX_POINT('',#14693);
#4257=VERTEX_POINT('',#14696);
#4258=VERTEX_POINT('',#14697);
#4259=VERTEX_POINT('',#14699);
#4260=VERTEX_POINT('',#14701);
#4261=VERTEX_POINT('',#14703);
#4262=VERTEX_POINT('',#14705);
#4263=VERTEX_POINT('',#14707);
#4264=VERTEX_POINT('',#14709);
#4265=VERTEX_POINT('',#14712);
#4266=VERTEX_POINT('',#14713);
#4267=VERTEX_POINT('',#14715);
#4268=VERTEX_POINT('',#14717);
#4269=VERTEX_POINT('',#14719);
#4270=VERTEX_POINT('',#14721);
#4271=VERTEX_POINT('',#14723);
#4272=VERTEX_POINT('',#14725);
#4273=VERTEX_POINT('',#14728);
#4274=VERTEX_POINT('',#14729);
#4275=VERTEX_POINT('',#14731);
#4276=VERTEX_POINT('',#14733);
#4277=VERTEX_POINT('',#14735);
#4278=VERTEX_POINT('',#14737);
#4279=VERTEX_POINT('',#14739);
#4280=VERTEX_POINT('',#14741);
#4281=VERTEX_POINT('',#14744);
#4282=VERTEX_POINT('',#14745);
#4283=VERTEX_POINT('',#14747);
#4284=VERTEX_POINT('',#14749);
#4285=VERTEX_POINT('',#14751);
#4286=VERTEX_POINT('',#14753);
#4287=VERTEX_POINT('',#14755);
#4288=VERTEX_POINT('',#14757);
#4289=VERTEX_POINT('',#14760);
#4290=VERTEX_POINT('',#14761);
#4291=VERTEX_POINT('',#14763);
#4292=VERTEX_POINT('',#14765);
#4293=VERTEX_POINT('',#14767);
#4294=VERTEX_POINT('',#14769);
#4295=VERTEX_POINT('',#14771);
#4296=VERTEX_POINT('',#14773);
#4297=VERTEX_POINT('',#14776);
#4298=VERTEX_POINT('',#14777);
#4299=VERTEX_POINT('',#14779);
#4300=VERTEX_POINT('',#14781);
#4301=VERTEX_POINT('',#14783);
#4302=VERTEX_POINT('',#14785);
#4303=VERTEX_POINT('',#14787);
#4304=VERTEX_POINT('',#14789);
#4305=VERTEX_POINT('',#14792);
#4306=VERTEX_POINT('',#14793);
#4307=VERTEX_POINT('',#14795);
#4308=VERTEX_POINT('',#14797);
#4309=VERTEX_POINT('',#14799);
#4310=VERTEX_POINT('',#14801);
#4311=VERTEX_POINT('',#14803);
#4312=VERTEX_POINT('',#14805);
#4313=VERTEX_POINT('',#14808);
#4314=VERTEX_POINT('',#14809);
#4315=VERTEX_POINT('',#14811);
#4316=VERTEX_POINT('',#14813);
#4317=VERTEX_POINT('',#14815);
#4318=VERTEX_POINT('',#14817);
#4319=VERTEX_POINT('',#14819);
#4320=VERTEX_POINT('',#14821);
#4321=VERTEX_POINT('',#14824);
#4322=VERTEX_POINT('',#14825);
#4323=VERTEX_POINT('',#14827);
#4324=VERTEX_POINT('',#14829);
#4325=VERTEX_POINT('',#14831);
#4326=VERTEX_POINT('',#14833);
#4327=VERTEX_POINT('',#14835);
#4328=VERTEX_POINT('',#14837);
#4329=VERTEX_POINT('',#14840);
#4330=VERTEX_POINT('',#14841);
#4331=VERTEX_POINT('',#14843);
#4332=VERTEX_POINT('',#14845);
#4333=VERTEX_POINT('',#14847);
#4334=VERTEX_POINT('',#14849);
#4335=VERTEX_POINT('',#14851);
#4336=VERTEX_POINT('',#14853);
#4337=VERTEX_POINT('',#14856);
#4338=VERTEX_POINT('',#14857);
#4339=VERTEX_POINT('',#14859);
#4340=VERTEX_POINT('',#14861);
#4341=VERTEX_POINT('',#14863);
#4342=VERTEX_POINT('',#14865);
#4343=VERTEX_POINT('',#14867);
#4344=VERTEX_POINT('',#14869);
#4345=VERTEX_POINT('',#14872);
#4346=VERTEX_POINT('',#14873);
#4347=VERTEX_POINT('',#14875);
#4348=VERTEX_POINT('',#14877);
#4349=VERTEX_POINT('',#14879);
#4350=VERTEX_POINT('',#14881);
#4351=VERTEX_POINT('',#14883);
#4352=VERTEX_POINT('',#14885);
#4353=VERTEX_POINT('',#14888);
#4354=VERTEX_POINT('',#14889);
#4355=VERTEX_POINT('',#14891);
#4356=VERTEX_POINT('',#14893);
#4357=VERTEX_POINT('',#14895);
#4358=VERTEX_POINT('',#14897);
#4359=VERTEX_POINT('',#14899);
#4360=VERTEX_POINT('',#14901);
#4361=VERTEX_POINT('',#14904);
#4362=VERTEX_POINT('',#14905);
#4363=VERTEX_POINT('',#14907);
#4364=VERTEX_POINT('',#14909);
#4365=VERTEX_POINT('',#14911);
#4366=VERTEX_POINT('',#14913);
#4367=VERTEX_POINT('',#14915);
#4368=VERTEX_POINT('',#14917);
#4369=VERTEX_POINT('',#14920);
#4370=VERTEX_POINT('',#14921);
#4371=VERTEX_POINT('',#14923);
#4372=VERTEX_POINT('',#14925);
#4373=VERTEX_POINT('',#14927);
#4374=VERTEX_POINT('',#14929);
#4375=VERTEX_POINT('',#14931);
#4376=VERTEX_POINT('',#14933);
#4377=VERTEX_POINT('',#14936);
#4378=VERTEX_POINT('',#14937);
#4379=VERTEX_POINT('',#14939);
#4380=VERTEX_POINT('',#14941);
#4381=VERTEX_POINT('',#14943);
#4382=VERTEX_POINT('',#14945);
#4383=VERTEX_POINT('',#14947);
#4384=VERTEX_POINT('',#14949);
#4385=VERTEX_POINT('',#14952);
#4386=VERTEX_POINT('',#14953);
#4387=VERTEX_POINT('',#14955);
#4388=VERTEX_POINT('',#14957);
#4389=VERTEX_POINT('',#14959);
#4390=VERTEX_POINT('',#14961);
#4391=VERTEX_POINT('',#14963);
#4392=VERTEX_POINT('',#14965);
#4393=VERTEX_POINT('',#14968);
#4394=VERTEX_POINT('',#14969);
#4395=VERTEX_POINT('',#14971);
#4396=VERTEX_POINT('',#14973);
#4397=VERTEX_POINT('',#14975);
#4398=VERTEX_POINT('',#14977);
#4399=VERTEX_POINT('',#14979);
#4400=VERTEX_POINT('',#14981);
#4401=VERTEX_POINT('',#14984);
#4402=VERTEX_POINT('',#14985);
#4403=VERTEX_POINT('',#14987);
#4404=VERTEX_POINT('',#14989);
#4405=VERTEX_POINT('',#14991);
#4406=VERTEX_POINT('',#14993);
#4407=VERTEX_POINT('',#14995);
#4408=VERTEX_POINT('',#14997);
#4409=VERTEX_POINT('',#15000);
#4410=VERTEX_POINT('',#15001);
#4411=VERTEX_POINT('',#15003);
#4412=VERTEX_POINT('',#15005);
#4413=VERTEX_POINT('',#15007);
#4414=VERTEX_POINT('',#15009);
#4415=VERTEX_POINT('',#15011);
#4416=VERTEX_POINT('',#15013);
#4417=VERTEX_POINT('',#15016);
#4418=VERTEX_POINT('',#15017);
#4419=VERTEX_POINT('',#15019);
#4420=VERTEX_POINT('',#15021);
#4421=VERTEX_POINT('',#15023);
#4422=VERTEX_POINT('',#15025);
#4423=VERTEX_POINT('',#15027);
#4424=VERTEX_POINT('',#15029);
#4425=VERTEX_POINT('',#15032);
#4426=VERTEX_POINT('',#15033);
#4427=VERTEX_POINT('',#15035);
#4428=VERTEX_POINT('',#15037);
#4429=VERTEX_POINT('',#15039);
#4430=VERTEX_POINT('',#15041);
#4431=VERTEX_POINT('',#15043);
#4432=VERTEX_POINT('',#15045);
#4433=VERTEX_POINT('',#15048);
#4434=VERTEX_POINT('',#15049);
#4435=VERTEX_POINT('',#15051);
#4436=VERTEX_POINT('',#15053);
#4437=VERTEX_POINT('',#15055);
#4438=VERTEX_POINT('',#15057);
#4439=VERTEX_POINT('',#15059);
#4440=VERTEX_POINT('',#15061);
#4441=VERTEX_POINT('',#15064);
#4442=VERTEX_POINT('',#15065);
#4443=VERTEX_POINT('',#15067);
#4444=VERTEX_POINT('',#15069);
#4445=VERTEX_POINT('',#15071);
#4446=VERTEX_POINT('',#15073);
#4447=VERTEX_POINT('',#15075);
#4448=VERTEX_POINT('',#15077);
#4449=VERTEX_POINT('',#15080);
#4450=VERTEX_POINT('',#15081);
#4451=VERTEX_POINT('',#15083);
#4452=VERTEX_POINT('',#15085);
#4453=VERTEX_POINT('',#15087);
#4454=VERTEX_POINT('',#15089);
#4455=VERTEX_POINT('',#15091);
#4456=VERTEX_POINT('',#15093);
#4457=VERTEX_POINT('',#15096);
#4458=VERTEX_POINT('',#15097);
#4459=VERTEX_POINT('',#15099);
#4460=VERTEX_POINT('',#15101);
#4461=VERTEX_POINT('',#15103);
#4462=VERTEX_POINT('',#15105);
#4463=VERTEX_POINT('',#15107);
#4464=VERTEX_POINT('',#15109);
#4465=VERTEX_POINT('',#15112);
#4466=VERTEX_POINT('',#15113);
#4467=VERTEX_POINT('',#15115);
#4468=VERTEX_POINT('',#15117);
#4469=VERTEX_POINT('',#15119);
#4470=VERTEX_POINT('',#15121);
#4471=VERTEX_POINT('',#15123);
#4472=VERTEX_POINT('',#15125);
#4473=VERTEX_POINT('',#15128);
#4474=VERTEX_POINT('',#15129);
#4475=VERTEX_POINT('',#15131);
#4476=VERTEX_POINT('',#15133);
#4477=VERTEX_POINT('',#15135);
#4478=VERTEX_POINT('',#15137);
#4479=VERTEX_POINT('',#15139);
#4480=VERTEX_POINT('',#15141);
#4481=VERTEX_POINT('',#15144);
#4482=VERTEX_POINT('',#15145);
#4483=VERTEX_POINT('',#15147);
#4484=VERTEX_POINT('',#15149);
#4485=VERTEX_POINT('',#15151);
#4486=VERTEX_POINT('',#15153);
#4487=VERTEX_POINT('',#15155);
#4488=VERTEX_POINT('',#15157);
#4489=VERTEX_POINT('',#15160);
#4490=VERTEX_POINT('',#15161);
#4491=VERTEX_POINT('',#15163);
#4492=VERTEX_POINT('',#15165);
#4493=VERTEX_POINT('',#15167);
#4494=VERTEX_POINT('',#15169);
#4495=VERTEX_POINT('',#15171);
#4496=VERTEX_POINT('',#15173);
#4497=VERTEX_POINT('',#15176);
#4498=VERTEX_POINT('',#15177);
#4499=VERTEX_POINT('',#15179);
#4500=VERTEX_POINT('',#15181);
#4501=VERTEX_POINT('',#15183);
#4502=VERTEX_POINT('',#15185);
#4503=VERTEX_POINT('',#15187);
#4504=VERTEX_POINT('',#15189);
#4505=VERTEX_POINT('',#15192);
#4506=VERTEX_POINT('',#15193);
#4507=VERTEX_POINT('',#15195);
#4508=VERTEX_POINT('',#15197);
#4509=VERTEX_POINT('',#15199);
#4510=VERTEX_POINT('',#15201);
#4511=VERTEX_POINT('',#15203);
#4512=VERTEX_POINT('',#15205);
#4513=VERTEX_POINT('',#15208);
#4514=VERTEX_POINT('',#15209);
#4515=VERTEX_POINT('',#15211);
#4516=VERTEX_POINT('',#15213);
#4517=VERTEX_POINT('',#15215);
#4518=VERTEX_POINT('',#15217);
#4519=VERTEX_POINT('',#15219);
#4520=VERTEX_POINT('',#15221);
#4521=VERTEX_POINT('',#15224);
#4522=VERTEX_POINT('',#15225);
#4523=VERTEX_POINT('',#15227);
#4524=VERTEX_POINT('',#15229);
#4525=VERTEX_POINT('',#15231);
#4526=VERTEX_POINT('',#15233);
#4527=VERTEX_POINT('',#15235);
#4528=VERTEX_POINT('',#15237);
#4529=VERTEX_POINT('',#15240);
#4530=VERTEX_POINT('',#15241);
#4531=VERTEX_POINT('',#15243);
#4532=VERTEX_POINT('',#15245);
#4533=VERTEX_POINT('',#15247);
#4534=VERTEX_POINT('',#15249);
#4535=VERTEX_POINT('',#15251);
#4536=VERTEX_POINT('',#15253);
#4537=VERTEX_POINT('',#15257);
#4538=VERTEX_POINT('',#15259);
#4539=VERTEX_POINT('',#15261);
#4540=VERTEX_POINT('',#15263);
#4541=VERTEX_POINT('',#15265);
#4542=VERTEX_POINT('',#15267);
#4543=VERTEX_POINT('',#15269);
#4544=VERTEX_POINT('',#15271);
#4545=VERTEX_POINT('',#15273);
#4546=VERTEX_POINT('',#15275);
#4547=VERTEX_POINT('',#15277);
#4548=VERTEX_POINT('',#15279);
#4549=VERTEX_POINT('',#15281);
#4550=VERTEX_POINT('',#15283);
#4551=VERTEX_POINT('',#15285);
#4552=VERTEX_POINT('',#15287);
#4553=VERTEX_POINT('',#15290);
#4554=VERTEX_POINT('',#15292);
#4555=VERTEX_POINT('',#15294);
#4556=VERTEX_POINT('',#15296);
#4557=VERTEX_POINT('',#15298);
#4558=VERTEX_POINT('',#15300);
#4559=VERTEX_POINT('',#15302);
#4560=VERTEX_POINT('',#15304);
#4561=VERTEX_POINT('',#15306);
#4562=VERTEX_POINT('',#15308);
#4563=VERTEX_POINT('',#15310);
#4564=VERTEX_POINT('',#15312);
#4565=VERTEX_POINT('',#15314);
#4566=VERTEX_POINT('',#15316);
#4567=VERTEX_POINT('',#15318);
#4568=VERTEX_POINT('',#15320);
#4569=VERTEX_POINT('',#15322);
#4570=VERTEX_POINT('',#15324);
#4571=VERTEX_POINT('',#15326);
#4572=VERTEX_POINT('',#15328);
#4573=VERTEX_POINT('',#15330);
#4574=VERTEX_POINT('',#15332);
#4575=VERTEX_POINT('',#15334);
#4576=VERTEX_POINT('',#15336);
#4577=VERTEX_POINT('',#15339);
#4578=VERTEX_POINT('',#15340);
#4579=VERTEX_POINT('',#15342);
#4580=VERTEX_POINT('',#15344);
#4581=VERTEX_POINT('',#15346);
#4582=VERTEX_POINT('',#15348);
#4583=VERTEX_POINT('',#15350);
#4584=VERTEX_POINT('',#15352);
#4585=VERTEX_POINT('',#15355);
#4586=VERTEX_POINT('',#15356);
#4587=VERTEX_POINT('',#15358);
#4588=VERTEX_POINT('',#15360);
#4589=VERTEX_POINT('',#15362);
#4590=VERTEX_POINT('',#15364);
#4591=VERTEX_POINT('',#15366);
#4592=VERTEX_POINT('',#15368);
#4593=VERTEX_POINT('',#15371);
#4594=VERTEX_POINT('',#15372);
#4595=VERTEX_POINT('',#15374);
#4596=VERTEX_POINT('',#15376);
#4597=VERTEX_POINT('',#15378);
#4598=VERTEX_POINT('',#15380);
#4599=VERTEX_POINT('',#15382);
#4600=VERTEX_POINT('',#15384);
#4601=VERTEX_POINT('',#15387);
#4602=VERTEX_POINT('',#15388);
#4603=VERTEX_POINT('',#15390);
#4604=VERTEX_POINT('',#15392);
#4605=VERTEX_POINT('',#15394);
#4606=VERTEX_POINT('',#15396);
#4607=VERTEX_POINT('',#15398);
#4608=VERTEX_POINT('',#15400);
#4609=VERTEX_POINT('',#15403);
#4610=VERTEX_POINT('',#15404);
#4611=VERTEX_POINT('',#15406);
#4612=VERTEX_POINT('',#15408);
#4613=VERTEX_POINT('',#15410);
#4614=VERTEX_POINT('',#15412);
#4615=VERTEX_POINT('',#15414);
#4616=VERTEX_POINT('',#15416);
#4617=VERTEX_POINT('',#15419);
#4618=VERTEX_POINT('',#15420);
#4619=VERTEX_POINT('',#15422);
#4620=VERTEX_POINT('',#15424);
#4621=VERTEX_POINT('',#15426);
#4622=VERTEX_POINT('',#15428);
#4623=VERTEX_POINT('',#15430);
#4624=VERTEX_POINT('',#15432);
#4625=VERTEX_POINT('',#15435);
#4626=VERTEX_POINT('',#15436);
#4627=VERTEX_POINT('',#15438);
#4628=VERTEX_POINT('',#15440);
#4629=VERTEX_POINT('',#15442);
#4630=VERTEX_POINT('',#15444);
#4631=VERTEX_POINT('',#15446);
#4632=VERTEX_POINT('',#15448);
#4633=VERTEX_POINT('',#15451);
#4634=VERTEX_POINT('',#15452);
#4635=VERTEX_POINT('',#15454);
#4636=VERTEX_POINT('',#15456);
#4637=VERTEX_POINT('',#15458);
#4638=VERTEX_POINT('',#15460);
#4639=VERTEX_POINT('',#15462);
#4640=VERTEX_POINT('',#15464);
#4641=VERTEX_POINT('',#15467);
#4642=VERTEX_POINT('',#15468);
#4643=VERTEX_POINT('',#15470);
#4644=VERTEX_POINT('',#15472);
#4645=VERTEX_POINT('',#15474);
#4646=VERTEX_POINT('',#15476);
#4647=VERTEX_POINT('',#15478);
#4648=VERTEX_POINT('',#15480);
#4649=VERTEX_POINT('',#15483);
#4650=VERTEX_POINT('',#15485);
#4651=VERTEX_POINT('',#15487);
#4652=VERTEX_POINT('',#15489);
#4653=VERTEX_POINT('',#15491);
#4654=VERTEX_POINT('',#15493);
#4655=VERTEX_POINT('',#15495);
#4656=VERTEX_POINT('',#15497);
#4657=VERTEX_POINT('',#15499);
#4658=VERTEX_POINT('',#15501);
#4659=VERTEX_POINT('',#15503);
#4660=VERTEX_POINT('',#15505);
#4661=VERTEX_POINT('',#15507);
#4662=VERTEX_POINT('',#15509);
#4663=VERTEX_POINT('',#15511);
#4664=VERTEX_POINT('',#15513);
#4665=VERTEX_POINT('',#15515);
#4666=VERTEX_POINT('',#15517);
#4667=VERTEX_POINT('',#15519);
#4668=VERTEX_POINT('',#15521);
#4669=VERTEX_POINT('',#15523);
#4670=VERTEX_POINT('',#15525);
#4671=VERTEX_POINT('',#15527);
#4672=VERTEX_POINT('',#15529);
#4673=VERTEX_POINT('',#15531);
#4674=VERTEX_POINT('',#15533);
#4675=VERTEX_POINT('',#15535);
#4676=VERTEX_POINT('',#15537);
#4677=VERTEX_POINT('',#15539);
#4678=VERTEX_POINT('',#15542);
#4679=VERTEX_POINT('',#15543);
#4680=VERTEX_POINT('',#15545);
#4681=VERTEX_POINT('',#15547);
#4682=VERTEX_POINT('',#15549);
#4683=VERTEX_POINT('',#15551);
#4684=VERTEX_POINT('',#15553);
#4685=VERTEX_POINT('',#15555);
#4686=VERTEX_POINT('',#15558);
#4687=VERTEX_POINT('',#15559);
#4688=VERTEX_POINT('',#15561);
#4689=VERTEX_POINT('',#15563);
#4690=VERTEX_POINT('',#15565);
#4691=VERTEX_POINT('',#15567);
#4692=VERTEX_POINT('',#15569);
#4693=VERTEX_POINT('',#15571);
#4694=VERTEX_POINT('',#15574);
#4695=VERTEX_POINT('',#15575);
#4696=VERTEX_POINT('',#15577);
#4697=VERTEX_POINT('',#15579);
#4698=VERTEX_POINT('',#15581);
#4699=VERTEX_POINT('',#15583);
#4700=VERTEX_POINT('',#15585);
#4701=VERTEX_POINT('',#15587);
#4702=VERTEX_POINT('',#15590);
#4703=VERTEX_POINT('',#15591);
#4704=VERTEX_POINT('',#15593);
#4705=VERTEX_POINT('',#15595);
#4706=VERTEX_POINT('',#15597);
#4707=VERTEX_POINT('',#15599);
#4708=VERTEX_POINT('',#15601);
#4709=VERTEX_POINT('',#15603);
#4710=VERTEX_POINT('',#15606);
#4711=VERTEX_POINT('',#15607);
#4712=VERTEX_POINT('',#15609);
#4713=VERTEX_POINT('',#15611);
#4714=VERTEX_POINT('',#15613);
#4715=VERTEX_POINT('',#15615);
#4716=VERTEX_POINT('',#15617);
#4717=VERTEX_POINT('',#15619);
#4718=VERTEX_POINT('',#15622);
#4719=VERTEX_POINT('',#15623);
#4720=VERTEX_POINT('',#15625);
#4721=VERTEX_POINT('',#15627);
#4722=VERTEX_POINT('',#15629);
#4723=VERTEX_POINT('',#15631);
#4724=VERTEX_POINT('',#15633);
#4725=VERTEX_POINT('',#15635);
#4726=VERTEX_POINT('',#15638);
#4727=VERTEX_POINT('',#15639);
#4728=VERTEX_POINT('',#15641);
#4729=VERTEX_POINT('',#15643);
#4730=VERTEX_POINT('',#15645);
#4731=VERTEX_POINT('',#15647);
#4732=VERTEX_POINT('',#15649);
#4733=VERTEX_POINT('',#15651);
#4734=VERTEX_POINT('',#15654);
#4735=VERTEX_POINT('',#15655);
#4736=VERTEX_POINT('',#15657);
#4737=VERTEX_POINT('',#15659);
#4738=VERTEX_POINT('',#15661);
#4739=VERTEX_POINT('',#15663);
#4740=VERTEX_POINT('',#15665);
#4741=VERTEX_POINT('',#15667);
#4742=VERTEX_POINT('',#15670);
#4743=VERTEX_POINT('',#15671);
#4744=VERTEX_POINT('',#15673);
#4745=VERTEX_POINT('',#15675);
#4746=VERTEX_POINT('',#15677);
#4747=VERTEX_POINT('',#15679);
#4748=VERTEX_POINT('',#15681);
#4749=VERTEX_POINT('',#15683);
#4750=VERTEX_POINT('',#15686);
#4751=VERTEX_POINT('',#15687);
#4752=VERTEX_POINT('',#15689);
#4753=VERTEX_POINT('',#15691);
#4754=VERTEX_POINT('',#15693);
#4755=VERTEX_POINT('',#15695);
#4756=VERTEX_POINT('',#15697);
#4757=VERTEX_POINT('',#15699);
#4758=VERTEX_POINT('',#15702);
#4759=VERTEX_POINT('',#15703);
#4760=VERTEX_POINT('',#15705);
#4761=VERTEX_POINT('',#15707);
#4762=VERTEX_POINT('',#15709);
#4763=VERTEX_POINT('',#15711);
#4764=VERTEX_POINT('',#15713);
#4765=VERTEX_POINT('',#15715);
#4766=VERTEX_POINT('',#15718);
#4767=VERTEX_POINT('',#15719);
#4768=VERTEX_POINT('',#15721);
#4769=VERTEX_POINT('',#15723);
#4770=VERTEX_POINT('',#15725);
#4771=VERTEX_POINT('',#15727);
#4772=VERTEX_POINT('',#15729);
#4773=VERTEX_POINT('',#15731);
#4774=VERTEX_POINT('',#15734);
#4775=VERTEX_POINT('',#15735);
#4776=VERTEX_POINT('',#15737);
#4777=VERTEX_POINT('',#15739);
#4778=VERTEX_POINT('',#15741);
#4779=VERTEX_POINT('',#15743);
#4780=VERTEX_POINT('',#15745);
#4781=VERTEX_POINT('',#15747);
#4782=VERTEX_POINT('',#15750);
#4783=VERTEX_POINT('',#15751);
#4784=VERTEX_POINT('',#15753);
#4785=VERTEX_POINT('',#15755);
#4786=VERTEX_POINT('',#15757);
#4787=VERTEX_POINT('',#15759);
#4788=VERTEX_POINT('',#15761);
#4789=VERTEX_POINT('',#15763);
#4790=VERTEX_POINT('',#15766);
#4791=VERTEX_POINT('',#15767);
#4792=VERTEX_POINT('',#15769);
#4793=VERTEX_POINT('',#15771);
#4794=VERTEX_POINT('',#15773);
#4795=VERTEX_POINT('',#15775);
#4796=VERTEX_POINT('',#15777);
#4797=VERTEX_POINT('',#15779);
#4798=VERTEX_POINT('',#15782);
#4799=VERTEX_POINT('',#15783);
#4800=VERTEX_POINT('',#15785);
#4801=VERTEX_POINT('',#15787);
#4802=VERTEX_POINT('',#15789);
#4803=VERTEX_POINT('',#15791);
#4804=VERTEX_POINT('',#15793);
#4805=VERTEX_POINT('',#15795);
#4806=VERTEX_POINT('',#15798);
#4807=VERTEX_POINT('',#15799);
#4808=VERTEX_POINT('',#15801);
#4809=VERTEX_POINT('',#15803);
#4810=VERTEX_POINT('',#15805);
#4811=VERTEX_POINT('',#15807);
#4812=VERTEX_POINT('',#15809);
#4813=VERTEX_POINT('',#15811);
#4814=VERTEX_POINT('',#15814);
#4815=VERTEX_POINT('',#15815);
#4816=VERTEX_POINT('',#15817);
#4817=VERTEX_POINT('',#15819);
#4818=VERTEX_POINT('',#15821);
#4819=VERTEX_POINT('',#15823);
#4820=VERTEX_POINT('',#15825);
#4821=VERTEX_POINT('',#15827);
#4822=VERTEX_POINT('',#15830);
#4823=VERTEX_POINT('',#15831);
#4824=VERTEX_POINT('',#15833);
#4825=VERTEX_POINT('',#15835);
#4826=VERTEX_POINT('',#15837);
#4827=VERTEX_POINT('',#15839);
#4828=VERTEX_POINT('',#15841);
#4829=VERTEX_POINT('',#15843);
#4830=VERTEX_POINT('',#15846);
#4831=VERTEX_POINT('',#15847);
#4832=VERTEX_POINT('',#15849);
#4833=VERTEX_POINT('',#15851);
#4834=VERTEX_POINT('',#15853);
#4835=VERTEX_POINT('',#15855);
#4836=VERTEX_POINT('',#15857);
#4837=VERTEX_POINT('',#15859);
#4838=VERTEX_POINT('',#15862);
#4839=VERTEX_POINT('',#15863);
#4840=VERTEX_POINT('',#15865);
#4841=VERTEX_POINT('',#15867);
#4842=VERTEX_POINT('',#15869);
#4843=VERTEX_POINT('',#15871);
#4844=VERTEX_POINT('',#15873);
#4845=VERTEX_POINT('',#15875);
#4846=VERTEX_POINT('',#15878);
#4847=VERTEX_POINT('',#15879);
#4848=VERTEX_POINT('',#15881);
#4849=VERTEX_POINT('',#15883);
#4850=VERTEX_POINT('',#15885);
#4851=VERTEX_POINT('',#15887);
#4852=VERTEX_POINT('',#15889);
#4853=VERTEX_POINT('',#15891);
#4854=VERTEX_POINT('',#15894);
#4855=VERTEX_POINT('',#15895);
#4856=VERTEX_POINT('',#15897);
#4857=VERTEX_POINT('',#15899);
#4858=VERTEX_POINT('',#15901);
#4859=VERTEX_POINT('',#15903);
#4860=VERTEX_POINT('',#15905);
#4861=VERTEX_POINT('',#15907);
#4862=VERTEX_POINT('',#15910);
#4863=VERTEX_POINT('',#15912);
#4864=VERTEX_POINT('',#15914);
#4865=VERTEX_POINT('',#15916);
#4866=VERTEX_POINT('',#15918);
#4867=VERTEX_POINT('',#15920);
#4868=VERTEX_POINT('',#15922);
#4869=VERTEX_POINT('',#15924);
#4870=VERTEX_POINT('',#15926);
#4871=VERTEX_POINT('',#15928);
#4872=VERTEX_POINT('',#15930);
#4873=VERTEX_POINT('',#15932);
#4874=VERTEX_POINT('',#15934);
#4875=VERTEX_POINT('',#15936);
#4876=VERTEX_POINT('',#15938);
#4877=VERTEX_POINT('',#15940);
#4878=VERTEX_POINT('',#15942);
#4879=VERTEX_POINT('',#15944);
#4880=VERTEX_POINT('',#15946);
#4881=VERTEX_POINT('',#15948);
#4882=VERTEX_POINT('',#15950);
#4883=VERTEX_POINT('',#15952);
#4884=VERTEX_POINT('',#15954);
#4885=VERTEX_POINT('',#15956);
#4886=VERTEX_POINT('',#15958);
#4887=VERTEX_POINT('',#15960);
#4888=VERTEX_POINT('',#15962);
#4889=VERTEX_POINT('',#15964);
#4890=VERTEX_POINT('',#15966);
#4891=VERTEX_POINT('',#15969);
#4892=VERTEX_POINT('',#15970);
#4893=VERTEX_POINT('',#15972);
#4894=VERTEX_POINT('',#15974);
#4895=VERTEX_POINT('',#15976);
#4896=VERTEX_POINT('',#15978);
#4897=VERTEX_POINT('',#15980);
#4898=VERTEX_POINT('',#15982);
#4899=VERTEX_POINT('',#15985);
#4900=VERTEX_POINT('',#15986);
#4901=VERTEX_POINT('',#15988);
#4902=VERTEX_POINT('',#15990);
#4903=VERTEX_POINT('',#15992);
#4904=VERTEX_POINT('',#15994);
#4905=VERTEX_POINT('',#15996);
#4906=VERTEX_POINT('',#15998);
#4907=VERTEX_POINT('',#16001);
#4908=VERTEX_POINT('',#16002);
#4909=VERTEX_POINT('',#16004);
#4910=VERTEX_POINT('',#16006);
#4911=VERTEX_POINT('',#16008);
#4912=VERTEX_POINT('',#16010);
#4913=VERTEX_POINT('',#16012);
#4914=VERTEX_POINT('',#16014);
#4915=VERTEX_POINT('',#16017);
#4916=VERTEX_POINT('',#16018);
#4917=VERTEX_POINT('',#16020);
#4918=VERTEX_POINT('',#16022);
#4919=VERTEX_POINT('',#16024);
#4920=VERTEX_POINT('',#16026);
#4921=VERTEX_POINT('',#16028);
#4922=VERTEX_POINT('',#16030);
#4923=VERTEX_POINT('',#16033);
#4924=VERTEX_POINT('',#16034);
#4925=VERTEX_POINT('',#16036);
#4926=VERTEX_POINT('',#16038);
#4927=VERTEX_POINT('',#16040);
#4928=VERTEX_POINT('',#16042);
#4929=VERTEX_POINT('',#16044);
#4930=VERTEX_POINT('',#16046);
#4931=VERTEX_POINT('',#16049);
#4932=VERTEX_POINT('',#16050);
#4933=VERTEX_POINT('',#16052);
#4934=VERTEX_POINT('',#16054);
#4935=VERTEX_POINT('',#16056);
#4936=VERTEX_POINT('',#16058);
#4937=VERTEX_POINT('',#16060);
#4938=VERTEX_POINT('',#16062);
#4939=EDGE_CURVE('',#3957,#3957,#3519,.T.);
#4940=EDGE_CURVE('',#3957,#3958,#1449,.T.);
#4941=EDGE_CURVE('',#3958,#3958,#3520,.T.);
#4942=EDGE_CURVE('',#3959,#3960,#1450,.T.);
#4943=EDGE_CURVE('',#3959,#3961,#1451,.T.);
#4944=EDGE_CURVE('',#3961,#3962,#1452,.T.);
#4945=EDGE_CURVE('',#3960,#3962,#1453,.T.);
#4946=EDGE_CURVE('',#3963,#3959,#1454,.T.);
#4947=EDGE_CURVE('',#3963,#3964,#1455,.T.);
#4948=EDGE_CURVE('',#3964,#3961,#1456,.T.);
#4949=EDGE_CURVE('',#3965,#3963,#1457,.T.);
#4950=EDGE_CURVE('',#3965,#3966,#1458,.T.);
#4951=EDGE_CURVE('',#3966,#3964,#1459,.T.);
#4952=EDGE_CURVE('',#3960,#3965,#1460,.T.);
#4953=EDGE_CURVE('',#3962,#3966,#1461,.T.);
#4954=EDGE_CURVE('',#3967,#3968,#1462,.T.);
#4955=EDGE_CURVE('',#3969,#3967,#1463,.T.);
#4956=EDGE_CURVE('',#3970,#3969,#3521,.T.);
#4957=EDGE_CURVE('',#3971,#3970,#1464,.T.);
#4958=EDGE_CURVE('',#3972,#3971,#1465,.T.);
#4959=EDGE_CURVE('',#3973,#3972,#3522,.T.);
#4960=EDGE_CURVE('',#3974,#3973,#1466,.T.);
#4961=EDGE_CURVE('',#3975,#3974,#3523,.T.);
#4962=EDGE_CURVE('',#3976,#3975,#1467,.T.);
#4963=EDGE_CURVE('',#3977,#3976,#1468,.T.);
#4964=EDGE_CURVE('',#3978,#3977,#1469,.T.);
#4965=EDGE_CURVE('',#3979,#3978,#3524,.T.);
#4966=EDGE_CURVE('',#3980,#3979,#1470,.T.);
#4967=EDGE_CURVE('',#3981,#3980,#3525,.T.);
#4968=EDGE_CURVE('',#3982,#3981,#1471,.T.);
#4969=EDGE_CURVE('',#3983,#3982,#1472,.T.);
#4970=EDGE_CURVE('',#3984,#3983,#1473,.T.);
#4971=EDGE_CURVE('',#3985,#3984,#3526,.T.);
#4972=EDGE_CURVE('',#3986,#3985,#1474,.T.);
#4973=EDGE_CURVE('',#3987,#3986,#3527,.T.);
#4974=EDGE_CURVE('',#3988,#3987,#1475,.T.);
#4975=EDGE_CURVE('',#3989,#3988,#1476,.T.);
#4976=EDGE_CURVE('',#3990,#3989,#3528,.T.);
#4977=EDGE_CURVE('',#3991,#3990,#1477,.T.);
#4978=EDGE_CURVE('',#3992,#3991,#1478,.T.);
#4979=EDGE_CURVE('',#3993,#3992,#3529,.T.);
#4980=EDGE_CURVE('',#3994,#3993,#1479,.T.);
#4981=EDGE_CURVE('',#3995,#3994,#3530,.T.);
#4982=EDGE_CURVE('',#3996,#3995,#1480,.T.);
#4983=EDGE_CURVE('',#3997,#3996,#3531,.T.);
#4984=EDGE_CURVE('',#3998,#3997,#1481,.T.);
#4985=EDGE_CURVE('',#3999,#3998,#3532,.T.);
#4986=EDGE_CURVE('',#4000,#3999,#1482,.T.);
#4987=EDGE_CURVE('',#4001,#4000,#3533,.T.);
#4988=EDGE_CURVE('',#4002,#4001,#1483,.T.);
#4989=EDGE_CURVE('',#4003,#4002,#3534,.T.);
#4990=EDGE_CURVE('',#4004,#4003,#1484,.T.);
#4991=EDGE_CURVE('',#4005,#4004,#1485,.T.);
#4992=EDGE_CURVE('',#4006,#4005,#3535,.T.);
#4993=EDGE_CURVE('',#4007,#4006,#1486,.T.);
#4994=EDGE_CURVE('',#4008,#4007,#1487,.T.);
#4995=EDGE_CURVE('',#4009,#4008,#3536,.T.);
#4996=EDGE_CURVE('',#4010,#4009,#1488,.T.);
#4997=EDGE_CURVE('',#4011,#4010,#3537,.T.);
#4998=EDGE_CURVE('',#4012,#4011,#1489,.T.);
#4999=EDGE_CURVE('',#4013,#4012,#1490,.T.);
#5000=EDGE_CURVE('',#4014,#4013,#3538,.T.);
#5001=EDGE_CURVE('',#4015,#4014,#1491,.T.);
#5002=EDGE_CURVE('',#4016,#4015,#1492,.T.);
#5003=EDGE_CURVE('',#4017,#4016,#3539,.T.);
#5004=EDGE_CURVE('',#4018,#4017,#1493,.T.);
#5005=EDGE_CURVE('',#4019,#4018,#3540,.T.);
#5006=EDGE_CURVE('',#4020,#4019,#1494,.T.);
#5007=EDGE_CURVE('',#4021,#4020,#3541,.T.);
#5008=EDGE_CURVE('',#4022,#4021,#1495,.T.);
#5009=EDGE_CURVE('',#4023,#4022,#3542,.T.);
#5010=EDGE_CURVE('',#4024,#4023,#1496,.T.);
#5011=EDGE_CURVE('',#4025,#4024,#3543,.T.);
#5012=EDGE_CURVE('',#4026,#4025,#1497,.T.);
#5013=EDGE_CURVE('',#3968,#4026,#3544,.T.);
#5014=EDGE_CURVE('',#4027,#4028,#1498,.T.);
#5015=EDGE_CURVE('',#4027,#4029,#1499,.T.);
#5016=EDGE_CURVE('',#4030,#4029,#1500,.T.);
#5017=EDGE_CURVE('',#4028,#4030,#1501,.T.);
#5018=EDGE_CURVE('',#4031,#4032,#1502,.T.);
#5019=EDGE_CURVE('',#4033,#4031,#1503,.T.);
#5020=EDGE_CURVE('',#4033,#4034,#1504,.T.);
#5021=EDGE_CURVE('',#4034,#4032,#1505,.T.);
#5022=EDGE_CURVE('',#4030,#4033,#1506,.T.);
#5023=EDGE_CURVE('',#4029,#4034,#1507,.T.);
#5024=EDGE_CURVE('',#4035,#4027,#1508,.T.);
#5025=EDGE_CURVE('',#4036,#4035,#1509,.T.);
#5026=EDGE_CURVE('',#4037,#4036,#3545,.T.);
#5027=EDGE_CURVE('',#4038,#4037,#1510,.T.);
#5028=EDGE_CURVE('',#4039,#4038,#3546,.T.);
#5029=EDGE_CURVE('',#4040,#4039,#1511,.T.);
#5030=EDGE_CURVE('',#4041,#4040,#3547,.T.);
#5031=EDGE_CURVE('',#4042,#4041,#1512,.T.);
#5032=EDGE_CURVE('',#4043,#4042,#3548,.T.);
#5033=EDGE_CURVE('',#4044,#4043,#1513,.T.);
#5034=EDGE_CURVE('',#4045,#4044,#3549,.T.);
#5035=EDGE_CURVE('',#4046,#4045,#1514,.T.);
#5036=EDGE_CURVE('',#4047,#4046,#3550,.T.);
#5037=EDGE_CURVE('',#4048,#4047,#1515,.T.);
#5038=EDGE_CURVE('',#4049,#4048,#3551,.T.);
#5039=EDGE_CURVE('',#4050,#4049,#1516,.T.);
#5040=EDGE_CURVE('',#4051,#4050,#3552,.T.);
#5041=EDGE_CURVE('',#4052,#4051,#1517,.T.);
#5042=EDGE_CURVE('',#4053,#4052,#1518,.T.);
#5043=EDGE_CURVE('',#4054,#4053,#3553,.T.);
#5044=EDGE_CURVE('',#4055,#4054,#1519,.T.);
#5045=EDGE_CURVE('',#4056,#4055,#1520,.T.);
#5046=EDGE_CURVE('',#4057,#4056,#3554,.T.);
#5047=EDGE_CURVE('',#4058,#4057,#1521,.T.);
#5048=EDGE_CURVE('',#4059,#4058,#3555,.T.);
#5049=EDGE_CURVE('',#4060,#4059,#1522,.T.);
#5050=EDGE_CURVE('',#4061,#4060,#3556,.T.);
#5051=EDGE_CURVE('',#4062,#4061,#1523,.T.);
#5052=EDGE_CURVE('',#4032,#4062,#1524,.T.);
#5053=EDGE_CURVE('',#4063,#4064,#1525,.T.);
#5054=EDGE_CURVE('',#4063,#4065,#1526,.T.);
#5055=EDGE_CURVE('',#4065,#4066,#1527,.T.);
#5056=EDGE_CURVE('',#4064,#4066,#1528,.T.);
#5057=EDGE_CURVE('',#4067,#4063,#1529,.T.);
#5058=EDGE_CURVE('',#4067,#4068,#1530,.T.);
#5059=EDGE_CURVE('',#4068,#4065,#1531,.T.);
#5060=EDGE_CURVE('',#4069,#4067,#1532,.T.);
#5061=EDGE_CURVE('',#4069,#4070,#1533,.T.);
#5062=EDGE_CURVE('',#4070,#4068,#1534,.T.);
#5063=EDGE_CURVE('',#4064,#4069,#1535,.T.);
#5064=EDGE_CURVE('',#4066,#4070,#1536,.T.);
#5065=EDGE_CURVE('',#4071,#4072,#1537,.T.);
#5066=EDGE_CURVE('',#4073,#4071,#1538,.T.);
#5067=EDGE_CURVE('',#4074,#4073,#3557,.T.);
#5068=EDGE_CURVE('',#4075,#4074,#1539,.T.);
#5069=EDGE_CURVE('',#4076,#4075,#1540,.T.);
#5070=EDGE_CURVE('',#4077,#4076,#3558,.T.);
#5071=EDGE_CURVE('',#4078,#4077,#1541,.T.);
#5072=EDGE_CURVE('',#4079,#4078,#3559,.T.);
#5073=EDGE_CURVE('',#4080,#4079,#1542,.T.);
#5074=EDGE_CURVE('',#4081,#4080,#1543,.T.);
#5075=EDGE_CURVE('',#4082,#4081,#1544,.T.);
#5076=EDGE_CURVE('',#4083,#4082,#3560,.T.);
#5077=EDGE_CURVE('',#4084,#4083,#1545,.T.);
#5078=EDGE_CURVE('',#4085,#4084,#3561,.T.);
#5079=EDGE_CURVE('',#4086,#4085,#1546,.T.);
#5080=EDGE_CURVE('',#4087,#4086,#1547,.T.);
#5081=EDGE_CURVE('',#4088,#4087,#1548,.T.);
#5082=EDGE_CURVE('',#4089,#4088,#3562,.T.);
#5083=EDGE_CURVE('',#4090,#4089,#1549,.T.);
#5084=EDGE_CURVE('',#4091,#4090,#3563,.T.);
#5085=EDGE_CURVE('',#4092,#4091,#1550,.T.);
#5086=EDGE_CURVE('',#4093,#4092,#1551,.T.);
#5087=EDGE_CURVE('',#4094,#4093,#3564,.T.);
#5088=EDGE_CURVE('',#4095,#4094,#1552,.T.);
#5089=EDGE_CURVE('',#4096,#4095,#1553,.T.);
#5090=EDGE_CURVE('',#4097,#4096,#3565,.T.);
#5091=EDGE_CURVE('',#4098,#4097,#1554,.T.);
#5092=EDGE_CURVE('',#4099,#4098,#3566,.T.);
#5093=EDGE_CURVE('',#4100,#4099,#1555,.T.);
#5094=EDGE_CURVE('',#4101,#4100,#3567,.T.);
#5095=EDGE_CURVE('',#4102,#4101,#1556,.T.);
#5096=EDGE_CURVE('',#4103,#4102,#3568,.T.);
#5097=EDGE_CURVE('',#4104,#4103,#1557,.T.);
#5098=EDGE_CURVE('',#4105,#4104,#3569,.T.);
#5099=EDGE_CURVE('',#4106,#4105,#1558,.T.);
#5100=EDGE_CURVE('',#4107,#4106,#3570,.T.);
#5101=EDGE_CURVE('',#4108,#4107,#1559,.T.);
#5102=EDGE_CURVE('',#4109,#4108,#1560,.T.);
#5103=EDGE_CURVE('',#4110,#4109,#3571,.T.);
#5104=EDGE_CURVE('',#4111,#4110,#1561,.T.);
#5105=EDGE_CURVE('',#4112,#4111,#1562,.T.);
#5106=EDGE_CURVE('',#4113,#4112,#3572,.T.);
#5107=EDGE_CURVE('',#4114,#4113,#1563,.T.);
#5108=EDGE_CURVE('',#4115,#4114,#3573,.T.);
#5109=EDGE_CURVE('',#4116,#4115,#1564,.T.);
#5110=EDGE_CURVE('',#4117,#4116,#1565,.T.);
#5111=EDGE_CURVE('',#4118,#4117,#3574,.T.);
#5112=EDGE_CURVE('',#4119,#4118,#1566,.T.);
#5113=EDGE_CURVE('',#4120,#4119,#1567,.T.);
#5114=EDGE_CURVE('',#4121,#4120,#3575,.T.);
#5115=EDGE_CURVE('',#4122,#4121,#1568,.T.);
#5116=EDGE_CURVE('',#4123,#4122,#3576,.T.);
#5117=EDGE_CURVE('',#4124,#4123,#1569,.T.);
#5118=EDGE_CURVE('',#4125,#4124,#3577,.T.);
#5119=EDGE_CURVE('',#4126,#4125,#1570,.T.);
#5120=EDGE_CURVE('',#4127,#4126,#3578,.T.);
#5121=EDGE_CURVE('',#4128,#4127,#1571,.T.);
#5122=EDGE_CURVE('',#4129,#4128,#3579,.T.);
#5123=EDGE_CURVE('',#4130,#4129,#1572,.T.);
#5124=EDGE_CURVE('',#4072,#4130,#3580,.T.);
#5125=EDGE_CURVE('',#3997,#4131,#1573,.T.);
#5126=EDGE_CURVE('',#4132,#4131,#1574,.T.);
#5127=EDGE_CURVE('',#3998,#4132,#1575,.T.);
#5128=EDGE_CURVE('',#3996,#4133,#1576,.T.);
#5129=EDGE_CURVE('',#4131,#4133,#3581,.T.);
#5130=EDGE_CURVE('',#3995,#4134,#1577,.T.);
#5131=EDGE_CURVE('',#4133,#4134,#1578,.T.);
#5132=EDGE_CURVE('',#3994,#4135,#1579,.T.);
#5133=EDGE_CURVE('',#4134,#4135,#3582,.T.);
#5134=EDGE_CURVE('',#3993,#4136,#1580,.T.);
#5135=EDGE_CURVE('',#4135,#4136,#1581,.T.);
#5136=EDGE_CURVE('',#3992,#4137,#1582,.T.);
#5137=EDGE_CURVE('',#4136,#4137,#3583,.T.);
#5138=EDGE_CURVE('',#3991,#4138,#1583,.T.);
#5139=EDGE_CURVE('',#4137,#4138,#1584,.T.);
#5140=EDGE_CURVE('',#3990,#4139,#1585,.T.);
#5141=EDGE_CURVE('',#4138,#4139,#1586,.T.);
#5142=EDGE_CURVE('',#3989,#4140,#1587,.T.);
#5143=EDGE_CURVE('',#4139,#4140,#3584,.T.);
#5144=EDGE_CURVE('',#3988,#4141,#1588,.T.);
#5145=EDGE_CURVE('',#4140,#4141,#1589,.T.);
#5146=EDGE_CURVE('',#3987,#4142,#1590,.T.);
#5147=EDGE_CURVE('',#4141,#4142,#1591,.T.);
#5148=EDGE_CURVE('',#3986,#4143,#1592,.T.);
#5149=EDGE_CURVE('',#4142,#4143,#3585,.T.);
#5150=EDGE_CURVE('',#3985,#4144,#1593,.T.);
#5151=EDGE_CURVE('',#4143,#4144,#1594,.T.);
#5152=EDGE_CURVE('',#3984,#4145,#1595,.T.);
#5153=EDGE_CURVE('',#4144,#4145,#3586,.T.);
#5154=EDGE_CURVE('',#3983,#4146,#1596,.T.);
#5155=EDGE_CURVE('',#4145,#4146,#1597,.T.);
#5156=EDGE_CURVE('',#3982,#4147,#1598,.T.);
#5157=EDGE_CURVE('',#4146,#4147,#1599,.T.);
#5158=EDGE_CURVE('',#3981,#4148,#1600,.T.);
#5159=EDGE_CURVE('',#4147,#4148,#1601,.T.);
#5160=EDGE_CURVE('',#3980,#4149,#1602,.T.);
#5161=EDGE_CURVE('',#4148,#4149,#3587,.T.);
#5162=EDGE_CURVE('',#3979,#4150,#1603,.T.);
#5163=EDGE_CURVE('',#4149,#4150,#1604,.T.);
#5164=EDGE_CURVE('',#3978,#4151,#1605,.T.);
#5165=EDGE_CURVE('',#4150,#4151,#3588,.T.);
#5166=EDGE_CURVE('',#3977,#4152,#1606,.T.);
#5167=EDGE_CURVE('',#4151,#4152,#1607,.T.);
#5168=EDGE_CURVE('',#3976,#4153,#1608,.T.);
#5169=EDGE_CURVE('',#4152,#4153,#1609,.T.);
#5170=EDGE_CURVE('',#3975,#4154,#1610,.T.);
#5171=EDGE_CURVE('',#4153,#4154,#1611,.T.);
#5172=EDGE_CURVE('',#3974,#4155,#1612,.T.);
#5173=EDGE_CURVE('',#4154,#4155,#3589,.T.);
#5174=EDGE_CURVE('',#3973,#4156,#1613,.T.);
#5175=EDGE_CURVE('',#4155,#4156,#1614,.T.);
#5176=EDGE_CURVE('',#3972,#4157,#1615,.T.);
#5177=EDGE_CURVE('',#4156,#4157,#3590,.T.);
#5178=EDGE_CURVE('',#3971,#4158,#1616,.T.);
#5179=EDGE_CURVE('',#4157,#4158,#1617,.T.);
#5180=EDGE_CURVE('',#3970,#4159,#1618,.T.);
#5181=EDGE_CURVE('',#4158,#4159,#1619,.T.);
#5182=EDGE_CURVE('',#3969,#4160,#1620,.T.);
#5183=EDGE_CURVE('',#4159,#4160,#3591,.T.);
#5184=EDGE_CURVE('',#3967,#4161,#1621,.T.);
#5185=EDGE_CURVE('',#4160,#4161,#1622,.T.);
#5186=EDGE_CURVE('',#4044,#4162,#1623,.T.);
#5187=EDGE_CURVE('',#4163,#4162,#3592,.T.);
#5188=EDGE_CURVE('',#4045,#4163,#1624,.T.);
#5189=EDGE_CURVE('',#4043,#4164,#1625,.T.);
#5190=EDGE_CURVE('',#4162,#4164,#1626,.T.);
#5191=EDGE_CURVE('',#4042,#4165,#1627,.T.);
#5192=EDGE_CURVE('',#4164,#4165,#3593,.T.);
#5193=EDGE_CURVE('',#4041,#4166,#1628,.T.);
#5194=EDGE_CURVE('',#4165,#4166,#1629,.T.);
#5195=EDGE_CURVE('',#4040,#4167,#1630,.T.);
#5196=EDGE_CURVE('',#4166,#4167,#3594,.T.);
#5197=EDGE_CURVE('',#4039,#4168,#1631,.T.);
#5198=EDGE_CURVE('',#4167,#4168,#1632,.T.);
#5199=EDGE_CURVE('',#4038,#4169,#1633,.T.);
#5200=EDGE_CURVE('',#4168,#4169,#3595,.T.);
#5201=EDGE_CURVE('',#4037,#4170,#1634,.T.);
#5202=EDGE_CURVE('',#4169,#4170,#1635,.T.);
#5203=EDGE_CURVE('',#4036,#4171,#1636,.T.);
#5204=EDGE_CURVE('',#4170,#4171,#3596,.T.);
#5205=EDGE_CURVE('',#4172,#4035,#1637,.T.);
#5206=EDGE_CURVE('',#4171,#4172,#1638,.T.);
#5207=EDGE_CURVE('',#4028,#4173,#1639,.T.);
#5208=EDGE_CURVE('',#4173,#4174,#1640,.T.);
#5209=EDGE_CURVE('',#4174,#4172,#1641,.T.);
#5210=EDGE_CURVE('',#4062,#4175,#1642,.T.);
#5211=EDGE_CURVE('',#4175,#4176,#1643,.T.);
#5212=EDGE_CURVE('',#4177,#4176,#1644,.T.);
#5213=EDGE_CURVE('',#4177,#4031,#1645,.T.);
#5214=EDGE_CURVE('',#4101,#4178,#1646,.T.);
#5215=EDGE_CURVE('',#4179,#4178,#1647,.T.);
#5216=EDGE_CURVE('',#4102,#4179,#1648,.T.);
#5217=EDGE_CURVE('',#4100,#4180,#1649,.T.);
#5218=EDGE_CURVE('',#4178,#4180,#3597,.T.);
#5219=EDGE_CURVE('',#4099,#4181,#1650,.T.);
#5220=EDGE_CURVE('',#4180,#4181,#1651,.T.);
#5221=EDGE_CURVE('',#4098,#4182,#1652,.T.);
#5222=EDGE_CURVE('',#4181,#4182,#3598,.T.);
#5223=EDGE_CURVE('',#4097,#4183,#1653,.T.);
#5224=EDGE_CURVE('',#4182,#4183,#1654,.T.);
#5225=EDGE_CURVE('',#4096,#4184,#1655,.T.);
#5226=EDGE_CURVE('',#4183,#4184,#3599,.T.);
#5227=EDGE_CURVE('',#4095,#4185,#1656,.T.);
#5228=EDGE_CURVE('',#4184,#4185,#1657,.T.);
#5229=EDGE_CURVE('',#4094,#4186,#1658,.T.);
#5230=EDGE_CURVE('',#4185,#4186,#1659,.T.);
#5231=EDGE_CURVE('',#4093,#4187,#1660,.T.);
#5232=EDGE_CURVE('',#4186,#4187,#3600,.T.);
#5233=EDGE_CURVE('',#4092,#4188,#1661,.T.);
#5234=EDGE_CURVE('',#4187,#4188,#1662,.T.);
#5235=EDGE_CURVE('',#4091,#4189,#1663,.T.);
#5236=EDGE_CURVE('',#4188,#4189,#1664,.T.);
#5237=EDGE_CURVE('',#4090,#4190,#1665,.T.);
#5238=EDGE_CURVE('',#4189,#4190,#3601,.T.);
#5239=EDGE_CURVE('',#4089,#4191,#1666,.T.);
#5240=EDGE_CURVE('',#4190,#4191,#1667,.T.);
#5241=EDGE_CURVE('',#4088,#4192,#1668,.T.);
#5242=EDGE_CURVE('',#4191,#4192,#3602,.T.);
#5243=EDGE_CURVE('',#4087,#4193,#1669,.T.);
#5244=EDGE_CURVE('',#4192,#4193,#1670,.T.);
#5245=EDGE_CURVE('',#4086,#4194,#1671,.T.);
#5246=EDGE_CURVE('',#4193,#4194,#1672,.T.);
#5247=EDGE_CURVE('',#4085,#4195,#1673,.T.);
#5248=EDGE_CURVE('',#4194,#4195,#1674,.T.);
#5249=EDGE_CURVE('',#4084,#4196,#1675,.T.);
#5250=EDGE_CURVE('',#4195,#4196,#3603,.T.);
#5251=EDGE_CURVE('',#4083,#4197,#1676,.T.);
#5252=EDGE_CURVE('',#4196,#4197,#1677,.T.);
#5253=EDGE_CURVE('',#4082,#4198,#1678,.T.);
#5254=EDGE_CURVE('',#4197,#4198,#3604,.T.);
#5255=EDGE_CURVE('',#4081,#4199,#1679,.T.);
#5256=EDGE_CURVE('',#4198,#4199,#1680,.T.);
#5257=EDGE_CURVE('',#4080,#4200,#1681,.T.);
#5258=EDGE_CURVE('',#4199,#4200,#1682,.T.);
#5259=EDGE_CURVE('',#4079,#4201,#1683,.T.);
#5260=EDGE_CURVE('',#4200,#4201,#1684,.T.);
#5261=EDGE_CURVE('',#4078,#4202,#1685,.T.);
#5262=EDGE_CURVE('',#4201,#4202,#3605,.T.);
#5263=EDGE_CURVE('',#4077,#4203,#1686,.T.);
#5264=EDGE_CURVE('',#4202,#4203,#1687,.T.);
#5265=EDGE_CURVE('',#4076,#4204,#1688,.T.);
#5266=EDGE_CURVE('',#4203,#4204,#3606,.T.);
#5267=EDGE_CURVE('',#4075,#4205,#1689,.T.);
#5268=EDGE_CURVE('',#4204,#4205,#1690,.T.);
#5269=EDGE_CURVE('',#4074,#4206,#1691,.T.);
#5270=EDGE_CURVE('',#4205,#4206,#1692,.T.);
#5271=EDGE_CURVE('',#4073,#4207,#1693,.T.);
#5272=EDGE_CURVE('',#4206,#4207,#3607,.T.);
#5273=EDGE_CURVE('',#4071,#4208,#1694,.T.);
#5274=EDGE_CURVE('',#4207,#4208,#1695,.T.);
#5275=EDGE_CURVE('',#4209,#4177,#1696,.T.);
#5276=EDGE_CURVE('',#4210,#4209,#1697,.T.);
#5277=EDGE_CURVE('',#4211,#4210,#1698,.T.);
#5278=EDGE_CURVE('',#4212,#4211,#1699,.T.);
#5279=EDGE_CURVE('',#4213,#4212,#1700,.T.);
#5280=EDGE_CURVE('',#4214,#4213,#1701,.T.);
#5281=EDGE_CURVE('',#4215,#4214,#1702,.T.);
#5282=EDGE_CURVE('',#4216,#4215,#1703,.T.);
#5283=EDGE_CURVE('',#4216,#4217,#1704,.T.);
#5284=EDGE_CURVE('',#4218,#4217,#3608,.T.);
#5285=EDGE_CURVE('',#4218,#4219,#1705,.T.);
#5286=EDGE_CURVE('',#4219,#4220,#1706,.T.);
#5287=EDGE_CURVE('',#4220,#4221,#1707,.T.);
#5288=EDGE_CURVE('',#4222,#4221,#3609,.T.);
#5289=EDGE_CURVE('',#4222,#4223,#1708,.T.);
#5290=EDGE_CURVE('',#4224,#4223,#3610,.T.);
#5291=EDGE_CURVE('',#4224,#4225,#1709,.T.);
#5292=EDGE_CURVE('',#4226,#4225,#3611,.T.);
#5293=EDGE_CURVE('',#4226,#4227,#1710,.T.);
#5294=EDGE_CURVE('',#4228,#4227,#3612,.T.);
#5295=EDGE_CURVE('',#4229,#4228,#1711,.T.);
#5296=EDGE_CURVE('',#4230,#4229,#1712,.T.);
#5297=EDGE_CURVE('',#4231,#4230,#1713,.T.);
#5298=EDGE_CURVE('',#4232,#4231,#3613,.T.);
#5299=EDGE_CURVE('',#4232,#4173,#1714,.T.);
#5300=EDGE_CURVE('',#4233,#4234,#3614,.T.);
#5301=EDGE_CURVE('',#4235,#4233,#1715,.T.);
#5302=EDGE_CURVE('',#4236,#4235,#3615,.T.);
#5303=EDGE_CURVE('',#4237,#4236,#1716,.T.);
#5304=EDGE_CURVE('',#4238,#4237,#3616,.T.);
#5305=EDGE_CURVE('',#4239,#4238,#1717,.T.);
#5306=EDGE_CURVE('',#4240,#4239,#3617,.T.);
#5307=EDGE_CURVE('',#4234,#4240,#1718,.T.);
#5308=EDGE_CURVE('',#4241,#4242,#3618,.T.);
#5309=EDGE_CURVE('',#4243,#4241,#1719,.T.);
#5310=EDGE_CURVE('',#4244,#4243,#3619,.T.);
#5311=EDGE_CURVE('',#4245,#4244,#1720,.T.);
#5312=EDGE_CURVE('',#4246,#4245,#3620,.T.);
#5313=EDGE_CURVE('',#4247,#4246,#1721,.T.);
#5314=EDGE_CURVE('',#4248,#4247,#3621,.T.);
#5315=EDGE_CURVE('',#4242,#4248,#1722,.T.);
#5316=EDGE_CURVE('',#4249,#4250,#3622,.T.);
#5317=EDGE_CURVE('',#4251,#4249,#1723,.T.);
#5318=EDGE_CURVE('',#4252,#4251,#3623,.T.);
#5319=EDGE_CURVE('',#4253,#4252,#1724,.T.);
#5320=EDGE_CURVE('',#4254,#4253,#3624,.T.);
#5321=EDGE_CURVE('',#4255,#4254,#1725,.T.);
#5322=EDGE_CURVE('',#4256,#4255,#3625,.T.);
#5323=EDGE_CURVE('',#4250,#4256,#1726,.T.);
#5324=EDGE_CURVE('',#4257,#4258,#3626,.T.);
#5325=EDGE_CURVE('',#4259,#4257,#1727,.T.);
#5326=EDGE_CURVE('',#4260,#4259,#3627,.T.);
#5327=EDGE_CURVE('',#4261,#4260,#1728,.T.);
#5328=EDGE_CURVE('',#4262,#4261,#3628,.T.);
#5329=EDGE_CURVE('',#4263,#4262,#1729,.T.);
#5330=EDGE_CURVE('',#4264,#4263,#3629,.T.);
#5331=EDGE_CURVE('',#4258,#4264,#1730,.T.);
#5332=EDGE_CURVE('',#4265,#4266,#3630,.T.);
#5333=EDGE_CURVE('',#4267,#4265,#1731,.T.);
#5334=EDGE_CURVE('',#4268,#4267,#3631,.T.);
#5335=EDGE_CURVE('',#4269,#4268,#1732,.T.);
#5336=EDGE_CURVE('',#4270,#4269,#3632,.T.);
#5337=EDGE_CURVE('',#4271,#4270,#1733,.T.);
#5338=EDGE_CURVE('',#4272,#4271,#3633,.T.);
#5339=EDGE_CURVE('',#4266,#4272,#1734,.T.);
#5340=EDGE_CURVE('',#4273,#4274,#3634,.T.);
#5341=EDGE_CURVE('',#4275,#4273,#1735,.T.);
#5342=EDGE_CURVE('',#4276,#4275,#3635,.T.);
#5343=EDGE_CURVE('',#4277,#4276,#1736,.T.);
#5344=EDGE_CURVE('',#4278,#4277,#3636,.T.);
#5345=EDGE_CURVE('',#4279,#4278,#1737,.T.);
#5346=EDGE_CURVE('',#4280,#4279,#3637,.T.);
#5347=EDGE_CURVE('',#4274,#4280,#1738,.T.);
#5348=EDGE_CURVE('',#4281,#4282,#3638,.T.);
#5349=EDGE_CURVE('',#4283,#4281,#1739,.T.);
#5350=EDGE_CURVE('',#4284,#4283,#3639,.T.);
#5351=EDGE_CURVE('',#4285,#4284,#1740,.T.);
#5352=EDGE_CURVE('',#4286,#4285,#3640,.T.);
#5353=EDGE_CURVE('',#4287,#4286,#1741,.T.);
#5354=EDGE_CURVE('',#4288,#4287,#3641,.T.);
#5355=EDGE_CURVE('',#4282,#4288,#1742,.T.);
#5356=EDGE_CURVE('',#4289,#4290,#3642,.T.);
#5357=EDGE_CURVE('',#4291,#4289,#1743,.T.);
#5358=EDGE_CURVE('',#4292,#4291,#3643,.T.);
#5359=EDGE_CURVE('',#4293,#4292,#1744,.T.);
#5360=EDGE_CURVE('',#4294,#4293,#3644,.T.);
#5361=EDGE_CURVE('',#4295,#4294,#1745,.T.);
#5362=EDGE_CURVE('',#4296,#4295,#3645,.T.);
#5363=EDGE_CURVE('',#4290,#4296,#1746,.T.);
#5364=EDGE_CURVE('',#4297,#4298,#3646,.T.);
#5365=EDGE_CURVE('',#4299,#4297,#1747,.T.);
#5366=EDGE_CURVE('',#4300,#4299,#3647,.T.);
#5367=EDGE_CURVE('',#4301,#4300,#1748,.T.);
#5368=EDGE_CURVE('',#4302,#4301,#3648,.T.);
#5369=EDGE_CURVE('',#4303,#4302,#1749,.T.);
#5370=EDGE_CURVE('',#4304,#4303,#3649,.T.);
#5371=EDGE_CURVE('',#4298,#4304,#1750,.T.);
#5372=EDGE_CURVE('',#4305,#4306,#3650,.T.);
#5373=EDGE_CURVE('',#4307,#4305,#1751,.T.);
#5374=EDGE_CURVE('',#4308,#4307,#3651,.T.);
#5375=EDGE_CURVE('',#4309,#4308,#1752,.T.);
#5376=EDGE_CURVE('',#4310,#4309,#3652,.T.);
#5377=EDGE_CURVE('',#4311,#4310,#1753,.T.);
#5378=EDGE_CURVE('',#4312,#4311,#3653,.T.);
#5379=EDGE_CURVE('',#4306,#4312,#1754,.T.);
#5380=EDGE_CURVE('',#4313,#4314,#3654,.T.);
#5381=EDGE_CURVE('',#4315,#4313,#1755,.T.);
#5382=EDGE_CURVE('',#4316,#4315,#3655,.T.);
#5383=EDGE_CURVE('',#4317,#4316,#1756,.T.);
#5384=EDGE_CURVE('',#4318,#4317,#3656,.T.);
#5385=EDGE_CURVE('',#4319,#4318,#1757,.T.);
#5386=EDGE_CURVE('',#4320,#4319,#3657,.T.);
#5387=EDGE_CURVE('',#4314,#4320,#1758,.T.);
#5388=EDGE_CURVE('',#4321,#4322,#3658,.T.);
#5389=EDGE_CURVE('',#4323,#4321,#1759,.T.);
#5390=EDGE_CURVE('',#4324,#4323,#3659,.T.);
#5391=EDGE_CURVE('',#4325,#4324,#1760,.T.);
#5392=EDGE_CURVE('',#4326,#4325,#3660,.T.);
#5393=EDGE_CURVE('',#4327,#4326,#1761,.T.);
#5394=EDGE_CURVE('',#4328,#4327,#3661,.T.);
#5395=EDGE_CURVE('',#4322,#4328,#1762,.T.);
#5396=EDGE_CURVE('',#4329,#4330,#3662,.T.);
#5397=EDGE_CURVE('',#4331,#4329,#1763,.T.);
#5398=EDGE_CURVE('',#4332,#4331,#3663,.T.);
#5399=EDGE_CURVE('',#4333,#4332,#1764,.T.);
#5400=EDGE_CURVE('',#4334,#4333,#3664,.T.);
#5401=EDGE_CURVE('',#4335,#4334,#1765,.T.);
#5402=EDGE_CURVE('',#4336,#4335,#3665,.T.);
#5403=EDGE_CURVE('',#4330,#4336,#1766,.T.);
#5404=EDGE_CURVE('',#4337,#4338,#3666,.T.);
#5405=EDGE_CURVE('',#4339,#4337,#1767,.T.);
#5406=EDGE_CURVE('',#4340,#4339,#3667,.T.);
#5407=EDGE_CURVE('',#4341,#4340,#1768,.T.);
#5408=EDGE_CURVE('',#4342,#4341,#3668,.T.);
#5409=EDGE_CURVE('',#4343,#4342,#1769,.T.);
#5410=EDGE_CURVE('',#4344,#4343,#3669,.T.);
#5411=EDGE_CURVE('',#4338,#4344,#1770,.T.);
#5412=EDGE_CURVE('',#4345,#4346,#3670,.T.);
#5413=EDGE_CURVE('',#4347,#4345,#1771,.T.);
#5414=EDGE_CURVE('',#4348,#4347,#3671,.T.);
#5415=EDGE_CURVE('',#4349,#4348,#1772,.T.);
#5416=EDGE_CURVE('',#4350,#4349,#3672,.T.);
#5417=EDGE_CURVE('',#4351,#4350,#1773,.T.);
#5418=EDGE_CURVE('',#4352,#4351,#3673,.T.);
#5419=EDGE_CURVE('',#4346,#4352,#1774,.T.);
#5420=EDGE_CURVE('',#4353,#4354,#3674,.T.);
#5421=EDGE_CURVE('',#4355,#4353,#1775,.T.);
#5422=EDGE_CURVE('',#4356,#4355,#3675,.T.);
#5423=EDGE_CURVE('',#4357,#4356,#1776,.T.);
#5424=EDGE_CURVE('',#4358,#4357,#3676,.T.);
#5425=EDGE_CURVE('',#4359,#4358,#1777,.T.);
#5426=EDGE_CURVE('',#4360,#4359,#3677,.T.);
#5427=EDGE_CURVE('',#4354,#4360,#1778,.T.);
#5428=EDGE_CURVE('',#4361,#4362,#3678,.T.);
#5429=EDGE_CURVE('',#4363,#4361,#1779,.T.);
#5430=EDGE_CURVE('',#4364,#4363,#3679,.T.);
#5431=EDGE_CURVE('',#4365,#4364,#1780,.T.);
#5432=EDGE_CURVE('',#4366,#4365,#3680,.T.);
#5433=EDGE_CURVE('',#4367,#4366,#1781,.T.);
#5434=EDGE_CURVE('',#4368,#4367,#3681,.T.);
#5435=EDGE_CURVE('',#4362,#4368,#1782,.T.);
#5436=EDGE_CURVE('',#4369,#4370,#3682,.T.);
#5437=EDGE_CURVE('',#4371,#4369,#1783,.T.);
#5438=EDGE_CURVE('',#4372,#4371,#3683,.T.);
#5439=EDGE_CURVE('',#4373,#4372,#1784,.T.);
#5440=EDGE_CURVE('',#4374,#4373,#3684,.T.);
#5441=EDGE_CURVE('',#4375,#4374,#1785,.T.);
#5442=EDGE_CURVE('',#4376,#4375,#3685,.T.);
#5443=EDGE_CURVE('',#4370,#4376,#1786,.T.);
#5444=EDGE_CURVE('',#4377,#4378,#3686,.T.);
#5445=EDGE_CURVE('',#4379,#4377,#1787,.T.);
#5446=EDGE_CURVE('',#4380,#4379,#3687,.T.);
#5447=EDGE_CURVE('',#4381,#4380,#1788,.T.);
#5448=EDGE_CURVE('',#4382,#4381,#3688,.T.);
#5449=EDGE_CURVE('',#4383,#4382,#1789,.T.);
#5450=EDGE_CURVE('',#4384,#4383,#3689,.T.);
#5451=EDGE_CURVE('',#4378,#4384,#1790,.T.);
#5452=EDGE_CURVE('',#4385,#4386,#3690,.T.);
#5453=EDGE_CURVE('',#4387,#4385,#1791,.T.);
#5454=EDGE_CURVE('',#4388,#4387,#3691,.T.);
#5455=EDGE_CURVE('',#4389,#4388,#1792,.T.);
#5456=EDGE_CURVE('',#4390,#4389,#3692,.T.);
#5457=EDGE_CURVE('',#4391,#4390,#1793,.T.);
#5458=EDGE_CURVE('',#4392,#4391,#3693,.T.);
#5459=EDGE_CURVE('',#4386,#4392,#1794,.T.);
#5460=EDGE_CURVE('',#4393,#4394,#3694,.T.);
#5461=EDGE_CURVE('',#4395,#4393,#1795,.T.);
#5462=EDGE_CURVE('',#4396,#4395,#3695,.T.);
#5463=EDGE_CURVE('',#4397,#4396,#1796,.T.);
#5464=EDGE_CURVE('',#4398,#4397,#3696,.T.);
#5465=EDGE_CURVE('',#4399,#4398,#1797,.T.);
#5466=EDGE_CURVE('',#4400,#4399,#3697,.T.);
#5467=EDGE_CURVE('',#4394,#4400,#1798,.T.);
#5468=EDGE_CURVE('',#4401,#4402,#3698,.T.);
#5469=EDGE_CURVE('',#4403,#4401,#1799,.T.);
#5470=EDGE_CURVE('',#4404,#4403,#3699,.T.);
#5471=EDGE_CURVE('',#4405,#4404,#1800,.T.);
#5472=EDGE_CURVE('',#4406,#4405,#3700,.T.);
#5473=EDGE_CURVE('',#4407,#4406,#1801,.T.);
#5474=EDGE_CURVE('',#4408,#4407,#3701,.T.);
#5475=EDGE_CURVE('',#4402,#4408,#1802,.T.);
#5476=EDGE_CURVE('',#4409,#4410,#3702,.T.);
#5477=EDGE_CURVE('',#4411,#4409,#1803,.T.);
#5478=EDGE_CURVE('',#4412,#4411,#3703,.T.);
#5479=EDGE_CURVE('',#4413,#4412,#1804,.T.);
#5480=EDGE_CURVE('',#4414,#4413,#3704,.T.);
#5481=EDGE_CURVE('',#4415,#4414,#1805,.T.);
#5482=EDGE_CURVE('',#4416,#4415,#3705,.T.);
#5483=EDGE_CURVE('',#4410,#4416,#1806,.T.);
#5484=EDGE_CURVE('',#4417,#4418,#3706,.T.);
#5485=EDGE_CURVE('',#4419,#4417,#1807,.T.);
#5486=EDGE_CURVE('',#4420,#4419,#3707,.T.);
#5487=EDGE_CURVE('',#4421,#4420,#1808,.T.);
#5488=EDGE_CURVE('',#4422,#4421,#3708,.T.);
#5489=EDGE_CURVE('',#4423,#4422,#1809,.T.);
#5490=EDGE_CURVE('',#4424,#4423,#3709,.T.);
#5491=EDGE_CURVE('',#4418,#4424,#1810,.T.);
#5492=EDGE_CURVE('',#4425,#4426,#3710,.T.);
#5493=EDGE_CURVE('',#4427,#4425,#1811,.T.);
#5494=EDGE_CURVE('',#4428,#4427,#3711,.T.);
#5495=EDGE_CURVE('',#4429,#4428,#1812,.T.);
#5496=EDGE_CURVE('',#4430,#4429,#3712,.T.);
#5497=EDGE_CURVE('',#4431,#4430,#1813,.T.);
#5498=EDGE_CURVE('',#4432,#4431,#3713,.T.);
#5499=EDGE_CURVE('',#4426,#4432,#1814,.T.);
#5500=EDGE_CURVE('',#4433,#4434,#3714,.T.);
#5501=EDGE_CURVE('',#4435,#4433,#1815,.T.);
#5502=EDGE_CURVE('',#4436,#4435,#3715,.T.);
#5503=EDGE_CURVE('',#4437,#4436,#1816,.T.);
#5504=EDGE_CURVE('',#4438,#4437,#3716,.T.);
#5505=EDGE_CURVE('',#4439,#4438,#1817,.T.);
#5506=EDGE_CURVE('',#4440,#4439,#3717,.T.);
#5507=EDGE_CURVE('',#4434,#4440,#1818,.T.);
#5508=EDGE_CURVE('',#4441,#4442,#3718,.T.);
#5509=EDGE_CURVE('',#4443,#4441,#1819,.T.);
#5510=EDGE_CURVE('',#4444,#4443,#3719,.T.);
#5511=EDGE_CURVE('',#4445,#4444,#1820,.T.);
#5512=EDGE_CURVE('',#4446,#4445,#3720,.T.);
#5513=EDGE_CURVE('',#4447,#4446,#1821,.T.);
#5514=EDGE_CURVE('',#4448,#4447,#3721,.T.);
#5515=EDGE_CURVE('',#4442,#4448,#1822,.T.);
#5516=EDGE_CURVE('',#4449,#4450,#3722,.T.);
#5517=EDGE_CURVE('',#4451,#4449,#1823,.T.);
#5518=EDGE_CURVE('',#4452,#4451,#3723,.T.);
#5519=EDGE_CURVE('',#4453,#4452,#1824,.T.);
#5520=EDGE_CURVE('',#4454,#4453,#3724,.T.);
#5521=EDGE_CURVE('',#4455,#4454,#1825,.T.);
#5522=EDGE_CURVE('',#4456,#4455,#3725,.T.);
#5523=EDGE_CURVE('',#4450,#4456,#1826,.T.);
#5524=EDGE_CURVE('',#4457,#4458,#3726,.T.);
#5525=EDGE_CURVE('',#4459,#4457,#1827,.T.);
#5526=EDGE_CURVE('',#4460,#4459,#3727,.T.);
#5527=EDGE_CURVE('',#4461,#4460,#1828,.T.);
#5528=EDGE_CURVE('',#4462,#4461,#3728,.T.);
#5529=EDGE_CURVE('',#4463,#4462,#1829,.T.);
#5530=EDGE_CURVE('',#4464,#4463,#3729,.T.);
#5531=EDGE_CURVE('',#4458,#4464,#1830,.T.);
#5532=EDGE_CURVE('',#4465,#4466,#3730,.T.);
#5533=EDGE_CURVE('',#4467,#4465,#1831,.T.);
#5534=EDGE_CURVE('',#4468,#4467,#3731,.T.);
#5535=EDGE_CURVE('',#4469,#4468,#1832,.T.);
#5536=EDGE_CURVE('',#4470,#4469,#3732,.T.);
#5537=EDGE_CURVE('',#4471,#4470,#1833,.T.);
#5538=EDGE_CURVE('',#4472,#4471,#3733,.T.);
#5539=EDGE_CURVE('',#4466,#4472,#1834,.T.);
#5540=EDGE_CURVE('',#4473,#4474,#3734,.T.);
#5541=EDGE_CURVE('',#4475,#4473,#1835,.T.);
#5542=EDGE_CURVE('',#4476,#4475,#3735,.T.);
#5543=EDGE_CURVE('',#4477,#4476,#1836,.T.);
#5544=EDGE_CURVE('',#4478,#4477,#3736,.T.);
#5545=EDGE_CURVE('',#4479,#4478,#1837,.T.);
#5546=EDGE_CURVE('',#4480,#4479,#3737,.T.);
#5547=EDGE_CURVE('',#4474,#4480,#1838,.T.);
#5548=EDGE_CURVE('',#4481,#4482,#3738,.T.);
#5549=EDGE_CURVE('',#4483,#4481,#1839,.T.);
#5550=EDGE_CURVE('',#4484,#4483,#3739,.T.);
#5551=EDGE_CURVE('',#4485,#4484,#1840,.T.);
#5552=EDGE_CURVE('',#4486,#4485,#3740,.T.);
#5553=EDGE_CURVE('',#4487,#4486,#1841,.T.);
#5554=EDGE_CURVE('',#4488,#4487,#3741,.T.);
#5555=EDGE_CURVE('',#4482,#4488,#1842,.T.);
#5556=EDGE_CURVE('',#4489,#4490,#3742,.T.);
#5557=EDGE_CURVE('',#4491,#4489,#1843,.T.);
#5558=EDGE_CURVE('',#4492,#4491,#3743,.T.);
#5559=EDGE_CURVE('',#4493,#4492,#1844,.T.);
#5560=EDGE_CURVE('',#4494,#4493,#3744,.T.);
#5561=EDGE_CURVE('',#4495,#4494,#1845,.T.);
#5562=EDGE_CURVE('',#4496,#4495,#3745,.T.);
#5563=EDGE_CURVE('',#4490,#4496,#1846,.T.);
#5564=EDGE_CURVE('',#4497,#4498,#3746,.T.);
#5565=EDGE_CURVE('',#4499,#4497,#1847,.T.);
#5566=EDGE_CURVE('',#4500,#4499,#3747,.T.);
#5567=EDGE_CURVE('',#4501,#4500,#1848,.T.);
#5568=EDGE_CURVE('',#4502,#4501,#3748,.T.);
#5569=EDGE_CURVE('',#4503,#4502,#1849,.T.);
#5570=EDGE_CURVE('',#4504,#4503,#3749,.T.);
#5571=EDGE_CURVE('',#4498,#4504,#1850,.T.);
#5572=EDGE_CURVE('',#4505,#4506,#3750,.T.);
#5573=EDGE_CURVE('',#4507,#4505,#1851,.T.);
#5574=EDGE_CURVE('',#4508,#4507,#3751,.T.);
#5575=EDGE_CURVE('',#4509,#4508,#1852,.T.);
#5576=EDGE_CURVE('',#4510,#4509,#3752,.T.);
#5577=EDGE_CURVE('',#4511,#4510,#1853,.T.);
#5578=EDGE_CURVE('',#4512,#4511,#3753,.T.);
#5579=EDGE_CURVE('',#4506,#4512,#1854,.T.);
#5580=EDGE_CURVE('',#4513,#4514,#3754,.T.);
#5581=EDGE_CURVE('',#4515,#4513,#1855,.T.);
#5582=EDGE_CURVE('',#4516,#4515,#3755,.T.);
#5583=EDGE_CURVE('',#4517,#4516,#1856,.T.);
#5584=EDGE_CURVE('',#4518,#4517,#3756,.T.);
#5585=EDGE_CURVE('',#4519,#4518,#1857,.T.);
#5586=EDGE_CURVE('',#4520,#4519,#3757,.T.);
#5587=EDGE_CURVE('',#4514,#4520,#1858,.T.);
#5588=EDGE_CURVE('',#4521,#4522,#3758,.T.);
#5589=EDGE_CURVE('',#4523,#4521,#1859,.T.);
#5590=EDGE_CURVE('',#4524,#4523,#3759,.T.);
#5591=EDGE_CURVE('',#4525,#4524,#1860,.T.);
#5592=EDGE_CURVE('',#4526,#4525,#3760,.T.);
#5593=EDGE_CURVE('',#4527,#4526,#1861,.T.);
#5594=EDGE_CURVE('',#4528,#4527,#3761,.T.);
#5595=EDGE_CURVE('',#4522,#4528,#1862,.T.);
#5596=EDGE_CURVE('',#4529,#4530,#3762,.T.);
#5597=EDGE_CURVE('',#4531,#4529,#1863,.T.);
#5598=EDGE_CURVE('',#4532,#4531,#3763,.T.);
#5599=EDGE_CURVE('',#4533,#4532,#1864,.T.);
#5600=EDGE_CURVE('',#4534,#4533,#3764,.T.);
#5601=EDGE_CURVE('',#4535,#4534,#1865,.T.);
#5602=EDGE_CURVE('',#4536,#4535,#3765,.T.);
#5603=EDGE_CURVE('',#4530,#4536,#1866,.T.);
#5604=EDGE_CURVE('',#4175,#4537,#1867,.T.);
#5605=EDGE_CURVE('',#4537,#4538,#3766,.T.);
#5606=EDGE_CURVE('',#4538,#4539,#1868,.T.);
#5607=EDGE_CURVE('',#4539,#4540,#3767,.T.);
#5608=EDGE_CURVE('',#4540,#4541,#1869,.T.);
#5609=EDGE_CURVE('',#4541,#4542,#3768,.T.);
#5610=EDGE_CURVE('',#4542,#4543,#1870,.T.);
#5611=EDGE_CURVE('',#4543,#4544,#1871,.T.);
#5612=EDGE_CURVE('',#4544,#4545,#3769,.T.);
#5613=EDGE_CURVE('',#4545,#4546,#1872,.T.);
#5614=EDGE_CURVE('',#4546,#4547,#1873,.T.);
#5615=EDGE_CURVE('',#4547,#4548,#3770,.T.);
#5616=EDGE_CURVE('',#4548,#4549,#1874,.T.);
#5617=EDGE_CURVE('',#4549,#4550,#3771,.T.);
#5618=EDGE_CURVE('',#4550,#4551,#1875,.T.);
#5619=EDGE_CURVE('',#4551,#4552,#3772,.T.);
#5620=EDGE_CURVE('',#4552,#4163,#1876,.T.);
#5621=EDGE_CURVE('',#4174,#4553,#1877,.T.);
#5622=EDGE_CURVE('',#4554,#4553,#3773,.T.);
#5623=EDGE_CURVE('',#4554,#4555,#1878,.T.);
#5624=EDGE_CURVE('',#4555,#4556,#1879,.T.);
#5625=EDGE_CURVE('',#4556,#4557,#1880,.T.);
#5626=EDGE_CURVE('',#4558,#4557,#3774,.T.);
#5627=EDGE_CURVE('',#4558,#4559,#1881,.T.);
#5628=EDGE_CURVE('',#4560,#4559,#3775,.T.);
#5629=EDGE_CURVE('',#4560,#4561,#1882,.T.);
#5630=EDGE_CURVE('',#4562,#4561,#3776,.T.);
#5631=EDGE_CURVE('',#4562,#4563,#1883,.T.);
#5632=EDGE_CURVE('',#4564,#4563,#3777,.T.);
#5633=EDGE_CURVE('',#4564,#4565,#1884,.T.);
#5634=EDGE_CURVE('',#4565,#4566,#1885,.T.);
#5635=EDGE_CURVE('',#4566,#4567,#1886,.T.);
#5636=EDGE_CURVE('',#4568,#4567,#3778,.T.);
#5637=EDGE_CURVE('',#4568,#4569,#1887,.T.);
#5638=EDGE_CURVE('',#4570,#4569,#1888,.T.);
#5639=EDGE_CURVE('',#4571,#4570,#1889,.T.);
#5640=EDGE_CURVE('',#4572,#4571,#1890,.T.);
#5641=EDGE_CURVE('',#4573,#4572,#1891,.T.);
#5642=EDGE_CURVE('',#4574,#4573,#1892,.T.);
#5643=EDGE_CURVE('',#4575,#4574,#1893,.T.);
#5644=EDGE_CURVE('',#4576,#4575,#1894,.T.);
#5645=EDGE_CURVE('',#4176,#4576,#1895,.T.);
#5646=EDGE_CURVE('',#4577,#4578,#3779,.T.);
#5647=EDGE_CURVE('',#4578,#4579,#1896,.T.);
#5648=EDGE_CURVE('',#4579,#4580,#3780,.T.);
#5649=EDGE_CURVE('',#4580,#4581,#1897,.T.);
#5650=EDGE_CURVE('',#4581,#4582,#3781,.T.);
#5651=EDGE_CURVE('',#4582,#4583,#1898,.T.);
#5652=EDGE_CURVE('',#4583,#4584,#3782,.T.);
#5653=EDGE_CURVE('',#4584,#4577,#1899,.T.);
#5654=EDGE_CURVE('',#4585,#4586,#3783,.T.);
#5655=EDGE_CURVE('',#4586,#4587,#1900,.T.);
#5656=EDGE_CURVE('',#4587,#4588,#3784,.T.);
#5657=EDGE_CURVE('',#4588,#4589,#1901,.T.);
#5658=EDGE_CURVE('',#4589,#4590,#3785,.T.);
#5659=EDGE_CURVE('',#4590,#4591,#1902,.T.);
#5660=EDGE_CURVE('',#4591,#4592,#3786,.T.);
#5661=EDGE_CURVE('',#4592,#4585,#1903,.T.);
#5662=EDGE_CURVE('',#4593,#4594,#3787,.T.);
#5663=EDGE_CURVE('',#4594,#4595,#1904,.T.);
#5664=EDGE_CURVE('',#4595,#4596,#3788,.T.);
#5665=EDGE_CURVE('',#4596,#4597,#1905,.T.);
#5666=EDGE_CURVE('',#4597,#4598,#3789,.T.);
#5667=EDGE_CURVE('',#4598,#4599,#1906,.T.);
#5668=EDGE_CURVE('',#4599,#4600,#3790,.T.);
#5669=EDGE_CURVE('',#4600,#4593,#1907,.T.);
#5670=EDGE_CURVE('',#4601,#4602,#3791,.T.);
#5671=EDGE_CURVE('',#4602,#4603,#1908,.T.);
#5672=EDGE_CURVE('',#4603,#4604,#3792,.T.);
#5673=EDGE_CURVE('',#4604,#4605,#1909,.T.);
#5674=EDGE_CURVE('',#4605,#4606,#3793,.T.);
#5675=EDGE_CURVE('',#4606,#4607,#1910,.T.);
#5676=EDGE_CURVE('',#4607,#4608,#3794,.T.);
#5677=EDGE_CURVE('',#4608,#4601,#1911,.T.);
#5678=EDGE_CURVE('',#4609,#4610,#3795,.T.);
#5679=EDGE_CURVE('',#4610,#4611,#1912,.T.);
#5680=EDGE_CURVE('',#4611,#4612,#3796,.T.);
#5681=EDGE_CURVE('',#4612,#4613,#1913,.T.);
#5682=EDGE_CURVE('',#4613,#4614,#3797,.T.);
#5683=EDGE_CURVE('',#4614,#4615,#1914,.T.);
#5684=EDGE_CURVE('',#4615,#4616,#3798,.T.);
#5685=EDGE_CURVE('',#4616,#4609,#1915,.T.);
#5686=EDGE_CURVE('',#4617,#4618,#3799,.T.);
#5687=EDGE_CURVE('',#4618,#4619,#1916,.T.);
#5688=EDGE_CURVE('',#4619,#4620,#3800,.T.);
#5689=EDGE_CURVE('',#4620,#4621,#1917,.T.);
#5690=EDGE_CURVE('',#4621,#4622,#3801,.T.);
#5691=EDGE_CURVE('',#4622,#4623,#1918,.T.);
#5692=EDGE_CURVE('',#4623,#4624,#3802,.T.);
#5693=EDGE_CURVE('',#4624,#4617,#1919,.T.);
#5694=EDGE_CURVE('',#4625,#4626,#3803,.T.);
#5695=EDGE_CURVE('',#4626,#4627,#1920,.T.);
#5696=EDGE_CURVE('',#4627,#4628,#3804,.T.);
#5697=EDGE_CURVE('',#4628,#4629,#1921,.T.);
#5698=EDGE_CURVE('',#4629,#4630,#3805,.T.);
#5699=EDGE_CURVE('',#4630,#4631,#1922,.T.);
#5700=EDGE_CURVE('',#4631,#4632,#3806,.T.);
#5701=EDGE_CURVE('',#4632,#4625,#1923,.T.);
#5702=EDGE_CURVE('',#4633,#4634,#3807,.T.);
#5703=EDGE_CURVE('',#4634,#4635,#1924,.T.);
#5704=EDGE_CURVE('',#4635,#4636,#3808,.T.);
#5705=EDGE_CURVE('',#4636,#4637,#1925,.T.);
#5706=EDGE_CURVE('',#4637,#4638,#3809,.T.);
#5707=EDGE_CURVE('',#4638,#4639,#1926,.T.);
#5708=EDGE_CURVE('',#4639,#4640,#3810,.T.);
#5709=EDGE_CURVE('',#4640,#4633,#1927,.T.);
#5710=EDGE_CURVE('',#4641,#4642,#3811,.T.);
#5711=EDGE_CURVE('',#4642,#4643,#1928,.T.);
#5712=EDGE_CURVE('',#4643,#4644,#3812,.T.);
#5713=EDGE_CURVE('',#4644,#4645,#1929,.T.);
#5714=EDGE_CURVE('',#4645,#4646,#3813,.T.);
#5715=EDGE_CURVE('',#4646,#4647,#1930,.T.);
#5716=EDGE_CURVE('',#4647,#4648,#3814,.T.);
#5717=EDGE_CURVE('',#4648,#4641,#1931,.T.);
#5718=EDGE_CURVE('',#4161,#4649,#1932,.T.);
#5719=EDGE_CURVE('',#4649,#4650,#3815,.T.);
#5720=EDGE_CURVE('',#4650,#4651,#1933,.T.);
#5721=EDGE_CURVE('',#4651,#4652,#3816,.T.);
#5722=EDGE_CURVE('',#4652,#4653,#1934,.T.);
#5723=EDGE_CURVE('',#4653,#4654,#3817,.T.);
#5724=EDGE_CURVE('',#4654,#4655,#1935,.T.);
#5725=EDGE_CURVE('',#4655,#4656,#3818,.T.);
#5726=EDGE_CURVE('',#4656,#4657,#1936,.T.);
#5727=EDGE_CURVE('',#4657,#4658,#3819,.T.);
#5728=EDGE_CURVE('',#4658,#4659,#1937,.T.);
#5729=EDGE_CURVE('',#4659,#4660,#3820,.T.);
#5730=EDGE_CURVE('',#4660,#4661,#1938,.T.);
#5731=EDGE_CURVE('',#4661,#4662,#1939,.T.);
#5732=EDGE_CURVE('',#4662,#4663,#3821,.T.);
#5733=EDGE_CURVE('',#4663,#4664,#1940,.T.);
#5734=EDGE_CURVE('',#4664,#4665,#1941,.T.);
#5735=EDGE_CURVE('',#4665,#4666,#3822,.T.);
#5736=EDGE_CURVE('',#4666,#4667,#1942,.T.);
#5737=EDGE_CURVE('',#4667,#4668,#3823,.T.);
#5738=EDGE_CURVE('',#4668,#4669,#1943,.T.);
#5739=EDGE_CURVE('',#4669,#4670,#1944,.T.);
#5740=EDGE_CURVE('',#4670,#4671,#3824,.T.);
#5741=EDGE_CURVE('',#4671,#4672,#1945,.T.);
#5742=EDGE_CURVE('',#4672,#4673,#1946,.T.);
#5743=EDGE_CURVE('',#4673,#4674,#3825,.T.);
#5744=EDGE_CURVE('',#4674,#4675,#1947,.T.);
#5745=EDGE_CURVE('',#4675,#4676,#3826,.T.);
#5746=EDGE_CURVE('',#4676,#4677,#1948,.T.);
#5747=EDGE_CURVE('',#4677,#4132,#3827,.T.);
#5748=EDGE_CURVE('',#4678,#4679,#3828,.T.);
#5749=EDGE_CURVE('',#4679,#4680,#1949,.T.);
#5750=EDGE_CURVE('',#4680,#4681,#3829,.T.);
#5751=EDGE_CURVE('',#4681,#4682,#1950,.T.);
#5752=EDGE_CURVE('',#4682,#4683,#3830,.T.);
#5753=EDGE_CURVE('',#4683,#4684,#1951,.T.);
#5754=EDGE_CURVE('',#4684,#4685,#3831,.T.);
#5755=EDGE_CURVE('',#4685,#4678,#1952,.T.);
#5756=EDGE_CURVE('',#4686,#4687,#3832,.T.);
#5757=EDGE_CURVE('',#4687,#4688,#1953,.T.);
#5758=EDGE_CURVE('',#4688,#4689,#3833,.T.);
#5759=EDGE_CURVE('',#4689,#4690,#1954,.T.);
#5760=EDGE_CURVE('',#4690,#4691,#3834,.T.);
#5761=EDGE_CURVE('',#4691,#4692,#1955,.T.);
#5762=EDGE_CURVE('',#4692,#4693,#3835,.T.);
#5763=EDGE_CURVE('',#4693,#4686,#1956,.T.);
#5764=EDGE_CURVE('',#4694,#4695,#3836,.T.);
#5765=EDGE_CURVE('',#4695,#4696,#1957,.T.);
#5766=EDGE_CURVE('',#4696,#4697,#3837,.T.);
#5767=EDGE_CURVE('',#4697,#4698,#1958,.T.);
#5768=EDGE_CURVE('',#4698,#4699,#3838,.T.);
#5769=EDGE_CURVE('',#4699,#4700,#1959,.T.);
#5770=EDGE_CURVE('',#4700,#4701,#3839,.T.);
#5771=EDGE_CURVE('',#4701,#4694,#1960,.T.);
#5772=EDGE_CURVE('',#4702,#4703,#3840,.T.);
#5773=EDGE_CURVE('',#4703,#4704,#1961,.T.);
#5774=EDGE_CURVE('',#4704,#4705,#3841,.T.);
#5775=EDGE_CURVE('',#4705,#4706,#1962,.T.);
#5776=EDGE_CURVE('',#4706,#4707,#3842,.T.);
#5777=EDGE_CURVE('',#4707,#4708,#1963,.T.);
#5778=EDGE_CURVE('',#4708,#4709,#3843,.T.);
#5779=EDGE_CURVE('',#4709,#4702,#1964,.T.);
#5780=EDGE_CURVE('',#4710,#4711,#3844,.T.);
#5781=EDGE_CURVE('',#4711,#4712,#1965,.T.);
#5782=EDGE_CURVE('',#4712,#4713,#3845,.T.);
#5783=EDGE_CURVE('',#4713,#4714,#1966,.T.);
#5784=EDGE_CURVE('',#4714,#4715,#3846,.T.);
#5785=EDGE_CURVE('',#4715,#4716,#1967,.T.);
#5786=EDGE_CURVE('',#4716,#4717,#3847,.T.);
#5787=EDGE_CURVE('',#4717,#4710,#1968,.T.);
#5788=EDGE_CURVE('',#4718,#4719,#3848,.T.);
#5789=EDGE_CURVE('',#4719,#4720,#1969,.T.);
#5790=EDGE_CURVE('',#4720,#4721,#3849,.T.);
#5791=EDGE_CURVE('',#4721,#4722,#1970,.T.);
#5792=EDGE_CURVE('',#4722,#4723,#3850,.T.);
#5793=EDGE_CURVE('',#4723,#4724,#1971,.T.);
#5794=EDGE_CURVE('',#4724,#4725,#3851,.T.);
#5795=EDGE_CURVE('',#4725,#4718,#1972,.T.);
#5796=EDGE_CURVE('',#4726,#4727,#3852,.T.);
#5797=EDGE_CURVE('',#4727,#4728,#1973,.T.);
#5798=EDGE_CURVE('',#4728,#4729,#3853,.T.);
#5799=EDGE_CURVE('',#4729,#4730,#1974,.T.);
#5800=EDGE_CURVE('',#4730,#4731,#3854,.T.);
#5801=EDGE_CURVE('',#4731,#4732,#1975,.T.);
#5802=EDGE_CURVE('',#4732,#4733,#3855,.T.);
#5803=EDGE_CURVE('',#4733,#4726,#1976,.T.);
#5804=EDGE_CURVE('',#4734,#4735,#3856,.T.);
#5805=EDGE_CURVE('',#4735,#4736,#1977,.T.);
#5806=EDGE_CURVE('',#4736,#4737,#3857,.T.);
#5807=EDGE_CURVE('',#4737,#4738,#1978,.T.);
#5808=EDGE_CURVE('',#4738,#4739,#3858,.T.);
#5809=EDGE_CURVE('',#4739,#4740,#1979,.T.);
#5810=EDGE_CURVE('',#4740,#4741,#3859,.T.);
#5811=EDGE_CURVE('',#4741,#4734,#1980,.T.);
#5812=EDGE_CURVE('',#4742,#4743,#3860,.T.);
#5813=EDGE_CURVE('',#4743,#4744,#1981,.T.);
#5814=EDGE_CURVE('',#4744,#4745,#3861,.T.);
#5815=EDGE_CURVE('',#4745,#4746,#1982,.T.);
#5816=EDGE_CURVE('',#4746,#4747,#3862,.T.);
#5817=EDGE_CURVE('',#4747,#4748,#1983,.T.);
#5818=EDGE_CURVE('',#4748,#4749,#3863,.T.);
#5819=EDGE_CURVE('',#4749,#4742,#1984,.T.);
#5820=EDGE_CURVE('',#4750,#4751,#3864,.T.);
#5821=EDGE_CURVE('',#4751,#4752,#1985,.T.);
#5822=EDGE_CURVE('',#4752,#4753,#3865,.T.);
#5823=EDGE_CURVE('',#4753,#4754,#1986,.T.);
#5824=EDGE_CURVE('',#4754,#4755,#3866,.T.);
#5825=EDGE_CURVE('',#4755,#4756,#1987,.T.);
#5826=EDGE_CURVE('',#4756,#4757,#3867,.T.);
#5827=EDGE_CURVE('',#4757,#4750,#1988,.T.);
#5828=EDGE_CURVE('',#4758,#4759,#3868,.T.);
#5829=EDGE_CURVE('',#4759,#4760,#1989,.T.);
#5830=EDGE_CURVE('',#4760,#4761,#3869,.T.);
#5831=EDGE_CURVE('',#4761,#4762,#1990,.T.);
#5832=EDGE_CURVE('',#4762,#4763,#3870,.T.);
#5833=EDGE_CURVE('',#4763,#4764,#1991,.T.);
#5834=EDGE_CURVE('',#4764,#4765,#3871,.T.);
#5835=EDGE_CURVE('',#4765,#4758,#1992,.T.);
#5836=EDGE_CURVE('',#4766,#4767,#3872,.T.);
#5837=EDGE_CURVE('',#4767,#4768,#1993,.T.);
#5838=EDGE_CURVE('',#4768,#4769,#3873,.T.);
#5839=EDGE_CURVE('',#4769,#4770,#1994,.T.);
#5840=EDGE_CURVE('',#4770,#4771,#3874,.T.);
#5841=EDGE_CURVE('',#4771,#4772,#1995,.T.);
#5842=EDGE_CURVE('',#4772,#4773,#3875,.T.);
#5843=EDGE_CURVE('',#4773,#4766,#1996,.T.);
#5844=EDGE_CURVE('',#4774,#4775,#3876,.T.);
#5845=EDGE_CURVE('',#4775,#4776,#1997,.T.);
#5846=EDGE_CURVE('',#4776,#4777,#3877,.T.);
#5847=EDGE_CURVE('',#4777,#4778,#1998,.T.);
#5848=EDGE_CURVE('',#4778,#4779,#3878,.T.);
#5849=EDGE_CURVE('',#4779,#4780,#1999,.T.);
#5850=EDGE_CURVE('',#4780,#4781,#3879,.T.);
#5851=EDGE_CURVE('',#4781,#4774,#2000,.T.);
#5852=EDGE_CURVE('',#4782,#4783,#3880,.T.);
#5853=EDGE_CURVE('',#4783,#4784,#2001,.T.);
#5854=EDGE_CURVE('',#4784,#4785,#3881,.T.);
#5855=EDGE_CURVE('',#4785,#4786,#2002,.T.);
#5856=EDGE_CURVE('',#4786,#4787,#3882,.T.);
#5857=EDGE_CURVE('',#4787,#4788,#2003,.T.);
#5858=EDGE_CURVE('',#4788,#4789,#3883,.T.);
#5859=EDGE_CURVE('',#4789,#4782,#2004,.T.);
#5860=EDGE_CURVE('',#4790,#4791,#3884,.T.);
#5861=EDGE_CURVE('',#4791,#4792,#2005,.T.);
#5862=EDGE_CURVE('',#4792,#4793,#3885,.T.);
#5863=EDGE_CURVE('',#4793,#4794,#2006,.T.);
#5864=EDGE_CURVE('',#4794,#4795,#3886,.T.);
#5865=EDGE_CURVE('',#4795,#4796,#2007,.T.);
#5866=EDGE_CURVE('',#4796,#4797,#3887,.T.);
#5867=EDGE_CURVE('',#4797,#4790,#2008,.T.);
#5868=EDGE_CURVE('',#4798,#4799,#3888,.T.);
#5869=EDGE_CURVE('',#4799,#4800,#2009,.T.);
#5870=EDGE_CURVE('',#4800,#4801,#3889,.T.);
#5871=EDGE_CURVE('',#4801,#4802,#2010,.T.);
#5872=EDGE_CURVE('',#4802,#4803,#3890,.T.);
#5873=EDGE_CURVE('',#4803,#4804,#2011,.T.);
#5874=EDGE_CURVE('',#4804,#4805,#3891,.T.);
#5875=EDGE_CURVE('',#4805,#4798,#2012,.T.);
#5876=EDGE_CURVE('',#4806,#4807,#3892,.T.);
#5877=EDGE_CURVE('',#4807,#4808,#2013,.T.);
#5878=EDGE_CURVE('',#4808,#4809,#3893,.T.);
#5879=EDGE_CURVE('',#4809,#4810,#2014,.T.);
#5880=EDGE_CURVE('',#4810,#4811,#3894,.T.);
#5881=EDGE_CURVE('',#4811,#4812,#2015,.T.);
#5882=EDGE_CURVE('',#4812,#4813,#3895,.T.);
#5883=EDGE_CURVE('',#4813,#4806,#2016,.T.);
#5884=EDGE_CURVE('',#4814,#4815,#3896,.T.);
#5885=EDGE_CURVE('',#4815,#4816,#2017,.T.);
#5886=EDGE_CURVE('',#4816,#4817,#3897,.T.);
#5887=EDGE_CURVE('',#4817,#4818,#2018,.T.);
#5888=EDGE_CURVE('',#4818,#4819,#3898,.T.);
#5889=EDGE_CURVE('',#4819,#4820,#2019,.T.);
#5890=EDGE_CURVE('',#4820,#4821,#3899,.T.);
#5891=EDGE_CURVE('',#4821,#4814,#2020,.T.);
#5892=EDGE_CURVE('',#4822,#4823,#3900,.T.);
#5893=EDGE_CURVE('',#4823,#4824,#2021,.T.);
#5894=EDGE_CURVE('',#4824,#4825,#3901,.T.);
#5895=EDGE_CURVE('',#4825,#4826,#2022,.T.);
#5896=EDGE_CURVE('',#4826,#4827,#3902,.T.);
#5897=EDGE_CURVE('',#4827,#4828,#2023,.T.);
#5898=EDGE_CURVE('',#4828,#4829,#3903,.T.);
#5899=EDGE_CURVE('',#4829,#4822,#2024,.T.);
#5900=EDGE_CURVE('',#4830,#4831,#3904,.T.);
#5901=EDGE_CURVE('',#4831,#4832,#2025,.T.);
#5902=EDGE_CURVE('',#4832,#4833,#3905,.T.);
#5903=EDGE_CURVE('',#4833,#4834,#2026,.T.);
#5904=EDGE_CURVE('',#4834,#4835,#3906,.T.);
#5905=EDGE_CURVE('',#4835,#4836,#2027,.T.);
#5906=EDGE_CURVE('',#4836,#4837,#3907,.T.);
#5907=EDGE_CURVE('',#4837,#4830,#2028,.T.);
#5908=EDGE_CURVE('',#4838,#4839,#3908,.T.);
#5909=EDGE_CURVE('',#4839,#4840,#2029,.T.);
#5910=EDGE_CURVE('',#4840,#4841,#3909,.T.);
#5911=EDGE_CURVE('',#4841,#4842,#2030,.T.);
#5912=EDGE_CURVE('',#4842,#4843,#3910,.T.);
#5913=EDGE_CURVE('',#4843,#4844,#2031,.T.);
#5914=EDGE_CURVE('',#4844,#4845,#3911,.T.);
#5915=EDGE_CURVE('',#4845,#4838,#2032,.T.);
#5916=EDGE_CURVE('',#4846,#4847,#3912,.T.);
#5917=EDGE_CURVE('',#4847,#4848,#2033,.T.);
#5918=EDGE_CURVE('',#4848,#4849,#3913,.T.);
#5919=EDGE_CURVE('',#4849,#4850,#2034,.T.);
#5920=EDGE_CURVE('',#4850,#4851,#3914,.T.);
#5921=EDGE_CURVE('',#4851,#4852,#2035,.T.);
#5922=EDGE_CURVE('',#4852,#4853,#3915,.T.);
#5923=EDGE_CURVE('',#4853,#4846,#2036,.T.);
#5924=EDGE_CURVE('',#4854,#4855,#3916,.T.);
#5925=EDGE_CURVE('',#4855,#4856,#2037,.T.);
#5926=EDGE_CURVE('',#4856,#4857,#3917,.T.);
#5927=EDGE_CURVE('',#4857,#4858,#2038,.T.);
#5928=EDGE_CURVE('',#4858,#4859,#3918,.T.);
#5929=EDGE_CURVE('',#4859,#4860,#2039,.T.);
#5930=EDGE_CURVE('',#4860,#4861,#3919,.T.);
#5931=EDGE_CURVE('',#4861,#4854,#2040,.T.);
#5932=EDGE_CURVE('',#4208,#4862,#2041,.T.);
#5933=EDGE_CURVE('',#4862,#4863,#3920,.T.);
#5934=EDGE_CURVE('',#4863,#4864,#2042,.T.);
#5935=EDGE_CURVE('',#4864,#4865,#3921,.T.);
#5936=EDGE_CURVE('',#4865,#4866,#2043,.T.);
#5937=EDGE_CURVE('',#4866,#4867,#3922,.T.);
#5938=EDGE_CURVE('',#4867,#4868,#2044,.T.);
#5939=EDGE_CURVE('',#4868,#4869,#3923,.T.);
#5940=EDGE_CURVE('',#4869,#4870,#2045,.T.);
#5941=EDGE_CURVE('',#4870,#4871,#3924,.T.);
#5942=EDGE_CURVE('',#4871,#4872,#2046,.T.);
#5943=EDGE_CURVE('',#4872,#4873,#3925,.T.);
#5944=EDGE_CURVE('',#4873,#4874,#2047,.T.);
#5945=EDGE_CURVE('',#4874,#4875,#2048,.T.);
#5946=EDGE_CURVE('',#4875,#4876,#3926,.T.);
#5947=EDGE_CURVE('',#4876,#4877,#2049,.T.);
#5948=EDGE_CURVE('',#4877,#4878,#2050,.T.);
#5949=EDGE_CURVE('',#4878,#4879,#3927,.T.);
#5950=EDGE_CURVE('',#4879,#4880,#2051,.T.);
#5951=EDGE_CURVE('',#4880,#4881,#3928,.T.);
#5952=EDGE_CURVE('',#4881,#4882,#2052,.T.);
#5953=EDGE_CURVE('',#4882,#4883,#2053,.T.);
#5954=EDGE_CURVE('',#4883,#4884,#3929,.T.);
#5955=EDGE_CURVE('',#4884,#4885,#2054,.T.);
#5956=EDGE_CURVE('',#4885,#4886,#2055,.T.);
#5957=EDGE_CURVE('',#4886,#4887,#3930,.T.);
#5958=EDGE_CURVE('',#4887,#4888,#2056,.T.);
#5959=EDGE_CURVE('',#4888,#4889,#3931,.T.);
#5960=EDGE_CURVE('',#4889,#4890,#2057,.T.);
#5961=EDGE_CURVE('',#4890,#4179,#3932,.T.);
#5962=EDGE_CURVE('',#4891,#4892,#3933,.T.);
#5963=EDGE_CURVE('',#4892,#4893,#2058,.T.);
#5964=EDGE_CURVE('',#4893,#4894,#3934,.T.);
#5965=EDGE_CURVE('',#4894,#4895,#2059,.T.);
#5966=EDGE_CURVE('',#4895,#4896,#3935,.T.);
#5967=EDGE_CURVE('',#4896,#4897,#2060,.T.);
#5968=EDGE_CURVE('',#4897,#4898,#3936,.T.);
#5969=EDGE_CURVE('',#4898,#4891,#2061,.T.);
#5970=EDGE_CURVE('',#4899,#4900,#3937,.T.);
#5971=EDGE_CURVE('',#4900,#4901,#2062,.T.);
#5972=EDGE_CURVE('',#4901,#4902,#3938,.T.);
#5973=EDGE_CURVE('',#4902,#4903,#2063,.T.);
#5974=EDGE_CURVE('',#4903,#4904,#3939,.T.);
#5975=EDGE_CURVE('',#4904,#4905,#2064,.T.);
#5976=EDGE_CURVE('',#4905,#4906,#3940,.T.);
#5977=EDGE_CURVE('',#4906,#4899,#2065,.T.);
#5978=EDGE_CURVE('',#4907,#4908,#3941,.T.);
#5979=EDGE_CURVE('',#4908,#4909,#2066,.T.);
#5980=EDGE_CURVE('',#4909,#4910,#3942,.T.);
#5981=EDGE_CURVE('',#4910,#4911,#2067,.T.);
#5982=EDGE_CURVE('',#4911,#4912,#3943,.T.);
#5983=EDGE_CURVE('',#4912,#4913,#2068,.T.);
#5984=EDGE_CURVE('',#4913,#4914,#3944,.T.);
#5985=EDGE_CURVE('',#4914,#4907,#2069,.T.);
#5986=EDGE_CURVE('',#4915,#4916,#3945,.T.);
#5987=EDGE_CURVE('',#4916,#4917,#2070,.T.);
#5988=EDGE_CURVE('',#4917,#4918,#3946,.T.);
#5989=EDGE_CURVE('',#4918,#4919,#2071,.T.);
#5990=EDGE_CURVE('',#4919,#4920,#3947,.T.);
#5991=EDGE_CURVE('',#4920,#4921,#2072,.T.);
#5992=EDGE_CURVE('',#4921,#4922,#3948,.T.);
#5993=EDGE_CURVE('',#4922,#4915,#2073,.T.);
#5994=EDGE_CURVE('',#4923,#4924,#3949,.T.);
#5995=EDGE_CURVE('',#4924,#4925,#2074,.T.);
#5996=EDGE_CURVE('',#4925,#4926,#3950,.T.);
#5997=EDGE_CURVE('',#4926,#4927,#2075,.T.);
#5998=EDGE_CURVE('',#4927,#4928,#3951,.T.);
#5999=EDGE_CURVE('',#4928,#4929,#2076,.T.);
#6000=EDGE_CURVE('',#4929,#4930,#3952,.T.);
#6001=EDGE_CURVE('',#4930,#4923,#2077,.T.);
#6002=EDGE_CURVE('',#4931,#4932,#3953,.T.);
#6003=EDGE_CURVE('',#4932,#4933,#2078,.T.);
#6004=EDGE_CURVE('',#4933,#4934,#3954,.T.);
#6005=EDGE_CURVE('',#4934,#4935,#2079,.T.);
#6006=EDGE_CURVE('',#4935,#4936,#3955,.T.);
#6007=EDGE_CURVE('',#4936,#4937,#2080,.T.);
#6008=EDGE_CURVE('',#4937,#4938,#3956,.T.);
#6009=EDGE_CURVE('',#4938,#4931,#2081,.T.);
#6010=EDGE_CURVE('',#4229,#4556,#2082,.T.);
#6011=EDGE_CURVE('',#4230,#4555,#2083,.T.);
#6012=EDGE_CURVE('',#4557,#4228,#2084,.T.);
#6013=EDGE_CURVE('',#4561,#4224,#2085,.T.);
#6014=EDGE_CURVE('',#4225,#4560,#2086,.T.);
#6015=EDGE_CURVE('',#4219,#4566,#2087,.T.);
#6016=EDGE_CURVE('',#4220,#4565,#2088,.T.);
#6017=EDGE_CURVE('',#4567,#4218,#2089,.T.);
#6018=EDGE_CURVE('',#4530,#4932,#2090,.T.);
#6019=EDGE_CURVE('',#4529,#4931,#2091,.T.);
#6020=EDGE_CURVE('',#4536,#4933,#2092,.T.);
#6021=EDGE_CURVE('',#4535,#4934,#2093,.T.);
#6022=EDGE_CURVE('',#4534,#4935,#2094,.T.);
#6023=EDGE_CURVE('',#4533,#4936,#2095,.T.);
#6024=EDGE_CURVE('',#4532,#4937,#2096,.T.);
#6025=EDGE_CURVE('',#4531,#4938,#2097,.T.);
#6026=EDGE_CURVE('',#4522,#4924,#2098,.T.);
#6027=EDGE_CURVE('',#4521,#4923,#2099,.T.);
#6028=EDGE_CURVE('',#4528,#4925,#2100,.T.);
#6029=EDGE_CURVE('',#4527,#4926,#2101,.T.);
#6030=EDGE_CURVE('',#4526,#4927,#2102,.T.);
#6031=EDGE_CURVE('',#4525,#4928,#2103,.T.);
#6032=EDGE_CURVE('',#4524,#4929,#2104,.T.);
#6033=EDGE_CURVE('',#4523,#4930,#2105,.T.);
#6034=EDGE_CURVE('',#4514,#4916,#2106,.T.);
#6035=EDGE_CURVE('',#4513,#4915,#2107,.T.);
#6036=EDGE_CURVE('',#4520,#4917,#2108,.T.);
#6037=EDGE_CURVE('',#4519,#4918,#2109,.T.);
#6038=EDGE_CURVE('',#4518,#4919,#2110,.T.);
#6039=EDGE_CURVE('',#4517,#4920,#2111,.T.);
#6040=EDGE_CURVE('',#4516,#4921,#2112,.T.);
#6041=EDGE_CURVE('',#4515,#4922,#2113,.T.);
#6042=EDGE_CURVE('',#4506,#4908,#2114,.T.);
#6043=EDGE_CURVE('',#4505,#4907,#2115,.T.);
#6044=EDGE_CURVE('',#4512,#4909,#2116,.T.);
#6045=EDGE_CURVE('',#4511,#4910,#2117,.T.);
#6046=EDGE_CURVE('',#4510,#4911,#2118,.T.);
#6047=EDGE_CURVE('',#4509,#4912,#2119,.T.);
#6048=EDGE_CURVE('',#4508,#4913,#2120,.T.);
#6049=EDGE_CURVE('',#4507,#4914,#2121,.T.);
#6050=EDGE_CURVE('',#4498,#4900,#2122,.T.);
#6051=EDGE_CURVE('',#4497,#4899,#2123,.T.);
#6052=EDGE_CURVE('',#4504,#4901,#2124,.T.);
#6053=EDGE_CURVE('',#4503,#4902,#2125,.T.);
#6054=EDGE_CURVE('',#4502,#4903,#2126,.T.);
#6055=EDGE_CURVE('',#4501,#4904,#2127,.T.);
#6056=EDGE_CURVE('',#4500,#4905,#2128,.T.);
#6057=EDGE_CURVE('',#4499,#4906,#2129,.T.);
#6058=EDGE_CURVE('',#4490,#4892,#2130,.T.);
#6059=EDGE_CURVE('',#4489,#4891,#2131,.T.);
#6060=EDGE_CURVE('',#4496,#4893,#2132,.T.);
#6061=EDGE_CURVE('',#4495,#4894,#2133,.T.);
#6062=EDGE_CURVE('',#4494,#4895,#2134,.T.);
#6063=EDGE_CURVE('',#4493,#4896,#2135,.T.);
#6064=EDGE_CURVE('',#4492,#4897,#2136,.T.);
#6065=EDGE_CURVE('',#4491,#4898,#2137,.T.);
#6066=EDGE_CURVE('',#4072,#4862,#2138,.T.);
#6067=EDGE_CURVE('',#4130,#4863,#2139,.T.);
#6068=EDGE_CURVE('',#4129,#4864,#2140,.T.);
#6069=EDGE_CURVE('',#4128,#4865,#2141,.T.);
#6070=EDGE_CURVE('',#4127,#4866,#2142,.T.);
#6071=EDGE_CURVE('',#4126,#4867,#2143,.T.);
#6072=EDGE_CURVE('',#4125,#4868,#2144,.T.);
#6073=EDGE_CURVE('',#4124,#4869,#2145,.T.);
#6074=EDGE_CURVE('',#4123,#4870,#2146,.T.);
#6075=EDGE_CURVE('',#4122,#4871,#2147,.T.);
#6076=EDGE_CURVE('',#4121,#4872,#2148,.T.);
#6077=EDGE_CURVE('',#4120,#4873,#2149,.T.);
#6078=EDGE_CURVE('',#4119,#4874,#2150,.T.);
#6079=EDGE_CURVE('',#4118,#4875,#2151,.T.);
#6080=EDGE_CURVE('',#4117,#4876,#2152,.T.);
#6081=EDGE_CURVE('',#4116,#4877,#2153,.T.);
#6082=EDGE_CURVE('',#4115,#4878,#2154,.T.);
#6083=EDGE_CURVE('',#4114,#4879,#2155,.T.);
#6084=EDGE_CURVE('',#4113,#4880,#2156,.T.);
#6085=EDGE_CURVE('',#4112,#4881,#2157,.T.);
#6086=EDGE_CURVE('',#4111,#4882,#2158,.T.);
#6087=EDGE_CURVE('',#4110,#4883,#2159,.T.);
#6088=EDGE_CURVE('',#4109,#4884,#2160,.T.);
#6089=EDGE_CURVE('',#4108,#4885,#2161,.T.);
#6090=EDGE_CURVE('',#4107,#4886,#2162,.T.);
#6091=EDGE_CURVE('',#4106,#4887,#2163,.T.);
#6092=EDGE_CURVE('',#4105,#4888,#2164,.T.);
#6093=EDGE_CURVE('',#4104,#4889,#2165,.T.);
#6094=EDGE_CURVE('',#4103,#4890,#2166,.T.);
#6095=EDGE_CURVE('',#4482,#4855,#2167,.T.);
#6096=EDGE_CURVE('',#4481,#4854,#2168,.T.);
#6097=EDGE_CURVE('',#4488,#4856,#2169,.T.);
#6098=EDGE_CURVE('',#4487,#4857,#2170,.T.);
#6099=EDGE_CURVE('',#4486,#4858,#2171,.T.);
#6100=EDGE_CURVE('',#4485,#4859,#2172,.T.);
#6101=EDGE_CURVE('',#4484,#4860,#2173,.T.);
#6102=EDGE_CURVE('',#4483,#4861,#2174,.T.);
#6103=EDGE_CURVE('',#4474,#4847,#2175,.T.);
#6104=EDGE_CURVE('',#4473,#4846,#2176,.T.);
#6105=EDGE_CURVE('',#4480,#4848,#2177,.T.);
#6106=EDGE_CURVE('',#4479,#4849,#2178,.T.);
#6107=EDGE_CURVE('',#4478,#4850,#2179,.T.);
#6108=EDGE_CURVE('',#4477,#4851,#2180,.T.);
#6109=EDGE_CURVE('',#4476,#4852,#2181,.T.);
#6110=EDGE_CURVE('',#4475,#4853,#2182,.T.);
#6111=EDGE_CURVE('',#4466,#4839,#2183,.T.);
#6112=EDGE_CURVE('',#4465,#4838,#2184,.T.);
#6113=EDGE_CURVE('',#4472,#4840,#2185,.T.);
#6114=EDGE_CURVE('',#4471,#4841,#2186,.T.);
#6115=EDGE_CURVE('',#4470,#4842,#2187,.T.);
#6116=EDGE_CURVE('',#4469,#4843,#2188,.T.);
#6117=EDGE_CURVE('',#4468,#4844,#2189,.T.);
#6118=EDGE_CURVE('',#4467,#4845,#2190,.T.);
#6119=EDGE_CURVE('',#4458,#4831,#2191,.T.);
#6120=EDGE_CURVE('',#4457,#4830,#2192,.T.);
#6121=EDGE_CURVE('',#4464,#4832,#2193,.T.);
#6122=EDGE_CURVE('',#4463,#4833,#2194,.T.);
#6123=EDGE_CURVE('',#4462,#4834,#2195,.T.);
#6124=EDGE_CURVE('',#4461,#4835,#2196,.T.);
#6125=EDGE_CURVE('',#4460,#4836,#2197,.T.);
#6126=EDGE_CURVE('',#4459,#4837,#2198,.T.);
#6127=EDGE_CURVE('',#4450,#4823,#2199,.T.);
#6128=EDGE_CURVE('',#4449,#4822,#2200,.T.);
#6129=EDGE_CURVE('',#4456,#4824,#2201,.T.);
#6130=EDGE_CURVE('',#4455,#4825,#2202,.T.);
#6131=EDGE_CURVE('',#4454,#4826,#2203,.T.);
#6132=EDGE_CURVE('',#4453,#4827,#2204,.T.);
#6133=EDGE_CURVE('',#4452,#4828,#2205,.T.);
#6134=EDGE_CURVE('',#4451,#4829,#2206,.T.);
#6135=EDGE_CURVE('',#4442,#4815,#2207,.T.);
#6136=EDGE_CURVE('',#4441,#4814,#2208,.T.);
#6137=EDGE_CURVE('',#4448,#4816,#2209,.T.);
#6138=EDGE_CURVE('',#4447,#4817,#2210,.T.);
#6139=EDGE_CURVE('',#4446,#4818,#2211,.T.);
#6140=EDGE_CURVE('',#4445,#4819,#2212,.T.);
#6141=EDGE_CURVE('',#4444,#4820,#2213,.T.);
#6142=EDGE_CURVE('',#4443,#4821,#2214,.T.);
#6143=EDGE_CURVE('',#4434,#4807,#2215,.T.);
#6144=EDGE_CURVE('',#4433,#4806,#2216,.T.);
#6145=EDGE_CURVE('',#4440,#4808,#2217,.T.);
#6146=EDGE_CURVE('',#4439,#4809,#2218,.T.);
#6147=EDGE_CURVE('',#4438,#4810,#2219,.T.);
#6148=EDGE_CURVE('',#4437,#4811,#2220,.T.);
#6149=EDGE_CURVE('',#4436,#4812,#2221,.T.);
#6150=EDGE_CURVE('',#4435,#4813,#2222,.T.);
#6151=EDGE_CURVE('',#4426,#4799,#2223,.T.);
#6152=EDGE_CURVE('',#4425,#4798,#2224,.T.);
#6153=EDGE_CURVE('',#4432,#4800,#2225,.T.);
#6154=EDGE_CURVE('',#4431,#4801,#2226,.T.);
#6155=EDGE_CURVE('',#4430,#4802,#2227,.T.);
#6156=EDGE_CURVE('',#4429,#4803,#2228,.T.);
#6157=EDGE_CURVE('',#4428,#4804,#2229,.T.);
#6158=EDGE_CURVE('',#4427,#4805,#2230,.T.);
#6159=EDGE_CURVE('',#4418,#4791,#2231,.T.);
#6160=EDGE_CURVE('',#4417,#4790,#2232,.T.);
#6161=EDGE_CURVE('',#4424,#4792,#2233,.T.);
#6162=EDGE_CURVE('',#4423,#4793,#2234,.T.);
#6163=EDGE_CURVE('',#4422,#4794,#2235,.T.);
#6164=EDGE_CURVE('',#4421,#4795,#2236,.T.);
#6165=EDGE_CURVE('',#4420,#4796,#2237,.T.);
#6166=EDGE_CURVE('',#4419,#4797,#2238,.T.);
#6167=EDGE_CURVE('',#4410,#4783,#2239,.T.);
#6168=EDGE_CURVE('',#4409,#4782,#2240,.T.);
#6169=EDGE_CURVE('',#4416,#4784,#2241,.T.);
#6170=EDGE_CURVE('',#4415,#4785,#2242,.T.);
#6171=EDGE_CURVE('',#4414,#4786,#2243,.T.);
#6172=EDGE_CURVE('',#4413,#4787,#2244,.T.);
#6173=EDGE_CURVE('',#4412,#4788,#2245,.T.);
#6174=EDGE_CURVE('',#4411,#4789,#2246,.T.);
#6175=EDGE_CURVE('',#4402,#4775,#2247,.T.);
#6176=EDGE_CURVE('',#4401,#4774,#2248,.T.);
#6177=EDGE_CURVE('',#4408,#4776,#2249,.T.);
#6178=EDGE_CURVE('',#4407,#4777,#2250,.T.);
#6179=EDGE_CURVE('',#4406,#4778,#2251,.T.);
#6180=EDGE_CURVE('',#4405,#4779,#2252,.T.);
#6181=EDGE_CURVE('',#4404,#4780,#2253,.T.);
#6182=EDGE_CURVE('',#4403,#4781,#2254,.T.);
#6183=EDGE_CURVE('',#4394,#4767,#2255,.T.);
#6184=EDGE_CURVE('',#4393,#4766,#2256,.T.);
#6185=EDGE_CURVE('',#4400,#4768,#2257,.T.);
#6186=EDGE_CURVE('',#4399,#4769,#2258,.T.);
#6187=EDGE_CURVE('',#4398,#4770,#2259,.T.);
#6188=EDGE_CURVE('',#4397,#4771,#2260,.T.);
#6189=EDGE_CURVE('',#4396,#4772,#2261,.T.);
#6190=EDGE_CURVE('',#4395,#4773,#2262,.T.);
#6191=EDGE_CURVE('',#4386,#4759,#2263,.T.);
#6192=EDGE_CURVE('',#4385,#4758,#2264,.T.);
#6193=EDGE_CURVE('',#4392,#4760,#2265,.T.);
#6194=EDGE_CURVE('',#4391,#4761,#2266,.T.);
#6195=EDGE_CURVE('',#4390,#4762,#2267,.T.);
#6196=EDGE_CURVE('',#4389,#4763,#2268,.T.);
#6197=EDGE_CURVE('',#4388,#4764,#2269,.T.);
#6198=EDGE_CURVE('',#4387,#4765,#2270,.T.);
#6199=EDGE_CURVE('',#4378,#4751,#2271,.T.);
#6200=EDGE_CURVE('',#4377,#4750,#2272,.T.);
#6201=EDGE_CURVE('',#4384,#4752,#2273,.T.);
#6202=EDGE_CURVE('',#4383,#4753,#2274,.T.);
#6203=EDGE_CURVE('',#4382,#4754,#2275,.T.);
#6204=EDGE_CURVE('',#4381,#4755,#2276,.T.);
#6205=EDGE_CURVE('',#4380,#4756,#2277,.T.);
#6206=EDGE_CURVE('',#4379,#4757,#2278,.T.);
#6207=EDGE_CURVE('',#4051,#4547,#2279,.T.);
#6208=EDGE_CURVE('',#4052,#4546,#2280,.T.);
#6209=EDGE_CURVE('',#4050,#4548,#2281,.T.);
#6210=EDGE_CURVE('',#4049,#4549,#2282,.T.);
#6211=EDGE_CURVE('',#4048,#4550,#2283,.T.);
#6212=EDGE_CURVE('',#4047,#4551,#2284,.T.);
#6213=EDGE_CURVE('',#4046,#4552,#2285,.T.);
#6214=EDGE_CURVE('',#4061,#4537,#2286,.T.);
#6215=EDGE_CURVE('',#4060,#4538,#2287,.T.);
#6216=EDGE_CURVE('',#4059,#4539,#2288,.T.);
#6217=EDGE_CURVE('',#4058,#4540,#2289,.T.);
#6218=EDGE_CURVE('',#4057,#4541,#2290,.T.);
#6219=EDGE_CURVE('',#4056,#4542,#2291,.T.);
#6220=EDGE_CURVE('',#4055,#4543,#2292,.T.);
#6221=EDGE_CURVE('',#4054,#4544,#2293,.T.);
#6222=EDGE_CURVE('',#4053,#4545,#2294,.T.);
#6223=EDGE_CURVE('',#4370,#4743,#2295,.T.);
#6224=EDGE_CURVE('',#4369,#4742,#2296,.T.);
#6225=EDGE_CURVE('',#4376,#4744,#2297,.T.);
#6226=EDGE_CURVE('',#4375,#4745,#2298,.T.);
#6227=EDGE_CURVE('',#4374,#4746,#2299,.T.);
#6228=EDGE_CURVE('',#4373,#4747,#2300,.T.);
#6229=EDGE_CURVE('',#4372,#4748,#2301,.T.);
#6230=EDGE_CURVE('',#4371,#4749,#2302,.T.);
#6231=EDGE_CURVE('',#4362,#4735,#2303,.T.);
#6232=EDGE_CURVE('',#4361,#4734,#2304,.T.);
#6233=EDGE_CURVE('',#4368,#4736,#2305,.T.);
#6234=EDGE_CURVE('',#4367,#4737,#2306,.T.);
#6235=EDGE_CURVE('',#4366,#4738,#2307,.T.);
#6236=EDGE_CURVE('',#4365,#4739,#2308,.T.);
#6237=EDGE_CURVE('',#4364,#4740,#2309,.T.);
#6238=EDGE_CURVE('',#4363,#4741,#2310,.T.);
#6239=EDGE_CURVE('',#4354,#4727,#2311,.T.);
#6240=EDGE_CURVE('',#4353,#4726,#2312,.T.);
#6241=EDGE_CURVE('',#4360,#4728,#2313,.T.);
#6242=EDGE_CURVE('',#4359,#4729,#2314,.T.);
#6243=EDGE_CURVE('',#4358,#4730,#2315,.T.);
#6244=EDGE_CURVE('',#4357,#4731,#2316,.T.);
#6245=EDGE_CURVE('',#4356,#4732,#2317,.T.);
#6246=EDGE_CURVE('',#4355,#4733,#2318,.T.);
#6247=EDGE_CURVE('',#4346,#4719,#2319,.T.);
#6248=EDGE_CURVE('',#4345,#4718,#2320,.T.);
#6249=EDGE_CURVE('',#4352,#4720,#2321,.T.);
#6250=EDGE_CURVE('',#4351,#4721,#2322,.T.);
#6251=EDGE_CURVE('',#4350,#4722,#2323,.T.);
#6252=EDGE_CURVE('',#4349,#4723,#2324,.T.);
#6253=EDGE_CURVE('',#4348,#4724,#2325,.T.);
#6254=EDGE_CURVE('',#4347,#4725,#2326,.T.);
#6255=EDGE_CURVE('',#4338,#4711,#2327,.T.);
#6256=EDGE_CURVE('',#4337,#4710,#2328,.T.);
#6257=EDGE_CURVE('',#4344,#4712,#2329,.T.);
#6258=EDGE_CURVE('',#4343,#4713,#2330,.T.);
#6259=EDGE_CURVE('',#4342,#4714,#2331,.T.);
#6260=EDGE_CURVE('',#4341,#4715,#2332,.T.);
#6261=EDGE_CURVE('',#4340,#4716,#2333,.T.);
#6262=EDGE_CURVE('',#4339,#4717,#2334,.T.);
#6263=EDGE_CURVE('',#4330,#4703,#2335,.T.);
#6264=EDGE_CURVE('',#4329,#4702,#2336,.T.);
#6265=EDGE_CURVE('',#4336,#4704,#2337,.T.);
#6266=EDGE_CURVE('',#4335,#4705,#2338,.T.);
#6267=EDGE_CURVE('',#4334,#4706,#2339,.T.);
#6268=EDGE_CURVE('',#4333,#4707,#2340,.T.);
#6269=EDGE_CURVE('',#4332,#4708,#2341,.T.);
#6270=EDGE_CURVE('',#4331,#4709,#2342,.T.);
#6271=EDGE_CURVE('',#4322,#4695,#2343,.T.);
#6272=EDGE_CURVE('',#4321,#4694,#2344,.T.);
#6273=EDGE_CURVE('',#4328,#4696,#2345,.T.);
#6274=EDGE_CURVE('',#4327,#4697,#2346,.T.);
#6275=EDGE_CURVE('',#4326,#4698,#2347,.T.);
#6276=EDGE_CURVE('',#4325,#4699,#2348,.T.);
#6277=EDGE_CURVE('',#4324,#4700,#2349,.T.);
#6278=EDGE_CURVE('',#4323,#4701,#2350,.T.);
#6279=EDGE_CURVE('',#4314,#4687,#2351,.T.);
#6280=EDGE_CURVE('',#4313,#4686,#2352,.T.);
#6281=EDGE_CURVE('',#4320,#4688,#2353,.T.);
#6282=EDGE_CURVE('',#4319,#4689,#2354,.T.);
#6283=EDGE_CURVE('',#4318,#4690,#2355,.T.);
#6284=EDGE_CURVE('',#4317,#4691,#2356,.T.);
#6285=EDGE_CURVE('',#4316,#4692,#2357,.T.);
#6286=EDGE_CURVE('',#4315,#4693,#2358,.T.);
#6287=EDGE_CURVE('',#4306,#4679,#2359,.T.);
#6288=EDGE_CURVE('',#4305,#4678,#2360,.T.);
#6289=EDGE_CURVE('',#4312,#4680,#2361,.T.);
#6290=EDGE_CURVE('',#4311,#4681,#2362,.T.);
#6291=EDGE_CURVE('',#4310,#4682,#2363,.T.);
#6292=EDGE_CURVE('',#4309,#4683,#2364,.T.);
#6293=EDGE_CURVE('',#4308,#4684,#2365,.T.);
#6294=EDGE_CURVE('',#4307,#4685,#2366,.T.);
#6295=EDGE_CURVE('',#3968,#4649,#2367,.T.);
#6296=EDGE_CURVE('',#4026,#4650,#2368,.T.);
#6297=EDGE_CURVE('',#4025,#4651,#2369,.T.);
#6298=EDGE_CURVE('',#4024,#4652,#2370,.T.);
#6299=EDGE_CURVE('',#4023,#4653,#2371,.T.);
#6300=EDGE_CURVE('',#4022,#4654,#2372,.T.);
#6301=EDGE_CURVE('',#4021,#4655,#2373,.T.);
#6302=EDGE_CURVE('',#4020,#4656,#2374,.T.);
#6303=EDGE_CURVE('',#4019,#4657,#2375,.T.);
#6304=EDGE_CURVE('',#4018,#4658,#2376,.T.);
#6305=EDGE_CURVE('',#4017,#4659,#2377,.T.);
#6306=EDGE_CURVE('',#4016,#4660,#2378,.T.);
#6307=EDGE_CURVE('',#4015,#4661,#2379,.T.);
#6308=EDGE_CURVE('',#4014,#4662,#2380,.T.);
#6309=EDGE_CURVE('',#4013,#4663,#2381,.T.);
#6310=EDGE_CURVE('',#4012,#4664,#2382,.T.);
#6311=EDGE_CURVE('',#4011,#4665,#2383,.T.);
#6312=EDGE_CURVE('',#4010,#4666,#2384,.T.);
#6313=EDGE_CURVE('',#4009,#4667,#2385,.T.);
#6314=EDGE_CURVE('',#4008,#4668,#2386,.T.);
#6315=EDGE_CURVE('',#4007,#4669,#2387,.T.);
#6316=EDGE_CURVE('',#4006,#4670,#2388,.T.);
#6317=EDGE_CURVE('',#4005,#4671,#2389,.T.);
#6318=EDGE_CURVE('',#4004,#4672,#2390,.T.);
#6319=EDGE_CURVE('',#4003,#4673,#2391,.T.);
#6320=EDGE_CURVE('',#4002,#4674,#2392,.T.);
#6321=EDGE_CURVE('',#4001,#4675,#2393,.T.);
#6322=EDGE_CURVE('',#4000,#4676,#2394,.T.);
#6323=EDGE_CURVE('',#3999,#4677,#2395,.T.);
#6324=EDGE_CURVE('',#4298,#4642,#2396,.T.);
#6325=EDGE_CURVE('',#4297,#4641,#2397,.T.);
#6326=EDGE_CURVE('',#4304,#4643,#2398,.T.);
#6327=EDGE_CURVE('',#4303,#4644,#2399,.T.);
#6328=EDGE_CURVE('',#4302,#4645,#2400,.T.);
#6329=EDGE_CURVE('',#4301,#4646,#2401,.T.);
#6330=EDGE_CURVE('',#4300,#4647,#2402,.T.);
#6331=EDGE_CURVE('',#4299,#4648,#2403,.T.);
#6332=EDGE_CURVE('',#4290,#4634,#2404,.T.);
#6333=EDGE_CURVE('',#4289,#4633,#2405,.T.);
#6334=EDGE_CURVE('',#4296,#4635,#2406,.T.);
#6335=EDGE_CURVE('',#4295,#4636,#2407,.T.);
#6336=EDGE_CURVE('',#4294,#4637,#2408,.T.);
#6337=EDGE_CURVE('',#4293,#4638,#2409,.T.);
#6338=EDGE_CURVE('',#4292,#4639,#2410,.T.);
#6339=EDGE_CURVE('',#4291,#4640,#2411,.T.);
#6340=EDGE_CURVE('',#4282,#4626,#2412,.T.);
#6341=EDGE_CURVE('',#4281,#4625,#2413,.T.);
#6342=EDGE_CURVE('',#4288,#4627,#2414,.T.);
#6343=EDGE_CURVE('',#4287,#4628,#2415,.T.);
#6344=EDGE_CURVE('',#4286,#4629,#2416,.T.);
#6345=EDGE_CURVE('',#4285,#4630,#2417,.T.);
#6346=EDGE_CURVE('',#4284,#4631,#2418,.T.);
#6347=EDGE_CURVE('',#4283,#4632,#2419,.T.);
#6348=EDGE_CURVE('',#4274,#4618,#2420,.T.);
#6349=EDGE_CURVE('',#4273,#4617,#2421,.T.);
#6350=EDGE_CURVE('',#4280,#4619,#2422,.T.);
#6351=EDGE_CURVE('',#4279,#4620,#2423,.T.);
#6352=EDGE_CURVE('',#4278,#4621,#2424,.T.);
#6353=EDGE_CURVE('',#4277,#4622,#2425,.T.);
#6354=EDGE_CURVE('',#4276,#4623,#2426,.T.);
#6355=EDGE_CURVE('',#4275,#4624,#2427,.T.);
#6356=EDGE_CURVE('',#4266,#4610,#2428,.T.);
#6357=EDGE_CURVE('',#4265,#4609,#2429,.T.);
#6358=EDGE_CURVE('',#4272,#4611,#2430,.T.);
#6359=EDGE_CURVE('',#4271,#4612,#2431,.T.);
#6360=EDGE_CURVE('',#4270,#4613,#2432,.T.);
#6361=EDGE_CURVE('',#4269,#4614,#2433,.T.);
#6362=EDGE_CURVE('',#4268,#4615,#2434,.T.);
#6363=EDGE_CURVE('',#4267,#4616,#2435,.T.);
#6364=EDGE_CURVE('',#4258,#4602,#2436,.T.);
#6365=EDGE_CURVE('',#4257,#4601,#2437,.T.);
#6366=EDGE_CURVE('',#4264,#4603,#2438,.T.);
#6367=EDGE_CURVE('',#4263,#4604,#2439,.T.);
#6368=EDGE_CURVE('',#4262,#4605,#2440,.T.);
#6369=EDGE_CURVE('',#4261,#4606,#2441,.T.);
#6370=EDGE_CURVE('',#4260,#4607,#2442,.T.);
#6371=EDGE_CURVE('',#4259,#4608,#2443,.T.);
#6372=EDGE_CURVE('',#4250,#4594,#2444,.T.);
#6373=EDGE_CURVE('',#4249,#4593,#2445,.T.);
#6374=EDGE_CURVE('',#4256,#4595,#2446,.T.);
#6375=EDGE_CURVE('',#4255,#4596,#2447,.T.);
#6376=EDGE_CURVE('',#4254,#4597,#2448,.T.);
#6377=EDGE_CURVE('',#4253,#4598,#2449,.T.);
#6378=EDGE_CURVE('',#4252,#4599,#2450,.T.);
#6379=EDGE_CURVE('',#4251,#4600,#2451,.T.);
#6380=EDGE_CURVE('',#4242,#4586,#2452,.T.);
#6381=EDGE_CURVE('',#4241,#4585,#2453,.T.);
#6382=EDGE_CURVE('',#4248,#4587,#2454,.T.);
#6383=EDGE_CURVE('',#4247,#4588,#2455,.T.);
#6384=EDGE_CURVE('',#4246,#4589,#2456,.T.);
#6385=EDGE_CURVE('',#4245,#4590,#2457,.T.);
#6386=EDGE_CURVE('',#4244,#4591,#2458,.T.);
#6387=EDGE_CURVE('',#4243,#4592,#2459,.T.);
#6388=EDGE_CURVE('',#4234,#4578,#2460,.T.);
#6389=EDGE_CURVE('',#4233,#4577,#2461,.T.);
#6390=EDGE_CURVE('',#4240,#4579,#2462,.T.);
#6391=EDGE_CURVE('',#4239,#4580,#2463,.T.);
#6392=EDGE_CURVE('',#4238,#4581,#2464,.T.);
#6393=EDGE_CURVE('',#4237,#4582,#2465,.T.);
#6394=EDGE_CURVE('',#4236,#4583,#2466,.T.);
#6395=EDGE_CURVE('',#4235,#4584,#2467,.T.);
#6396=EDGE_CURVE('',#4559,#4226,#2468,.T.);
#6397=EDGE_CURVE('',#4563,#4222,#2469,.T.);
#6398=EDGE_CURVE('',#4223,#4562,#2470,.T.);
#6399=EDGE_CURVE('',#4217,#4568,#2471,.T.);
#6400=EDGE_CURVE('',#4221,#4564,#2472,.T.);
#6401=EDGE_CURVE('',#4227,#4558,#2473,.T.);
#6402=EDGE_CURVE('',#4231,#4554,#2474,.T.);
#6403=EDGE_CURVE('',#4553,#4232,#2475,.T.);
#6404=EDGE_CURVE('',#4569,#4216,#2476,.T.);
#6405=EDGE_CURVE('',#4215,#4570,#2477,.T.);
#6406=EDGE_CURVE('',#4209,#4576,#2478,.T.);
#6407=EDGE_CURVE('',#4210,#4575,#2479,.T.);
#6408=EDGE_CURVE('',#4211,#4574,#2480,.T.);
#6409=EDGE_CURVE('',#4212,#4573,#2481,.T.);
#6410=EDGE_CURVE('',#4213,#4572,#2482,.T.);
#6411=EDGE_CURVE('',#4214,#4571,#2483,.T.);
#6412=ORIENTED_EDGE('',*,*,#4939,.F.);
#6413=ORIENTED_EDGE('',*,*,#4940,.T.);
#6414=ORIENTED_EDGE('',*,*,#4941,.F.);
#6415=ORIENTED_EDGE('',*,*,#4940,.F.);
#6416=ORIENTED_EDGE('',*,*,#4942,.F.);
#6417=ORIENTED_EDGE('',*,*,#4943,.T.);
#6418=ORIENTED_EDGE('',*,*,#4944,.T.);
#6419=ORIENTED_EDGE('',*,*,#4945,.F.);
#6420=ORIENTED_EDGE('',*,*,#4946,.F.);
#6421=ORIENTED_EDGE('',*,*,#4947,.T.);
#6422=ORIENTED_EDGE('',*,*,#4948,.T.);
#6423=ORIENTED_EDGE('',*,*,#4943,.F.);
#6424=ORIENTED_EDGE('',*,*,#4949,.F.);
#6425=ORIENTED_EDGE('',*,*,#4950,.T.);
#6426=ORIENTED_EDGE('',*,*,#4951,.T.);
#6427=ORIENTED_EDGE('',*,*,#4947,.F.);
#6428=ORIENTED_EDGE('',*,*,#4952,.F.);
#6429=ORIENTED_EDGE('',*,*,#4945,.T.);
#6430=ORIENTED_EDGE('',*,*,#4953,.T.);
#6431=ORIENTED_EDGE('',*,*,#4950,.F.);
#6432=ORIENTED_EDGE('',*,*,#4953,.F.);
#6433=ORIENTED_EDGE('',*,*,#4944,.F.);
#6434=ORIENTED_EDGE('',*,*,#4948,.F.);
#6435=ORIENTED_EDGE('',*,*,#4951,.F.);
#6436=ORIENTED_EDGE('',*,*,#4954,.F.);
#6437=ORIENTED_EDGE('',*,*,#4955,.F.);
#6438=ORIENTED_EDGE('',*,*,#4956,.F.);
#6439=ORIENTED_EDGE('',*,*,#4957,.F.);
#6440=ORIENTED_EDGE('',*,*,#4958,.F.);
#6441=ORIENTED_EDGE('',*,*,#4959,.F.);
#6442=ORIENTED_EDGE('',*,*,#4960,.F.);
#6443=ORIENTED_EDGE('',*,*,#4961,.F.);
#6444=ORIENTED_EDGE('',*,*,#4962,.F.);
#6445=ORIENTED_EDGE('',*,*,#4963,.F.);
#6446=ORIENTED_EDGE('',*,*,#4964,.F.);
#6447=ORIENTED_EDGE('',*,*,#4965,.F.);
#6448=ORIENTED_EDGE('',*,*,#4966,.F.);
#6449=ORIENTED_EDGE('',*,*,#4967,.F.);
#6450=ORIENTED_EDGE('',*,*,#4968,.F.);
#6451=ORIENTED_EDGE('',*,*,#4969,.F.);
#6452=ORIENTED_EDGE('',*,*,#4970,.F.);
#6453=ORIENTED_EDGE('',*,*,#4971,.F.);
#6454=ORIENTED_EDGE('',*,*,#4972,.F.);
#6455=ORIENTED_EDGE('',*,*,#4973,.F.);
#6456=ORIENTED_EDGE('',*,*,#4974,.F.);
#6457=ORIENTED_EDGE('',*,*,#4975,.F.);
#6458=ORIENTED_EDGE('',*,*,#4976,.F.);
#6459=ORIENTED_EDGE('',*,*,#4977,.F.);
#6460=ORIENTED_EDGE('',*,*,#4978,.F.);
#6461=ORIENTED_EDGE('',*,*,#4979,.F.);
#6462=ORIENTED_EDGE('',*,*,#4980,.F.);
#6463=ORIENTED_EDGE('',*,*,#4981,.F.);
#6464=ORIENTED_EDGE('',*,*,#4982,.F.);
#6465=ORIENTED_EDGE('',*,*,#4983,.F.);
#6466=ORIENTED_EDGE('',*,*,#4984,.F.);
#6467=ORIENTED_EDGE('',*,*,#4985,.F.);
#6468=ORIENTED_EDGE('',*,*,#4986,.F.);
#6469=ORIENTED_EDGE('',*,*,#4987,.F.);
#6470=ORIENTED_EDGE('',*,*,#4988,.F.);
#6471=ORIENTED_EDGE('',*,*,#4989,.F.);
#6472=ORIENTED_EDGE('',*,*,#4990,.F.);
#6473=ORIENTED_EDGE('',*,*,#4991,.F.);
#6474=ORIENTED_EDGE('',*,*,#4992,.F.);
#6475=ORIENTED_EDGE('',*,*,#4993,.F.);
#6476=ORIENTED_EDGE('',*,*,#4994,.F.);
#6477=ORIENTED_EDGE('',*,*,#4995,.F.);
#6478=ORIENTED_EDGE('',*,*,#4996,.F.);
#6479=ORIENTED_EDGE('',*,*,#4997,.F.);
#6480=ORIENTED_EDGE('',*,*,#4998,.F.);
#6481=ORIENTED_EDGE('',*,*,#4999,.F.);
#6482=ORIENTED_EDGE('',*,*,#5000,.F.);
#6483=ORIENTED_EDGE('',*,*,#5001,.F.);
#6484=ORIENTED_EDGE('',*,*,#5002,.F.);
#6485=ORIENTED_EDGE('',*,*,#5003,.F.);
#6486=ORIENTED_EDGE('',*,*,#5004,.F.);
#6487=ORIENTED_EDGE('',*,*,#5005,.F.);
#6488=ORIENTED_EDGE('',*,*,#5006,.F.);
#6489=ORIENTED_EDGE('',*,*,#5007,.F.);
#6490=ORIENTED_EDGE('',*,*,#5008,.F.);
#6491=ORIENTED_EDGE('',*,*,#5009,.F.);
#6492=ORIENTED_EDGE('',*,*,#5010,.F.);
#6493=ORIENTED_EDGE('',*,*,#5011,.F.);
#6494=ORIENTED_EDGE('',*,*,#5012,.F.);
#6495=ORIENTED_EDGE('',*,*,#5013,.F.);
#6496=ORIENTED_EDGE('',*,*,#5014,.F.);
#6497=ORIENTED_EDGE('',*,*,#5015,.T.);
#6498=ORIENTED_EDGE('',*,*,#5016,.F.);
#6499=ORIENTED_EDGE('',*,*,#5017,.F.);
#6500=ORIENTED_EDGE('',*,*,#5018,.F.);
#6501=ORIENTED_EDGE('',*,*,#5019,.F.);
#6502=ORIENTED_EDGE('',*,*,#5020,.T.);
#6503=ORIENTED_EDGE('',*,*,#5021,.T.);
#6504=ORIENTED_EDGE('',*,*,#5022,.F.);
#6505=ORIENTED_EDGE('',*,*,#5016,.T.);
#6506=ORIENTED_EDGE('',*,*,#5023,.T.);
#6507=ORIENTED_EDGE('',*,*,#5020,.F.);
#6508=ORIENTED_EDGE('',*,*,#5024,.F.);
#6509=ORIENTED_EDGE('',*,*,#5025,.F.);
#6510=ORIENTED_EDGE('',*,*,#5026,.F.);
#6511=ORIENTED_EDGE('',*,*,#5027,.F.);
#6512=ORIENTED_EDGE('',*,*,#5028,.F.);
#6513=ORIENTED_EDGE('',*,*,#5029,.F.);
#6514=ORIENTED_EDGE('',*,*,#5030,.F.);
#6515=ORIENTED_EDGE('',*,*,#5031,.F.);
#6516=ORIENTED_EDGE('',*,*,#5032,.F.);
#6517=ORIENTED_EDGE('',*,*,#5033,.F.);
#6518=ORIENTED_EDGE('',*,*,#5034,.F.);
#6519=ORIENTED_EDGE('',*,*,#5035,.F.);
#6520=ORIENTED_EDGE('',*,*,#5036,.F.);
#6521=ORIENTED_EDGE('',*,*,#5037,.F.);
#6522=ORIENTED_EDGE('',*,*,#5038,.F.);
#6523=ORIENTED_EDGE('',*,*,#5039,.F.);
#6524=ORIENTED_EDGE('',*,*,#5040,.F.);
#6525=ORIENTED_EDGE('',*,*,#5041,.F.);
#6526=ORIENTED_EDGE('',*,*,#5042,.F.);
#6527=ORIENTED_EDGE('',*,*,#5043,.F.);
#6528=ORIENTED_EDGE('',*,*,#5044,.F.);
#6529=ORIENTED_EDGE('',*,*,#5045,.F.);
#6530=ORIENTED_EDGE('',*,*,#5046,.F.);
#6531=ORIENTED_EDGE('',*,*,#5047,.F.);
#6532=ORIENTED_EDGE('',*,*,#5048,.F.);
#6533=ORIENTED_EDGE('',*,*,#5049,.F.);
#6534=ORIENTED_EDGE('',*,*,#5050,.F.);
#6535=ORIENTED_EDGE('',*,*,#5051,.F.);
#6536=ORIENTED_EDGE('',*,*,#5052,.F.);
#6537=ORIENTED_EDGE('',*,*,#5021,.F.);
#6538=ORIENTED_EDGE('',*,*,#5023,.F.);
#6539=ORIENTED_EDGE('',*,*,#5015,.F.);
#6540=ORIENTED_EDGE('',*,*,#5053,.F.);
#6541=ORIENTED_EDGE('',*,*,#5054,.T.);
#6542=ORIENTED_EDGE('',*,*,#5055,.T.);
#6543=ORIENTED_EDGE('',*,*,#5056,.F.);
#6544=ORIENTED_EDGE('',*,*,#5057,.F.);
#6545=ORIENTED_EDGE('',*,*,#5058,.T.);
#6546=ORIENTED_EDGE('',*,*,#5059,.T.);
#6547=ORIENTED_EDGE('',*,*,#5054,.F.);
#6548=ORIENTED_EDGE('',*,*,#5060,.F.);
#6549=ORIENTED_EDGE('',*,*,#5061,.T.);
#6550=ORIENTED_EDGE('',*,*,#5062,.T.);
#6551=ORIENTED_EDGE('',*,*,#5058,.F.);
#6552=ORIENTED_EDGE('',*,*,#5063,.F.);
#6553=ORIENTED_EDGE('',*,*,#5056,.T.);
#6554=ORIENTED_EDGE('',*,*,#5064,.T.);
#6555=ORIENTED_EDGE('',*,*,#5061,.F.);
#6556=ORIENTED_EDGE('',*,*,#5064,.F.);
#6557=ORIENTED_EDGE('',*,*,#5055,.F.);
#6558=ORIENTED_EDGE('',*,*,#5059,.F.);
#6559=ORIENTED_EDGE('',*,*,#5062,.F.);
#6560=ORIENTED_EDGE('',*,*,#5065,.F.);
#6561=ORIENTED_EDGE('',*,*,#5066,.F.);
#6562=ORIENTED_EDGE('',*,*,#5067,.F.);
#6563=ORIENTED_EDGE('',*,*,#5068,.F.);
#6564=ORIENTED_EDGE('',*,*,#5069,.F.);
#6565=ORIENTED_EDGE('',*,*,#5070,.F.);
#6566=ORIENTED_EDGE('',*,*,#5071,.F.);
#6567=ORIENTED_EDGE('',*,*,#5072,.F.);
#6568=ORIENTED_EDGE('',*,*,#5073,.F.);
#6569=ORIENTED_EDGE('',*,*,#5074,.F.);
#6570=ORIENTED_EDGE('',*,*,#5075,.F.);
#6571=ORIENTED_EDGE('',*,*,#5076,.F.);
#6572=ORIENTED_EDGE('',*,*,#5077,.F.);
#6573=ORIENTED_EDGE('',*,*,#5078,.F.);
#6574=ORIENTED_EDGE('',*,*,#5079,.F.);
#6575=ORIENTED_EDGE('',*,*,#5080,.F.);
#6576=ORIENTED_EDGE('',*,*,#5081,.F.);
#6577=ORIENTED_EDGE('',*,*,#5082,.F.);
#6578=ORIENTED_EDGE('',*,*,#5083,.F.);
#6579=ORIENTED_EDGE('',*,*,#5084,.F.);
#6580=ORIENTED_EDGE('',*,*,#5085,.F.);
#6581=ORIENTED_EDGE('',*,*,#5086,.F.);
#6582=ORIENTED_EDGE('',*,*,#5087,.F.);
#6583=ORIENTED_EDGE('',*,*,#5088,.F.);
#6584=ORIENTED_EDGE('',*,*,#5089,.F.);
#6585=ORIENTED_EDGE('',*,*,#5090,.F.);
#6586=ORIENTED_EDGE('',*,*,#5091,.F.);
#6587=ORIENTED_EDGE('',*,*,#5092,.F.);
#6588=ORIENTED_EDGE('',*,*,#5093,.F.);
#6589=ORIENTED_EDGE('',*,*,#5094,.F.);
#6590=ORIENTED_EDGE('',*,*,#5095,.F.);
#6591=ORIENTED_EDGE('',*,*,#5096,.F.);
#6592=ORIENTED_EDGE('',*,*,#5097,.F.);
#6593=ORIENTED_EDGE('',*,*,#5098,.F.);
#6594=ORIENTED_EDGE('',*,*,#5099,.F.);
#6595=ORIENTED_EDGE('',*,*,#5100,.F.);
#6596=ORIENTED_EDGE('',*,*,#5101,.F.);
#6597=ORIENTED_EDGE('',*,*,#5102,.F.);
#6598=ORIENTED_EDGE('',*,*,#5103,.F.);
#6599=ORIENTED_EDGE('',*,*,#5104,.F.);
#6600=ORIENTED_EDGE('',*,*,#5105,.F.);
#6601=ORIENTED_EDGE('',*,*,#5106,.F.);
#6602=ORIENTED_EDGE('',*,*,#5107,.F.);
#6603=ORIENTED_EDGE('',*,*,#5108,.F.);
#6604=ORIENTED_EDGE('',*,*,#5109,.F.);
#6605=ORIENTED_EDGE('',*,*,#5110,.F.);
#6606=ORIENTED_EDGE('',*,*,#5111,.F.);
#6607=ORIENTED_EDGE('',*,*,#5112,.F.);
#6608=ORIENTED_EDGE('',*,*,#5113,.F.);
#6609=ORIENTED_EDGE('',*,*,#5114,.F.);
#6610=ORIENTED_EDGE('',*,*,#5115,.F.);
#6611=ORIENTED_EDGE('',*,*,#5116,.F.);
#6612=ORIENTED_EDGE('',*,*,#5117,.F.);
#6613=ORIENTED_EDGE('',*,*,#5118,.F.);
#6614=ORIENTED_EDGE('',*,*,#5119,.F.);
#6615=ORIENTED_EDGE('',*,*,#5120,.F.);
#6616=ORIENTED_EDGE('',*,*,#5121,.F.);
#6617=ORIENTED_EDGE('',*,*,#5122,.F.);
#6618=ORIENTED_EDGE('',*,*,#5123,.F.);
#6619=ORIENTED_EDGE('',*,*,#5124,.F.);
#6620=ORIENTED_EDGE('',*,*,#4984,.T.);
#6621=ORIENTED_EDGE('',*,*,#5125,.T.);
#6622=ORIENTED_EDGE('',*,*,#5126,.F.);
#6623=ORIENTED_EDGE('',*,*,#5127,.F.);
#6624=ORIENTED_EDGE('',*,*,#4983,.T.);
#6625=ORIENTED_EDGE('',*,*,#5128,.T.);
#6626=ORIENTED_EDGE('',*,*,#5129,.F.);
#6627=ORIENTED_EDGE('',*,*,#5125,.F.);
#6628=ORIENTED_EDGE('',*,*,#4982,.T.);
#6629=ORIENTED_EDGE('',*,*,#5130,.T.);
#6630=ORIENTED_EDGE('',*,*,#5131,.F.);
#6631=ORIENTED_EDGE('',*,*,#5128,.F.);
#6632=ORIENTED_EDGE('',*,*,#4981,.T.);
#6633=ORIENTED_EDGE('',*,*,#5132,.T.);
#6634=ORIENTED_EDGE('',*,*,#5133,.F.);
#6635=ORIENTED_EDGE('',*,*,#5130,.F.);
#6636=ORIENTED_EDGE('',*,*,#4980,.T.);
#6637=ORIENTED_EDGE('',*,*,#5134,.T.);
#6638=ORIENTED_EDGE('',*,*,#5135,.F.);
#6639=ORIENTED_EDGE('',*,*,#5132,.F.);
#6640=ORIENTED_EDGE('',*,*,#4979,.T.);
#6641=ORIENTED_EDGE('',*,*,#5136,.T.);
#6642=ORIENTED_EDGE('',*,*,#5137,.F.);
#6643=ORIENTED_EDGE('',*,*,#5134,.F.);
#6644=ORIENTED_EDGE('',*,*,#4978,.T.);
#6645=ORIENTED_EDGE('',*,*,#5138,.T.);
#6646=ORIENTED_EDGE('',*,*,#5139,.F.);
#6647=ORIENTED_EDGE('',*,*,#5136,.F.);
#6648=ORIENTED_EDGE('',*,*,#4977,.T.);
#6649=ORIENTED_EDGE('',*,*,#5140,.T.);
#6650=ORIENTED_EDGE('',*,*,#5141,.F.);
#6651=ORIENTED_EDGE('',*,*,#5138,.F.);
#6652=ORIENTED_EDGE('',*,*,#4976,.T.);
#6653=ORIENTED_EDGE('',*,*,#5142,.T.);
#6654=ORIENTED_EDGE('',*,*,#5143,.F.);
#6655=ORIENTED_EDGE('',*,*,#5140,.F.);
#6656=ORIENTED_EDGE('',*,*,#4975,.T.);
#6657=ORIENTED_EDGE('',*,*,#5144,.T.);
#6658=ORIENTED_EDGE('',*,*,#5145,.F.);
#6659=ORIENTED_EDGE('',*,*,#5142,.F.);
#6660=ORIENTED_EDGE('',*,*,#4974,.T.);
#6661=ORIENTED_EDGE('',*,*,#5146,.T.);
#6662=ORIENTED_EDGE('',*,*,#5147,.F.);
#6663=ORIENTED_EDGE('',*,*,#5144,.F.);
#6664=ORIENTED_EDGE('',*,*,#4973,.T.);
#6665=ORIENTED_EDGE('',*,*,#5148,.T.);
#6666=ORIENTED_EDGE('',*,*,#5149,.F.);
#6667=ORIENTED_EDGE('',*,*,#5146,.F.);
#6668=ORIENTED_EDGE('',*,*,#4972,.T.);
#6669=ORIENTED_EDGE('',*,*,#5150,.T.);
#6670=ORIENTED_EDGE('',*,*,#5151,.F.);
#6671=ORIENTED_EDGE('',*,*,#5148,.F.);
#6672=ORIENTED_EDGE('',*,*,#4971,.T.);
#6673=ORIENTED_EDGE('',*,*,#5152,.T.);
#6674=ORIENTED_EDGE('',*,*,#5153,.F.);
#6675=ORIENTED_EDGE('',*,*,#5150,.F.);
#6676=ORIENTED_EDGE('',*,*,#4970,.T.);
#6677=ORIENTED_EDGE('',*,*,#5154,.T.);
#6678=ORIENTED_EDGE('',*,*,#5155,.F.);
#6679=ORIENTED_EDGE('',*,*,#5152,.F.);
#6680=ORIENTED_EDGE('',*,*,#4969,.T.);
#6681=ORIENTED_EDGE('',*,*,#5156,.T.);
#6682=ORIENTED_EDGE('',*,*,#5157,.F.);
#6683=ORIENTED_EDGE('',*,*,#5154,.F.);
#6684=ORIENTED_EDGE('',*,*,#4968,.T.);
#6685=ORIENTED_EDGE('',*,*,#5158,.T.);
#6686=ORIENTED_EDGE('',*,*,#5159,.F.);
#6687=ORIENTED_EDGE('',*,*,#5156,.F.);
#6688=ORIENTED_EDGE('',*,*,#4967,.T.);
#6689=ORIENTED_EDGE('',*,*,#5160,.T.);
#6690=ORIENTED_EDGE('',*,*,#5161,.F.);
#6691=ORIENTED_EDGE('',*,*,#5158,.F.);
#6692=ORIENTED_EDGE('',*,*,#4966,.T.);
#6693=ORIENTED_EDGE('',*,*,#5162,.T.);
#6694=ORIENTED_EDGE('',*,*,#5163,.F.);
#6695=ORIENTED_EDGE('',*,*,#5160,.F.);
#6696=ORIENTED_EDGE('',*,*,#4965,.T.);
#6697=ORIENTED_EDGE('',*,*,#5164,.T.);
#6698=ORIENTED_EDGE('',*,*,#5165,.F.);
#6699=ORIENTED_EDGE('',*,*,#5162,.F.);
#6700=ORIENTED_EDGE('',*,*,#4964,.T.);
#6701=ORIENTED_EDGE('',*,*,#5166,.T.);
#6702=ORIENTED_EDGE('',*,*,#5167,.F.);
#6703=ORIENTED_EDGE('',*,*,#5164,.F.);
#6704=ORIENTED_EDGE('',*,*,#4963,.T.);
#6705=ORIENTED_EDGE('',*,*,#5168,.T.);
#6706=ORIENTED_EDGE('',*,*,#5169,.F.);
#6707=ORIENTED_EDGE('',*,*,#5166,.F.);
#6708=ORIENTED_EDGE('',*,*,#4962,.T.);
#6709=ORIENTED_EDGE('',*,*,#5170,.T.);
#6710=ORIENTED_EDGE('',*,*,#5171,.F.);
#6711=ORIENTED_EDGE('',*,*,#5168,.F.);
#6712=ORIENTED_EDGE('',*,*,#4961,.T.);
#6713=ORIENTED_EDGE('',*,*,#5172,.T.);
#6714=ORIENTED_EDGE('',*,*,#5173,.F.);
#6715=ORIENTED_EDGE('',*,*,#5170,.F.);
#6716=ORIENTED_EDGE('',*,*,#4960,.T.);
#6717=ORIENTED_EDGE('',*,*,#5174,.T.);
#6718=ORIENTED_EDGE('',*,*,#5175,.F.);
#6719=ORIENTED_EDGE('',*,*,#5172,.F.);
#6720=ORIENTED_EDGE('',*,*,#4959,.T.);
#6721=ORIENTED_EDGE('',*,*,#5176,.T.);
#6722=ORIENTED_EDGE('',*,*,#5177,.F.);
#6723=ORIENTED_EDGE('',*,*,#5174,.F.);
#6724=ORIENTED_EDGE('',*,*,#4958,.T.);
#6725=ORIENTED_EDGE('',*,*,#5178,.T.);
#6726=ORIENTED_EDGE('',*,*,#5179,.F.);
#6727=ORIENTED_EDGE('',*,*,#5176,.F.);
#6728=ORIENTED_EDGE('',*,*,#4957,.T.);
#6729=ORIENTED_EDGE('',*,*,#5180,.T.);
#6730=ORIENTED_EDGE('',*,*,#5181,.F.);
#6731=ORIENTED_EDGE('',*,*,#5178,.F.);
#6732=ORIENTED_EDGE('',*,*,#4956,.T.);
#6733=ORIENTED_EDGE('',*,*,#5182,.T.);
#6734=ORIENTED_EDGE('',*,*,#5183,.F.);
#6735=ORIENTED_EDGE('',*,*,#5180,.F.);
#6736=ORIENTED_EDGE('',*,*,#4955,.T.);
#6737=ORIENTED_EDGE('',*,*,#5184,.T.);
#6738=ORIENTED_EDGE('',*,*,#5185,.F.);
#6739=ORIENTED_EDGE('',*,*,#5182,.F.);
#6740=ORIENTED_EDGE('',*,*,#5034,.T.);
#6741=ORIENTED_EDGE('',*,*,#5186,.T.);
#6742=ORIENTED_EDGE('',*,*,#5187,.F.);
#6743=ORIENTED_EDGE('',*,*,#5188,.F.);
#6744=ORIENTED_EDGE('',*,*,#5033,.T.);
#6745=ORIENTED_EDGE('',*,*,#5189,.T.);
#6746=ORIENTED_EDGE('',*,*,#5190,.F.);
#6747=ORIENTED_EDGE('',*,*,#5186,.F.);
#6748=ORIENTED_EDGE('',*,*,#5032,.T.);
#6749=ORIENTED_EDGE('',*,*,#5191,.T.);
#6750=ORIENTED_EDGE('',*,*,#5192,.F.);
#6751=ORIENTED_EDGE('',*,*,#5189,.F.);
#6752=ORIENTED_EDGE('',*,*,#5031,.T.);
#6753=ORIENTED_EDGE('',*,*,#5193,.T.);
#6754=ORIENTED_EDGE('',*,*,#5194,.F.);
#6755=ORIENTED_EDGE('',*,*,#5191,.F.);
#6756=ORIENTED_EDGE('',*,*,#5030,.T.);
#6757=ORIENTED_EDGE('',*,*,#5195,.T.);
#6758=ORIENTED_EDGE('',*,*,#5196,.F.);
#6759=ORIENTED_EDGE('',*,*,#5193,.F.);
#6760=ORIENTED_EDGE('',*,*,#5029,.T.);
#6761=ORIENTED_EDGE('',*,*,#5197,.T.);
#6762=ORIENTED_EDGE('',*,*,#5198,.F.);
#6763=ORIENTED_EDGE('',*,*,#5195,.F.);
#6764=ORIENTED_EDGE('',*,*,#5028,.T.);
#6765=ORIENTED_EDGE('',*,*,#5199,.T.);
#6766=ORIENTED_EDGE('',*,*,#5200,.F.);
#6767=ORIENTED_EDGE('',*,*,#5197,.F.);
#6768=ORIENTED_EDGE('',*,*,#5027,.T.);
#6769=ORIENTED_EDGE('',*,*,#5201,.T.);
#6770=ORIENTED_EDGE('',*,*,#5202,.F.);
#6771=ORIENTED_EDGE('',*,*,#5199,.F.);
#6772=ORIENTED_EDGE('',*,*,#5026,.T.);
#6773=ORIENTED_EDGE('',*,*,#5203,.T.);
#6774=ORIENTED_EDGE('',*,*,#5204,.F.);
#6775=ORIENTED_EDGE('',*,*,#5201,.F.);
#6776=ORIENTED_EDGE('',*,*,#5025,.T.);
#6777=ORIENTED_EDGE('',*,*,#5205,.F.);
#6778=ORIENTED_EDGE('',*,*,#5206,.F.);
#6779=ORIENTED_EDGE('',*,*,#5203,.F.);
#6780=ORIENTED_EDGE('',*,*,#5024,.T.);
#6781=ORIENTED_EDGE('',*,*,#5014,.T.);
#6782=ORIENTED_EDGE('',*,*,#5207,.T.);
#6783=ORIENTED_EDGE('',*,*,#5208,.T.);
#6784=ORIENTED_EDGE('',*,*,#5209,.T.);
#6785=ORIENTED_EDGE('',*,*,#5205,.T.);
#6786=ORIENTED_EDGE('',*,*,#5018,.T.);
#6787=ORIENTED_EDGE('',*,*,#5052,.T.);
#6788=ORIENTED_EDGE('',*,*,#5210,.T.);
#6789=ORIENTED_EDGE('',*,*,#5211,.T.);
#6790=ORIENTED_EDGE('',*,*,#5212,.F.);
#6791=ORIENTED_EDGE('',*,*,#5213,.T.);
#6792=ORIENTED_EDGE('',*,*,#5095,.T.);
#6793=ORIENTED_EDGE('',*,*,#5214,.T.);
#6794=ORIENTED_EDGE('',*,*,#5215,.F.);
#6795=ORIENTED_EDGE('',*,*,#5216,.F.);
#6796=ORIENTED_EDGE('',*,*,#5094,.T.);
#6797=ORIENTED_EDGE('',*,*,#5217,.T.);
#6798=ORIENTED_EDGE('',*,*,#5218,.F.);
#6799=ORIENTED_EDGE('',*,*,#5214,.F.);
#6800=ORIENTED_EDGE('',*,*,#5093,.T.);
#6801=ORIENTED_EDGE('',*,*,#5219,.T.);
#6802=ORIENTED_EDGE('',*,*,#5220,.F.);
#6803=ORIENTED_EDGE('',*,*,#5217,.F.);
#6804=ORIENTED_EDGE('',*,*,#5092,.T.);
#6805=ORIENTED_EDGE('',*,*,#5221,.T.);
#6806=ORIENTED_EDGE('',*,*,#5222,.F.);
#6807=ORIENTED_EDGE('',*,*,#5219,.F.);
#6808=ORIENTED_EDGE('',*,*,#5091,.T.);
#6809=ORIENTED_EDGE('',*,*,#5223,.T.);
#6810=ORIENTED_EDGE('',*,*,#5224,.F.);
#6811=ORIENTED_EDGE('',*,*,#5221,.F.);
#6812=ORIENTED_EDGE('',*,*,#5090,.T.);
#6813=ORIENTED_EDGE('',*,*,#5225,.T.);
#6814=ORIENTED_EDGE('',*,*,#5226,.F.);
#6815=ORIENTED_EDGE('',*,*,#5223,.F.);
#6816=ORIENTED_EDGE('',*,*,#5089,.T.);
#6817=ORIENTED_EDGE('',*,*,#5227,.T.);
#6818=ORIENTED_EDGE('',*,*,#5228,.F.);
#6819=ORIENTED_EDGE('',*,*,#5225,.F.);
#6820=ORIENTED_EDGE('',*,*,#5088,.T.);
#6821=ORIENTED_EDGE('',*,*,#5229,.T.);
#6822=ORIENTED_EDGE('',*,*,#5230,.F.);
#6823=ORIENTED_EDGE('',*,*,#5227,.F.);
#6824=ORIENTED_EDGE('',*,*,#5087,.T.);
#6825=ORIENTED_EDGE('',*,*,#5231,.T.);
#6826=ORIENTED_EDGE('',*,*,#5232,.F.);
#6827=ORIENTED_EDGE('',*,*,#5229,.F.);
#6828=ORIENTED_EDGE('',*,*,#5086,.T.);
#6829=ORIENTED_EDGE('',*,*,#5233,.T.);
#6830=ORIENTED_EDGE('',*,*,#5234,.F.);
#6831=ORIENTED_EDGE('',*,*,#5231,.F.);
#6832=ORIENTED_EDGE('',*,*,#5085,.T.);
#6833=ORIENTED_EDGE('',*,*,#5235,.T.);
#6834=ORIENTED_EDGE('',*,*,#5236,.F.);
#6835=ORIENTED_EDGE('',*,*,#5233,.F.);
#6836=ORIENTED_EDGE('',*,*,#5084,.T.);
#6837=ORIENTED_EDGE('',*,*,#5237,.T.);
#6838=ORIENTED_EDGE('',*,*,#5238,.F.);
#6839=ORIENTED_EDGE('',*,*,#5235,.F.);
#6840=ORIENTED_EDGE('',*,*,#5083,.T.);
#6841=ORIENTED_EDGE('',*,*,#5239,.T.);
#6842=ORIENTED_EDGE('',*,*,#5240,.F.);
#6843=ORIENTED_EDGE('',*,*,#5237,.F.);
#6844=ORIENTED_EDGE('',*,*,#5082,.T.);
#6845=ORIENTED_EDGE('',*,*,#5241,.T.);
#6846=ORIENTED_EDGE('',*,*,#5242,.F.);
#6847=ORIENTED_EDGE('',*,*,#5239,.F.);
#6848=ORIENTED_EDGE('',*,*,#5081,.T.);
#6849=ORIENTED_EDGE('',*,*,#5243,.T.);
#6850=ORIENTED_EDGE('',*,*,#5244,.F.);
#6851=ORIENTED_EDGE('',*,*,#5241,.F.);
#6852=ORIENTED_EDGE('',*,*,#5080,.T.);
#6853=ORIENTED_EDGE('',*,*,#5245,.T.);
#6854=ORIENTED_EDGE('',*,*,#5246,.F.);
#6855=ORIENTED_EDGE('',*,*,#5243,.F.);
#6856=ORIENTED_EDGE('',*,*,#5079,.T.);
#6857=ORIENTED_EDGE('',*,*,#5247,.T.);
#6858=ORIENTED_EDGE('',*,*,#5248,.F.);
#6859=ORIENTED_EDGE('',*,*,#5245,.F.);
#6860=ORIENTED_EDGE('',*,*,#5078,.T.);
#6861=ORIENTED_EDGE('',*,*,#5249,.T.);
#6862=ORIENTED_EDGE('',*,*,#5250,.F.);
#6863=ORIENTED_EDGE('',*,*,#5247,.F.);
#6864=ORIENTED_EDGE('',*,*,#5077,.T.);
#6865=ORIENTED_EDGE('',*,*,#5251,.T.);
#6866=ORIENTED_EDGE('',*,*,#5252,.F.);
#6867=ORIENTED_EDGE('',*,*,#5249,.F.);
#6868=ORIENTED_EDGE('',*,*,#5076,.T.);
#6869=ORIENTED_EDGE('',*,*,#5253,.T.);
#6870=ORIENTED_EDGE('',*,*,#5254,.F.);
#6871=ORIENTED_EDGE('',*,*,#5251,.F.);
#6872=ORIENTED_EDGE('',*,*,#5075,.T.);
#6873=ORIENTED_EDGE('',*,*,#5255,.T.);
#6874=ORIENTED_EDGE('',*,*,#5256,.F.);
#6875=ORIENTED_EDGE('',*,*,#5253,.F.);
#6876=ORIENTED_EDGE('',*,*,#5074,.T.);
#6877=ORIENTED_EDGE('',*,*,#5257,.T.);
#6878=ORIENTED_EDGE('',*,*,#5258,.F.);
#6879=ORIENTED_EDGE('',*,*,#5255,.F.);
#6880=ORIENTED_EDGE('',*,*,#5073,.T.);
#6881=ORIENTED_EDGE('',*,*,#5259,.T.);
#6882=ORIENTED_EDGE('',*,*,#5260,.F.);
#6883=ORIENTED_EDGE('',*,*,#5257,.F.);
#6884=ORIENTED_EDGE('',*,*,#5072,.T.);
#6885=ORIENTED_EDGE('',*,*,#5261,.T.);
#6886=ORIENTED_EDGE('',*,*,#5262,.F.);
#6887=ORIENTED_EDGE('',*,*,#5259,.F.);
#6888=ORIENTED_EDGE('',*,*,#5071,.T.);
#6889=ORIENTED_EDGE('',*,*,#5263,.T.);
#6890=ORIENTED_EDGE('',*,*,#5264,.F.);
#6891=ORIENTED_EDGE('',*,*,#5261,.F.);
#6892=ORIENTED_EDGE('',*,*,#5070,.T.);
#6893=ORIENTED_EDGE('',*,*,#5265,.T.);
#6894=ORIENTED_EDGE('',*,*,#5266,.F.);
#6895=ORIENTED_EDGE('',*,*,#5263,.F.);
#6896=ORIENTED_EDGE('',*,*,#5069,.T.);
#6897=ORIENTED_EDGE('',*,*,#5267,.T.);
#6898=ORIENTED_EDGE('',*,*,#5268,.F.);
#6899=ORIENTED_EDGE('',*,*,#5265,.F.);
#6900=ORIENTED_EDGE('',*,*,#5068,.T.);
#6901=ORIENTED_EDGE('',*,*,#5269,.T.);
#6902=ORIENTED_EDGE('',*,*,#5270,.F.);
#6903=ORIENTED_EDGE('',*,*,#5267,.F.);
#6904=ORIENTED_EDGE('',*,*,#5067,.T.);
#6905=ORIENTED_EDGE('',*,*,#5271,.T.);
#6906=ORIENTED_EDGE('',*,*,#5272,.F.);
#6907=ORIENTED_EDGE('',*,*,#5269,.F.);
#6908=ORIENTED_EDGE('',*,*,#5066,.T.);
#6909=ORIENTED_EDGE('',*,*,#5273,.T.);
#6910=ORIENTED_EDGE('',*,*,#5274,.F.);
#6911=ORIENTED_EDGE('',*,*,#5271,.F.);
#6912=ORIENTED_EDGE('',*,*,#5017,.T.);
#6913=ORIENTED_EDGE('',*,*,#5022,.T.);
#6914=ORIENTED_EDGE('',*,*,#5019,.T.);
#6915=ORIENTED_EDGE('',*,*,#5213,.F.);
#6916=ORIENTED_EDGE('',*,*,#5275,.F.);
#6917=ORIENTED_EDGE('',*,*,#5276,.F.);
#6918=ORIENTED_EDGE('',*,*,#5277,.F.);
#6919=ORIENTED_EDGE('',*,*,#5278,.F.);
#6920=ORIENTED_EDGE('',*,*,#5279,.F.);
#6921=ORIENTED_EDGE('',*,*,#5280,.F.);
#6922=ORIENTED_EDGE('',*,*,#5281,.F.);
#6923=ORIENTED_EDGE('',*,*,#5282,.F.);
#6924=ORIENTED_EDGE('',*,*,#5283,.T.);
#6925=ORIENTED_EDGE('',*,*,#5284,.F.);
#6926=ORIENTED_EDGE('',*,*,#5285,.T.);
#6927=ORIENTED_EDGE('',*,*,#5286,.T.);
#6928=ORIENTED_EDGE('',*,*,#5287,.T.);
#6929=ORIENTED_EDGE('',*,*,#5288,.F.);
#6930=ORIENTED_EDGE('',*,*,#5289,.T.);
#6931=ORIENTED_EDGE('',*,*,#5290,.F.);
#6932=ORIENTED_EDGE('',*,*,#5291,.T.);
#6933=ORIENTED_EDGE('',*,*,#5292,.F.);
#6934=ORIENTED_EDGE('',*,*,#5293,.T.);
#6935=ORIENTED_EDGE('',*,*,#5294,.F.);
#6936=ORIENTED_EDGE('',*,*,#5295,.F.);
#6937=ORIENTED_EDGE('',*,*,#5296,.F.);
#6938=ORIENTED_EDGE('',*,*,#5297,.F.);
#6939=ORIENTED_EDGE('',*,*,#5298,.F.);
#6940=ORIENTED_EDGE('',*,*,#5299,.T.);
#6941=ORIENTED_EDGE('',*,*,#5207,.F.);
#6942=ORIENTED_EDGE('',*,*,#4942,.T.);
#6943=ORIENTED_EDGE('',*,*,#4952,.T.);
#6944=ORIENTED_EDGE('',*,*,#4949,.T.);
#6945=ORIENTED_EDGE('',*,*,#4946,.T.);
#6946=ORIENTED_EDGE('',*,*,#5053,.T.);
#6947=ORIENTED_EDGE('',*,*,#5063,.T.);
#6948=ORIENTED_EDGE('',*,*,#5060,.T.);
#6949=ORIENTED_EDGE('',*,*,#5057,.T.);
#6950=ORIENTED_EDGE('',*,*,#5300,.F.);
#6951=ORIENTED_EDGE('',*,*,#5301,.F.);
#6952=ORIENTED_EDGE('',*,*,#5302,.F.);
#6953=ORIENTED_EDGE('',*,*,#5303,.F.);
#6954=ORIENTED_EDGE('',*,*,#5304,.F.);
#6955=ORIENTED_EDGE('',*,*,#5305,.F.);
#6956=ORIENTED_EDGE('',*,*,#5306,.F.);
#6957=ORIENTED_EDGE('',*,*,#5307,.F.);
#6958=ORIENTED_EDGE('',*,*,#5308,.F.);
#6959=ORIENTED_EDGE('',*,*,#5309,.F.);
#6960=ORIENTED_EDGE('',*,*,#5310,.F.);
#6961=ORIENTED_EDGE('',*,*,#5311,.F.);
#6962=ORIENTED_EDGE('',*,*,#5312,.F.);
#6963=ORIENTED_EDGE('',*,*,#5313,.F.);
#6964=ORIENTED_EDGE('',*,*,#5314,.F.);
#6965=ORIENTED_EDGE('',*,*,#5315,.F.);
#6966=ORIENTED_EDGE('',*,*,#5316,.F.);
#6967=ORIENTED_EDGE('',*,*,#5317,.F.);
#6968=ORIENTED_EDGE('',*,*,#5318,.F.);
#6969=ORIENTED_EDGE('',*,*,#5319,.F.);
#6970=ORIENTED_EDGE('',*,*,#5320,.F.);
#6971=ORIENTED_EDGE('',*,*,#5321,.F.);
#6972=ORIENTED_EDGE('',*,*,#5322,.F.);
#6973=ORIENTED_EDGE('',*,*,#5323,.F.);
#6974=ORIENTED_EDGE('',*,*,#5324,.F.);
#6975=ORIENTED_EDGE('',*,*,#5325,.F.);
#6976=ORIENTED_EDGE('',*,*,#5326,.F.);
#6977=ORIENTED_EDGE('',*,*,#5327,.F.);
#6978=ORIENTED_EDGE('',*,*,#5328,.F.);
#6979=ORIENTED_EDGE('',*,*,#5329,.F.);
#6980=ORIENTED_EDGE('',*,*,#5330,.F.);
#6981=ORIENTED_EDGE('',*,*,#5331,.F.);
#6982=ORIENTED_EDGE('',*,*,#5332,.F.);
#6983=ORIENTED_EDGE('',*,*,#5333,.F.);
#6984=ORIENTED_EDGE('',*,*,#5334,.F.);
#6985=ORIENTED_EDGE('',*,*,#5335,.F.);
#6986=ORIENTED_EDGE('',*,*,#5336,.F.);
#6987=ORIENTED_EDGE('',*,*,#5337,.F.);
#6988=ORIENTED_EDGE('',*,*,#5338,.F.);
#6989=ORIENTED_EDGE('',*,*,#5339,.F.);
#6990=ORIENTED_EDGE('',*,*,#5340,.F.);
#6991=ORIENTED_EDGE('',*,*,#5341,.F.);
#6992=ORIENTED_EDGE('',*,*,#5342,.F.);
#6993=ORIENTED_EDGE('',*,*,#5343,.F.);
#6994=ORIENTED_EDGE('',*,*,#5344,.F.);
#6995=ORIENTED_EDGE('',*,*,#5345,.F.);
#6996=ORIENTED_EDGE('',*,*,#5346,.F.);
#6997=ORIENTED_EDGE('',*,*,#5347,.F.);
#6998=ORIENTED_EDGE('',*,*,#5348,.F.);
#6999=ORIENTED_EDGE('',*,*,#5349,.F.);
#7000=ORIENTED_EDGE('',*,*,#5350,.F.);
#7001=ORIENTED_EDGE('',*,*,#5351,.F.);
#7002=ORIENTED_EDGE('',*,*,#5352,.F.);
#7003=ORIENTED_EDGE('',*,*,#5353,.F.);
#7004=ORIENTED_EDGE('',*,*,#5354,.F.);
#7005=ORIENTED_EDGE('',*,*,#5355,.F.);
#7006=ORIENTED_EDGE('',*,*,#5356,.F.);
#7007=ORIENTED_EDGE('',*,*,#5357,.F.);
#7008=ORIENTED_EDGE('',*,*,#5358,.F.);
#7009=ORIENTED_EDGE('',*,*,#5359,.F.);
#7010=ORIENTED_EDGE('',*,*,#5360,.F.);
#7011=ORIENTED_EDGE('',*,*,#5361,.F.);
#7012=ORIENTED_EDGE('',*,*,#5362,.F.);
#7013=ORIENTED_EDGE('',*,*,#5363,.F.);
#7014=ORIENTED_EDGE('',*,*,#5364,.F.);
#7015=ORIENTED_EDGE('',*,*,#5365,.F.);
#7016=ORIENTED_EDGE('',*,*,#5366,.F.);
#7017=ORIENTED_EDGE('',*,*,#5367,.F.);
#7018=ORIENTED_EDGE('',*,*,#5368,.F.);
#7019=ORIENTED_EDGE('',*,*,#5369,.F.);
#7020=ORIENTED_EDGE('',*,*,#5370,.F.);
#7021=ORIENTED_EDGE('',*,*,#5371,.F.);
#7022=ORIENTED_EDGE('',*,*,#5372,.F.);
#7023=ORIENTED_EDGE('',*,*,#5373,.F.);
#7024=ORIENTED_EDGE('',*,*,#5374,.F.);
#7025=ORIENTED_EDGE('',*,*,#5375,.F.);
#7026=ORIENTED_EDGE('',*,*,#5376,.F.);
#7027=ORIENTED_EDGE('',*,*,#5377,.F.);
#7028=ORIENTED_EDGE('',*,*,#5378,.F.);
#7029=ORIENTED_EDGE('',*,*,#5379,.F.);
#7030=ORIENTED_EDGE('',*,*,#5380,.F.);
#7031=ORIENTED_EDGE('',*,*,#5381,.F.);
#7032=ORIENTED_EDGE('',*,*,#5382,.F.);
#7033=ORIENTED_EDGE('',*,*,#5383,.F.);
#7034=ORIENTED_EDGE('',*,*,#5384,.F.);
#7035=ORIENTED_EDGE('',*,*,#5385,.F.);
#7036=ORIENTED_EDGE('',*,*,#5386,.F.);
#7037=ORIENTED_EDGE('',*,*,#5387,.F.);
#7038=ORIENTED_EDGE('',*,*,#5388,.F.);
#7039=ORIENTED_EDGE('',*,*,#5389,.F.);
#7040=ORIENTED_EDGE('',*,*,#5390,.F.);
#7041=ORIENTED_EDGE('',*,*,#5391,.F.);
#7042=ORIENTED_EDGE('',*,*,#5392,.F.);
#7043=ORIENTED_EDGE('',*,*,#5393,.F.);
#7044=ORIENTED_EDGE('',*,*,#5394,.F.);
#7045=ORIENTED_EDGE('',*,*,#5395,.F.);
#7046=ORIENTED_EDGE('',*,*,#5396,.F.);
#7047=ORIENTED_EDGE('',*,*,#5397,.F.);
#7048=ORIENTED_EDGE('',*,*,#5398,.F.);
#7049=ORIENTED_EDGE('',*,*,#5399,.F.);
#7050=ORIENTED_EDGE('',*,*,#5400,.F.);
#7051=ORIENTED_EDGE('',*,*,#5401,.F.);
#7052=ORIENTED_EDGE('',*,*,#5402,.F.);
#7053=ORIENTED_EDGE('',*,*,#5403,.F.);
#7054=ORIENTED_EDGE('',*,*,#5404,.F.);
#7055=ORIENTED_EDGE('',*,*,#5405,.F.);
#7056=ORIENTED_EDGE('',*,*,#5406,.F.);
#7057=ORIENTED_EDGE('',*,*,#5407,.F.);
#7058=ORIENTED_EDGE('',*,*,#5408,.F.);
#7059=ORIENTED_EDGE('',*,*,#5409,.F.);
#7060=ORIENTED_EDGE('',*,*,#5410,.F.);
#7061=ORIENTED_EDGE('',*,*,#5411,.F.);
#7062=ORIENTED_EDGE('',*,*,#5412,.F.);
#7063=ORIENTED_EDGE('',*,*,#5413,.F.);
#7064=ORIENTED_EDGE('',*,*,#5414,.F.);
#7065=ORIENTED_EDGE('',*,*,#5415,.F.);
#7066=ORIENTED_EDGE('',*,*,#5416,.F.);
#7067=ORIENTED_EDGE('',*,*,#5417,.F.);
#7068=ORIENTED_EDGE('',*,*,#5418,.F.);
#7069=ORIENTED_EDGE('',*,*,#5419,.F.);
#7070=ORIENTED_EDGE('',*,*,#5420,.F.);
#7071=ORIENTED_EDGE('',*,*,#5421,.F.);
#7072=ORIENTED_EDGE('',*,*,#5422,.F.);
#7073=ORIENTED_EDGE('',*,*,#5423,.F.);
#7074=ORIENTED_EDGE('',*,*,#5424,.F.);
#7075=ORIENTED_EDGE('',*,*,#5425,.F.);
#7076=ORIENTED_EDGE('',*,*,#5426,.F.);
#7077=ORIENTED_EDGE('',*,*,#5427,.F.);
#7078=ORIENTED_EDGE('',*,*,#5428,.F.);
#7079=ORIENTED_EDGE('',*,*,#5429,.F.);
#7080=ORIENTED_EDGE('',*,*,#5430,.F.);
#7081=ORIENTED_EDGE('',*,*,#5431,.F.);
#7082=ORIENTED_EDGE('',*,*,#5432,.F.);
#7083=ORIENTED_EDGE('',*,*,#5433,.F.);
#7084=ORIENTED_EDGE('',*,*,#5434,.F.);
#7085=ORIENTED_EDGE('',*,*,#5435,.F.);
#7086=ORIENTED_EDGE('',*,*,#5436,.F.);
#7087=ORIENTED_EDGE('',*,*,#5437,.F.);
#7088=ORIENTED_EDGE('',*,*,#5438,.F.);
#7089=ORIENTED_EDGE('',*,*,#5439,.F.);
#7090=ORIENTED_EDGE('',*,*,#5440,.F.);
#7091=ORIENTED_EDGE('',*,*,#5441,.F.);
#7092=ORIENTED_EDGE('',*,*,#5442,.F.);
#7093=ORIENTED_EDGE('',*,*,#5443,.F.);
#7094=ORIENTED_EDGE('',*,*,#5444,.F.);
#7095=ORIENTED_EDGE('',*,*,#5445,.F.);
#7096=ORIENTED_EDGE('',*,*,#5446,.F.);
#7097=ORIENTED_EDGE('',*,*,#5447,.F.);
#7098=ORIENTED_EDGE('',*,*,#5448,.F.);
#7099=ORIENTED_EDGE('',*,*,#5449,.F.);
#7100=ORIENTED_EDGE('',*,*,#5450,.F.);
#7101=ORIENTED_EDGE('',*,*,#5451,.F.);
#7102=ORIENTED_EDGE('',*,*,#5452,.F.);
#7103=ORIENTED_EDGE('',*,*,#5453,.F.);
#7104=ORIENTED_EDGE('',*,*,#5454,.F.);
#7105=ORIENTED_EDGE('',*,*,#5455,.F.);
#7106=ORIENTED_EDGE('',*,*,#5456,.F.);
#7107=ORIENTED_EDGE('',*,*,#5457,.F.);
#7108=ORIENTED_EDGE('',*,*,#5458,.F.);
#7109=ORIENTED_EDGE('',*,*,#5459,.F.);
#7110=ORIENTED_EDGE('',*,*,#5460,.F.);
#7111=ORIENTED_EDGE('',*,*,#5461,.F.);
#7112=ORIENTED_EDGE('',*,*,#5462,.F.);
#7113=ORIENTED_EDGE('',*,*,#5463,.F.);
#7114=ORIENTED_EDGE('',*,*,#5464,.F.);
#7115=ORIENTED_EDGE('',*,*,#5465,.F.);
#7116=ORIENTED_EDGE('',*,*,#5466,.F.);
#7117=ORIENTED_EDGE('',*,*,#5467,.F.);
#7118=ORIENTED_EDGE('',*,*,#5468,.F.);
#7119=ORIENTED_EDGE('',*,*,#5469,.F.);
#7120=ORIENTED_EDGE('',*,*,#5470,.F.);
#7121=ORIENTED_EDGE('',*,*,#5471,.F.);
#7122=ORIENTED_EDGE('',*,*,#5472,.F.);
#7123=ORIENTED_EDGE('',*,*,#5473,.F.);
#7124=ORIENTED_EDGE('',*,*,#5474,.F.);
#7125=ORIENTED_EDGE('',*,*,#5475,.F.);
#7126=ORIENTED_EDGE('',*,*,#5476,.F.);
#7127=ORIENTED_EDGE('',*,*,#5477,.F.);
#7128=ORIENTED_EDGE('',*,*,#5478,.F.);
#7129=ORIENTED_EDGE('',*,*,#5479,.F.);
#7130=ORIENTED_EDGE('',*,*,#5480,.F.);
#7131=ORIENTED_EDGE('',*,*,#5481,.F.);
#7132=ORIENTED_EDGE('',*,*,#5482,.F.);
#7133=ORIENTED_EDGE('',*,*,#5483,.F.);
#7134=ORIENTED_EDGE('',*,*,#5484,.F.);
#7135=ORIENTED_EDGE('',*,*,#5485,.F.);
#7136=ORIENTED_EDGE('',*,*,#5486,.F.);
#7137=ORIENTED_EDGE('',*,*,#5487,.F.);
#7138=ORIENTED_EDGE('',*,*,#5488,.F.);
#7139=ORIENTED_EDGE('',*,*,#5489,.F.);
#7140=ORIENTED_EDGE('',*,*,#5490,.F.);
#7141=ORIENTED_EDGE('',*,*,#5491,.F.);
#7142=ORIENTED_EDGE('',*,*,#5492,.F.);
#7143=ORIENTED_EDGE('',*,*,#5493,.F.);
#7144=ORIENTED_EDGE('',*,*,#5494,.F.);
#7145=ORIENTED_EDGE('',*,*,#5495,.F.);
#7146=ORIENTED_EDGE('',*,*,#5496,.F.);
#7147=ORIENTED_EDGE('',*,*,#5497,.F.);
#7148=ORIENTED_EDGE('',*,*,#5498,.F.);
#7149=ORIENTED_EDGE('',*,*,#5499,.F.);
#7150=ORIENTED_EDGE('',*,*,#5500,.F.);
#7151=ORIENTED_EDGE('',*,*,#5501,.F.);
#7152=ORIENTED_EDGE('',*,*,#5502,.F.);
#7153=ORIENTED_EDGE('',*,*,#5503,.F.);
#7154=ORIENTED_EDGE('',*,*,#5504,.F.);
#7155=ORIENTED_EDGE('',*,*,#5505,.F.);
#7156=ORIENTED_EDGE('',*,*,#5506,.F.);
#7157=ORIENTED_EDGE('',*,*,#5507,.F.);
#7158=ORIENTED_EDGE('',*,*,#5508,.F.);
#7159=ORIENTED_EDGE('',*,*,#5509,.F.);
#7160=ORIENTED_EDGE('',*,*,#5510,.F.);
#7161=ORIENTED_EDGE('',*,*,#5511,.F.);
#7162=ORIENTED_EDGE('',*,*,#5512,.F.);
#7163=ORIENTED_EDGE('',*,*,#5513,.F.);
#7164=ORIENTED_EDGE('',*,*,#5514,.F.);
#7165=ORIENTED_EDGE('',*,*,#5515,.F.);
#7166=ORIENTED_EDGE('',*,*,#5516,.F.);
#7167=ORIENTED_EDGE('',*,*,#5517,.F.);
#7168=ORIENTED_EDGE('',*,*,#5518,.F.);
#7169=ORIENTED_EDGE('',*,*,#5519,.F.);
#7170=ORIENTED_EDGE('',*,*,#5520,.F.);
#7171=ORIENTED_EDGE('',*,*,#5521,.F.);
#7172=ORIENTED_EDGE('',*,*,#5522,.F.);
#7173=ORIENTED_EDGE('',*,*,#5523,.F.);
#7174=ORIENTED_EDGE('',*,*,#5524,.F.);
#7175=ORIENTED_EDGE('',*,*,#5525,.F.);
#7176=ORIENTED_EDGE('',*,*,#5526,.F.);
#7177=ORIENTED_EDGE('',*,*,#5527,.F.);
#7178=ORIENTED_EDGE('',*,*,#5528,.F.);
#7179=ORIENTED_EDGE('',*,*,#5529,.F.);
#7180=ORIENTED_EDGE('',*,*,#5530,.F.);
#7181=ORIENTED_EDGE('',*,*,#5531,.F.);
#7182=ORIENTED_EDGE('',*,*,#5532,.F.);
#7183=ORIENTED_EDGE('',*,*,#5533,.F.);
#7184=ORIENTED_EDGE('',*,*,#5534,.F.);
#7185=ORIENTED_EDGE('',*,*,#5535,.F.);
#7186=ORIENTED_EDGE('',*,*,#5536,.F.);
#7187=ORIENTED_EDGE('',*,*,#5537,.F.);
#7188=ORIENTED_EDGE('',*,*,#5538,.F.);
#7189=ORIENTED_EDGE('',*,*,#5539,.F.);
#7190=ORIENTED_EDGE('',*,*,#5540,.F.);
#7191=ORIENTED_EDGE('',*,*,#5541,.F.);
#7192=ORIENTED_EDGE('',*,*,#5542,.F.);
#7193=ORIENTED_EDGE('',*,*,#5543,.F.);
#7194=ORIENTED_EDGE('',*,*,#5544,.F.);
#7195=ORIENTED_EDGE('',*,*,#5545,.F.);
#7196=ORIENTED_EDGE('',*,*,#5546,.F.);
#7197=ORIENTED_EDGE('',*,*,#5547,.F.);
#7198=ORIENTED_EDGE('',*,*,#5548,.F.);
#7199=ORIENTED_EDGE('',*,*,#5549,.F.);
#7200=ORIENTED_EDGE('',*,*,#5550,.F.);
#7201=ORIENTED_EDGE('',*,*,#5551,.F.);
#7202=ORIENTED_EDGE('',*,*,#5552,.F.);
#7203=ORIENTED_EDGE('',*,*,#5553,.F.);
#7204=ORIENTED_EDGE('',*,*,#5554,.F.);
#7205=ORIENTED_EDGE('',*,*,#5555,.F.);
#7206=ORIENTED_EDGE('',*,*,#5556,.F.);
#7207=ORIENTED_EDGE('',*,*,#5557,.F.);
#7208=ORIENTED_EDGE('',*,*,#5558,.F.);
#7209=ORIENTED_EDGE('',*,*,#5559,.F.);
#7210=ORIENTED_EDGE('',*,*,#5560,.F.);
#7211=ORIENTED_EDGE('',*,*,#5561,.F.);
#7212=ORIENTED_EDGE('',*,*,#5562,.F.);
#7213=ORIENTED_EDGE('',*,*,#5563,.F.);
#7214=ORIENTED_EDGE('',*,*,#5564,.F.);
#7215=ORIENTED_EDGE('',*,*,#5565,.F.);
#7216=ORIENTED_EDGE('',*,*,#5566,.F.);
#7217=ORIENTED_EDGE('',*,*,#5567,.F.);
#7218=ORIENTED_EDGE('',*,*,#5568,.F.);
#7219=ORIENTED_EDGE('',*,*,#5569,.F.);
#7220=ORIENTED_EDGE('',*,*,#5570,.F.);
#7221=ORIENTED_EDGE('',*,*,#5571,.F.);
#7222=ORIENTED_EDGE('',*,*,#5572,.F.);
#7223=ORIENTED_EDGE('',*,*,#5573,.F.);
#7224=ORIENTED_EDGE('',*,*,#5574,.F.);
#7225=ORIENTED_EDGE('',*,*,#5575,.F.);
#7226=ORIENTED_EDGE('',*,*,#5576,.F.);
#7227=ORIENTED_EDGE('',*,*,#5577,.F.);
#7228=ORIENTED_EDGE('',*,*,#5578,.F.);
#7229=ORIENTED_EDGE('',*,*,#5579,.F.);
#7230=ORIENTED_EDGE('',*,*,#5580,.F.);
#7231=ORIENTED_EDGE('',*,*,#5581,.F.);
#7232=ORIENTED_EDGE('',*,*,#5582,.F.);
#7233=ORIENTED_EDGE('',*,*,#5583,.F.);
#7234=ORIENTED_EDGE('',*,*,#5584,.F.);
#7235=ORIENTED_EDGE('',*,*,#5585,.F.);
#7236=ORIENTED_EDGE('',*,*,#5586,.F.);
#7237=ORIENTED_EDGE('',*,*,#5587,.F.);
#7238=ORIENTED_EDGE('',*,*,#5588,.F.);
#7239=ORIENTED_EDGE('',*,*,#5589,.F.);
#7240=ORIENTED_EDGE('',*,*,#5590,.F.);
#7241=ORIENTED_EDGE('',*,*,#5591,.F.);
#7242=ORIENTED_EDGE('',*,*,#5592,.F.);
#7243=ORIENTED_EDGE('',*,*,#5593,.F.);
#7244=ORIENTED_EDGE('',*,*,#5594,.F.);
#7245=ORIENTED_EDGE('',*,*,#5595,.F.);
#7246=ORIENTED_EDGE('',*,*,#5596,.F.);
#7247=ORIENTED_EDGE('',*,*,#5597,.F.);
#7248=ORIENTED_EDGE('',*,*,#5598,.F.);
#7249=ORIENTED_EDGE('',*,*,#5599,.F.);
#7250=ORIENTED_EDGE('',*,*,#5600,.F.);
#7251=ORIENTED_EDGE('',*,*,#5601,.F.);
#7252=ORIENTED_EDGE('',*,*,#5602,.F.);
#7253=ORIENTED_EDGE('',*,*,#5603,.F.);
#7254=ORIENTED_EDGE('',*,*,#4939,.T.);
#7255=ORIENTED_EDGE('',*,*,#5211,.F.);
#7256=ORIENTED_EDGE('',*,*,#5604,.T.);
#7257=ORIENTED_EDGE('',*,*,#5605,.T.);
#7258=ORIENTED_EDGE('',*,*,#5606,.T.);
#7259=ORIENTED_EDGE('',*,*,#5607,.T.);
#7260=ORIENTED_EDGE('',*,*,#5608,.T.);
#7261=ORIENTED_EDGE('',*,*,#5609,.T.);
#7262=ORIENTED_EDGE('',*,*,#5610,.T.);
#7263=ORIENTED_EDGE('',*,*,#5611,.T.);
#7264=ORIENTED_EDGE('',*,*,#5612,.T.);
#7265=ORIENTED_EDGE('',*,*,#5613,.T.);
#7266=ORIENTED_EDGE('',*,*,#5614,.T.);
#7267=ORIENTED_EDGE('',*,*,#5615,.T.);
#7268=ORIENTED_EDGE('',*,*,#5616,.T.);
#7269=ORIENTED_EDGE('',*,*,#5617,.T.);
#7270=ORIENTED_EDGE('',*,*,#5618,.T.);
#7271=ORIENTED_EDGE('',*,*,#5619,.T.);
#7272=ORIENTED_EDGE('',*,*,#5620,.T.);
#7273=ORIENTED_EDGE('',*,*,#5187,.T.);
#7274=ORIENTED_EDGE('',*,*,#5190,.T.);
#7275=ORIENTED_EDGE('',*,*,#5192,.T.);
#7276=ORIENTED_EDGE('',*,*,#5194,.T.);
#7277=ORIENTED_EDGE('',*,*,#5196,.T.);
#7278=ORIENTED_EDGE('',*,*,#5198,.T.);
#7279=ORIENTED_EDGE('',*,*,#5200,.T.);
#7280=ORIENTED_EDGE('',*,*,#5202,.T.);
#7281=ORIENTED_EDGE('',*,*,#5204,.T.);
#7282=ORIENTED_EDGE('',*,*,#5206,.T.);
#7283=ORIENTED_EDGE('',*,*,#5209,.F.);
#7284=ORIENTED_EDGE('',*,*,#5621,.T.);
#7285=ORIENTED_EDGE('',*,*,#5622,.F.);
#7286=ORIENTED_EDGE('',*,*,#5623,.T.);
#7287=ORIENTED_EDGE('',*,*,#5624,.T.);
#7288=ORIENTED_EDGE('',*,*,#5625,.T.);
#7289=ORIENTED_EDGE('',*,*,#5626,.F.);
#7290=ORIENTED_EDGE('',*,*,#5627,.T.);
#7291=ORIENTED_EDGE('',*,*,#5628,.F.);
#7292=ORIENTED_EDGE('',*,*,#5629,.T.);
#7293=ORIENTED_EDGE('',*,*,#5630,.F.);
#7294=ORIENTED_EDGE('',*,*,#5631,.T.);
#7295=ORIENTED_EDGE('',*,*,#5632,.F.);
#7296=ORIENTED_EDGE('',*,*,#5633,.T.);
#7297=ORIENTED_EDGE('',*,*,#5634,.T.);
#7298=ORIENTED_EDGE('',*,*,#5635,.T.);
#7299=ORIENTED_EDGE('',*,*,#5636,.F.);
#7300=ORIENTED_EDGE('',*,*,#5637,.T.);
#7301=ORIENTED_EDGE('',*,*,#5638,.F.);
#7302=ORIENTED_EDGE('',*,*,#5639,.F.);
#7303=ORIENTED_EDGE('',*,*,#5640,.F.);
#7304=ORIENTED_EDGE('',*,*,#5641,.F.);
#7305=ORIENTED_EDGE('',*,*,#5642,.F.);
#7306=ORIENTED_EDGE('',*,*,#5643,.F.);
#7307=ORIENTED_EDGE('',*,*,#5644,.F.);
#7308=ORIENTED_EDGE('',*,*,#5645,.F.);
#7309=ORIENTED_EDGE('',*,*,#5646,.T.);
#7310=ORIENTED_EDGE('',*,*,#5647,.T.);
#7311=ORIENTED_EDGE('',*,*,#5648,.T.);
#7312=ORIENTED_EDGE('',*,*,#5649,.T.);
#7313=ORIENTED_EDGE('',*,*,#5650,.T.);
#7314=ORIENTED_EDGE('',*,*,#5651,.T.);
#7315=ORIENTED_EDGE('',*,*,#5652,.T.);
#7316=ORIENTED_EDGE('',*,*,#5653,.T.);
#7317=ORIENTED_EDGE('',*,*,#5654,.T.);
#7318=ORIENTED_EDGE('',*,*,#5655,.T.);
#7319=ORIENTED_EDGE('',*,*,#5656,.T.);
#7320=ORIENTED_EDGE('',*,*,#5657,.T.);
#7321=ORIENTED_EDGE('',*,*,#5658,.T.);
#7322=ORIENTED_EDGE('',*,*,#5659,.T.);
#7323=ORIENTED_EDGE('',*,*,#5660,.T.);
#7324=ORIENTED_EDGE('',*,*,#5661,.T.);
#7325=ORIENTED_EDGE('',*,*,#5662,.T.);
#7326=ORIENTED_EDGE('',*,*,#5663,.T.);
#7327=ORIENTED_EDGE('',*,*,#5664,.T.);
#7328=ORIENTED_EDGE('',*,*,#5665,.T.);
#7329=ORIENTED_EDGE('',*,*,#5666,.T.);
#7330=ORIENTED_EDGE('',*,*,#5667,.T.);
#7331=ORIENTED_EDGE('',*,*,#5668,.T.);
#7332=ORIENTED_EDGE('',*,*,#5669,.T.);
#7333=ORIENTED_EDGE('',*,*,#5670,.T.);
#7334=ORIENTED_EDGE('',*,*,#5671,.T.);
#7335=ORIENTED_EDGE('',*,*,#5672,.T.);
#7336=ORIENTED_EDGE('',*,*,#5673,.T.);
#7337=ORIENTED_EDGE('',*,*,#5674,.T.);
#7338=ORIENTED_EDGE('',*,*,#5675,.T.);
#7339=ORIENTED_EDGE('',*,*,#5676,.T.);
#7340=ORIENTED_EDGE('',*,*,#5677,.T.);
#7341=ORIENTED_EDGE('',*,*,#5678,.T.);
#7342=ORIENTED_EDGE('',*,*,#5679,.T.);
#7343=ORIENTED_EDGE('',*,*,#5680,.T.);
#7344=ORIENTED_EDGE('',*,*,#5681,.T.);
#7345=ORIENTED_EDGE('',*,*,#5682,.T.);
#7346=ORIENTED_EDGE('',*,*,#5683,.T.);
#7347=ORIENTED_EDGE('',*,*,#5684,.T.);
#7348=ORIENTED_EDGE('',*,*,#5685,.T.);
#7349=ORIENTED_EDGE('',*,*,#5686,.T.);
#7350=ORIENTED_EDGE('',*,*,#5687,.T.);
#7351=ORIENTED_EDGE('',*,*,#5688,.T.);
#7352=ORIENTED_EDGE('',*,*,#5689,.T.);
#7353=ORIENTED_EDGE('',*,*,#5690,.T.);
#7354=ORIENTED_EDGE('',*,*,#5691,.T.);
#7355=ORIENTED_EDGE('',*,*,#5692,.T.);
#7356=ORIENTED_EDGE('',*,*,#5693,.T.);
#7357=ORIENTED_EDGE('',*,*,#5694,.T.);
#7358=ORIENTED_EDGE('',*,*,#5695,.T.);
#7359=ORIENTED_EDGE('',*,*,#5696,.T.);
#7360=ORIENTED_EDGE('',*,*,#5697,.T.);
#7361=ORIENTED_EDGE('',*,*,#5698,.T.);
#7362=ORIENTED_EDGE('',*,*,#5699,.T.);
#7363=ORIENTED_EDGE('',*,*,#5700,.T.);
#7364=ORIENTED_EDGE('',*,*,#5701,.T.);
#7365=ORIENTED_EDGE('',*,*,#5702,.T.);
#7366=ORIENTED_EDGE('',*,*,#5703,.T.);
#7367=ORIENTED_EDGE('',*,*,#5704,.T.);
#7368=ORIENTED_EDGE('',*,*,#5705,.T.);
#7369=ORIENTED_EDGE('',*,*,#5706,.T.);
#7370=ORIENTED_EDGE('',*,*,#5707,.T.);
#7371=ORIENTED_EDGE('',*,*,#5708,.T.);
#7372=ORIENTED_EDGE('',*,*,#5709,.T.);
#7373=ORIENTED_EDGE('',*,*,#5710,.T.);
#7374=ORIENTED_EDGE('',*,*,#5711,.T.);
#7375=ORIENTED_EDGE('',*,*,#5712,.T.);
#7376=ORIENTED_EDGE('',*,*,#5713,.T.);
#7377=ORIENTED_EDGE('',*,*,#5714,.T.);
#7378=ORIENTED_EDGE('',*,*,#5715,.T.);
#7379=ORIENTED_EDGE('',*,*,#5716,.T.);
#7380=ORIENTED_EDGE('',*,*,#5717,.T.);
#7381=ORIENTED_EDGE('',*,*,#5718,.T.);
#7382=ORIENTED_EDGE('',*,*,#5719,.T.);
#7383=ORIENTED_EDGE('',*,*,#5720,.T.);
#7384=ORIENTED_EDGE('',*,*,#5721,.T.);
#7385=ORIENTED_EDGE('',*,*,#5722,.T.);
#7386=ORIENTED_EDGE('',*,*,#5723,.T.);
#7387=ORIENTED_EDGE('',*,*,#5724,.T.);
#7388=ORIENTED_EDGE('',*,*,#5725,.T.);
#7389=ORIENTED_EDGE('',*,*,#5726,.T.);
#7390=ORIENTED_EDGE('',*,*,#5727,.T.);
#7391=ORIENTED_EDGE('',*,*,#5728,.T.);
#7392=ORIENTED_EDGE('',*,*,#5729,.T.);
#7393=ORIENTED_EDGE('',*,*,#5730,.T.);
#7394=ORIENTED_EDGE('',*,*,#5731,.T.);
#7395=ORIENTED_EDGE('',*,*,#5732,.T.);
#7396=ORIENTED_EDGE('',*,*,#5733,.T.);
#7397=ORIENTED_EDGE('',*,*,#5734,.T.);
#7398=ORIENTED_EDGE('',*,*,#5735,.T.);
#7399=ORIENTED_EDGE('',*,*,#5736,.T.);
#7400=ORIENTED_EDGE('',*,*,#5737,.T.);
#7401=ORIENTED_EDGE('',*,*,#5738,.T.);
#7402=ORIENTED_EDGE('',*,*,#5739,.T.);
#7403=ORIENTED_EDGE('',*,*,#5740,.T.);
#7404=ORIENTED_EDGE('',*,*,#5741,.T.);
#7405=ORIENTED_EDGE('',*,*,#5742,.T.);
#7406=ORIENTED_EDGE('',*,*,#5743,.T.);
#7407=ORIENTED_EDGE('',*,*,#5744,.T.);
#7408=ORIENTED_EDGE('',*,*,#5745,.T.);
#7409=ORIENTED_EDGE('',*,*,#5746,.T.);
#7410=ORIENTED_EDGE('',*,*,#5747,.T.);
#7411=ORIENTED_EDGE('',*,*,#5126,.T.);
#7412=ORIENTED_EDGE('',*,*,#5129,.T.);
#7413=ORIENTED_EDGE('',*,*,#5131,.T.);
#7414=ORIENTED_EDGE('',*,*,#5133,.T.);
#7415=ORIENTED_EDGE('',*,*,#5135,.T.);
#7416=ORIENTED_EDGE('',*,*,#5137,.T.);
#7417=ORIENTED_EDGE('',*,*,#5139,.T.);
#7418=ORIENTED_EDGE('',*,*,#5141,.T.);
#7419=ORIENTED_EDGE('',*,*,#5143,.T.);
#7420=ORIENTED_EDGE('',*,*,#5145,.T.);
#7421=ORIENTED_EDGE('',*,*,#5147,.T.);
#7422=ORIENTED_EDGE('',*,*,#5149,.T.);
#7423=ORIENTED_EDGE('',*,*,#5151,.T.);
#7424=ORIENTED_EDGE('',*,*,#5153,.T.);
#7425=ORIENTED_EDGE('',*,*,#5155,.T.);
#7426=ORIENTED_EDGE('',*,*,#5157,.T.);
#7427=ORIENTED_EDGE('',*,*,#5159,.T.);
#7428=ORIENTED_EDGE('',*,*,#5161,.T.);
#7429=ORIENTED_EDGE('',*,*,#5163,.T.);
#7430=ORIENTED_EDGE('',*,*,#5165,.T.);
#7431=ORIENTED_EDGE('',*,*,#5167,.T.);
#7432=ORIENTED_EDGE('',*,*,#5169,.T.);
#7433=ORIENTED_EDGE('',*,*,#5171,.T.);
#7434=ORIENTED_EDGE('',*,*,#5173,.T.);
#7435=ORIENTED_EDGE('',*,*,#5175,.T.);
#7436=ORIENTED_EDGE('',*,*,#5177,.T.);
#7437=ORIENTED_EDGE('',*,*,#5179,.T.);
#7438=ORIENTED_EDGE('',*,*,#5181,.T.);
#7439=ORIENTED_EDGE('',*,*,#5183,.T.);
#7440=ORIENTED_EDGE('',*,*,#5185,.T.);
#7441=ORIENTED_EDGE('',*,*,#5748,.T.);
#7442=ORIENTED_EDGE('',*,*,#5749,.T.);
#7443=ORIENTED_EDGE('',*,*,#5750,.T.);
#7444=ORIENTED_EDGE('',*,*,#5751,.T.);
#7445=ORIENTED_EDGE('',*,*,#5752,.T.);
#7446=ORIENTED_EDGE('',*,*,#5753,.T.);
#7447=ORIENTED_EDGE('',*,*,#5754,.T.);
#7448=ORIENTED_EDGE('',*,*,#5755,.T.);
#7449=ORIENTED_EDGE('',*,*,#5756,.T.);
#7450=ORIENTED_EDGE('',*,*,#5757,.T.);
#7451=ORIENTED_EDGE('',*,*,#5758,.T.);
#7452=ORIENTED_EDGE('',*,*,#5759,.T.);
#7453=ORIENTED_EDGE('',*,*,#5760,.T.);
#7454=ORIENTED_EDGE('',*,*,#5761,.T.);
#7455=ORIENTED_EDGE('',*,*,#5762,.T.);
#7456=ORIENTED_EDGE('',*,*,#5763,.T.);
#7457=ORIENTED_EDGE('',*,*,#5764,.T.);
#7458=ORIENTED_EDGE('',*,*,#5765,.T.);
#7459=ORIENTED_EDGE('',*,*,#5766,.T.);
#7460=ORIENTED_EDGE('',*,*,#5767,.T.);
#7461=ORIENTED_EDGE('',*,*,#5768,.T.);
#7462=ORIENTED_EDGE('',*,*,#5769,.T.);
#7463=ORIENTED_EDGE('',*,*,#5770,.T.);
#7464=ORIENTED_EDGE('',*,*,#5771,.T.);
#7465=ORIENTED_EDGE('',*,*,#5772,.T.);
#7466=ORIENTED_EDGE('',*,*,#5773,.T.);
#7467=ORIENTED_EDGE('',*,*,#5774,.T.);
#7468=ORIENTED_EDGE('',*,*,#5775,.T.);
#7469=ORIENTED_EDGE('',*,*,#5776,.T.);
#7470=ORIENTED_EDGE('',*,*,#5777,.T.);
#7471=ORIENTED_EDGE('',*,*,#5778,.T.);
#7472=ORIENTED_EDGE('',*,*,#5779,.T.);
#7473=ORIENTED_EDGE('',*,*,#5780,.T.);
#7474=ORIENTED_EDGE('',*,*,#5781,.T.);
#7475=ORIENTED_EDGE('',*,*,#5782,.T.);
#7476=ORIENTED_EDGE('',*,*,#5783,.T.);
#7477=ORIENTED_EDGE('',*,*,#5784,.T.);
#7478=ORIENTED_EDGE('',*,*,#5785,.T.);
#7479=ORIENTED_EDGE('',*,*,#5786,.T.);
#7480=ORIENTED_EDGE('',*,*,#5787,.T.);
#7481=ORIENTED_EDGE('',*,*,#5788,.T.);
#7482=ORIENTED_EDGE('',*,*,#5789,.T.);
#7483=ORIENTED_EDGE('',*,*,#5790,.T.);
#7484=ORIENTED_EDGE('',*,*,#5791,.T.);
#7485=ORIENTED_EDGE('',*,*,#5792,.T.);
#7486=ORIENTED_EDGE('',*,*,#5793,.T.);
#7487=ORIENTED_EDGE('',*,*,#5794,.T.);
#7488=ORIENTED_EDGE('',*,*,#5795,.T.);
#7489=ORIENTED_EDGE('',*,*,#5796,.T.);
#7490=ORIENTED_EDGE('',*,*,#5797,.T.);
#7491=ORIENTED_EDGE('',*,*,#5798,.T.);
#7492=ORIENTED_EDGE('',*,*,#5799,.T.);
#7493=ORIENTED_EDGE('',*,*,#5800,.T.);
#7494=ORIENTED_EDGE('',*,*,#5801,.T.);
#7495=ORIENTED_EDGE('',*,*,#5802,.T.);
#7496=ORIENTED_EDGE('',*,*,#5803,.T.);
#7497=ORIENTED_EDGE('',*,*,#5804,.T.);
#7498=ORIENTED_EDGE('',*,*,#5805,.T.);
#7499=ORIENTED_EDGE('',*,*,#5806,.T.);
#7500=ORIENTED_EDGE('',*,*,#5807,.T.);
#7501=ORIENTED_EDGE('',*,*,#5808,.T.);
#7502=ORIENTED_EDGE('',*,*,#5809,.T.);
#7503=ORIENTED_EDGE('',*,*,#5810,.T.);
#7504=ORIENTED_EDGE('',*,*,#5811,.T.);
#7505=ORIENTED_EDGE('',*,*,#5812,.T.);
#7506=ORIENTED_EDGE('',*,*,#5813,.T.);
#7507=ORIENTED_EDGE('',*,*,#5814,.T.);
#7508=ORIENTED_EDGE('',*,*,#5815,.T.);
#7509=ORIENTED_EDGE('',*,*,#5816,.T.);
#7510=ORIENTED_EDGE('',*,*,#5817,.T.);
#7511=ORIENTED_EDGE('',*,*,#5818,.T.);
#7512=ORIENTED_EDGE('',*,*,#5819,.T.);
#7513=ORIENTED_EDGE('',*,*,#5820,.T.);
#7514=ORIENTED_EDGE('',*,*,#5821,.T.);
#7515=ORIENTED_EDGE('',*,*,#5822,.T.);
#7516=ORIENTED_EDGE('',*,*,#5823,.T.);
#7517=ORIENTED_EDGE('',*,*,#5824,.T.);
#7518=ORIENTED_EDGE('',*,*,#5825,.T.);
#7519=ORIENTED_EDGE('',*,*,#5826,.T.);
#7520=ORIENTED_EDGE('',*,*,#5827,.T.);
#7521=ORIENTED_EDGE('',*,*,#5828,.T.);
#7522=ORIENTED_EDGE('',*,*,#5829,.T.);
#7523=ORIENTED_EDGE('',*,*,#5830,.T.);
#7524=ORIENTED_EDGE('',*,*,#5831,.T.);
#7525=ORIENTED_EDGE('',*,*,#5832,.T.);
#7526=ORIENTED_EDGE('',*,*,#5833,.T.);
#7527=ORIENTED_EDGE('',*,*,#5834,.T.);
#7528=ORIENTED_EDGE('',*,*,#5835,.T.);
#7529=ORIENTED_EDGE('',*,*,#5836,.T.);
#7530=ORIENTED_EDGE('',*,*,#5837,.T.);
#7531=ORIENTED_EDGE('',*,*,#5838,.T.);
#7532=ORIENTED_EDGE('',*,*,#5839,.T.);
#7533=ORIENTED_EDGE('',*,*,#5840,.T.);
#7534=ORIENTED_EDGE('',*,*,#5841,.T.);
#7535=ORIENTED_EDGE('',*,*,#5842,.T.);
#7536=ORIENTED_EDGE('',*,*,#5843,.T.);
#7537=ORIENTED_EDGE('',*,*,#5844,.T.);
#7538=ORIENTED_EDGE('',*,*,#5845,.T.);
#7539=ORIENTED_EDGE('',*,*,#5846,.T.);
#7540=ORIENTED_EDGE('',*,*,#5847,.T.);
#7541=ORIENTED_EDGE('',*,*,#5848,.T.);
#7542=ORIENTED_EDGE('',*,*,#5849,.T.);
#7543=ORIENTED_EDGE('',*,*,#5850,.T.);
#7544=ORIENTED_EDGE('',*,*,#5851,.T.);
#7545=ORIENTED_EDGE('',*,*,#5852,.T.);
#7546=ORIENTED_EDGE('',*,*,#5853,.T.);
#7547=ORIENTED_EDGE('',*,*,#5854,.T.);
#7548=ORIENTED_EDGE('',*,*,#5855,.T.);
#7549=ORIENTED_EDGE('',*,*,#5856,.T.);
#7550=ORIENTED_EDGE('',*,*,#5857,.T.);
#7551=ORIENTED_EDGE('',*,*,#5858,.T.);
#7552=ORIENTED_EDGE('',*,*,#5859,.T.);
#7553=ORIENTED_EDGE('',*,*,#5860,.T.);
#7554=ORIENTED_EDGE('',*,*,#5861,.T.);
#7555=ORIENTED_EDGE('',*,*,#5862,.T.);
#7556=ORIENTED_EDGE('',*,*,#5863,.T.);
#7557=ORIENTED_EDGE('',*,*,#5864,.T.);
#7558=ORIENTED_EDGE('',*,*,#5865,.T.);
#7559=ORIENTED_EDGE('',*,*,#5866,.T.);
#7560=ORIENTED_EDGE('',*,*,#5867,.T.);
#7561=ORIENTED_EDGE('',*,*,#5868,.T.);
#7562=ORIENTED_EDGE('',*,*,#5869,.T.);
#7563=ORIENTED_EDGE('',*,*,#5870,.T.);
#7564=ORIENTED_EDGE('',*,*,#5871,.T.);
#7565=ORIENTED_EDGE('',*,*,#5872,.T.);
#7566=ORIENTED_EDGE('',*,*,#5873,.T.);
#7567=ORIENTED_EDGE('',*,*,#5874,.T.);
#7568=ORIENTED_EDGE('',*,*,#5875,.T.);
#7569=ORIENTED_EDGE('',*,*,#5876,.T.);
#7570=ORIENTED_EDGE('',*,*,#5877,.T.);
#7571=ORIENTED_EDGE('',*,*,#5878,.T.);
#7572=ORIENTED_EDGE('',*,*,#5879,.T.);
#7573=ORIENTED_EDGE('',*,*,#5880,.T.);
#7574=ORIENTED_EDGE('',*,*,#5881,.T.);
#7575=ORIENTED_EDGE('',*,*,#5882,.T.);
#7576=ORIENTED_EDGE('',*,*,#5883,.T.);
#7577=ORIENTED_EDGE('',*,*,#5884,.T.);
#7578=ORIENTED_EDGE('',*,*,#5885,.T.);
#7579=ORIENTED_EDGE('',*,*,#5886,.T.);
#7580=ORIENTED_EDGE('',*,*,#5887,.T.);
#7581=ORIENTED_EDGE('',*,*,#5888,.T.);
#7582=ORIENTED_EDGE('',*,*,#5889,.T.);
#7583=ORIENTED_EDGE('',*,*,#5890,.T.);
#7584=ORIENTED_EDGE('',*,*,#5891,.T.);
#7585=ORIENTED_EDGE('',*,*,#5892,.T.);
#7586=ORIENTED_EDGE('',*,*,#5893,.T.);
#7587=ORIENTED_EDGE('',*,*,#5894,.T.);
#7588=ORIENTED_EDGE('',*,*,#5895,.T.);
#7589=ORIENTED_EDGE('',*,*,#5896,.T.);
#7590=ORIENTED_EDGE('',*,*,#5897,.T.);
#7591=ORIENTED_EDGE('',*,*,#5898,.T.);
#7592=ORIENTED_EDGE('',*,*,#5899,.T.);
#7593=ORIENTED_EDGE('',*,*,#5900,.T.);
#7594=ORIENTED_EDGE('',*,*,#5901,.T.);
#7595=ORIENTED_EDGE('',*,*,#5902,.T.);
#7596=ORIENTED_EDGE('',*,*,#5903,.T.);
#7597=ORIENTED_EDGE('',*,*,#5904,.T.);
#7598=ORIENTED_EDGE('',*,*,#5905,.T.);
#7599=ORIENTED_EDGE('',*,*,#5906,.T.);
#7600=ORIENTED_EDGE('',*,*,#5907,.T.);
#7601=ORIENTED_EDGE('',*,*,#5908,.T.);
#7602=ORIENTED_EDGE('',*,*,#5909,.T.);
#7603=ORIENTED_EDGE('',*,*,#5910,.T.);
#7604=ORIENTED_EDGE('',*,*,#5911,.T.);
#7605=ORIENTED_EDGE('',*,*,#5912,.T.);
#7606=ORIENTED_EDGE('',*,*,#5913,.T.);
#7607=ORIENTED_EDGE('',*,*,#5914,.T.);
#7608=ORIENTED_EDGE('',*,*,#5915,.T.);
#7609=ORIENTED_EDGE('',*,*,#5916,.T.);
#7610=ORIENTED_EDGE('',*,*,#5917,.T.);
#7611=ORIENTED_EDGE('',*,*,#5918,.T.);
#7612=ORIENTED_EDGE('',*,*,#5919,.T.);
#7613=ORIENTED_EDGE('',*,*,#5920,.T.);
#7614=ORIENTED_EDGE('',*,*,#5921,.T.);
#7615=ORIENTED_EDGE('',*,*,#5922,.T.);
#7616=ORIENTED_EDGE('',*,*,#5923,.T.);
#7617=ORIENTED_EDGE('',*,*,#5924,.T.);
#7618=ORIENTED_EDGE('',*,*,#5925,.T.);
#7619=ORIENTED_EDGE('',*,*,#5926,.T.);
#7620=ORIENTED_EDGE('',*,*,#5927,.T.);
#7621=ORIENTED_EDGE('',*,*,#5928,.T.);
#7622=ORIENTED_EDGE('',*,*,#5929,.T.);
#7623=ORIENTED_EDGE('',*,*,#5930,.T.);
#7624=ORIENTED_EDGE('',*,*,#5931,.T.);
#7625=ORIENTED_EDGE('',*,*,#5932,.T.);
#7626=ORIENTED_EDGE('',*,*,#5933,.T.);
#7627=ORIENTED_EDGE('',*,*,#5934,.T.);
#7628=ORIENTED_EDGE('',*,*,#5935,.T.);
#7629=ORIENTED_EDGE('',*,*,#5936,.T.);
#7630=ORIENTED_EDGE('',*,*,#5937,.T.);
#7631=ORIENTED_EDGE('',*,*,#5938,.T.);
#7632=ORIENTED_EDGE('',*,*,#5939,.T.);
#7633=ORIENTED_EDGE('',*,*,#5940,.T.);
#7634=ORIENTED_EDGE('',*,*,#5941,.T.);
#7635=ORIENTED_EDGE('',*,*,#5942,.T.);
#7636=ORIENTED_EDGE('',*,*,#5943,.T.);
#7637=ORIENTED_EDGE('',*,*,#5944,.T.);
#7638=ORIENTED_EDGE('',*,*,#5945,.T.);
#7639=ORIENTED_EDGE('',*,*,#5946,.T.);
#7640=ORIENTED_EDGE('',*,*,#5947,.T.);
#7641=ORIENTED_EDGE('',*,*,#5948,.T.);
#7642=ORIENTED_EDGE('',*,*,#5949,.T.);
#7643=ORIENTED_EDGE('',*,*,#5950,.T.);
#7644=ORIENTED_EDGE('',*,*,#5951,.T.);
#7645=ORIENTED_EDGE('',*,*,#5952,.T.);
#7646=ORIENTED_EDGE('',*,*,#5953,.T.);
#7647=ORIENTED_EDGE('',*,*,#5954,.T.);
#7648=ORIENTED_EDGE('',*,*,#5955,.T.);
#7649=ORIENTED_EDGE('',*,*,#5956,.T.);
#7650=ORIENTED_EDGE('',*,*,#5957,.T.);
#7651=ORIENTED_EDGE('',*,*,#5958,.T.);
#7652=ORIENTED_EDGE('',*,*,#5959,.T.);
#7653=ORIENTED_EDGE('',*,*,#5960,.T.);
#7654=ORIENTED_EDGE('',*,*,#5961,.T.);
#7655=ORIENTED_EDGE('',*,*,#5215,.T.);
#7656=ORIENTED_EDGE('',*,*,#5218,.T.);
#7657=ORIENTED_EDGE('',*,*,#5220,.T.);
#7658=ORIENTED_EDGE('',*,*,#5222,.T.);
#7659=ORIENTED_EDGE('',*,*,#5224,.T.);
#7660=ORIENTED_EDGE('',*,*,#5226,.T.);
#7661=ORIENTED_EDGE('',*,*,#5228,.T.);
#7662=ORIENTED_EDGE('',*,*,#5230,.T.);
#7663=ORIENTED_EDGE('',*,*,#5232,.T.);
#7664=ORIENTED_EDGE('',*,*,#5234,.T.);
#7665=ORIENTED_EDGE('',*,*,#5236,.T.);
#7666=ORIENTED_EDGE('',*,*,#5238,.T.);
#7667=ORIENTED_EDGE('',*,*,#5240,.T.);
#7668=ORIENTED_EDGE('',*,*,#5242,.T.);
#7669=ORIENTED_EDGE('',*,*,#5244,.T.);
#7670=ORIENTED_EDGE('',*,*,#5246,.T.);
#7671=ORIENTED_EDGE('',*,*,#5248,.T.);
#7672=ORIENTED_EDGE('',*,*,#5250,.T.);
#7673=ORIENTED_EDGE('',*,*,#5252,.T.);
#7674=ORIENTED_EDGE('',*,*,#5254,.T.);
#7675=ORIENTED_EDGE('',*,*,#5256,.T.);
#7676=ORIENTED_EDGE('',*,*,#5258,.T.);
#7677=ORIENTED_EDGE('',*,*,#5260,.T.);
#7678=ORIENTED_EDGE('',*,*,#5262,.T.);
#7679=ORIENTED_EDGE('',*,*,#5264,.T.);
#7680=ORIENTED_EDGE('',*,*,#5266,.T.);
#7681=ORIENTED_EDGE('',*,*,#5268,.T.);
#7682=ORIENTED_EDGE('',*,*,#5270,.T.);
#7683=ORIENTED_EDGE('',*,*,#5272,.T.);
#7684=ORIENTED_EDGE('',*,*,#5274,.T.);
#7685=ORIENTED_EDGE('',*,*,#5962,.T.);
#7686=ORIENTED_EDGE('',*,*,#5963,.T.);
#7687=ORIENTED_EDGE('',*,*,#5964,.T.);
#7688=ORIENTED_EDGE('',*,*,#5965,.T.);
#7689=ORIENTED_EDGE('',*,*,#5966,.T.);
#7690=ORIENTED_EDGE('',*,*,#5967,.T.);
#7691=ORIENTED_EDGE('',*,*,#5968,.T.);
#7692=ORIENTED_EDGE('',*,*,#5969,.T.);
#7693=ORIENTED_EDGE('',*,*,#5970,.T.);
#7694=ORIENTED_EDGE('',*,*,#5971,.T.);
#7695=ORIENTED_EDGE('',*,*,#5972,.T.);
#7696=ORIENTED_EDGE('',*,*,#5973,.T.);
#7697=ORIENTED_EDGE('',*,*,#5974,.T.);
#7698=ORIENTED_EDGE('',*,*,#5975,.T.);
#7699=ORIENTED_EDGE('',*,*,#5976,.T.);
#7700=ORIENTED_EDGE('',*,*,#5977,.T.);
#7701=ORIENTED_EDGE('',*,*,#5978,.T.);
#7702=ORIENTED_EDGE('',*,*,#5979,.T.);
#7703=ORIENTED_EDGE('',*,*,#5980,.T.);
#7704=ORIENTED_EDGE('',*,*,#5981,.T.);
#7705=ORIENTED_EDGE('',*,*,#5982,.T.);
#7706=ORIENTED_EDGE('',*,*,#5983,.T.);
#7707=ORIENTED_EDGE('',*,*,#5984,.T.);
#7708=ORIENTED_EDGE('',*,*,#5985,.T.);
#7709=ORIENTED_EDGE('',*,*,#5986,.T.);
#7710=ORIENTED_EDGE('',*,*,#5987,.T.);
#7711=ORIENTED_EDGE('',*,*,#5988,.T.);
#7712=ORIENTED_EDGE('',*,*,#5989,.T.);
#7713=ORIENTED_EDGE('',*,*,#5990,.T.);
#7714=ORIENTED_EDGE('',*,*,#5991,.T.);
#7715=ORIENTED_EDGE('',*,*,#5992,.T.);
#7716=ORIENTED_EDGE('',*,*,#5993,.T.);
#7717=ORIENTED_EDGE('',*,*,#5994,.T.);
#7718=ORIENTED_EDGE('',*,*,#5995,.T.);
#7719=ORIENTED_EDGE('',*,*,#5996,.T.);
#7720=ORIENTED_EDGE('',*,*,#5997,.T.);
#7721=ORIENTED_EDGE('',*,*,#5998,.T.);
#7722=ORIENTED_EDGE('',*,*,#5999,.T.);
#7723=ORIENTED_EDGE('',*,*,#6000,.T.);
#7724=ORIENTED_EDGE('',*,*,#6001,.T.);
#7725=ORIENTED_EDGE('',*,*,#6002,.T.);
#7726=ORIENTED_EDGE('',*,*,#6003,.T.);
#7727=ORIENTED_EDGE('',*,*,#6004,.T.);
#7728=ORIENTED_EDGE('',*,*,#6005,.T.);
#7729=ORIENTED_EDGE('',*,*,#6006,.T.);
#7730=ORIENTED_EDGE('',*,*,#6007,.T.);
#7731=ORIENTED_EDGE('',*,*,#6008,.T.);
#7732=ORIENTED_EDGE('',*,*,#6009,.T.);
#7733=ORIENTED_EDGE('',*,*,#4941,.T.);
#7734=ORIENTED_EDGE('',*,*,#5296,.T.);
#7735=ORIENTED_EDGE('',*,*,#6010,.T.);
#7736=ORIENTED_EDGE('',*,*,#5624,.F.);
#7737=ORIENTED_EDGE('',*,*,#6011,.F.);
#7738=ORIENTED_EDGE('',*,*,#6012,.F.);
#7739=ORIENTED_EDGE('',*,*,#5625,.F.);
#7740=ORIENTED_EDGE('',*,*,#6010,.F.);
#7741=ORIENTED_EDGE('',*,*,#5295,.T.);
#7742=ORIENTED_EDGE('',*,*,#6013,.F.);
#7743=ORIENTED_EDGE('',*,*,#5629,.F.);
#7744=ORIENTED_EDGE('',*,*,#6014,.F.);
#7745=ORIENTED_EDGE('',*,*,#5291,.F.);
#7746=ORIENTED_EDGE('',*,*,#5286,.F.);
#7747=ORIENTED_EDGE('',*,*,#6015,.T.);
#7748=ORIENTED_EDGE('',*,*,#5634,.F.);
#7749=ORIENTED_EDGE('',*,*,#6016,.F.);
#7750=ORIENTED_EDGE('',*,*,#6017,.F.);
#7751=ORIENTED_EDGE('',*,*,#5635,.F.);
#7752=ORIENTED_EDGE('',*,*,#6015,.F.);
#7753=ORIENTED_EDGE('',*,*,#5285,.F.);
#7754=ORIENTED_EDGE('',*,*,#5596,.T.);
#7755=ORIENTED_EDGE('',*,*,#6018,.T.);
#7756=ORIENTED_EDGE('',*,*,#6002,.F.);
#7757=ORIENTED_EDGE('',*,*,#6019,.F.);
#7758=ORIENTED_EDGE('',*,*,#5603,.T.);
#7759=ORIENTED_EDGE('',*,*,#6020,.T.);
#7760=ORIENTED_EDGE('',*,*,#6003,.F.);
#7761=ORIENTED_EDGE('',*,*,#6018,.F.);
#7762=ORIENTED_EDGE('',*,*,#5602,.T.);
#7763=ORIENTED_EDGE('',*,*,#6021,.T.);
#7764=ORIENTED_EDGE('',*,*,#6004,.F.);
#7765=ORIENTED_EDGE('',*,*,#6020,.F.);
#7766=ORIENTED_EDGE('',*,*,#5601,.T.);
#7767=ORIENTED_EDGE('',*,*,#6022,.T.);
#7768=ORIENTED_EDGE('',*,*,#6005,.F.);
#7769=ORIENTED_EDGE('',*,*,#6021,.F.);
#7770=ORIENTED_EDGE('',*,*,#5600,.T.);
#7771=ORIENTED_EDGE('',*,*,#6023,.T.);
#7772=ORIENTED_EDGE('',*,*,#6006,.F.);
#7773=ORIENTED_EDGE('',*,*,#6022,.F.);
#7774=ORIENTED_EDGE('',*,*,#5599,.T.);
#7775=ORIENTED_EDGE('',*,*,#6024,.T.);
#7776=ORIENTED_EDGE('',*,*,#6007,.F.);
#7777=ORIENTED_EDGE('',*,*,#6023,.F.);
#7778=ORIENTED_EDGE('',*,*,#5598,.T.);
#7779=ORIENTED_EDGE('',*,*,#6025,.T.);
#7780=ORIENTED_EDGE('',*,*,#6008,.F.);
#7781=ORIENTED_EDGE('',*,*,#6024,.F.);
#7782=ORIENTED_EDGE('',*,*,#5597,.T.);
#7783=ORIENTED_EDGE('',*,*,#6019,.T.);
#7784=ORIENTED_EDGE('',*,*,#6009,.F.);
#7785=ORIENTED_EDGE('',*,*,#6025,.F.);
#7786=ORIENTED_EDGE('',*,*,#5588,.T.);
#7787=ORIENTED_EDGE('',*,*,#6026,.T.);
#7788=ORIENTED_EDGE('',*,*,#5994,.F.);
#7789=ORIENTED_EDGE('',*,*,#6027,.F.);
#7790=ORIENTED_EDGE('',*,*,#5595,.T.);
#7791=ORIENTED_EDGE('',*,*,#6028,.T.);
#7792=ORIENTED_EDGE('',*,*,#5995,.F.);
#7793=ORIENTED_EDGE('',*,*,#6026,.F.);
#7794=ORIENTED_EDGE('',*,*,#5594,.T.);
#7795=ORIENTED_EDGE('',*,*,#6029,.T.);
#7796=ORIENTED_EDGE('',*,*,#5996,.F.);
#7797=ORIENTED_EDGE('',*,*,#6028,.F.);
#7798=ORIENTED_EDGE('',*,*,#5593,.T.);
#7799=ORIENTED_EDGE('',*,*,#6030,.T.);
#7800=ORIENTED_EDGE('',*,*,#5997,.F.);
#7801=ORIENTED_EDGE('',*,*,#6029,.F.);
#7802=ORIENTED_EDGE('',*,*,#5592,.T.);
#7803=ORIENTED_EDGE('',*,*,#6031,.T.);
#7804=ORIENTED_EDGE('',*,*,#5998,.F.);
#7805=ORIENTED_EDGE('',*,*,#6030,.F.);
#7806=ORIENTED_EDGE('',*,*,#5591,.T.);
#7807=ORIENTED_EDGE('',*,*,#6032,.T.);
#7808=ORIENTED_EDGE('',*,*,#5999,.F.);
#7809=ORIENTED_EDGE('',*,*,#6031,.F.);
#7810=ORIENTED_EDGE('',*,*,#5590,.T.);
#7811=ORIENTED_EDGE('',*,*,#6033,.T.);
#7812=ORIENTED_EDGE('',*,*,#6000,.F.);
#7813=ORIENTED_EDGE('',*,*,#6032,.F.);
#7814=ORIENTED_EDGE('',*,*,#5589,.T.);
#7815=ORIENTED_EDGE('',*,*,#6027,.T.);
#7816=ORIENTED_EDGE('',*,*,#6001,.F.);
#7817=ORIENTED_EDGE('',*,*,#6033,.F.);
#7818=ORIENTED_EDGE('',*,*,#5580,.T.);
#7819=ORIENTED_EDGE('',*,*,#6034,.T.);
#7820=ORIENTED_EDGE('',*,*,#5986,.F.);
#7821=ORIENTED_EDGE('',*,*,#6035,.F.);
#7822=ORIENTED_EDGE('',*,*,#5587,.T.);
#7823=ORIENTED_EDGE('',*,*,#6036,.T.);
#7824=ORIENTED_EDGE('',*,*,#5987,.F.);
#7825=ORIENTED_EDGE('',*,*,#6034,.F.);
#7826=ORIENTED_EDGE('',*,*,#5586,.T.);
#7827=ORIENTED_EDGE('',*,*,#6037,.T.);
#7828=ORIENTED_EDGE('',*,*,#5988,.F.);
#7829=ORIENTED_EDGE('',*,*,#6036,.F.);
#7830=ORIENTED_EDGE('',*,*,#5585,.T.);
#7831=ORIENTED_EDGE('',*,*,#6038,.T.);
#7832=ORIENTED_EDGE('',*,*,#5989,.F.);
#7833=ORIENTED_EDGE('',*,*,#6037,.F.);
#7834=ORIENTED_EDGE('',*,*,#5584,.T.);
#7835=ORIENTED_EDGE('',*,*,#6039,.T.);
#7836=ORIENTED_EDGE('',*,*,#5990,.F.);
#7837=ORIENTED_EDGE('',*,*,#6038,.F.);
#7838=ORIENTED_EDGE('',*,*,#5583,.T.);
#7839=ORIENTED_EDGE('',*,*,#6040,.T.);
#7840=ORIENTED_EDGE('',*,*,#5991,.F.);
#7841=ORIENTED_EDGE('',*,*,#6039,.F.);
#7842=ORIENTED_EDGE('',*,*,#5582,.T.);
#7843=ORIENTED_EDGE('',*,*,#6041,.T.);
#7844=ORIENTED_EDGE('',*,*,#5992,.F.);
#7845=ORIENTED_EDGE('',*,*,#6040,.F.);
#7846=ORIENTED_EDGE('',*,*,#5581,.T.);
#7847=ORIENTED_EDGE('',*,*,#6035,.T.);
#7848=ORIENTED_EDGE('',*,*,#5993,.F.);
#7849=ORIENTED_EDGE('',*,*,#6041,.F.);
#7850=ORIENTED_EDGE('',*,*,#5572,.T.);
#7851=ORIENTED_EDGE('',*,*,#6042,.T.);
#7852=ORIENTED_EDGE('',*,*,#5978,.F.);
#7853=ORIENTED_EDGE('',*,*,#6043,.F.);
#7854=ORIENTED_EDGE('',*,*,#5579,.T.);
#7855=ORIENTED_EDGE('',*,*,#6044,.T.);
#7856=ORIENTED_EDGE('',*,*,#5979,.F.);
#7857=ORIENTED_EDGE('',*,*,#6042,.F.);
#7858=ORIENTED_EDGE('',*,*,#5578,.T.);
#7859=ORIENTED_EDGE('',*,*,#6045,.T.);
#7860=ORIENTED_EDGE('',*,*,#5980,.F.);
#7861=ORIENTED_EDGE('',*,*,#6044,.F.);
#7862=ORIENTED_EDGE('',*,*,#5577,.T.);
#7863=ORIENTED_EDGE('',*,*,#6046,.T.);
#7864=ORIENTED_EDGE('',*,*,#5981,.F.);
#7865=ORIENTED_EDGE('',*,*,#6045,.F.);
#7866=ORIENTED_EDGE('',*,*,#5576,.T.);
#7867=ORIENTED_EDGE('',*,*,#6047,.T.);
#7868=ORIENTED_EDGE('',*,*,#5982,.F.);
#7869=ORIENTED_EDGE('',*,*,#6046,.F.);
#7870=ORIENTED_EDGE('',*,*,#5575,.T.);
#7871=ORIENTED_EDGE('',*,*,#6048,.T.);
#7872=ORIENTED_EDGE('',*,*,#5983,.F.);
#7873=ORIENTED_EDGE('',*,*,#6047,.F.);
#7874=ORIENTED_EDGE('',*,*,#5574,.T.);
#7875=ORIENTED_EDGE('',*,*,#6049,.T.);
#7876=ORIENTED_EDGE('',*,*,#5984,.F.);
#7877=ORIENTED_EDGE('',*,*,#6048,.F.);
#7878=ORIENTED_EDGE('',*,*,#5573,.T.);
#7879=ORIENTED_EDGE('',*,*,#6043,.T.);
#7880=ORIENTED_EDGE('',*,*,#5985,.F.);
#7881=ORIENTED_EDGE('',*,*,#6049,.F.);
#7882=ORIENTED_EDGE('',*,*,#5564,.T.);
#7883=ORIENTED_EDGE('',*,*,#6050,.T.);
#7884=ORIENTED_EDGE('',*,*,#5970,.F.);
#7885=ORIENTED_EDGE('',*,*,#6051,.F.);
#7886=ORIENTED_EDGE('',*,*,#5571,.T.);
#7887=ORIENTED_EDGE('',*,*,#6052,.T.);
#7888=ORIENTED_EDGE('',*,*,#5971,.F.);
#7889=ORIENTED_EDGE('',*,*,#6050,.F.);
#7890=ORIENTED_EDGE('',*,*,#5570,.T.);
#7891=ORIENTED_EDGE('',*,*,#6053,.T.);
#7892=ORIENTED_EDGE('',*,*,#5972,.F.);
#7893=ORIENTED_EDGE('',*,*,#6052,.F.);
#7894=ORIENTED_EDGE('',*,*,#5569,.T.);
#7895=ORIENTED_EDGE('',*,*,#6054,.T.);
#7896=ORIENTED_EDGE('',*,*,#5973,.F.);
#7897=ORIENTED_EDGE('',*,*,#6053,.F.);
#7898=ORIENTED_EDGE('',*,*,#5568,.T.);
#7899=ORIENTED_EDGE('',*,*,#6055,.T.);
#7900=ORIENTED_EDGE('',*,*,#5974,.F.);
#7901=ORIENTED_EDGE('',*,*,#6054,.F.);
#7902=ORIENTED_EDGE('',*,*,#5567,.T.);
#7903=ORIENTED_EDGE('',*,*,#6056,.T.);
#7904=ORIENTED_EDGE('',*,*,#5975,.F.);
#7905=ORIENTED_EDGE('',*,*,#6055,.F.);
#7906=ORIENTED_EDGE('',*,*,#5566,.T.);
#7907=ORIENTED_EDGE('',*,*,#6057,.T.);
#7908=ORIENTED_EDGE('',*,*,#5976,.F.);
#7909=ORIENTED_EDGE('',*,*,#6056,.F.);
#7910=ORIENTED_EDGE('',*,*,#5565,.T.);
#7911=ORIENTED_EDGE('',*,*,#6051,.T.);
#7912=ORIENTED_EDGE('',*,*,#5977,.F.);
#7913=ORIENTED_EDGE('',*,*,#6057,.F.);
#7914=ORIENTED_EDGE('',*,*,#5556,.T.);
#7915=ORIENTED_EDGE('',*,*,#6058,.T.);
#7916=ORIENTED_EDGE('',*,*,#5962,.F.);
#7917=ORIENTED_EDGE('',*,*,#6059,.F.);
#7918=ORIENTED_EDGE('',*,*,#5563,.T.);
#7919=ORIENTED_EDGE('',*,*,#6060,.T.);
#7920=ORIENTED_EDGE('',*,*,#5963,.F.);
#7921=ORIENTED_EDGE('',*,*,#6058,.F.);
#7922=ORIENTED_EDGE('',*,*,#5562,.T.);
#7923=ORIENTED_EDGE('',*,*,#6061,.T.);
#7924=ORIENTED_EDGE('',*,*,#5964,.F.);
#7925=ORIENTED_EDGE('',*,*,#6060,.F.);
#7926=ORIENTED_EDGE('',*,*,#5561,.T.);
#7927=ORIENTED_EDGE('',*,*,#6062,.T.);
#7928=ORIENTED_EDGE('',*,*,#5965,.F.);
#7929=ORIENTED_EDGE('',*,*,#6061,.F.);
#7930=ORIENTED_EDGE('',*,*,#5560,.T.);
#7931=ORIENTED_EDGE('',*,*,#6063,.T.);
#7932=ORIENTED_EDGE('',*,*,#5966,.F.);
#7933=ORIENTED_EDGE('',*,*,#6062,.F.);
#7934=ORIENTED_EDGE('',*,*,#5559,.T.);
#7935=ORIENTED_EDGE('',*,*,#6064,.T.);
#7936=ORIENTED_EDGE('',*,*,#5967,.F.);
#7937=ORIENTED_EDGE('',*,*,#6063,.F.);
#7938=ORIENTED_EDGE('',*,*,#5558,.T.);
#7939=ORIENTED_EDGE('',*,*,#6065,.T.);
#7940=ORIENTED_EDGE('',*,*,#5968,.F.);
#7941=ORIENTED_EDGE('',*,*,#6064,.F.);
#7942=ORIENTED_EDGE('',*,*,#5557,.T.);
#7943=ORIENTED_EDGE('',*,*,#6059,.T.);
#7944=ORIENTED_EDGE('',*,*,#5969,.F.);
#7945=ORIENTED_EDGE('',*,*,#6065,.F.);
#7946=ORIENTED_EDGE('',*,*,#5065,.T.);
#7947=ORIENTED_EDGE('',*,*,#6066,.T.);
#7948=ORIENTED_EDGE('',*,*,#5932,.F.);
#7949=ORIENTED_EDGE('',*,*,#5273,.F.);
#7950=ORIENTED_EDGE('',*,*,#5124,.T.);
#7951=ORIENTED_EDGE('',*,*,#6067,.T.);
#7952=ORIENTED_EDGE('',*,*,#5933,.F.);
#7953=ORIENTED_EDGE('',*,*,#6066,.F.);
#7954=ORIENTED_EDGE('',*,*,#5123,.T.);
#7955=ORIENTED_EDGE('',*,*,#6068,.T.);
#7956=ORIENTED_EDGE('',*,*,#5934,.F.);
#7957=ORIENTED_EDGE('',*,*,#6067,.F.);
#7958=ORIENTED_EDGE('',*,*,#5122,.T.);
#7959=ORIENTED_EDGE('',*,*,#6069,.T.);
#7960=ORIENTED_EDGE('',*,*,#5935,.F.);
#7961=ORIENTED_EDGE('',*,*,#6068,.F.);
#7962=ORIENTED_EDGE('',*,*,#5121,.T.);
#7963=ORIENTED_EDGE('',*,*,#6070,.T.);
#7964=ORIENTED_EDGE('',*,*,#5936,.F.);
#7965=ORIENTED_EDGE('',*,*,#6069,.F.);
#7966=ORIENTED_EDGE('',*,*,#5120,.T.);
#7967=ORIENTED_EDGE('',*,*,#6071,.T.);
#7968=ORIENTED_EDGE('',*,*,#5937,.F.);
#7969=ORIENTED_EDGE('',*,*,#6070,.F.);
#7970=ORIENTED_EDGE('',*,*,#5119,.T.);
#7971=ORIENTED_EDGE('',*,*,#6072,.T.);
#7972=ORIENTED_EDGE('',*,*,#5938,.F.);
#7973=ORIENTED_EDGE('',*,*,#6071,.F.);
#7974=ORIENTED_EDGE('',*,*,#5118,.T.);
#7975=ORIENTED_EDGE('',*,*,#6073,.T.);
#7976=ORIENTED_EDGE('',*,*,#5939,.F.);
#7977=ORIENTED_EDGE('',*,*,#6072,.F.);
#7978=ORIENTED_EDGE('',*,*,#5117,.T.);
#7979=ORIENTED_EDGE('',*,*,#6074,.T.);
#7980=ORIENTED_EDGE('',*,*,#5940,.F.);
#7981=ORIENTED_EDGE('',*,*,#6073,.F.);
#7982=ORIENTED_EDGE('',*,*,#5116,.T.);
#7983=ORIENTED_EDGE('',*,*,#6075,.T.);
#7984=ORIENTED_EDGE('',*,*,#5941,.F.);
#7985=ORIENTED_EDGE('',*,*,#6074,.F.);
#7986=ORIENTED_EDGE('',*,*,#5115,.T.);
#7987=ORIENTED_EDGE('',*,*,#6076,.T.);
#7988=ORIENTED_EDGE('',*,*,#5942,.F.);
#7989=ORIENTED_EDGE('',*,*,#6075,.F.);
#7990=ORIENTED_EDGE('',*,*,#5114,.T.);
#7991=ORIENTED_EDGE('',*,*,#6077,.T.);
#7992=ORIENTED_EDGE('',*,*,#5943,.F.);
#7993=ORIENTED_EDGE('',*,*,#6076,.F.);
#7994=ORIENTED_EDGE('',*,*,#5113,.T.);
#7995=ORIENTED_EDGE('',*,*,#6078,.T.);
#7996=ORIENTED_EDGE('',*,*,#5944,.F.);
#7997=ORIENTED_EDGE('',*,*,#6077,.F.);
#7998=ORIENTED_EDGE('',*,*,#5112,.T.);
#7999=ORIENTED_EDGE('',*,*,#6079,.T.);
#8000=ORIENTED_EDGE('',*,*,#5945,.F.);
#8001=ORIENTED_EDGE('',*,*,#6078,.F.);
#8002=ORIENTED_EDGE('',*,*,#5111,.T.);
#8003=ORIENTED_EDGE('',*,*,#6080,.T.);
#8004=ORIENTED_EDGE('',*,*,#5946,.F.);
#8005=ORIENTED_EDGE('',*,*,#6079,.F.);
#8006=ORIENTED_EDGE('',*,*,#5110,.T.);
#8007=ORIENTED_EDGE('',*,*,#6081,.T.);
#8008=ORIENTED_EDGE('',*,*,#5947,.F.);
#8009=ORIENTED_EDGE('',*,*,#6080,.F.);
#8010=ORIENTED_EDGE('',*,*,#5109,.T.);
#8011=ORIENTED_EDGE('',*,*,#6082,.T.);
#8012=ORIENTED_EDGE('',*,*,#5948,.F.);
#8013=ORIENTED_EDGE('',*,*,#6081,.F.);
#8014=ORIENTED_EDGE('',*,*,#5108,.T.);
#8015=ORIENTED_EDGE('',*,*,#6083,.T.);
#8016=ORIENTED_EDGE('',*,*,#5949,.F.);
#8017=ORIENTED_EDGE('',*,*,#6082,.F.);
#8018=ORIENTED_EDGE('',*,*,#5107,.T.);
#8019=ORIENTED_EDGE('',*,*,#6084,.T.);
#8020=ORIENTED_EDGE('',*,*,#5950,.F.);
#8021=ORIENTED_EDGE('',*,*,#6083,.F.);
#8022=ORIENTED_EDGE('',*,*,#5106,.T.);
#8023=ORIENTED_EDGE('',*,*,#6085,.T.);
#8024=ORIENTED_EDGE('',*,*,#5951,.F.);
#8025=ORIENTED_EDGE('',*,*,#6084,.F.);
#8026=ORIENTED_EDGE('',*,*,#5105,.T.);
#8027=ORIENTED_EDGE('',*,*,#6086,.T.);
#8028=ORIENTED_EDGE('',*,*,#5952,.F.);
#8029=ORIENTED_EDGE('',*,*,#6085,.F.);
#8030=ORIENTED_EDGE('',*,*,#5104,.T.);
#8031=ORIENTED_EDGE('',*,*,#6087,.T.);
#8032=ORIENTED_EDGE('',*,*,#5953,.F.);
#8033=ORIENTED_EDGE('',*,*,#6086,.F.);
#8034=ORIENTED_EDGE('',*,*,#5103,.T.);
#8035=ORIENTED_EDGE('',*,*,#6088,.T.);
#8036=ORIENTED_EDGE('',*,*,#5954,.F.);
#8037=ORIENTED_EDGE('',*,*,#6087,.F.);
#8038=ORIENTED_EDGE('',*,*,#5102,.T.);
#8039=ORIENTED_EDGE('',*,*,#6089,.T.);
#8040=ORIENTED_EDGE('',*,*,#5955,.F.);
#8041=ORIENTED_EDGE('',*,*,#6088,.F.);
#8042=ORIENTED_EDGE('',*,*,#5101,.T.);
#8043=ORIENTED_EDGE('',*,*,#6090,.T.);
#8044=ORIENTED_EDGE('',*,*,#5956,.F.);
#8045=ORIENTED_EDGE('',*,*,#6089,.F.);
#8046=ORIENTED_EDGE('',*,*,#5100,.T.);
#8047=ORIENTED_EDGE('',*,*,#6091,.T.);
#8048=ORIENTED_EDGE('',*,*,#5957,.F.);
#8049=ORIENTED_EDGE('',*,*,#6090,.F.);
#8050=ORIENTED_EDGE('',*,*,#5099,.T.);
#8051=ORIENTED_EDGE('',*,*,#6092,.T.);
#8052=ORIENTED_EDGE('',*,*,#5958,.F.);
#8053=ORIENTED_EDGE('',*,*,#6091,.F.);
#8054=ORIENTED_EDGE('',*,*,#5098,.T.);
#8055=ORIENTED_EDGE('',*,*,#6093,.T.);
#8056=ORIENTED_EDGE('',*,*,#5959,.F.);
#8057=ORIENTED_EDGE('',*,*,#6092,.F.);
#8058=ORIENTED_EDGE('',*,*,#5097,.T.);
#8059=ORIENTED_EDGE('',*,*,#6094,.T.);
#8060=ORIENTED_EDGE('',*,*,#5960,.F.);
#8061=ORIENTED_EDGE('',*,*,#6093,.F.);
#8062=ORIENTED_EDGE('',*,*,#5096,.T.);
#8063=ORIENTED_EDGE('',*,*,#5216,.T.);
#8064=ORIENTED_EDGE('',*,*,#5961,.F.);
#8065=ORIENTED_EDGE('',*,*,#6094,.F.);
#8066=ORIENTED_EDGE('',*,*,#5548,.T.);
#8067=ORIENTED_EDGE('',*,*,#6095,.T.);
#8068=ORIENTED_EDGE('',*,*,#5924,.F.);
#8069=ORIENTED_EDGE('',*,*,#6096,.F.);
#8070=ORIENTED_EDGE('',*,*,#5555,.T.);
#8071=ORIENTED_EDGE('',*,*,#6097,.T.);
#8072=ORIENTED_EDGE('',*,*,#5925,.F.);
#8073=ORIENTED_EDGE('',*,*,#6095,.F.);
#8074=ORIENTED_EDGE('',*,*,#5554,.T.);
#8075=ORIENTED_EDGE('',*,*,#6098,.T.);
#8076=ORIENTED_EDGE('',*,*,#5926,.F.);
#8077=ORIENTED_EDGE('',*,*,#6097,.F.);
#8078=ORIENTED_EDGE('',*,*,#5553,.T.);
#8079=ORIENTED_EDGE('',*,*,#6099,.T.);
#8080=ORIENTED_EDGE('',*,*,#5927,.F.);
#8081=ORIENTED_EDGE('',*,*,#6098,.F.);
#8082=ORIENTED_EDGE('',*,*,#5552,.T.);
#8083=ORIENTED_EDGE('',*,*,#6100,.T.);
#8084=ORIENTED_EDGE('',*,*,#5928,.F.);
#8085=ORIENTED_EDGE('',*,*,#6099,.F.);
#8086=ORIENTED_EDGE('',*,*,#5551,.T.);
#8087=ORIENTED_EDGE('',*,*,#6101,.T.);
#8088=ORIENTED_EDGE('',*,*,#5929,.F.);
#8089=ORIENTED_EDGE('',*,*,#6100,.F.);
#8090=ORIENTED_EDGE('',*,*,#5550,.T.);
#8091=ORIENTED_EDGE('',*,*,#6102,.T.);
#8092=ORIENTED_EDGE('',*,*,#5930,.F.);
#8093=ORIENTED_EDGE('',*,*,#6101,.F.);
#8094=ORIENTED_EDGE('',*,*,#5549,.T.);
#8095=ORIENTED_EDGE('',*,*,#6096,.T.);
#8096=ORIENTED_EDGE('',*,*,#5931,.F.);
#8097=ORIENTED_EDGE('',*,*,#6102,.F.);
#8098=ORIENTED_EDGE('',*,*,#5540,.T.);
#8099=ORIENTED_EDGE('',*,*,#6103,.T.);
#8100=ORIENTED_EDGE('',*,*,#5916,.F.);
#8101=ORIENTED_EDGE('',*,*,#6104,.F.);
#8102=ORIENTED_EDGE('',*,*,#5547,.T.);
#8103=ORIENTED_EDGE('',*,*,#6105,.T.);
#8104=ORIENTED_EDGE('',*,*,#5917,.F.);
#8105=ORIENTED_EDGE('',*,*,#6103,.F.);
#8106=ORIENTED_EDGE('',*,*,#5546,.T.);
#8107=ORIENTED_EDGE('',*,*,#6106,.T.);
#8108=ORIENTED_EDGE('',*,*,#5918,.F.);
#8109=ORIENTED_EDGE('',*,*,#6105,.F.);
#8110=ORIENTED_EDGE('',*,*,#5545,.T.);
#8111=ORIENTED_EDGE('',*,*,#6107,.T.);
#8112=ORIENTED_EDGE('',*,*,#5919,.F.);
#8113=ORIENTED_EDGE('',*,*,#6106,.F.);
#8114=ORIENTED_EDGE('',*,*,#5544,.T.);
#8115=ORIENTED_EDGE('',*,*,#6108,.T.);
#8116=ORIENTED_EDGE('',*,*,#5920,.F.);
#8117=ORIENTED_EDGE('',*,*,#6107,.F.);
#8118=ORIENTED_EDGE('',*,*,#5543,.T.);
#8119=ORIENTED_EDGE('',*,*,#6109,.T.);
#8120=ORIENTED_EDGE('',*,*,#5921,.F.);
#8121=ORIENTED_EDGE('',*,*,#6108,.F.);
#8122=ORIENTED_EDGE('',*,*,#5542,.T.);
#8123=ORIENTED_EDGE('',*,*,#6110,.T.);
#8124=ORIENTED_EDGE('',*,*,#5922,.F.);
#8125=ORIENTED_EDGE('',*,*,#6109,.F.);
#8126=ORIENTED_EDGE('',*,*,#5541,.T.);
#8127=ORIENTED_EDGE('',*,*,#6104,.T.);
#8128=ORIENTED_EDGE('',*,*,#5923,.F.);
#8129=ORIENTED_EDGE('',*,*,#6110,.F.);
#8130=ORIENTED_EDGE('',*,*,#5532,.T.);
#8131=ORIENTED_EDGE('',*,*,#6111,.T.);
#8132=ORIENTED_EDGE('',*,*,#5908,.F.);
#8133=ORIENTED_EDGE('',*,*,#6112,.F.);
#8134=ORIENTED_EDGE('',*,*,#5539,.T.);
#8135=ORIENTED_EDGE('',*,*,#6113,.T.);
#8136=ORIENTED_EDGE('',*,*,#5909,.F.);
#8137=ORIENTED_EDGE('',*,*,#6111,.F.);
#8138=ORIENTED_EDGE('',*,*,#5538,.T.);
#8139=ORIENTED_EDGE('',*,*,#6114,.T.);
#8140=ORIENTED_EDGE('',*,*,#5910,.F.);
#8141=ORIENTED_EDGE('',*,*,#6113,.F.);
#8142=ORIENTED_EDGE('',*,*,#5537,.T.);
#8143=ORIENTED_EDGE('',*,*,#6115,.T.);
#8144=ORIENTED_EDGE('',*,*,#5911,.F.);
#8145=ORIENTED_EDGE('',*,*,#6114,.F.);
#8146=ORIENTED_EDGE('',*,*,#5536,.T.);
#8147=ORIENTED_EDGE('',*,*,#6116,.T.);
#8148=ORIENTED_EDGE('',*,*,#5912,.F.);
#8149=ORIENTED_EDGE('',*,*,#6115,.F.);
#8150=ORIENTED_EDGE('',*,*,#5535,.T.);
#8151=ORIENTED_EDGE('',*,*,#6117,.T.);
#8152=ORIENTED_EDGE('',*,*,#5913,.F.);
#8153=ORIENTED_EDGE('',*,*,#6116,.F.);
#8154=ORIENTED_EDGE('',*,*,#5534,.T.);
#8155=ORIENTED_EDGE('',*,*,#6118,.T.);
#8156=ORIENTED_EDGE('',*,*,#5914,.F.);
#8157=ORIENTED_EDGE('',*,*,#6117,.F.);
#8158=ORIENTED_EDGE('',*,*,#5533,.T.);
#8159=ORIENTED_EDGE('',*,*,#6112,.T.);
#8160=ORIENTED_EDGE('',*,*,#5915,.F.);
#8161=ORIENTED_EDGE('',*,*,#6118,.F.);
#8162=ORIENTED_EDGE('',*,*,#5524,.T.);
#8163=ORIENTED_EDGE('',*,*,#6119,.T.);
#8164=ORIENTED_EDGE('',*,*,#5900,.F.);
#8165=ORIENTED_EDGE('',*,*,#6120,.F.);
#8166=ORIENTED_EDGE('',*,*,#5531,.T.);
#8167=ORIENTED_EDGE('',*,*,#6121,.T.);
#8168=ORIENTED_EDGE('',*,*,#5901,.F.);
#8169=ORIENTED_EDGE('',*,*,#6119,.F.);
#8170=ORIENTED_EDGE('',*,*,#5530,.T.);
#8171=ORIENTED_EDGE('',*,*,#6122,.T.);
#8172=ORIENTED_EDGE('',*,*,#5902,.F.);
#8173=ORIENTED_EDGE('',*,*,#6121,.F.);
#8174=ORIENTED_EDGE('',*,*,#5529,.T.);
#8175=ORIENTED_EDGE('',*,*,#6123,.T.);
#8176=ORIENTED_EDGE('',*,*,#5903,.F.);
#8177=ORIENTED_EDGE('',*,*,#6122,.F.);
#8178=ORIENTED_EDGE('',*,*,#5528,.T.);
#8179=ORIENTED_EDGE('',*,*,#6124,.T.);
#8180=ORIENTED_EDGE('',*,*,#5904,.F.);
#8181=ORIENTED_EDGE('',*,*,#6123,.F.);
#8182=ORIENTED_EDGE('',*,*,#5527,.T.);
#8183=ORIENTED_EDGE('',*,*,#6125,.T.);
#8184=ORIENTED_EDGE('',*,*,#5905,.F.);
#8185=ORIENTED_EDGE('',*,*,#6124,.F.);
#8186=ORIENTED_EDGE('',*,*,#5526,.T.);
#8187=ORIENTED_EDGE('',*,*,#6126,.T.);
#8188=ORIENTED_EDGE('',*,*,#5906,.F.);
#8189=ORIENTED_EDGE('',*,*,#6125,.F.);
#8190=ORIENTED_EDGE('',*,*,#5525,.T.);
#8191=ORIENTED_EDGE('',*,*,#6120,.T.);
#8192=ORIENTED_EDGE('',*,*,#5907,.F.);
#8193=ORIENTED_EDGE('',*,*,#6126,.F.);
#8194=ORIENTED_EDGE('',*,*,#5516,.T.);
#8195=ORIENTED_EDGE('',*,*,#6127,.T.);
#8196=ORIENTED_EDGE('',*,*,#5892,.F.);
#8197=ORIENTED_EDGE('',*,*,#6128,.F.);
#8198=ORIENTED_EDGE('',*,*,#5523,.T.);
#8199=ORIENTED_EDGE('',*,*,#6129,.T.);
#8200=ORIENTED_EDGE('',*,*,#5893,.F.);
#8201=ORIENTED_EDGE('',*,*,#6127,.F.);
#8202=ORIENTED_EDGE('',*,*,#5522,.T.);
#8203=ORIENTED_EDGE('',*,*,#6130,.T.);
#8204=ORIENTED_EDGE('',*,*,#5894,.F.);
#8205=ORIENTED_EDGE('',*,*,#6129,.F.);
#8206=ORIENTED_EDGE('',*,*,#5521,.T.);
#8207=ORIENTED_EDGE('',*,*,#6131,.T.);
#8208=ORIENTED_EDGE('',*,*,#5895,.F.);
#8209=ORIENTED_EDGE('',*,*,#6130,.F.);
#8210=ORIENTED_EDGE('',*,*,#5520,.T.);
#8211=ORIENTED_EDGE('',*,*,#6132,.T.);
#8212=ORIENTED_EDGE('',*,*,#5896,.F.);
#8213=ORIENTED_EDGE('',*,*,#6131,.F.);
#8214=ORIENTED_EDGE('',*,*,#5519,.T.);
#8215=ORIENTED_EDGE('',*,*,#6133,.T.);
#8216=ORIENTED_EDGE('',*,*,#5897,.F.);
#8217=ORIENTED_EDGE('',*,*,#6132,.F.);
#8218=ORIENTED_EDGE('',*,*,#5518,.T.);
#8219=ORIENTED_EDGE('',*,*,#6134,.T.);
#8220=ORIENTED_EDGE('',*,*,#5898,.F.);
#8221=ORIENTED_EDGE('',*,*,#6133,.F.);
#8222=ORIENTED_EDGE('',*,*,#5517,.T.);
#8223=ORIENTED_EDGE('',*,*,#6128,.T.);
#8224=ORIENTED_EDGE('',*,*,#5899,.F.);
#8225=ORIENTED_EDGE('',*,*,#6134,.F.);
#8226=ORIENTED_EDGE('',*,*,#5508,.T.);
#8227=ORIENTED_EDGE('',*,*,#6135,.T.);
#8228=ORIENTED_EDGE('',*,*,#5884,.F.);
#8229=ORIENTED_EDGE('',*,*,#6136,.F.);
#8230=ORIENTED_EDGE('',*,*,#5515,.T.);
#8231=ORIENTED_EDGE('',*,*,#6137,.T.);
#8232=ORIENTED_EDGE('',*,*,#5885,.F.);
#8233=ORIENTED_EDGE('',*,*,#6135,.F.);
#8234=ORIENTED_EDGE('',*,*,#5514,.T.);
#8235=ORIENTED_EDGE('',*,*,#6138,.T.);
#8236=ORIENTED_EDGE('',*,*,#5886,.F.);
#8237=ORIENTED_EDGE('',*,*,#6137,.F.);
#8238=ORIENTED_EDGE('',*,*,#5513,.T.);
#8239=ORIENTED_EDGE('',*,*,#6139,.T.);
#8240=ORIENTED_EDGE('',*,*,#5887,.F.);
#8241=ORIENTED_EDGE('',*,*,#6138,.F.);
#8242=ORIENTED_EDGE('',*,*,#5512,.T.);
#8243=ORIENTED_EDGE('',*,*,#6140,.T.);
#8244=ORIENTED_EDGE('',*,*,#5888,.F.);
#8245=ORIENTED_EDGE('',*,*,#6139,.F.);
#8246=ORIENTED_EDGE('',*,*,#5511,.T.);
#8247=ORIENTED_EDGE('',*,*,#6141,.T.);
#8248=ORIENTED_EDGE('',*,*,#5889,.F.);
#8249=ORIENTED_EDGE('',*,*,#6140,.F.);
#8250=ORIENTED_EDGE('',*,*,#5510,.T.);
#8251=ORIENTED_EDGE('',*,*,#6142,.T.);
#8252=ORIENTED_EDGE('',*,*,#5890,.F.);
#8253=ORIENTED_EDGE('',*,*,#6141,.F.);
#8254=ORIENTED_EDGE('',*,*,#5509,.T.);
#8255=ORIENTED_EDGE('',*,*,#6136,.T.);
#8256=ORIENTED_EDGE('',*,*,#5891,.F.);
#8257=ORIENTED_EDGE('',*,*,#6142,.F.);
#8258=ORIENTED_EDGE('',*,*,#5500,.T.);
#8259=ORIENTED_EDGE('',*,*,#6143,.T.);
#8260=ORIENTED_EDGE('',*,*,#5876,.F.);
#8261=ORIENTED_EDGE('',*,*,#6144,.F.);
#8262=ORIENTED_EDGE('',*,*,#5507,.T.);
#8263=ORIENTED_EDGE('',*,*,#6145,.T.);
#8264=ORIENTED_EDGE('',*,*,#5877,.F.);
#8265=ORIENTED_EDGE('',*,*,#6143,.F.);
#8266=ORIENTED_EDGE('',*,*,#5506,.T.);
#8267=ORIENTED_EDGE('',*,*,#6146,.T.);
#8268=ORIENTED_EDGE('',*,*,#5878,.F.);
#8269=ORIENTED_EDGE('',*,*,#6145,.F.);
#8270=ORIENTED_EDGE('',*,*,#5505,.T.);
#8271=ORIENTED_EDGE('',*,*,#6147,.T.);
#8272=ORIENTED_EDGE('',*,*,#5879,.F.);
#8273=ORIENTED_EDGE('',*,*,#6146,.F.);
#8274=ORIENTED_EDGE('',*,*,#5504,.T.);
#8275=ORIENTED_EDGE('',*,*,#6148,.T.);
#8276=ORIENTED_EDGE('',*,*,#5880,.F.);
#8277=ORIENTED_EDGE('',*,*,#6147,.F.);
#8278=ORIENTED_EDGE('',*,*,#5503,.T.);
#8279=ORIENTED_EDGE('',*,*,#6149,.T.);
#8280=ORIENTED_EDGE('',*,*,#5881,.F.);
#8281=ORIENTED_EDGE('',*,*,#6148,.F.);
#8282=ORIENTED_EDGE('',*,*,#5502,.T.);
#8283=ORIENTED_EDGE('',*,*,#6150,.T.);
#8284=ORIENTED_EDGE('',*,*,#5882,.F.);
#8285=ORIENTED_EDGE('',*,*,#6149,.F.);
#8286=ORIENTED_EDGE('',*,*,#5501,.T.);
#8287=ORIENTED_EDGE('',*,*,#6144,.T.);
#8288=ORIENTED_EDGE('',*,*,#5883,.F.);
#8289=ORIENTED_EDGE('',*,*,#6150,.F.);
#8290=ORIENTED_EDGE('',*,*,#5492,.T.);
#8291=ORIENTED_EDGE('',*,*,#6151,.T.);
#8292=ORIENTED_EDGE('',*,*,#5868,.F.);
#8293=ORIENTED_EDGE('',*,*,#6152,.F.);
#8294=ORIENTED_EDGE('',*,*,#5499,.T.);
#8295=ORIENTED_EDGE('',*,*,#6153,.T.);
#8296=ORIENTED_EDGE('',*,*,#5869,.F.);
#8297=ORIENTED_EDGE('',*,*,#6151,.F.);
#8298=ORIENTED_EDGE('',*,*,#5498,.T.);
#8299=ORIENTED_EDGE('',*,*,#6154,.T.);
#8300=ORIENTED_EDGE('',*,*,#5870,.F.);
#8301=ORIENTED_EDGE('',*,*,#6153,.F.);
#8302=ORIENTED_EDGE('',*,*,#5497,.T.);
#8303=ORIENTED_EDGE('',*,*,#6155,.T.);
#8304=ORIENTED_EDGE('',*,*,#5871,.F.);
#8305=ORIENTED_EDGE('',*,*,#6154,.F.);
#8306=ORIENTED_EDGE('',*,*,#5496,.T.);
#8307=ORIENTED_EDGE('',*,*,#6156,.T.);
#8308=ORIENTED_EDGE('',*,*,#5872,.F.);
#8309=ORIENTED_EDGE('',*,*,#6155,.F.);
#8310=ORIENTED_EDGE('',*,*,#5495,.T.);
#8311=ORIENTED_EDGE('',*,*,#6157,.T.);
#8312=ORIENTED_EDGE('',*,*,#5873,.F.);
#8313=ORIENTED_EDGE('',*,*,#6156,.F.);
#8314=ORIENTED_EDGE('',*,*,#5494,.T.);
#8315=ORIENTED_EDGE('',*,*,#6158,.T.);
#8316=ORIENTED_EDGE('',*,*,#5874,.F.);
#8317=ORIENTED_EDGE('',*,*,#6157,.F.);
#8318=ORIENTED_EDGE('',*,*,#5493,.T.);
#8319=ORIENTED_EDGE('',*,*,#6152,.T.);
#8320=ORIENTED_EDGE('',*,*,#5875,.F.);
#8321=ORIENTED_EDGE('',*,*,#6158,.F.);
#8322=ORIENTED_EDGE('',*,*,#5484,.T.);
#8323=ORIENTED_EDGE('',*,*,#6159,.T.);
#8324=ORIENTED_EDGE('',*,*,#5860,.F.);
#8325=ORIENTED_EDGE('',*,*,#6160,.F.);
#8326=ORIENTED_EDGE('',*,*,#5491,.T.);
#8327=ORIENTED_EDGE('',*,*,#6161,.T.);
#8328=ORIENTED_EDGE('',*,*,#5861,.F.);
#8329=ORIENTED_EDGE('',*,*,#6159,.F.);
#8330=ORIENTED_EDGE('',*,*,#5490,.T.);
#8331=ORIENTED_EDGE('',*,*,#6162,.T.);
#8332=ORIENTED_EDGE('',*,*,#5862,.F.);
#8333=ORIENTED_EDGE('',*,*,#6161,.F.);
#8334=ORIENTED_EDGE('',*,*,#5489,.T.);
#8335=ORIENTED_EDGE('',*,*,#6163,.T.);
#8336=ORIENTED_EDGE('',*,*,#5863,.F.);
#8337=ORIENTED_EDGE('',*,*,#6162,.F.);
#8338=ORIENTED_EDGE('',*,*,#5488,.T.);
#8339=ORIENTED_EDGE('',*,*,#6164,.T.);
#8340=ORIENTED_EDGE('',*,*,#5864,.F.);
#8341=ORIENTED_EDGE('',*,*,#6163,.F.);
#8342=ORIENTED_EDGE('',*,*,#5487,.T.);
#8343=ORIENTED_EDGE('',*,*,#6165,.T.);
#8344=ORIENTED_EDGE('',*,*,#5865,.F.);
#8345=ORIENTED_EDGE('',*,*,#6164,.F.);
#8346=ORIENTED_EDGE('',*,*,#5486,.T.);
#8347=ORIENTED_EDGE('',*,*,#6166,.T.);
#8348=ORIENTED_EDGE('',*,*,#5866,.F.);
#8349=ORIENTED_EDGE('',*,*,#6165,.F.);
#8350=ORIENTED_EDGE('',*,*,#5485,.T.);
#8351=ORIENTED_EDGE('',*,*,#6160,.T.);
#8352=ORIENTED_EDGE('',*,*,#5867,.F.);
#8353=ORIENTED_EDGE('',*,*,#6166,.F.);
#8354=ORIENTED_EDGE('',*,*,#5476,.T.);
#8355=ORIENTED_EDGE('',*,*,#6167,.T.);
#8356=ORIENTED_EDGE('',*,*,#5852,.F.);
#8357=ORIENTED_EDGE('',*,*,#6168,.F.);
#8358=ORIENTED_EDGE('',*,*,#5483,.T.);
#8359=ORIENTED_EDGE('',*,*,#6169,.T.);
#8360=ORIENTED_EDGE('',*,*,#5853,.F.);
#8361=ORIENTED_EDGE('',*,*,#6167,.F.);
#8362=ORIENTED_EDGE('',*,*,#5482,.T.);
#8363=ORIENTED_EDGE('',*,*,#6170,.T.);
#8364=ORIENTED_EDGE('',*,*,#5854,.F.);
#8365=ORIENTED_EDGE('',*,*,#6169,.F.);
#8366=ORIENTED_EDGE('',*,*,#5481,.T.);
#8367=ORIENTED_EDGE('',*,*,#6171,.T.);
#8368=ORIENTED_EDGE('',*,*,#5855,.F.);
#8369=ORIENTED_EDGE('',*,*,#6170,.F.);
#8370=ORIENTED_EDGE('',*,*,#5480,.T.);
#8371=ORIENTED_EDGE('',*,*,#6172,.T.);
#8372=ORIENTED_EDGE('',*,*,#5856,.F.);
#8373=ORIENTED_EDGE('',*,*,#6171,.F.);
#8374=ORIENTED_EDGE('',*,*,#5479,.T.);
#8375=ORIENTED_EDGE('',*,*,#6173,.T.);
#8376=ORIENTED_EDGE('',*,*,#5857,.F.);
#8377=ORIENTED_EDGE('',*,*,#6172,.F.);
#8378=ORIENTED_EDGE('',*,*,#5478,.T.);
#8379=ORIENTED_EDGE('',*,*,#6174,.T.);
#8380=ORIENTED_EDGE('',*,*,#5858,.F.);
#8381=ORIENTED_EDGE('',*,*,#6173,.F.);
#8382=ORIENTED_EDGE('',*,*,#5477,.T.);
#8383=ORIENTED_EDGE('',*,*,#6168,.T.);
#8384=ORIENTED_EDGE('',*,*,#5859,.F.);
#8385=ORIENTED_EDGE('',*,*,#6174,.F.);
#8386=ORIENTED_EDGE('',*,*,#5468,.T.);
#8387=ORIENTED_EDGE('',*,*,#6175,.T.);
#8388=ORIENTED_EDGE('',*,*,#5844,.F.);
#8389=ORIENTED_EDGE('',*,*,#6176,.F.);
#8390=ORIENTED_EDGE('',*,*,#5475,.T.);
#8391=ORIENTED_EDGE('',*,*,#6177,.T.);
#8392=ORIENTED_EDGE('',*,*,#5845,.F.);
#8393=ORIENTED_EDGE('',*,*,#6175,.F.);
#8394=ORIENTED_EDGE('',*,*,#5474,.T.);
#8395=ORIENTED_EDGE('',*,*,#6178,.T.);
#8396=ORIENTED_EDGE('',*,*,#5846,.F.);
#8397=ORIENTED_EDGE('',*,*,#6177,.F.);
#8398=ORIENTED_EDGE('',*,*,#5473,.T.);
#8399=ORIENTED_EDGE('',*,*,#6179,.T.);
#8400=ORIENTED_EDGE('',*,*,#5847,.F.);
#8401=ORIENTED_EDGE('',*,*,#6178,.F.);
#8402=ORIENTED_EDGE('',*,*,#5472,.T.);
#8403=ORIENTED_EDGE('',*,*,#6180,.T.);
#8404=ORIENTED_EDGE('',*,*,#5848,.F.);
#8405=ORIENTED_EDGE('',*,*,#6179,.F.);
#8406=ORIENTED_EDGE('',*,*,#5471,.T.);
#8407=ORIENTED_EDGE('',*,*,#6181,.T.);
#8408=ORIENTED_EDGE('',*,*,#5849,.F.);
#8409=ORIENTED_EDGE('',*,*,#6180,.F.);
#8410=ORIENTED_EDGE('',*,*,#5470,.T.);
#8411=ORIENTED_EDGE('',*,*,#6182,.T.);
#8412=ORIENTED_EDGE('',*,*,#5850,.F.);
#8413=ORIENTED_EDGE('',*,*,#6181,.F.);
#8414=ORIENTED_EDGE('',*,*,#5469,.T.);
#8415=ORIENTED_EDGE('',*,*,#6176,.T.);
#8416=ORIENTED_EDGE('',*,*,#5851,.F.);
#8417=ORIENTED_EDGE('',*,*,#6182,.F.);
#8418=ORIENTED_EDGE('',*,*,#5460,.T.);
#8419=ORIENTED_EDGE('',*,*,#6183,.T.);
#8420=ORIENTED_EDGE('',*,*,#5836,.F.);
#8421=ORIENTED_EDGE('',*,*,#6184,.F.);
#8422=ORIENTED_EDGE('',*,*,#5467,.T.);
#8423=ORIENTED_EDGE('',*,*,#6185,.T.);
#8424=ORIENTED_EDGE('',*,*,#5837,.F.);
#8425=ORIENTED_EDGE('',*,*,#6183,.F.);
#8426=ORIENTED_EDGE('',*,*,#5466,.T.);
#8427=ORIENTED_EDGE('',*,*,#6186,.T.);
#8428=ORIENTED_EDGE('',*,*,#5838,.F.);
#8429=ORIENTED_EDGE('',*,*,#6185,.F.);
#8430=ORIENTED_EDGE('',*,*,#5465,.T.);
#8431=ORIENTED_EDGE('',*,*,#6187,.T.);
#8432=ORIENTED_EDGE('',*,*,#5839,.F.);
#8433=ORIENTED_EDGE('',*,*,#6186,.F.);
#8434=ORIENTED_EDGE('',*,*,#5464,.T.);
#8435=ORIENTED_EDGE('',*,*,#6188,.T.);
#8436=ORIENTED_EDGE('',*,*,#5840,.F.);
#8437=ORIENTED_EDGE('',*,*,#6187,.F.);
#8438=ORIENTED_EDGE('',*,*,#5463,.T.);
#8439=ORIENTED_EDGE('',*,*,#6189,.T.);
#8440=ORIENTED_EDGE('',*,*,#5841,.F.);
#8441=ORIENTED_EDGE('',*,*,#6188,.F.);
#8442=ORIENTED_EDGE('',*,*,#5462,.T.);
#8443=ORIENTED_EDGE('',*,*,#6190,.T.);
#8444=ORIENTED_EDGE('',*,*,#5842,.F.);
#8445=ORIENTED_EDGE('',*,*,#6189,.F.);
#8446=ORIENTED_EDGE('',*,*,#5461,.T.);
#8447=ORIENTED_EDGE('',*,*,#6184,.T.);
#8448=ORIENTED_EDGE('',*,*,#5843,.F.);
#8449=ORIENTED_EDGE('',*,*,#6190,.F.);
#8450=ORIENTED_EDGE('',*,*,#5452,.T.);
#8451=ORIENTED_EDGE('',*,*,#6191,.T.);
#8452=ORIENTED_EDGE('',*,*,#5828,.F.);
#8453=ORIENTED_EDGE('',*,*,#6192,.F.);
#8454=ORIENTED_EDGE('',*,*,#5459,.T.);
#8455=ORIENTED_EDGE('',*,*,#6193,.T.);
#8456=ORIENTED_EDGE('',*,*,#5829,.F.);
#8457=ORIENTED_EDGE('',*,*,#6191,.F.);
#8458=ORIENTED_EDGE('',*,*,#5458,.T.);
#8459=ORIENTED_EDGE('',*,*,#6194,.T.);
#8460=ORIENTED_EDGE('',*,*,#5830,.F.);
#8461=ORIENTED_EDGE('',*,*,#6193,.F.);
#8462=ORIENTED_EDGE('',*,*,#5457,.T.);
#8463=ORIENTED_EDGE('',*,*,#6195,.T.);
#8464=ORIENTED_EDGE('',*,*,#5831,.F.);
#8465=ORIENTED_EDGE('',*,*,#6194,.F.);
#8466=ORIENTED_EDGE('',*,*,#5456,.T.);
#8467=ORIENTED_EDGE('',*,*,#6196,.T.);
#8468=ORIENTED_EDGE('',*,*,#5832,.F.);
#8469=ORIENTED_EDGE('',*,*,#6195,.F.);
#8470=ORIENTED_EDGE('',*,*,#5455,.T.);
#8471=ORIENTED_EDGE('',*,*,#6197,.T.);
#8472=ORIENTED_EDGE('',*,*,#5833,.F.);
#8473=ORIENTED_EDGE('',*,*,#6196,.F.);
#8474=ORIENTED_EDGE('',*,*,#5454,.T.);
#8475=ORIENTED_EDGE('',*,*,#6198,.T.);
#8476=ORIENTED_EDGE('',*,*,#5834,.F.);
#8477=ORIENTED_EDGE('',*,*,#6197,.F.);
#8478=ORIENTED_EDGE('',*,*,#5453,.T.);
#8479=ORIENTED_EDGE('',*,*,#6192,.T.);
#8480=ORIENTED_EDGE('',*,*,#5835,.F.);
#8481=ORIENTED_EDGE('',*,*,#6198,.F.);
#8482=ORIENTED_EDGE('',*,*,#5444,.T.);
#8483=ORIENTED_EDGE('',*,*,#6199,.T.);
#8484=ORIENTED_EDGE('',*,*,#5820,.F.);
#8485=ORIENTED_EDGE('',*,*,#6200,.F.);
#8486=ORIENTED_EDGE('',*,*,#5451,.T.);
#8487=ORIENTED_EDGE('',*,*,#6201,.T.);
#8488=ORIENTED_EDGE('',*,*,#5821,.F.);
#8489=ORIENTED_EDGE('',*,*,#6199,.F.);
#8490=ORIENTED_EDGE('',*,*,#5450,.T.);
#8491=ORIENTED_EDGE('',*,*,#6202,.T.);
#8492=ORIENTED_EDGE('',*,*,#5822,.F.);
#8493=ORIENTED_EDGE('',*,*,#6201,.F.);
#8494=ORIENTED_EDGE('',*,*,#5449,.T.);
#8495=ORIENTED_EDGE('',*,*,#6203,.T.);
#8496=ORIENTED_EDGE('',*,*,#5823,.F.);
#8497=ORIENTED_EDGE('',*,*,#6202,.F.);
#8498=ORIENTED_EDGE('',*,*,#5448,.T.);
#8499=ORIENTED_EDGE('',*,*,#6204,.T.);
#8500=ORIENTED_EDGE('',*,*,#5824,.F.);
#8501=ORIENTED_EDGE('',*,*,#6203,.F.);
#8502=ORIENTED_EDGE('',*,*,#5447,.T.);
#8503=ORIENTED_EDGE('',*,*,#6205,.T.);
#8504=ORIENTED_EDGE('',*,*,#5825,.F.);
#8505=ORIENTED_EDGE('',*,*,#6204,.F.);
#8506=ORIENTED_EDGE('',*,*,#5446,.T.);
#8507=ORIENTED_EDGE('',*,*,#6206,.T.);
#8508=ORIENTED_EDGE('',*,*,#5826,.F.);
#8509=ORIENTED_EDGE('',*,*,#6205,.F.);
#8510=ORIENTED_EDGE('',*,*,#5445,.T.);
#8511=ORIENTED_EDGE('',*,*,#6200,.T.);
#8512=ORIENTED_EDGE('',*,*,#5827,.F.);
#8513=ORIENTED_EDGE('',*,*,#6206,.F.);
#8514=ORIENTED_EDGE('',*,*,#5041,.T.);
#8515=ORIENTED_EDGE('',*,*,#6207,.T.);
#8516=ORIENTED_EDGE('',*,*,#5614,.F.);
#8517=ORIENTED_EDGE('',*,*,#6208,.F.);
#8518=ORIENTED_EDGE('',*,*,#5040,.T.);
#8519=ORIENTED_EDGE('',*,*,#6209,.T.);
#8520=ORIENTED_EDGE('',*,*,#5615,.F.);
#8521=ORIENTED_EDGE('',*,*,#6207,.F.);
#8522=ORIENTED_EDGE('',*,*,#5039,.T.);
#8523=ORIENTED_EDGE('',*,*,#6210,.T.);
#8524=ORIENTED_EDGE('',*,*,#5616,.F.);
#8525=ORIENTED_EDGE('',*,*,#6209,.F.);
#8526=ORIENTED_EDGE('',*,*,#5038,.T.);
#8527=ORIENTED_EDGE('',*,*,#6211,.T.);
#8528=ORIENTED_EDGE('',*,*,#5617,.F.);
#8529=ORIENTED_EDGE('',*,*,#6210,.F.);
#8530=ORIENTED_EDGE('',*,*,#5037,.T.);
#8531=ORIENTED_EDGE('',*,*,#6212,.T.);
#8532=ORIENTED_EDGE('',*,*,#5618,.F.);
#8533=ORIENTED_EDGE('',*,*,#6211,.F.);
#8534=ORIENTED_EDGE('',*,*,#5036,.T.);
#8535=ORIENTED_EDGE('',*,*,#6213,.T.);
#8536=ORIENTED_EDGE('',*,*,#5619,.F.);
#8537=ORIENTED_EDGE('',*,*,#6212,.F.);
#8538=ORIENTED_EDGE('',*,*,#5035,.T.);
#8539=ORIENTED_EDGE('',*,*,#5188,.T.);
#8540=ORIENTED_EDGE('',*,*,#5620,.F.);
#8541=ORIENTED_EDGE('',*,*,#6213,.F.);
#8542=ORIENTED_EDGE('',*,*,#5051,.T.);
#8543=ORIENTED_EDGE('',*,*,#6214,.T.);
#8544=ORIENTED_EDGE('',*,*,#5604,.F.);
#8545=ORIENTED_EDGE('',*,*,#5210,.F.);
#8546=ORIENTED_EDGE('',*,*,#5050,.T.);
#8547=ORIENTED_EDGE('',*,*,#6215,.T.);
#8548=ORIENTED_EDGE('',*,*,#5605,.F.);
#8549=ORIENTED_EDGE('',*,*,#6214,.F.);
#8550=ORIENTED_EDGE('',*,*,#5049,.T.);
#8551=ORIENTED_EDGE('',*,*,#6216,.T.);
#8552=ORIENTED_EDGE('',*,*,#5606,.F.);
#8553=ORIENTED_EDGE('',*,*,#6215,.F.);
#8554=ORIENTED_EDGE('',*,*,#5048,.T.);
#8555=ORIENTED_EDGE('',*,*,#6217,.T.);
#8556=ORIENTED_EDGE('',*,*,#5607,.F.);
#8557=ORIENTED_EDGE('',*,*,#6216,.F.);
#8558=ORIENTED_EDGE('',*,*,#5047,.T.);
#8559=ORIENTED_EDGE('',*,*,#6218,.T.);
#8560=ORIENTED_EDGE('',*,*,#5608,.F.);
#8561=ORIENTED_EDGE('',*,*,#6217,.F.);
#8562=ORIENTED_EDGE('',*,*,#5046,.T.);
#8563=ORIENTED_EDGE('',*,*,#6219,.T.);
#8564=ORIENTED_EDGE('',*,*,#5609,.F.);
#8565=ORIENTED_EDGE('',*,*,#6218,.F.);
#8566=ORIENTED_EDGE('',*,*,#5045,.T.);
#8567=ORIENTED_EDGE('',*,*,#6220,.T.);
#8568=ORIENTED_EDGE('',*,*,#5610,.F.);
#8569=ORIENTED_EDGE('',*,*,#6219,.F.);
#8570=ORIENTED_EDGE('',*,*,#5044,.T.);
#8571=ORIENTED_EDGE('',*,*,#6221,.T.);
#8572=ORIENTED_EDGE('',*,*,#5611,.F.);
#8573=ORIENTED_EDGE('',*,*,#6220,.F.);
#8574=ORIENTED_EDGE('',*,*,#5043,.T.);
#8575=ORIENTED_EDGE('',*,*,#6222,.T.);
#8576=ORIENTED_EDGE('',*,*,#5612,.F.);
#8577=ORIENTED_EDGE('',*,*,#6221,.F.);
#8578=ORIENTED_EDGE('',*,*,#5042,.T.);
#8579=ORIENTED_EDGE('',*,*,#6208,.T.);
#8580=ORIENTED_EDGE('',*,*,#5613,.F.);
#8581=ORIENTED_EDGE('',*,*,#6222,.F.);
#8582=ORIENTED_EDGE('',*,*,#5436,.T.);
#8583=ORIENTED_EDGE('',*,*,#6223,.T.);
#8584=ORIENTED_EDGE('',*,*,#5812,.F.);
#8585=ORIENTED_EDGE('',*,*,#6224,.F.);
#8586=ORIENTED_EDGE('',*,*,#5443,.T.);
#8587=ORIENTED_EDGE('',*,*,#6225,.T.);
#8588=ORIENTED_EDGE('',*,*,#5813,.F.);
#8589=ORIENTED_EDGE('',*,*,#6223,.F.);
#8590=ORIENTED_EDGE('',*,*,#5442,.T.);
#8591=ORIENTED_EDGE('',*,*,#6226,.T.);
#8592=ORIENTED_EDGE('',*,*,#5814,.F.);
#8593=ORIENTED_EDGE('',*,*,#6225,.F.);
#8594=ORIENTED_EDGE('',*,*,#5441,.T.);
#8595=ORIENTED_EDGE('',*,*,#6227,.T.);
#8596=ORIENTED_EDGE('',*,*,#5815,.F.);
#8597=ORIENTED_EDGE('',*,*,#6226,.F.);
#8598=ORIENTED_EDGE('',*,*,#5440,.T.);
#8599=ORIENTED_EDGE('',*,*,#6228,.T.);
#8600=ORIENTED_EDGE('',*,*,#5816,.F.);
#8601=ORIENTED_EDGE('',*,*,#6227,.F.);
#8602=ORIENTED_EDGE('',*,*,#5439,.T.);
#8603=ORIENTED_EDGE('',*,*,#6229,.T.);
#8604=ORIENTED_EDGE('',*,*,#5817,.F.);
#8605=ORIENTED_EDGE('',*,*,#6228,.F.);
#8606=ORIENTED_EDGE('',*,*,#5438,.T.);
#8607=ORIENTED_EDGE('',*,*,#6230,.T.);
#8608=ORIENTED_EDGE('',*,*,#5818,.F.);
#8609=ORIENTED_EDGE('',*,*,#6229,.F.);
#8610=ORIENTED_EDGE('',*,*,#5437,.T.);
#8611=ORIENTED_EDGE('',*,*,#6224,.T.);
#8612=ORIENTED_EDGE('',*,*,#5819,.F.);
#8613=ORIENTED_EDGE('',*,*,#6230,.F.);
#8614=ORIENTED_EDGE('',*,*,#5428,.T.);
#8615=ORIENTED_EDGE('',*,*,#6231,.T.);
#8616=ORIENTED_EDGE('',*,*,#5804,.F.);
#8617=ORIENTED_EDGE('',*,*,#6232,.F.);
#8618=ORIENTED_EDGE('',*,*,#5435,.T.);
#8619=ORIENTED_EDGE('',*,*,#6233,.T.);
#8620=ORIENTED_EDGE('',*,*,#5805,.F.);
#8621=ORIENTED_EDGE('',*,*,#6231,.F.);
#8622=ORIENTED_EDGE('',*,*,#5434,.T.);
#8623=ORIENTED_EDGE('',*,*,#6234,.T.);
#8624=ORIENTED_EDGE('',*,*,#5806,.F.);
#8625=ORIENTED_EDGE('',*,*,#6233,.F.);
#8626=ORIENTED_EDGE('',*,*,#5433,.T.);
#8627=ORIENTED_EDGE('',*,*,#6235,.T.);
#8628=ORIENTED_EDGE('',*,*,#5807,.F.);
#8629=ORIENTED_EDGE('',*,*,#6234,.F.);
#8630=ORIENTED_EDGE('',*,*,#5432,.T.);
#8631=ORIENTED_EDGE('',*,*,#6236,.T.);
#8632=ORIENTED_EDGE('',*,*,#5808,.F.);
#8633=ORIENTED_EDGE('',*,*,#6235,.F.);
#8634=ORIENTED_EDGE('',*,*,#5431,.T.);
#8635=ORIENTED_EDGE('',*,*,#6237,.T.);
#8636=ORIENTED_EDGE('',*,*,#5809,.F.);
#8637=ORIENTED_EDGE('',*,*,#6236,.F.);
#8638=ORIENTED_EDGE('',*,*,#5430,.T.);
#8639=ORIENTED_EDGE('',*,*,#6238,.T.);
#8640=ORIENTED_EDGE('',*,*,#5810,.F.);
#8641=ORIENTED_EDGE('',*,*,#6237,.F.);
#8642=ORIENTED_EDGE('',*,*,#5429,.T.);
#8643=ORIENTED_EDGE('',*,*,#6232,.T.);
#8644=ORIENTED_EDGE('',*,*,#5811,.F.);
#8645=ORIENTED_EDGE('',*,*,#6238,.F.);
#8646=ORIENTED_EDGE('',*,*,#5420,.T.);
#8647=ORIENTED_EDGE('',*,*,#6239,.T.);
#8648=ORIENTED_EDGE('',*,*,#5796,.F.);
#8649=ORIENTED_EDGE('',*,*,#6240,.F.);
#8650=ORIENTED_EDGE('',*,*,#5427,.T.);
#8651=ORIENTED_EDGE('',*,*,#6241,.T.);
#8652=ORIENTED_EDGE('',*,*,#5797,.F.);
#8653=ORIENTED_EDGE('',*,*,#6239,.F.);
#8654=ORIENTED_EDGE('',*,*,#5426,.T.);
#8655=ORIENTED_EDGE('',*,*,#6242,.T.);
#8656=ORIENTED_EDGE('',*,*,#5798,.F.);
#8657=ORIENTED_EDGE('',*,*,#6241,.F.);
#8658=ORIENTED_EDGE('',*,*,#5425,.T.);
#8659=ORIENTED_EDGE('',*,*,#6243,.T.);
#8660=ORIENTED_EDGE('',*,*,#5799,.F.);
#8661=ORIENTED_EDGE('',*,*,#6242,.F.);
#8662=ORIENTED_EDGE('',*,*,#5424,.T.);
#8663=ORIENTED_EDGE('',*,*,#6244,.T.);
#8664=ORIENTED_EDGE('',*,*,#5800,.F.);
#8665=ORIENTED_EDGE('',*,*,#6243,.F.);
#8666=ORIENTED_EDGE('',*,*,#5423,.T.);
#8667=ORIENTED_EDGE('',*,*,#6245,.T.);
#8668=ORIENTED_EDGE('',*,*,#5801,.F.);
#8669=ORIENTED_EDGE('',*,*,#6244,.F.);
#8670=ORIENTED_EDGE('',*,*,#5422,.T.);
#8671=ORIENTED_EDGE('',*,*,#6246,.T.);
#8672=ORIENTED_EDGE('',*,*,#5802,.F.);
#8673=ORIENTED_EDGE('',*,*,#6245,.F.);
#8674=ORIENTED_EDGE('',*,*,#5421,.T.);
#8675=ORIENTED_EDGE('',*,*,#6240,.T.);
#8676=ORIENTED_EDGE('',*,*,#5803,.F.);
#8677=ORIENTED_EDGE('',*,*,#6246,.F.);
#8678=ORIENTED_EDGE('',*,*,#5412,.T.);
#8679=ORIENTED_EDGE('',*,*,#6247,.T.);
#8680=ORIENTED_EDGE('',*,*,#5788,.F.);
#8681=ORIENTED_EDGE('',*,*,#6248,.F.);
#8682=ORIENTED_EDGE('',*,*,#5419,.T.);
#8683=ORIENTED_EDGE('',*,*,#6249,.T.);
#8684=ORIENTED_EDGE('',*,*,#5789,.F.);
#8685=ORIENTED_EDGE('',*,*,#6247,.F.);
#8686=ORIENTED_EDGE('',*,*,#5418,.T.);
#8687=ORIENTED_EDGE('',*,*,#6250,.T.);
#8688=ORIENTED_EDGE('',*,*,#5790,.F.);
#8689=ORIENTED_EDGE('',*,*,#6249,.F.);
#8690=ORIENTED_EDGE('',*,*,#5417,.T.);
#8691=ORIENTED_EDGE('',*,*,#6251,.T.);
#8692=ORIENTED_EDGE('',*,*,#5791,.F.);
#8693=ORIENTED_EDGE('',*,*,#6250,.F.);
#8694=ORIENTED_EDGE('',*,*,#5416,.T.);
#8695=ORIENTED_EDGE('',*,*,#6252,.T.);
#8696=ORIENTED_EDGE('',*,*,#5792,.F.);
#8697=ORIENTED_EDGE('',*,*,#6251,.F.);
#8698=ORIENTED_EDGE('',*,*,#5415,.T.);
#8699=ORIENTED_EDGE('',*,*,#6253,.T.);
#8700=ORIENTED_EDGE('',*,*,#5793,.F.);
#8701=ORIENTED_EDGE('',*,*,#6252,.F.);
#8702=ORIENTED_EDGE('',*,*,#5414,.T.);
#8703=ORIENTED_EDGE('',*,*,#6254,.T.);
#8704=ORIENTED_EDGE('',*,*,#5794,.F.);
#8705=ORIENTED_EDGE('',*,*,#6253,.F.);
#8706=ORIENTED_EDGE('',*,*,#5413,.T.);
#8707=ORIENTED_EDGE('',*,*,#6248,.T.);
#8708=ORIENTED_EDGE('',*,*,#5795,.F.);
#8709=ORIENTED_EDGE('',*,*,#6254,.F.);
#8710=ORIENTED_EDGE('',*,*,#5404,.T.);
#8711=ORIENTED_EDGE('',*,*,#6255,.T.);
#8712=ORIENTED_EDGE('',*,*,#5780,.F.);
#8713=ORIENTED_EDGE('',*,*,#6256,.F.);
#8714=ORIENTED_EDGE('',*,*,#5411,.T.);
#8715=ORIENTED_EDGE('',*,*,#6257,.T.);
#8716=ORIENTED_EDGE('',*,*,#5781,.F.);
#8717=ORIENTED_EDGE('',*,*,#6255,.F.);
#8718=ORIENTED_EDGE('',*,*,#5410,.T.);
#8719=ORIENTED_EDGE('',*,*,#6258,.T.);
#8720=ORIENTED_EDGE('',*,*,#5782,.F.);
#8721=ORIENTED_EDGE('',*,*,#6257,.F.);
#8722=ORIENTED_EDGE('',*,*,#5409,.T.);
#8723=ORIENTED_EDGE('',*,*,#6259,.T.);
#8724=ORIENTED_EDGE('',*,*,#5783,.F.);
#8725=ORIENTED_EDGE('',*,*,#6258,.F.);
#8726=ORIENTED_EDGE('',*,*,#5408,.T.);
#8727=ORIENTED_EDGE('',*,*,#6260,.T.);
#8728=ORIENTED_EDGE('',*,*,#5784,.F.);
#8729=ORIENTED_EDGE('',*,*,#6259,.F.);
#8730=ORIENTED_EDGE('',*,*,#5407,.T.);
#8731=ORIENTED_EDGE('',*,*,#6261,.T.);
#8732=ORIENTED_EDGE('',*,*,#5785,.F.);
#8733=ORIENTED_EDGE('',*,*,#6260,.F.);
#8734=ORIENTED_EDGE('',*,*,#5406,.T.);
#8735=ORIENTED_EDGE('',*,*,#6262,.T.);
#8736=ORIENTED_EDGE('',*,*,#5786,.F.);
#8737=ORIENTED_EDGE('',*,*,#6261,.F.);
#8738=ORIENTED_EDGE('',*,*,#5405,.T.);
#8739=ORIENTED_EDGE('',*,*,#6256,.T.);
#8740=ORIENTED_EDGE('',*,*,#5787,.F.);
#8741=ORIENTED_EDGE('',*,*,#6262,.F.);
#8742=ORIENTED_EDGE('',*,*,#5396,.T.);
#8743=ORIENTED_EDGE('',*,*,#6263,.T.);
#8744=ORIENTED_EDGE('',*,*,#5772,.F.);
#8745=ORIENTED_EDGE('',*,*,#6264,.F.);
#8746=ORIENTED_EDGE('',*,*,#5403,.T.);
#8747=ORIENTED_EDGE('',*,*,#6265,.T.);
#8748=ORIENTED_EDGE('',*,*,#5773,.F.);
#8749=ORIENTED_EDGE('',*,*,#6263,.F.);
#8750=ORIENTED_EDGE('',*,*,#5402,.T.);
#8751=ORIENTED_EDGE('',*,*,#6266,.T.);
#8752=ORIENTED_EDGE('',*,*,#5774,.F.);
#8753=ORIENTED_EDGE('',*,*,#6265,.F.);
#8754=ORIENTED_EDGE('',*,*,#5401,.T.);
#8755=ORIENTED_EDGE('',*,*,#6267,.T.);
#8756=ORIENTED_EDGE('',*,*,#5775,.F.);
#8757=ORIENTED_EDGE('',*,*,#6266,.F.);
#8758=ORIENTED_EDGE('',*,*,#5400,.T.);
#8759=ORIENTED_EDGE('',*,*,#6268,.T.);
#8760=ORIENTED_EDGE('',*,*,#5776,.F.);
#8761=ORIENTED_EDGE('',*,*,#6267,.F.);
#8762=ORIENTED_EDGE('',*,*,#5399,.T.);
#8763=ORIENTED_EDGE('',*,*,#6269,.T.);
#8764=ORIENTED_EDGE('',*,*,#5777,.F.);
#8765=ORIENTED_EDGE('',*,*,#6268,.F.);
#8766=ORIENTED_EDGE('',*,*,#5398,.T.);
#8767=ORIENTED_EDGE('',*,*,#6270,.T.);
#8768=ORIENTED_EDGE('',*,*,#5778,.F.);
#8769=ORIENTED_EDGE('',*,*,#6269,.F.);
#8770=ORIENTED_EDGE('',*,*,#5397,.T.);
#8771=ORIENTED_EDGE('',*,*,#6264,.T.);
#8772=ORIENTED_EDGE('',*,*,#5779,.F.);
#8773=ORIENTED_EDGE('',*,*,#6270,.F.);
#8774=ORIENTED_EDGE('',*,*,#5388,.T.);
#8775=ORIENTED_EDGE('',*,*,#6271,.T.);
#8776=ORIENTED_EDGE('',*,*,#5764,.F.);
#8777=ORIENTED_EDGE('',*,*,#6272,.F.);
#8778=ORIENTED_EDGE('',*,*,#5395,.T.);
#8779=ORIENTED_EDGE('',*,*,#6273,.T.);
#8780=ORIENTED_EDGE('',*,*,#5765,.F.);
#8781=ORIENTED_EDGE('',*,*,#6271,.F.);
#8782=ORIENTED_EDGE('',*,*,#5394,.T.);
#8783=ORIENTED_EDGE('',*,*,#6274,.T.);
#8784=ORIENTED_EDGE('',*,*,#5766,.F.);
#8785=ORIENTED_EDGE('',*,*,#6273,.F.);
#8786=ORIENTED_EDGE('',*,*,#5393,.T.);
#8787=ORIENTED_EDGE('',*,*,#6275,.T.);
#8788=ORIENTED_EDGE('',*,*,#5767,.F.);
#8789=ORIENTED_EDGE('',*,*,#6274,.F.);
#8790=ORIENTED_EDGE('',*,*,#5392,.T.);
#8791=ORIENTED_EDGE('',*,*,#6276,.T.);
#8792=ORIENTED_EDGE('',*,*,#5768,.F.);
#8793=ORIENTED_EDGE('',*,*,#6275,.F.);
#8794=ORIENTED_EDGE('',*,*,#5391,.T.);
#8795=ORIENTED_EDGE('',*,*,#6277,.T.);
#8796=ORIENTED_EDGE('',*,*,#5769,.F.);
#8797=ORIENTED_EDGE('',*,*,#6276,.F.);
#8798=ORIENTED_EDGE('',*,*,#5390,.T.);
#8799=ORIENTED_EDGE('',*,*,#6278,.T.);
#8800=ORIENTED_EDGE('',*,*,#5770,.F.);
#8801=ORIENTED_EDGE('',*,*,#6277,.F.);
#8802=ORIENTED_EDGE('',*,*,#5389,.T.);
#8803=ORIENTED_EDGE('',*,*,#6272,.T.);
#8804=ORIENTED_EDGE('',*,*,#5771,.F.);
#8805=ORIENTED_EDGE('',*,*,#6278,.F.);
#8806=ORIENTED_EDGE('',*,*,#5380,.T.);
#8807=ORIENTED_EDGE('',*,*,#6279,.T.);
#8808=ORIENTED_EDGE('',*,*,#5756,.F.);
#8809=ORIENTED_EDGE('',*,*,#6280,.F.);
#8810=ORIENTED_EDGE('',*,*,#5387,.T.);
#8811=ORIENTED_EDGE('',*,*,#6281,.T.);
#8812=ORIENTED_EDGE('',*,*,#5757,.F.);
#8813=ORIENTED_EDGE('',*,*,#6279,.F.);
#8814=ORIENTED_EDGE('',*,*,#5386,.T.);
#8815=ORIENTED_EDGE('',*,*,#6282,.T.);
#8816=ORIENTED_EDGE('',*,*,#5758,.F.);
#8817=ORIENTED_EDGE('',*,*,#6281,.F.);
#8818=ORIENTED_EDGE('',*,*,#5385,.T.);
#8819=ORIENTED_EDGE('',*,*,#6283,.T.);
#8820=ORIENTED_EDGE('',*,*,#5759,.F.);
#8821=ORIENTED_EDGE('',*,*,#6282,.F.);
#8822=ORIENTED_EDGE('',*,*,#5384,.T.);
#8823=ORIENTED_EDGE('',*,*,#6284,.T.);
#8824=ORIENTED_EDGE('',*,*,#5760,.F.);
#8825=ORIENTED_EDGE('',*,*,#6283,.F.);
#8826=ORIENTED_EDGE('',*,*,#5383,.T.);
#8827=ORIENTED_EDGE('',*,*,#6285,.T.);
#8828=ORIENTED_EDGE('',*,*,#5761,.F.);
#8829=ORIENTED_EDGE('',*,*,#6284,.F.);
#8830=ORIENTED_EDGE('',*,*,#5382,.T.);
#8831=ORIENTED_EDGE('',*,*,#6286,.T.);
#8832=ORIENTED_EDGE('',*,*,#5762,.F.);
#8833=ORIENTED_EDGE('',*,*,#6285,.F.);
#8834=ORIENTED_EDGE('',*,*,#5381,.T.);
#8835=ORIENTED_EDGE('',*,*,#6280,.T.);
#8836=ORIENTED_EDGE('',*,*,#5763,.F.);
#8837=ORIENTED_EDGE('',*,*,#6286,.F.);
#8838=ORIENTED_EDGE('',*,*,#5372,.T.);
#8839=ORIENTED_EDGE('',*,*,#6287,.T.);
#8840=ORIENTED_EDGE('',*,*,#5748,.F.);
#8841=ORIENTED_EDGE('',*,*,#6288,.F.);
#8842=ORIENTED_EDGE('',*,*,#5379,.T.);
#8843=ORIENTED_EDGE('',*,*,#6289,.T.);
#8844=ORIENTED_EDGE('',*,*,#5749,.F.);
#8845=ORIENTED_EDGE('',*,*,#6287,.F.);
#8846=ORIENTED_EDGE('',*,*,#5378,.T.);
#8847=ORIENTED_EDGE('',*,*,#6290,.T.);
#8848=ORIENTED_EDGE('',*,*,#5750,.F.);
#8849=ORIENTED_EDGE('',*,*,#6289,.F.);
#8850=ORIENTED_EDGE('',*,*,#5377,.T.);
#8851=ORIENTED_EDGE('',*,*,#6291,.T.);
#8852=ORIENTED_EDGE('',*,*,#5751,.F.);
#8853=ORIENTED_EDGE('',*,*,#6290,.F.);
#8854=ORIENTED_EDGE('',*,*,#5376,.T.);
#8855=ORIENTED_EDGE('',*,*,#6292,.T.);
#8856=ORIENTED_EDGE('',*,*,#5752,.F.);
#8857=ORIENTED_EDGE('',*,*,#6291,.F.);
#8858=ORIENTED_EDGE('',*,*,#5375,.T.);
#8859=ORIENTED_EDGE('',*,*,#6293,.T.);
#8860=ORIENTED_EDGE('',*,*,#5753,.F.);
#8861=ORIENTED_EDGE('',*,*,#6292,.F.);
#8862=ORIENTED_EDGE('',*,*,#5374,.T.);
#8863=ORIENTED_EDGE('',*,*,#6294,.T.);
#8864=ORIENTED_EDGE('',*,*,#5754,.F.);
#8865=ORIENTED_EDGE('',*,*,#6293,.F.);
#8866=ORIENTED_EDGE('',*,*,#5373,.T.);
#8867=ORIENTED_EDGE('',*,*,#6288,.T.);
#8868=ORIENTED_EDGE('',*,*,#5755,.F.);
#8869=ORIENTED_EDGE('',*,*,#6294,.F.);
#8870=ORIENTED_EDGE('',*,*,#4954,.T.);
#8871=ORIENTED_EDGE('',*,*,#6295,.T.);
#8872=ORIENTED_EDGE('',*,*,#5718,.F.);
#8873=ORIENTED_EDGE('',*,*,#5184,.F.);
#8874=ORIENTED_EDGE('',*,*,#5013,.T.);
#8875=ORIENTED_EDGE('',*,*,#6296,.T.);
#8876=ORIENTED_EDGE('',*,*,#5719,.F.);
#8877=ORIENTED_EDGE('',*,*,#6295,.F.);
#8878=ORIENTED_EDGE('',*,*,#5012,.T.);
#8879=ORIENTED_EDGE('',*,*,#6297,.T.);
#8880=ORIENTED_EDGE('',*,*,#5720,.F.);
#8881=ORIENTED_EDGE('',*,*,#6296,.F.);
#8882=ORIENTED_EDGE('',*,*,#5011,.T.);
#8883=ORIENTED_EDGE('',*,*,#6298,.T.);
#8884=ORIENTED_EDGE('',*,*,#5721,.F.);
#8885=ORIENTED_EDGE('',*,*,#6297,.F.);
#8886=ORIENTED_EDGE('',*,*,#5010,.T.);
#8887=ORIENTED_EDGE('',*,*,#6299,.T.);
#8888=ORIENTED_EDGE('',*,*,#5722,.F.);
#8889=ORIENTED_EDGE('',*,*,#6298,.F.);
#8890=ORIENTED_EDGE('',*,*,#5009,.T.);
#8891=ORIENTED_EDGE('',*,*,#6300,.T.);
#8892=ORIENTED_EDGE('',*,*,#5723,.F.);
#8893=ORIENTED_EDGE('',*,*,#6299,.F.);
#8894=ORIENTED_EDGE('',*,*,#5008,.T.);
#8895=ORIENTED_EDGE('',*,*,#6301,.T.);
#8896=ORIENTED_EDGE('',*,*,#5724,.F.);
#8897=ORIENTED_EDGE('',*,*,#6300,.F.);
#8898=ORIENTED_EDGE('',*,*,#5007,.T.);
#8899=ORIENTED_EDGE('',*,*,#6302,.T.);
#8900=ORIENTED_EDGE('',*,*,#5725,.F.);
#8901=ORIENTED_EDGE('',*,*,#6301,.F.);
#8902=ORIENTED_EDGE('',*,*,#5006,.T.);
#8903=ORIENTED_EDGE('',*,*,#6303,.T.);
#8904=ORIENTED_EDGE('',*,*,#5726,.F.);
#8905=ORIENTED_EDGE('',*,*,#6302,.F.);
#8906=ORIENTED_EDGE('',*,*,#5005,.T.);
#8907=ORIENTED_EDGE('',*,*,#6304,.T.);
#8908=ORIENTED_EDGE('',*,*,#5727,.F.);
#8909=ORIENTED_EDGE('',*,*,#6303,.F.);
#8910=ORIENTED_EDGE('',*,*,#5004,.T.);
#8911=ORIENTED_EDGE('',*,*,#6305,.T.);
#8912=ORIENTED_EDGE('',*,*,#5728,.F.);
#8913=ORIENTED_EDGE('',*,*,#6304,.F.);
#8914=ORIENTED_EDGE('',*,*,#5003,.T.);
#8915=ORIENTED_EDGE('',*,*,#6306,.T.);
#8916=ORIENTED_EDGE('',*,*,#5729,.F.);
#8917=ORIENTED_EDGE('',*,*,#6305,.F.);
#8918=ORIENTED_EDGE('',*,*,#5002,.T.);
#8919=ORIENTED_EDGE('',*,*,#6307,.T.);
#8920=ORIENTED_EDGE('',*,*,#5730,.F.);
#8921=ORIENTED_EDGE('',*,*,#6306,.F.);
#8922=ORIENTED_EDGE('',*,*,#5001,.T.);
#8923=ORIENTED_EDGE('',*,*,#6308,.T.);
#8924=ORIENTED_EDGE('',*,*,#5731,.F.);
#8925=ORIENTED_EDGE('',*,*,#6307,.F.);
#8926=ORIENTED_EDGE('',*,*,#5000,.T.);
#8927=ORIENTED_EDGE('',*,*,#6309,.T.);
#8928=ORIENTED_EDGE('',*,*,#5732,.F.);
#8929=ORIENTED_EDGE('',*,*,#6308,.F.);
#8930=ORIENTED_EDGE('',*,*,#4999,.T.);
#8931=ORIENTED_EDGE('',*,*,#6310,.T.);
#8932=ORIENTED_EDGE('',*,*,#5733,.F.);
#8933=ORIENTED_EDGE('',*,*,#6309,.F.);
#8934=ORIENTED_EDGE('',*,*,#4998,.T.);
#8935=ORIENTED_EDGE('',*,*,#6311,.T.);
#8936=ORIENTED_EDGE('',*,*,#5734,.F.);
#8937=ORIENTED_EDGE('',*,*,#6310,.F.);
#8938=ORIENTED_EDGE('',*,*,#4997,.T.);
#8939=ORIENTED_EDGE('',*,*,#6312,.T.);
#8940=ORIENTED_EDGE('',*,*,#5735,.F.);
#8941=ORIENTED_EDGE('',*,*,#6311,.F.);
#8942=ORIENTED_EDGE('',*,*,#4996,.T.);
#8943=ORIENTED_EDGE('',*,*,#6313,.T.);
#8944=ORIENTED_EDGE('',*,*,#5736,.F.);
#8945=ORIENTED_EDGE('',*,*,#6312,.F.);
#8946=ORIENTED_EDGE('',*,*,#4995,.T.);
#8947=ORIENTED_EDGE('',*,*,#6314,.T.);
#8948=ORIENTED_EDGE('',*,*,#5737,.F.);
#8949=ORIENTED_EDGE('',*,*,#6313,.F.);
#8950=ORIENTED_EDGE('',*,*,#4994,.T.);
#8951=ORIENTED_EDGE('',*,*,#6315,.T.);
#8952=ORIENTED_EDGE('',*,*,#5738,.F.);
#8953=ORIENTED_EDGE('',*,*,#6314,.F.);
#8954=ORIENTED_EDGE('',*,*,#4993,.T.);
#8955=ORIENTED_EDGE('',*,*,#6316,.T.);
#8956=ORIENTED_EDGE('',*,*,#5739,.F.);
#8957=ORIENTED_EDGE('',*,*,#6315,.F.);
#8958=ORIENTED_EDGE('',*,*,#4992,.T.);
#8959=ORIENTED_EDGE('',*,*,#6317,.T.);
#8960=ORIENTED_EDGE('',*,*,#5740,.F.);
#8961=ORIENTED_EDGE('',*,*,#6316,.F.);
#8962=ORIENTED_EDGE('',*,*,#4991,.T.);
#8963=ORIENTED_EDGE('',*,*,#6318,.T.);
#8964=ORIENTED_EDGE('',*,*,#5741,.F.);
#8965=ORIENTED_EDGE('',*,*,#6317,.F.);
#8966=ORIENTED_EDGE('',*,*,#4990,.T.);
#8967=ORIENTED_EDGE('',*,*,#6319,.T.);
#8968=ORIENTED_EDGE('',*,*,#5742,.F.);
#8969=ORIENTED_EDGE('',*,*,#6318,.F.);
#8970=ORIENTED_EDGE('',*,*,#4989,.T.);
#8971=ORIENTED_EDGE('',*,*,#6320,.T.);
#8972=ORIENTED_EDGE('',*,*,#5743,.F.);
#8973=ORIENTED_EDGE('',*,*,#6319,.F.);
#8974=ORIENTED_EDGE('',*,*,#4988,.T.);
#8975=ORIENTED_EDGE('',*,*,#6321,.T.);
#8976=ORIENTED_EDGE('',*,*,#5744,.F.);
#8977=ORIENTED_EDGE('',*,*,#6320,.F.);
#8978=ORIENTED_EDGE('',*,*,#4987,.T.);
#8979=ORIENTED_EDGE('',*,*,#6322,.T.);
#8980=ORIENTED_EDGE('',*,*,#5745,.F.);
#8981=ORIENTED_EDGE('',*,*,#6321,.F.);
#8982=ORIENTED_EDGE('',*,*,#4986,.T.);
#8983=ORIENTED_EDGE('',*,*,#6323,.T.);
#8984=ORIENTED_EDGE('',*,*,#5746,.F.);
#8985=ORIENTED_EDGE('',*,*,#6322,.F.);
#8986=ORIENTED_EDGE('',*,*,#4985,.T.);
#8987=ORIENTED_EDGE('',*,*,#5127,.T.);
#8988=ORIENTED_EDGE('',*,*,#5747,.F.);
#8989=ORIENTED_EDGE('',*,*,#6323,.F.);
#8990=ORIENTED_EDGE('',*,*,#5364,.T.);
#8991=ORIENTED_EDGE('',*,*,#6324,.T.);
#8992=ORIENTED_EDGE('',*,*,#5710,.F.);
#8993=ORIENTED_EDGE('',*,*,#6325,.F.);
#8994=ORIENTED_EDGE('',*,*,#5371,.T.);
#8995=ORIENTED_EDGE('',*,*,#6326,.T.);
#8996=ORIENTED_EDGE('',*,*,#5711,.F.);
#8997=ORIENTED_EDGE('',*,*,#6324,.F.);
#8998=ORIENTED_EDGE('',*,*,#5370,.T.);
#8999=ORIENTED_EDGE('',*,*,#6327,.T.);
#9000=ORIENTED_EDGE('',*,*,#5712,.F.);
#9001=ORIENTED_EDGE('',*,*,#6326,.F.);
#9002=ORIENTED_EDGE('',*,*,#5369,.T.);
#9003=ORIENTED_EDGE('',*,*,#6328,.T.);
#9004=ORIENTED_EDGE('',*,*,#5713,.F.);
#9005=ORIENTED_EDGE('',*,*,#6327,.F.);
#9006=ORIENTED_EDGE('',*,*,#5368,.T.);
#9007=ORIENTED_EDGE('',*,*,#6329,.T.);
#9008=ORIENTED_EDGE('',*,*,#5714,.F.);
#9009=ORIENTED_EDGE('',*,*,#6328,.F.);
#9010=ORIENTED_EDGE('',*,*,#5367,.T.);
#9011=ORIENTED_EDGE('',*,*,#6330,.T.);
#9012=ORIENTED_EDGE('',*,*,#5715,.F.);
#9013=ORIENTED_EDGE('',*,*,#6329,.F.);
#9014=ORIENTED_EDGE('',*,*,#5366,.T.);
#9015=ORIENTED_EDGE('',*,*,#6331,.T.);
#9016=ORIENTED_EDGE('',*,*,#5716,.F.);
#9017=ORIENTED_EDGE('',*,*,#6330,.F.);
#9018=ORIENTED_EDGE('',*,*,#5365,.T.);
#9019=ORIENTED_EDGE('',*,*,#6325,.T.);
#9020=ORIENTED_EDGE('',*,*,#5717,.F.);
#9021=ORIENTED_EDGE('',*,*,#6331,.F.);
#9022=ORIENTED_EDGE('',*,*,#5356,.T.);
#9023=ORIENTED_EDGE('',*,*,#6332,.T.);
#9024=ORIENTED_EDGE('',*,*,#5702,.F.);
#9025=ORIENTED_EDGE('',*,*,#6333,.F.);
#9026=ORIENTED_EDGE('',*,*,#5363,.T.);
#9027=ORIENTED_EDGE('',*,*,#6334,.T.);
#9028=ORIENTED_EDGE('',*,*,#5703,.F.);
#9029=ORIENTED_EDGE('',*,*,#6332,.F.);
#9030=ORIENTED_EDGE('',*,*,#5362,.T.);
#9031=ORIENTED_EDGE('',*,*,#6335,.T.);
#9032=ORIENTED_EDGE('',*,*,#5704,.F.);
#9033=ORIENTED_EDGE('',*,*,#6334,.F.);
#9034=ORIENTED_EDGE('',*,*,#5361,.T.);
#9035=ORIENTED_EDGE('',*,*,#6336,.T.);
#9036=ORIENTED_EDGE('',*,*,#5705,.F.);
#9037=ORIENTED_EDGE('',*,*,#6335,.F.);
#9038=ORIENTED_EDGE('',*,*,#5360,.T.);
#9039=ORIENTED_EDGE('',*,*,#6337,.T.);
#9040=ORIENTED_EDGE('',*,*,#5706,.F.);
#9041=ORIENTED_EDGE('',*,*,#6336,.F.);
#9042=ORIENTED_EDGE('',*,*,#5359,.T.);
#9043=ORIENTED_EDGE('',*,*,#6338,.T.);
#9044=ORIENTED_EDGE('',*,*,#5707,.F.);
#9045=ORIENTED_EDGE('',*,*,#6337,.F.);
#9046=ORIENTED_EDGE('',*,*,#5358,.T.);
#9047=ORIENTED_EDGE('',*,*,#6339,.T.);
#9048=ORIENTED_EDGE('',*,*,#5708,.F.);
#9049=ORIENTED_EDGE('',*,*,#6338,.F.);
#9050=ORIENTED_EDGE('',*,*,#5357,.T.);
#9051=ORIENTED_EDGE('',*,*,#6333,.T.);
#9052=ORIENTED_EDGE('',*,*,#5709,.F.);
#9053=ORIENTED_EDGE('',*,*,#6339,.F.);
#9054=ORIENTED_EDGE('',*,*,#5348,.T.);
#9055=ORIENTED_EDGE('',*,*,#6340,.T.);
#9056=ORIENTED_EDGE('',*,*,#5694,.F.);
#9057=ORIENTED_EDGE('',*,*,#6341,.F.);
#9058=ORIENTED_EDGE('',*,*,#5355,.T.);
#9059=ORIENTED_EDGE('',*,*,#6342,.T.);
#9060=ORIENTED_EDGE('',*,*,#5695,.F.);
#9061=ORIENTED_EDGE('',*,*,#6340,.F.);
#9062=ORIENTED_EDGE('',*,*,#5354,.T.);
#9063=ORIENTED_EDGE('',*,*,#6343,.T.);
#9064=ORIENTED_EDGE('',*,*,#5696,.F.);
#9065=ORIENTED_EDGE('',*,*,#6342,.F.);
#9066=ORIENTED_EDGE('',*,*,#5353,.T.);
#9067=ORIENTED_EDGE('',*,*,#6344,.T.);
#9068=ORIENTED_EDGE('',*,*,#5697,.F.);
#9069=ORIENTED_EDGE('',*,*,#6343,.F.);
#9070=ORIENTED_EDGE('',*,*,#5352,.T.);
#9071=ORIENTED_EDGE('',*,*,#6345,.T.);
#9072=ORIENTED_EDGE('',*,*,#5698,.F.);
#9073=ORIENTED_EDGE('',*,*,#6344,.F.);
#9074=ORIENTED_EDGE('',*,*,#5351,.T.);
#9075=ORIENTED_EDGE('',*,*,#6346,.T.);
#9076=ORIENTED_EDGE('',*,*,#5699,.F.);
#9077=ORIENTED_EDGE('',*,*,#6345,.F.);
#9078=ORIENTED_EDGE('',*,*,#5350,.T.);
#9079=ORIENTED_EDGE('',*,*,#6347,.T.);
#9080=ORIENTED_EDGE('',*,*,#5700,.F.);
#9081=ORIENTED_EDGE('',*,*,#6346,.F.);
#9082=ORIENTED_EDGE('',*,*,#5349,.T.);
#9083=ORIENTED_EDGE('',*,*,#6341,.T.);
#9084=ORIENTED_EDGE('',*,*,#5701,.F.);
#9085=ORIENTED_EDGE('',*,*,#6347,.F.);
#9086=ORIENTED_EDGE('',*,*,#5340,.T.);
#9087=ORIENTED_EDGE('',*,*,#6348,.T.);
#9088=ORIENTED_EDGE('',*,*,#5686,.F.);
#9089=ORIENTED_EDGE('',*,*,#6349,.F.);
#9090=ORIENTED_EDGE('',*,*,#5347,.T.);
#9091=ORIENTED_EDGE('',*,*,#6350,.T.);
#9092=ORIENTED_EDGE('',*,*,#5687,.F.);
#9093=ORIENTED_EDGE('',*,*,#6348,.F.);
#9094=ORIENTED_EDGE('',*,*,#5346,.T.);
#9095=ORIENTED_EDGE('',*,*,#6351,.T.);
#9096=ORIENTED_EDGE('',*,*,#5688,.F.);
#9097=ORIENTED_EDGE('',*,*,#6350,.F.);
#9098=ORIENTED_EDGE('',*,*,#5345,.T.);
#9099=ORIENTED_EDGE('',*,*,#6352,.T.);
#9100=ORIENTED_EDGE('',*,*,#5689,.F.);
#9101=ORIENTED_EDGE('',*,*,#6351,.F.);
#9102=ORIENTED_EDGE('',*,*,#5344,.T.);
#9103=ORIENTED_EDGE('',*,*,#6353,.T.);
#9104=ORIENTED_EDGE('',*,*,#5690,.F.);
#9105=ORIENTED_EDGE('',*,*,#6352,.F.);
#9106=ORIENTED_EDGE('',*,*,#5343,.T.);
#9107=ORIENTED_EDGE('',*,*,#6354,.T.);
#9108=ORIENTED_EDGE('',*,*,#5691,.F.);
#9109=ORIENTED_EDGE('',*,*,#6353,.F.);
#9110=ORIENTED_EDGE('',*,*,#5342,.T.);
#9111=ORIENTED_EDGE('',*,*,#6355,.T.);
#9112=ORIENTED_EDGE('',*,*,#5692,.F.);
#9113=ORIENTED_EDGE('',*,*,#6354,.F.);
#9114=ORIENTED_EDGE('',*,*,#5341,.T.);
#9115=ORIENTED_EDGE('',*,*,#6349,.T.);
#9116=ORIENTED_EDGE('',*,*,#5693,.F.);
#9117=ORIENTED_EDGE('',*,*,#6355,.F.);
#9118=ORIENTED_EDGE('',*,*,#5332,.T.);
#9119=ORIENTED_EDGE('',*,*,#6356,.T.);
#9120=ORIENTED_EDGE('',*,*,#5678,.F.);
#9121=ORIENTED_EDGE('',*,*,#6357,.F.);
#9122=ORIENTED_EDGE('',*,*,#5339,.T.);
#9123=ORIENTED_EDGE('',*,*,#6358,.T.);
#9124=ORIENTED_EDGE('',*,*,#5679,.F.);
#9125=ORIENTED_EDGE('',*,*,#6356,.F.);
#9126=ORIENTED_EDGE('',*,*,#5338,.T.);
#9127=ORIENTED_EDGE('',*,*,#6359,.T.);
#9128=ORIENTED_EDGE('',*,*,#5680,.F.);
#9129=ORIENTED_EDGE('',*,*,#6358,.F.);
#9130=ORIENTED_EDGE('',*,*,#5337,.T.);
#9131=ORIENTED_EDGE('',*,*,#6360,.T.);
#9132=ORIENTED_EDGE('',*,*,#5681,.F.);
#9133=ORIENTED_EDGE('',*,*,#6359,.F.);
#9134=ORIENTED_EDGE('',*,*,#5336,.T.);
#9135=ORIENTED_EDGE('',*,*,#6361,.T.);
#9136=ORIENTED_EDGE('',*,*,#5682,.F.);
#9137=ORIENTED_EDGE('',*,*,#6360,.F.);
#9138=ORIENTED_EDGE('',*,*,#5335,.T.);
#9139=ORIENTED_EDGE('',*,*,#6362,.T.);
#9140=ORIENTED_EDGE('',*,*,#5683,.F.);
#9141=ORIENTED_EDGE('',*,*,#6361,.F.);
#9142=ORIENTED_EDGE('',*,*,#5334,.T.);
#9143=ORIENTED_EDGE('',*,*,#6363,.T.);
#9144=ORIENTED_EDGE('',*,*,#5684,.F.);
#9145=ORIENTED_EDGE('',*,*,#6362,.F.);
#9146=ORIENTED_EDGE('',*,*,#5333,.T.);
#9147=ORIENTED_EDGE('',*,*,#6357,.T.);
#9148=ORIENTED_EDGE('',*,*,#5685,.F.);
#9149=ORIENTED_EDGE('',*,*,#6363,.F.);
#9150=ORIENTED_EDGE('',*,*,#5324,.T.);
#9151=ORIENTED_EDGE('',*,*,#6364,.T.);
#9152=ORIENTED_EDGE('',*,*,#5670,.F.);
#9153=ORIENTED_EDGE('',*,*,#6365,.F.);
#9154=ORIENTED_EDGE('',*,*,#5331,.T.);
#9155=ORIENTED_EDGE('',*,*,#6366,.T.);
#9156=ORIENTED_EDGE('',*,*,#5671,.F.);
#9157=ORIENTED_EDGE('',*,*,#6364,.F.);
#9158=ORIENTED_EDGE('',*,*,#5330,.T.);
#9159=ORIENTED_EDGE('',*,*,#6367,.T.);
#9160=ORIENTED_EDGE('',*,*,#5672,.F.);
#9161=ORIENTED_EDGE('',*,*,#6366,.F.);
#9162=ORIENTED_EDGE('',*,*,#5329,.T.);
#9163=ORIENTED_EDGE('',*,*,#6368,.T.);
#9164=ORIENTED_EDGE('',*,*,#5673,.F.);
#9165=ORIENTED_EDGE('',*,*,#6367,.F.);
#9166=ORIENTED_EDGE('',*,*,#5328,.T.);
#9167=ORIENTED_EDGE('',*,*,#6369,.T.);
#9168=ORIENTED_EDGE('',*,*,#5674,.F.);
#9169=ORIENTED_EDGE('',*,*,#6368,.F.);
#9170=ORIENTED_EDGE('',*,*,#5327,.T.);
#9171=ORIENTED_EDGE('',*,*,#6370,.T.);
#9172=ORIENTED_EDGE('',*,*,#5675,.F.);
#9173=ORIENTED_EDGE('',*,*,#6369,.F.);
#9174=ORIENTED_EDGE('',*,*,#5326,.T.);
#9175=ORIENTED_EDGE('',*,*,#6371,.T.);
#9176=ORIENTED_EDGE('',*,*,#5676,.F.);
#9177=ORIENTED_EDGE('',*,*,#6370,.F.);
#9178=ORIENTED_EDGE('',*,*,#5325,.T.);
#9179=ORIENTED_EDGE('',*,*,#6365,.T.);
#9180=ORIENTED_EDGE('',*,*,#5677,.F.);
#9181=ORIENTED_EDGE('',*,*,#6371,.F.);
#9182=ORIENTED_EDGE('',*,*,#5316,.T.);
#9183=ORIENTED_EDGE('',*,*,#6372,.T.);
#9184=ORIENTED_EDGE('',*,*,#5662,.F.);
#9185=ORIENTED_EDGE('',*,*,#6373,.F.);
#9186=ORIENTED_EDGE('',*,*,#5323,.T.);
#9187=ORIENTED_EDGE('',*,*,#6374,.T.);
#9188=ORIENTED_EDGE('',*,*,#5663,.F.);
#9189=ORIENTED_EDGE('',*,*,#6372,.F.);
#9190=ORIENTED_EDGE('',*,*,#5322,.T.);
#9191=ORIENTED_EDGE('',*,*,#6375,.T.);
#9192=ORIENTED_EDGE('',*,*,#5664,.F.);
#9193=ORIENTED_EDGE('',*,*,#6374,.F.);
#9194=ORIENTED_EDGE('',*,*,#5321,.T.);
#9195=ORIENTED_EDGE('',*,*,#6376,.T.);
#9196=ORIENTED_EDGE('',*,*,#5665,.F.);
#9197=ORIENTED_EDGE('',*,*,#6375,.F.);
#9198=ORIENTED_EDGE('',*,*,#5320,.T.);
#9199=ORIENTED_EDGE('',*,*,#6377,.T.);
#9200=ORIENTED_EDGE('',*,*,#5666,.F.);
#9201=ORIENTED_EDGE('',*,*,#6376,.F.);
#9202=ORIENTED_EDGE('',*,*,#5319,.T.);
#9203=ORIENTED_EDGE('',*,*,#6378,.T.);
#9204=ORIENTED_EDGE('',*,*,#5667,.F.);
#9205=ORIENTED_EDGE('',*,*,#6377,.F.);
#9206=ORIENTED_EDGE('',*,*,#5318,.T.);
#9207=ORIENTED_EDGE('',*,*,#6379,.T.);
#9208=ORIENTED_EDGE('',*,*,#5668,.F.);
#9209=ORIENTED_EDGE('',*,*,#6378,.F.);
#9210=ORIENTED_EDGE('',*,*,#5317,.T.);
#9211=ORIENTED_EDGE('',*,*,#6373,.T.);
#9212=ORIENTED_EDGE('',*,*,#5669,.F.);
#9213=ORIENTED_EDGE('',*,*,#6379,.F.);
#9214=ORIENTED_EDGE('',*,*,#5308,.T.);
#9215=ORIENTED_EDGE('',*,*,#6380,.T.);
#9216=ORIENTED_EDGE('',*,*,#5654,.F.);
#9217=ORIENTED_EDGE('',*,*,#6381,.F.);
#9218=ORIENTED_EDGE('',*,*,#5315,.T.);
#9219=ORIENTED_EDGE('',*,*,#6382,.T.);
#9220=ORIENTED_EDGE('',*,*,#5655,.F.);
#9221=ORIENTED_EDGE('',*,*,#6380,.F.);
#9222=ORIENTED_EDGE('',*,*,#5314,.T.);
#9223=ORIENTED_EDGE('',*,*,#6383,.T.);
#9224=ORIENTED_EDGE('',*,*,#5656,.F.);
#9225=ORIENTED_EDGE('',*,*,#6382,.F.);
#9226=ORIENTED_EDGE('',*,*,#5313,.T.);
#9227=ORIENTED_EDGE('',*,*,#6384,.T.);
#9228=ORIENTED_EDGE('',*,*,#5657,.F.);
#9229=ORIENTED_EDGE('',*,*,#6383,.F.);
#9230=ORIENTED_EDGE('',*,*,#5312,.T.);
#9231=ORIENTED_EDGE('',*,*,#6385,.T.);
#9232=ORIENTED_EDGE('',*,*,#5658,.F.);
#9233=ORIENTED_EDGE('',*,*,#6384,.F.);
#9234=ORIENTED_EDGE('',*,*,#5311,.T.);
#9235=ORIENTED_EDGE('',*,*,#6386,.T.);
#9236=ORIENTED_EDGE('',*,*,#5659,.F.);
#9237=ORIENTED_EDGE('',*,*,#6385,.F.);
#9238=ORIENTED_EDGE('',*,*,#5310,.T.);
#9239=ORIENTED_EDGE('',*,*,#6387,.T.);
#9240=ORIENTED_EDGE('',*,*,#5660,.F.);
#9241=ORIENTED_EDGE('',*,*,#6386,.F.);
#9242=ORIENTED_EDGE('',*,*,#5309,.T.);
#9243=ORIENTED_EDGE('',*,*,#6381,.T.);
#9244=ORIENTED_EDGE('',*,*,#5661,.F.);
#9245=ORIENTED_EDGE('',*,*,#6387,.F.);
#9246=ORIENTED_EDGE('',*,*,#5300,.T.);
#9247=ORIENTED_EDGE('',*,*,#6388,.T.);
#9248=ORIENTED_EDGE('',*,*,#5646,.F.);
#9249=ORIENTED_EDGE('',*,*,#6389,.F.);
#9250=ORIENTED_EDGE('',*,*,#5307,.T.);
#9251=ORIENTED_EDGE('',*,*,#6390,.T.);
#9252=ORIENTED_EDGE('',*,*,#5647,.F.);
#9253=ORIENTED_EDGE('',*,*,#6388,.F.);
#9254=ORIENTED_EDGE('',*,*,#5306,.T.);
#9255=ORIENTED_EDGE('',*,*,#6391,.T.);
#9256=ORIENTED_EDGE('',*,*,#5648,.F.);
#9257=ORIENTED_EDGE('',*,*,#6390,.F.);
#9258=ORIENTED_EDGE('',*,*,#5305,.T.);
#9259=ORIENTED_EDGE('',*,*,#6392,.T.);
#9260=ORIENTED_EDGE('',*,*,#5649,.F.);
#9261=ORIENTED_EDGE('',*,*,#6391,.F.);
#9262=ORIENTED_EDGE('',*,*,#5304,.T.);
#9263=ORIENTED_EDGE('',*,*,#6393,.T.);
#9264=ORIENTED_EDGE('',*,*,#5650,.F.);
#9265=ORIENTED_EDGE('',*,*,#6392,.F.);
#9266=ORIENTED_EDGE('',*,*,#5303,.T.);
#9267=ORIENTED_EDGE('',*,*,#6394,.T.);
#9268=ORIENTED_EDGE('',*,*,#5651,.F.);
#9269=ORIENTED_EDGE('',*,*,#6393,.F.);
#9270=ORIENTED_EDGE('',*,*,#5302,.T.);
#9271=ORIENTED_EDGE('',*,*,#6395,.T.);
#9272=ORIENTED_EDGE('',*,*,#5652,.F.);
#9273=ORIENTED_EDGE('',*,*,#6394,.F.);
#9274=ORIENTED_EDGE('',*,*,#5301,.T.);
#9275=ORIENTED_EDGE('',*,*,#6389,.T.);
#9276=ORIENTED_EDGE('',*,*,#5653,.F.);
#9277=ORIENTED_EDGE('',*,*,#6395,.F.);
#9278=ORIENTED_EDGE('',*,*,#5628,.T.);
#9279=ORIENTED_EDGE('',*,*,#6396,.T.);
#9280=ORIENTED_EDGE('',*,*,#5292,.T.);
#9281=ORIENTED_EDGE('',*,*,#6014,.T.);
#9282=ORIENTED_EDGE('',*,*,#6397,.F.);
#9283=ORIENTED_EDGE('',*,*,#5631,.F.);
#9284=ORIENTED_EDGE('',*,*,#6398,.F.);
#9285=ORIENTED_EDGE('',*,*,#5289,.F.);
#9286=ORIENTED_EDGE('',*,*,#5630,.T.);
#9287=ORIENTED_EDGE('',*,*,#6013,.T.);
#9288=ORIENTED_EDGE('',*,*,#5290,.T.);
#9289=ORIENTED_EDGE('',*,*,#6398,.T.);
#9290=ORIENTED_EDGE('',*,*,#5636,.T.);
#9291=ORIENTED_EDGE('',*,*,#6017,.T.);
#9292=ORIENTED_EDGE('',*,*,#5284,.T.);
#9293=ORIENTED_EDGE('',*,*,#6399,.T.);
#9294=ORIENTED_EDGE('',*,*,#6400,.F.);
#9295=ORIENTED_EDGE('',*,*,#5287,.F.);
#9296=ORIENTED_EDGE('',*,*,#6016,.T.);
#9297=ORIENTED_EDGE('',*,*,#5633,.F.);
#9298=ORIENTED_EDGE('',*,*,#5632,.T.);
#9299=ORIENTED_EDGE('',*,*,#6397,.T.);
#9300=ORIENTED_EDGE('',*,*,#5288,.T.);
#9301=ORIENTED_EDGE('',*,*,#6400,.T.);
#9302=ORIENTED_EDGE('',*,*,#6401,.F.);
#9303=ORIENTED_EDGE('',*,*,#5293,.F.);
#9304=ORIENTED_EDGE('',*,*,#6396,.F.);
#9305=ORIENTED_EDGE('',*,*,#5627,.F.);
#9306=ORIENTED_EDGE('',*,*,#5626,.T.);
#9307=ORIENTED_EDGE('',*,*,#6012,.T.);
#9308=ORIENTED_EDGE('',*,*,#5294,.T.);
#9309=ORIENTED_EDGE('',*,*,#6401,.T.);
#9310=ORIENTED_EDGE('',*,*,#6402,.F.);
#9311=ORIENTED_EDGE('',*,*,#5297,.T.);
#9312=ORIENTED_EDGE('',*,*,#6011,.T.);
#9313=ORIENTED_EDGE('',*,*,#5623,.F.);
#9314=ORIENTED_EDGE('',*,*,#5622,.T.);
#9315=ORIENTED_EDGE('',*,*,#6403,.T.);
#9316=ORIENTED_EDGE('',*,*,#5298,.T.);
#9317=ORIENTED_EDGE('',*,*,#6402,.T.);
#9318=ORIENTED_EDGE('',*,*,#5208,.F.);
#9319=ORIENTED_EDGE('',*,*,#5299,.F.);
#9320=ORIENTED_EDGE('',*,*,#6403,.F.);
#9321=ORIENTED_EDGE('',*,*,#5621,.F.);
#9322=ORIENTED_EDGE('',*,*,#6404,.F.);
#9323=ORIENTED_EDGE('',*,*,#5637,.F.);
#9324=ORIENTED_EDGE('',*,*,#6399,.F.);
#9325=ORIENTED_EDGE('',*,*,#5283,.F.);
#9326=ORIENTED_EDGE('',*,*,#5282,.T.);
#9327=ORIENTED_EDGE('',*,*,#6405,.T.);
#9328=ORIENTED_EDGE('',*,*,#5638,.T.);
#9329=ORIENTED_EDGE('',*,*,#6404,.T.);
#9330=ORIENTED_EDGE('',*,*,#5276,.T.);
#9331=ORIENTED_EDGE('',*,*,#6406,.T.);
#9332=ORIENTED_EDGE('',*,*,#5644,.T.);
#9333=ORIENTED_EDGE('',*,*,#6407,.F.);
#9334=ORIENTED_EDGE('',*,*,#5277,.T.);
#9335=ORIENTED_EDGE('',*,*,#6407,.T.);
#9336=ORIENTED_EDGE('',*,*,#5643,.T.);
#9337=ORIENTED_EDGE('',*,*,#6408,.F.);
#9338=ORIENTED_EDGE('',*,*,#5278,.T.);
#9339=ORIENTED_EDGE('',*,*,#6408,.T.);
#9340=ORIENTED_EDGE('',*,*,#5642,.T.);
#9341=ORIENTED_EDGE('',*,*,#6409,.F.);
#9342=ORIENTED_EDGE('',*,*,#5279,.T.);
#9343=ORIENTED_EDGE('',*,*,#6409,.T.);
#9344=ORIENTED_EDGE('',*,*,#5641,.T.);
#9345=ORIENTED_EDGE('',*,*,#6410,.F.);
#9346=ORIENTED_EDGE('',*,*,#5280,.T.);
#9347=ORIENTED_EDGE('',*,*,#6410,.T.);
#9348=ORIENTED_EDGE('',*,*,#5640,.T.);
#9349=ORIENTED_EDGE('',*,*,#6411,.F.);
#9350=ORIENTED_EDGE('',*,*,#5281,.T.);
#9351=ORIENTED_EDGE('',*,*,#6411,.T.);
#9352=ORIENTED_EDGE('',*,*,#5639,.T.);
#9353=ORIENTED_EDGE('',*,*,#6405,.F.);
#9354=ORIENTED_EDGE('',*,*,#5275,.T.);
#9355=ORIENTED_EDGE('',*,*,#5212,.T.);
#9356=ORIENTED_EDGE('',*,*,#5645,.T.);
#9357=ORIENTED_EDGE('',*,*,#6406,.F.);
#9358=CYLINDRICAL_SURFACE('',#10086,1.40000000000001);
#9359=CYLINDRICAL_SURFACE('',#10164,0.500000000000007);
#9360=CYLINDRICAL_SURFACE('',#10167,0.500000000000007);
#9361=CYLINDRICAL_SURFACE('',#10170,0.500000000000007);
#9362=CYLINDRICAL_SURFACE('',#10174,0.499999999999998);
#9363=CYLINDRICAL_SURFACE('',#10178,0.500000000000007);
#9364=CYLINDRICAL_SURFACE('',#10181,0.500000000000007);
#9365=CYLINDRICAL_SURFACE('',#10186,0.499999999999998);
#9366=CYLINDRICAL_SURFACE('',#10189,0.500000000000007);
#9367=CYLINDRICAL_SURFACE('',#10194,0.500000000000007);
#9368=CYLINDRICAL_SURFACE('',#10197,0.499999999999972);
#9369=CYLINDRICAL_SURFACE('',#10201,0.500000000000007);
#9370=CYLINDRICAL_SURFACE('',#10204,0.499999999999989);
#9371=CYLINDRICAL_SURFACE('',#10207,0.499999999999972);
#9372=CYLINDRICAL_SURFACE('',#10210,0.500000000000007);
#9373=CYLINDRICAL_SURFACE('',#10213,0.500000000000007);
#9374=CYLINDRICAL_SURFACE('',#10216,0.499999999999972);
#9375=CYLINDRICAL_SURFACE('',#10222,0.500000000000007);
#9376=CYLINDRICAL_SURFACE('',#10225,0.500000000000007);
#9377=CYLINDRICAL_SURFACE('',#10228,0.500000000000007);
#9378=CYLINDRICAL_SURFACE('',#10232,0.500000000000003);
#9379=CYLINDRICAL_SURFACE('',#10236,0.500000000000003);
#9380=CYLINDRICAL_SURFACE('',#10239,0.500000000000007);
#9381=CYLINDRICAL_SURFACE('',#10244,0.499999999999998);
#9382=CYLINDRICAL_SURFACE('',#10247,0.500000000000007);
#9383=CYLINDRICAL_SURFACE('',#10252,0.500000000000003);
#9384=CYLINDRICAL_SURFACE('',#10255,0.499999999999972);
#9385=CYLINDRICAL_SURFACE('',#10259,0.500000000000007);
#9386=CYLINDRICAL_SURFACE('',#10618,0.499999999999998);
#9387=CYLINDRICAL_SURFACE('',#10620,0.500000000000007);
#9388=CYLINDRICAL_SURFACE('',#10622,0.499999999999998);
#9389=CYLINDRICAL_SURFACE('',#10624,0.500000000000007);
#9390=CYLINDRICAL_SURFACE('',#10626,0.499999999999989);
#9391=CYLINDRICAL_SURFACE('',#10628,0.500000000000007);
#9392=CYLINDRICAL_SURFACE('',#10630,0.500000000000007);
#9393=CYLINDRICAL_SURFACE('',#10632,0.499999999999972);
#9394=CYLINDRICAL_SURFACE('',#10634,0.499999999999998);
#9395=CYLINDRICAL_SURFACE('',#10636,0.500000000000007);
#9396=CYLINDRICAL_SURFACE('',#10638,0.499999999999998);
#9397=CYLINDRICAL_SURFACE('',#10640,0.499999999999972);
#9398=CYLINDRICAL_SURFACE('',#10642,0.499999999999998);
#9399=CYLINDRICAL_SURFACE('',#10644,0.500000000000007);
#9400=CYLINDRICAL_SURFACE('',#10646,0.499999999999998);
#9401=CYLINDRICAL_SURFACE('',#10648,0.500000000000007);
#9402=CYLINDRICAL_SURFACE('',#10650,0.5);
#9403=CYLINDRICAL_SURFACE('',#10652,0.500000000000007);
#9404=CYLINDRICAL_SURFACE('',#10654,0.499999999999998);
#9405=CYLINDRICAL_SURFACE('',#10656,0.500000000000007);
#9406=CYLINDRICAL_SURFACE('',#10658,0.499999999999998);
#9407=CYLINDRICAL_SURFACE('',#10660,0.499999999999972);
#9408=CYLINDRICAL_SURFACE('',#10662,0.499999999999998);
#9409=CYLINDRICAL_SURFACE('',#10664,0.500000000000007);
#9410=CYLINDRICAL_SURFACE('',#10667,0.499999999999998);
#9411=CYLINDRICAL_SURFACE('',#10669,0.499999999999998);
#9412=CYLINDRICAL_SURFACE('',#10671,0.500000000000003);
#9413=CYLINDRICAL_SURFACE('',#10673,0.499999999999998);
#9414=CYLINDRICAL_SURFACE('',#10675,0.500000000000007);
#9415=CYLINDRICAL_SURFACE('',#10677,0.500000000000007);
#9416=CYLINDRICAL_SURFACE('',#10680,0.500000000000007);
#9417=CYLINDRICAL_SURFACE('',#10683,0.500000000000003);
#9418=CYLINDRICAL_SURFACE('',#10685,0.500000000000007);
#9419=CYLINDRICAL_SURFACE('',#10688,0.500000000000003);
#9420=CYLINDRICAL_SURFACE('',#10691,0.500000000000003);
#9421=CYLINDRICAL_SURFACE('',#10693,0.499999999999998);
#9422=CYLINDRICAL_SURFACE('',#10695,0.500000000000007);
#9423=CYLINDRICAL_SURFACE('',#10696,0.499999999999998);
#9424=CYLINDRICAL_SURFACE('',#10698,0.500000000000007);
#9425=CYLINDRICAL_SURFACE('',#10700,0.499999999999998);
#9426=CYLINDRICAL_SURFACE('',#10702,0.499999999999972);
#9427=CYLINDRICAL_SURFACE('',#10704,0.499999999999989);
#9428=CYLINDRICAL_SURFACE('',#10706,0.500000000000007);
#9429=CYLINDRICAL_SURFACE('',#10708,0.500000000000007);
#9430=CYLINDRICAL_SURFACE('',#10710,0.500000000000007);
#9431=CYLINDRICAL_SURFACE('',#10712,0.499999999999998);
#9432=CYLINDRICAL_SURFACE('',#10714,0.500000000000007);
#9433=CYLINDRICAL_SURFACE('',#10716,0.499999999999998);
#9434=CYLINDRICAL_SURFACE('',#10718,0.500000000000007);
#9435=CYLINDRICAL_SURFACE('',#10720,0.499999999999998);
#9436=CYLINDRICAL_SURFACE('',#10722,0.500000000000007);
#9437=CYLINDRICAL_SURFACE('',#10724,0.500000000000003);
#9438=CYLINDRICAL_SURFACE('',#10726,0.500000000000007);
#9439=CYLINDRICAL_SURFACE('',#10728,0.499999999999998);
#9440=CYLINDRICAL_SURFACE('',#10730,0.500000000000007);
#9441=CYLINDRICAL_SURFACE('',#10732,0.500000000000003);
#9442=CYLINDRICAL_SURFACE('',#10734,0.500000000000007);
#9443=CYLINDRICAL_SURFACE('',#10736,0.500000000000007);
#9444=CYLINDRICAL_SURFACE('',#10738,0.499999999999972);
#9445=CYLINDRICAL_SURFACE('',#10740,0.500000000000007);
#9446=CYLINDRICAL_SURFACE('',#10742,0.500000000000007);
#9447=CYLINDRICAL_SURFACE('',#10744,0.500000000000007);
#9448=CYLINDRICAL_SURFACE('',#10746,0.500000000000007);
#9449=CYLINDRICAL_SURFACE('',#10748,0.500000000000007);
#9450=CYLINDRICAL_SURFACE('',#10750,0.500000000000007);
#9451=CYLINDRICAL_SURFACE('',#10752,0.500000000000007);
#9452=CYLINDRICAL_SURFACE('',#10754,0.500000000000007);
#9453=CYLINDRICAL_SURFACE('',#10756,0.500000000000007);
#9454=CYLINDRICAL_SURFACE('',#10758,0.499999999999972);
#9455=CYLINDRICAL_SURFACE('',#10760,0.500000000000007);
#9456=CYLINDRICAL_SURFACE('',#10762,0.500000000000007);
#9457=CYLINDRICAL_SURFACE('',#10764,0.500000000000007);
#9458=CYLINDRICAL_SURFACE('',#10766,0.500000000000007);
#9459=CYLINDRICAL_SURFACE('',#10768,0.499999999999998);
#9460=CYLINDRICAL_SURFACE('',#10770,0.499999999999972);
#9461=CYLINDRICAL_SURFACE('',#10772,0.499999999999998);
#9462=CYLINDRICAL_SURFACE('',#10774,0.500000000000007);
#9463=CYLINDRICAL_SURFACE('',#10776,0.5);
#9464=CYLINDRICAL_SURFACE('',#10778,0.500000000000007);
#9465=CYLINDRICAL_SURFACE('',#10780,0.499999999999998);
#9466=CYLINDRICAL_SURFACE('',#10782,0.500000000000007);
#9467=CYLINDRICAL_SURFACE('',#10784,0.5);
#9468=CYLINDRICAL_SURFACE('',#10786,0.500000000000007);
#9469=CYLINDRICAL_SURFACE('',#10788,0.499999999999998);
#9470=CYLINDRICAL_SURFACE('',#10790,0.499999999999972);
#9471=CYLINDRICAL_SURFACE('',#10792,0.5);
#9472=CYLINDRICAL_SURFACE('',#10794,0.500000000000007);
#9473=CYLINDRICAL_SURFACE('',#10796,0.499999999999998);
#9474=CYLINDRICAL_SURFACE('',#10798,0.500000000000007);
#9475=CYLINDRICAL_SURFACE('',#10800,0.5);
#9476=CYLINDRICAL_SURFACE('',#10802,0.499999999999972);
#9477=CYLINDRICAL_SURFACE('',#10804,0.499999999999998);
#9478=CYLINDRICAL_SURFACE('',#10806,0.500000000000007);
#9479=CYLINDRICAL_SURFACE('',#10809,0.499999999999989);
#9480=CYLINDRICAL_SURFACE('',#10811,0.500000000000007);
#9481=CYLINDRICAL_SURFACE('',#10813,0.499999999999989);
#9482=CYLINDRICAL_SURFACE('',#10816,0.500000000000007);
#9483=CYLINDRICAL_SURFACE('',#10818,0.499999999999989);
#9484=CYLINDRICAL_SURFACE('',#10820,0.500000000000007);
#9485=CYLINDRICAL_SURFACE('',#10823,0.500000000000007);
#9486=CYLINDRICAL_SURFACE('',#10825,0.500000000000007);
#9487=CYLINDRICAL_SURFACE('',#10827,0.500000000000007);
#9488=CYLINDRICAL_SURFACE('',#10829,0.500000000000007);
#9489=CYLINDRICAL_SURFACE('',#10831,0.500000000000007);
#9490=CYLINDRICAL_SURFACE('',#10833,0.5);
#9491=CYLINDRICAL_SURFACE('',#10835,0.500000000000007);
#9492=CYLINDRICAL_SURFACE('',#10837,0.499999999999998);
#9493=CYLINDRICAL_SURFACE('',#10839,0.499999999999972);
#9494=CYLINDRICAL_SURFACE('',#10841,0.499999999999989);
#9495=CYLINDRICAL_SURFACE('',#10843,0.499999999999972);
#9496=CYLINDRICAL_SURFACE('',#10845,0.500000000000007);
#9497=CYLINDRICAL_SURFACE('',#10847,0.500000000000007);
#9498=CYLINDRICAL_SURFACE('',#10849,0.499999999999989);
#9499=CYLINDRICAL_SURFACE('',#10851,0.500000000000007);
#9500=CYLINDRICAL_SURFACE('',#10853,0.500000000000007);
#9501=CYLINDRICAL_SURFACE('',#10855,0.499999999999972);
#9502=CYLINDRICAL_SURFACE('',#10857,0.499999999999989);
#9503=CYLINDRICAL_SURFACE('',#10859,0.500000000000007);
#9504=CYLINDRICAL_SURFACE('',#10861,0.500000000000007);
#9505=CYLINDRICAL_SURFACE('',#10863,0.499999999999972);
#9506=CYLINDRICAL_SURFACE('',#10865,0.499999999999989);
#9507=CYLINDRICAL_SURFACE('',#10867,0.500000000000007);
#9508=CYLINDRICAL_SURFACE('',#10869,0.500000000000007);
#9509=CYLINDRICAL_SURFACE('',#10871,0.500000000000007);
#9510=CYLINDRICAL_SURFACE('',#10873,0.499999999999998);
#9511=CYLINDRICAL_SURFACE('',#10875,0.500000000000007);
#9512=CYLINDRICAL_SURFACE('',#10877,0.500000000000003);
#9513=CYLINDRICAL_SURFACE('',#10879,0.500000000000007);
#9514=CYLINDRICAL_SURFACE('',#10881,0.499999999999998);
#9515=CYLINDRICAL_SURFACE('',#10883,0.500000000000007);
#9516=CYLINDRICAL_SURFACE('',#10885,0.499999999999998);
#9517=CYLINDRICAL_SURFACE('',#10887,0.500000000000007);
#9518=CYLINDRICAL_SURFACE('',#10889,0.499999999999998);
#9519=CYLINDRICAL_SURFACE('',#10891,0.499999999999972);
#9520=CYLINDRICAL_SURFACE('',#10893,0.500000000000003);
#9521=CYLINDRICAL_SURFACE('',#10895,0.500000000000007);
#9522=CYLINDRICAL_SURFACE('',#10898,0.500000000000007);
#9523=CYLINDRICAL_SURFACE('',#10900,0.499999999999998);
#9524=CYLINDRICAL_SURFACE('',#10902,0.500000000000007);
#9525=CYLINDRICAL_SURFACE('',#10904,0.499999999999998);
#9526=CYLINDRICAL_SURFACE('',#10906,0.500000000000007);
#9527=CYLINDRICAL_SURFACE('',#10908,0.499999999999972);
#9528=CYLINDRICAL_SURFACE('',#10911,0.499999999999972);
#9529=CYLINDRICAL_SURFACE('',#10914,0.499999999999998);
#9530=CYLINDRICAL_SURFACE('',#10916,0.500000000000007);
#9531=CYLINDRICAL_SURFACE('',#10919,0.499999999999998);
#9532=CYLINDRICAL_SURFACE('',#10922,0.500000000000007);
#9533=CYLINDRICAL_SURFACE('',#10924,0.499999999999998);
#9534=CYLINDRICAL_SURFACE('',#10926,0.500000000000007);
#9535=CYLINDRICAL_SURFACE('',#10927,0.499999999999998);
#9536=CYLINDRICAL_SURFACE('',#10929,0.500000000000007);
#9537=CYLINDRICAL_SURFACE('',#10931,0.500000000000003);
#9538=CYLINDRICAL_SURFACE('',#10933,0.500000000000007);
#9539=CYLINDRICAL_SURFACE('',#10935,0.499999999999989);
#9540=CYLINDRICAL_SURFACE('',#10937,0.500000000000007);
#9541=CYLINDRICAL_SURFACE('',#10939,0.500000000000007);
#9542=CYLINDRICAL_SURFACE('',#10941,0.500000000000007);
#9543=CYLINDRICAL_SURFACE('',#10943,0.499999999999998);
#9544=CYLINDRICAL_SURFACE('',#10945,0.500000000000007);
#9545=CYLINDRICAL_SURFACE('',#10947,0.499999999999998);
#9546=CYLINDRICAL_SURFACE('',#10949,0.499999999999972);
#9547=CYLINDRICAL_SURFACE('',#10951,0.499999999999998);
#9548=CYLINDRICAL_SURFACE('',#10953,0.500000000000007);
#9549=CYLINDRICAL_SURFACE('',#10955,0.500000000000003);
#9550=CYLINDRICAL_SURFACE('',#10957,0.499999999999972);
#9551=CYLINDRICAL_SURFACE('',#10959,0.499999999999998);
#9552=CYLINDRICAL_SURFACE('',#10961,0.499999999999972);
#9553=CYLINDRICAL_SURFACE('',#10963,0.499999999999998);
#9554=CYLINDRICAL_SURFACE('',#10965,0.500000000000007);
#9555=CYLINDRICAL_SURFACE('',#10967,0.519127584823787);
#9556=CYLINDRICAL_SURFACE('',#10969,0.501269943069486);
#9557=CYLINDRICAL_SURFACE('',#10971,0.501232162685752);
#9558=CYLINDRICAL_SURFACE('',#10973,0.514708501454079);
#9559=CYLINDRICAL_SURFACE('',#10975,0.499999999999998);
#9560=CYLINDRICAL_SURFACE('',#10977,0.500000000000007);
#9561=CYLINDRICAL_SURFACE('',#10979,0.499999999999998);
#9562=CYLINDRICAL_SURFACE('',#10981,0.499999999999972);
#9563=CYLINDRICAL_SURFACE('',#10983,0.499999999999998);
#9564=CYLINDRICAL_SURFACE('',#10985,0.500000000000007);
#9565=CYLINDRICAL_SURFACE('',#10987,0.499999999999998);
#9566=CYLINDRICAL_SURFACE('',#10989,0.500000000000007);
#9567=CYLINDRICAL_SURFACE('',#10991,0.499999999999998);
#9568=CYLINDRICAL_SURFACE('',#10993,0.500000000000007);
#9569=CYLINDRICAL_SURFACE('',#10995,0.499999999999998);
#9570=CYLINDRICAL_SURFACE('',#10997,0.500000000000007);
#9571=CYLINDRICAL_SURFACE('',#10999,5.);
#9572=CYLINDRICAL_SURFACE('',#11001,5.);
#9573=CYLINDRICAL_SURFACE('',#11002,5.);
#9574=CYLINDRICAL_SURFACE('',#11004,5.);
#9575=CYLINDRICAL_SURFACE('',#11006,5.);
#9576=CYLINDRICAL_SURFACE('',#11008,5.);
#9577=ADVANCED_FACE('',(#375),#9358,.F.);
#9578=ADVANCED_FACE('',(#376),#99,.F.);
#9579=ADVANCED_FACE('',(#377),#100,.F.);
#9580=ADVANCED_FACE('',(#378),#101,.F.);
#9581=ADVANCED_FACE('',(#379),#102,.F.);
#9582=ADVANCED_FACE('',(#380,#15),#103,.F.);
#9583=ADVANCED_FACE('',(#381),#104,.F.);
#9584=ADVANCED_FACE('',(#382),#105,.F.);
#9585=ADVANCED_FACE('',(#383),#106,.F.);
#9586=ADVANCED_FACE('',(#384),#107,.F.);
#9587=ADVANCED_FACE('',(#385),#108,.F.);
#9588=ADVANCED_FACE('',(#386),#109,.F.);
#9589=ADVANCED_FACE('',(#387),#110,.F.);
#9590=ADVANCED_FACE('',(#388),#111,.F.);
#9591=ADVANCED_FACE('',(#389,#16),#112,.F.);
#9592=ADVANCED_FACE('',(#390),#113,.T.);
#9593=ADVANCED_FACE('',(#391),#9359,.T.);
#9594=ADVANCED_FACE('',(#392),#114,.T.);
#9595=ADVANCED_FACE('',(#393),#9360,.F.);
#9596=ADVANCED_FACE('',(#394),#115,.T.);
#9597=ADVANCED_FACE('',(#395),#9361,.T.);
#9598=ADVANCED_FACE('',(#396),#116,.T.);
#9599=ADVANCED_FACE('',(#397),#117,.T.);
#9600=ADVANCED_FACE('',(#398),#9362,.F.);
#9601=ADVANCED_FACE('',(#399),#118,.T.);
#9602=ADVANCED_FACE('',(#400),#119,.T.);
#9603=ADVANCED_FACE('',(#401),#9363,.F.);
#9604=ADVANCED_FACE('',(#402),#120,.T.);
#9605=ADVANCED_FACE('',(#403),#9364,.F.);
#9606=ADVANCED_FACE('',(#404),#121,.T.);
#9607=ADVANCED_FACE('',(#405),#122,.T.);
#9608=ADVANCED_FACE('',(#406),#123,.T.);
#9609=ADVANCED_FACE('',(#407),#9365,.F.);
#9610=ADVANCED_FACE('',(#408),#124,.T.);
#9611=ADVANCED_FACE('',(#409),#9366,.F.);
#9612=ADVANCED_FACE('',(#410),#125,.T.);
#9613=ADVANCED_FACE('',(#411),#126,.T.);
#9614=ADVANCED_FACE('',(#412),#127,.T.);
#9615=ADVANCED_FACE('',(#413),#9367,.F.);
#9616=ADVANCED_FACE('',(#414),#128,.T.);
#9617=ADVANCED_FACE('',(#415),#9368,.F.);
#9618=ADVANCED_FACE('',(#416),#129,.T.);
#9619=ADVANCED_FACE('',(#417),#130,.T.);
#9620=ADVANCED_FACE('',(#418),#9369,.F.);
#9621=ADVANCED_FACE('',(#419),#131,.T.);
#9622=ADVANCED_FACE('',(#420),#9370,.F.);
#9623=ADVANCED_FACE('',(#421),#132,.T.);
#9624=ADVANCED_FACE('',(#422),#9371,.F.);
#9625=ADVANCED_FACE('',(#423),#133,.T.);
#9626=ADVANCED_FACE('',(#424),#9372,.T.);
#9627=ADVANCED_FACE('',(#425),#134,.T.);
#9628=ADVANCED_FACE('',(#426),#9373,.F.);
#9629=ADVANCED_FACE('',(#427),#135,.T.);
#9630=ADVANCED_FACE('',(#428),#9374,.T.);
#9631=ADVANCED_FACE('',(#429),#136,.T.);
#9632=ADVANCED_FACE('',(#430),#137,.T.);
#9633=ADVANCED_FACE('',(#431),#138,.T.);
#9634=ADVANCED_FACE('',(#432),#139,.T.);
#9635=ADVANCED_FACE('',(#433),#9375,.T.);
#9636=ADVANCED_FACE('',(#434),#140,.T.);
#9637=ADVANCED_FACE('',(#435),#9376,.F.);
#9638=ADVANCED_FACE('',(#436),#141,.T.);
#9639=ADVANCED_FACE('',(#437),#9377,.T.);
#9640=ADVANCED_FACE('',(#438),#142,.T.);
#9641=ADVANCED_FACE('',(#439),#143,.T.);
#9642=ADVANCED_FACE('',(#440),#9378,.F.);
#9643=ADVANCED_FACE('',(#441),#144,.T.);
#9644=ADVANCED_FACE('',(#442),#145,.T.);
#9645=ADVANCED_FACE('',(#443),#9379,.F.);
#9646=ADVANCED_FACE('',(#444),#146,.T.);
#9647=ADVANCED_FACE('',(#445),#9380,.F.);
#9648=ADVANCED_FACE('',(#446),#147,.T.);
#9649=ADVANCED_FACE('',(#447),#148,.T.);
#9650=ADVANCED_FACE('',(#448),#149,.T.);
#9651=ADVANCED_FACE('',(#449),#9381,.F.);
#9652=ADVANCED_FACE('',(#450),#150,.T.);
#9653=ADVANCED_FACE('',(#451),#9382,.F.);
#9654=ADVANCED_FACE('',(#452),#151,.T.);
#9655=ADVANCED_FACE('',(#453),#152,.T.);
#9656=ADVANCED_FACE('',(#454),#153,.T.);
#9657=ADVANCED_FACE('',(#455),#9383,.F.);
#9658=ADVANCED_FACE('',(#456),#154,.T.);
#9659=ADVANCED_FACE('',(#457),#9384,.F.);
#9660=ADVANCED_FACE('',(#458),#155,.T.);
#9661=ADVANCED_FACE('',(#459),#156,.T.);
#9662=ADVANCED_FACE('',(#460),#9385,.F.);
#9663=ADVANCED_FACE('',(#461),#157,.T.);
#9664=ADVANCED_FACE('',(#462,#17,#18,#19,#20,#21,#22,#23,#24,#25,#26,#27,
#28,#29,#30,#31,#32,#33,#34,#35,#36,#37,#38,#39,#40,#41,#42,#43,#44,#45,
#46,#47,#48,#49,#50,#51,#52,#53,#54,#55,#56,#57),#158,.F.);
#9665=ADVANCED_FACE('',(#463,#58,#59,#60,#61,#62,#63,#64,#65,#66,#67,#68,
#69,#70,#71,#72,#73,#74,#75,#76,#77,#78,#79,#80,#81,#82,#83,#84,#85,#86,
#87,#88,#89,#90,#91,#92,#93,#94,#95,#96,#97,#98),#159,.T.);
#9666=ADVANCED_FACE('',(#464),#160,.T.);
#9667=ADVANCED_FACE('',(#465),#161,.T.);
#9668=ADVANCED_FACE('',(#466),#162,.T.);
#9669=ADVANCED_FACE('',(#467),#163,.T.);
#9670=ADVANCED_FACE('',(#468),#164,.T.);
#9671=ADVANCED_FACE('',(#469),#9386,.F.);
#9672=ADVANCED_FACE('',(#470),#165,.T.);
#9673=ADVANCED_FACE('',(#471),#9387,.F.);
#9674=ADVANCED_FACE('',(#472),#166,.T.);
#9675=ADVANCED_FACE('',(#473),#9388,.F.);
#9676=ADVANCED_FACE('',(#474),#167,.T.);
#9677=ADVANCED_FACE('',(#475),#9389,.F.);
#9678=ADVANCED_FACE('',(#476),#168,.T.);
#9679=ADVANCED_FACE('',(#477),#9390,.F.);
#9680=ADVANCED_FACE('',(#478),#169,.T.);
#9681=ADVANCED_FACE('',(#479),#9391,.F.);
#9682=ADVANCED_FACE('',(#480),#170,.T.);
#9683=ADVANCED_FACE('',(#481),#9392,.F.);
#9684=ADVANCED_FACE('',(#482),#171,.T.);
#9685=ADVANCED_FACE('',(#483),#9393,.F.);
#9686=ADVANCED_FACE('',(#484),#172,.T.);
#9687=ADVANCED_FACE('',(#485),#9394,.F.);
#9688=ADVANCED_FACE('',(#486),#173,.T.);
#9689=ADVANCED_FACE('',(#487),#9395,.F.);
#9690=ADVANCED_FACE('',(#488),#174,.T.);
#9691=ADVANCED_FACE('',(#489),#9396,.F.);
#9692=ADVANCED_FACE('',(#490),#175,.T.);
#9693=ADVANCED_FACE('',(#491),#9397,.F.);
#9694=ADVANCED_FACE('',(#492),#176,.T.);
#9695=ADVANCED_FACE('',(#493),#9398,.F.);
#9696=ADVANCED_FACE('',(#494),#177,.T.);
#9697=ADVANCED_FACE('',(#495),#9399,.F.);
#9698=ADVANCED_FACE('',(#496),#178,.T.);
#9699=ADVANCED_FACE('',(#497),#9400,.F.);
#9700=ADVANCED_FACE('',(#498),#179,.T.);
#9701=ADVANCED_FACE('',(#499),#9401,.F.);
#9702=ADVANCED_FACE('',(#500),#180,.T.);
#9703=ADVANCED_FACE('',(#501),#9402,.F.);
#9704=ADVANCED_FACE('',(#502),#181,.T.);
#9705=ADVANCED_FACE('',(#503),#9403,.F.);
#9706=ADVANCED_FACE('',(#504),#182,.T.);
#9707=ADVANCED_FACE('',(#505),#9404,.F.);
#9708=ADVANCED_FACE('',(#506),#183,.T.);
#9709=ADVANCED_FACE('',(#507),#9405,.F.);
#9710=ADVANCED_FACE('',(#508),#184,.T.);
#9711=ADVANCED_FACE('',(#509),#9406,.F.);
#9712=ADVANCED_FACE('',(#510),#185,.T.);
#9713=ADVANCED_FACE('',(#511),#9407,.F.);
#9714=ADVANCED_FACE('',(#512),#186,.T.);
#9715=ADVANCED_FACE('',(#513),#9408,.F.);
#9716=ADVANCED_FACE('',(#514),#187,.T.);
#9717=ADVANCED_FACE('',(#515),#9409,.F.);
#9718=ADVANCED_FACE('',(#516),#188,.T.);
#9719=ADVANCED_FACE('',(#517),#189,.T.);
#9720=ADVANCED_FACE('',(#518),#9410,.T.);
#9721=ADVANCED_FACE('',(#519),#190,.T.);
#9722=ADVANCED_FACE('',(#520),#9411,.F.);
#9723=ADVANCED_FACE('',(#521),#191,.T.);
#9724=ADVANCED_FACE('',(#522),#9412,.T.);
#9725=ADVANCED_FACE('',(#523),#192,.T.);
#9726=ADVANCED_FACE('',(#524),#9413,.F.);
#9727=ADVANCED_FACE('',(#525),#193,.T.);
#9728=ADVANCED_FACE('',(#526),#9414,.F.);
#9729=ADVANCED_FACE('',(#527),#194,.T.);
#9730=ADVANCED_FACE('',(#528),#9415,.T.);
#9731=ADVANCED_FACE('',(#529),#195,.T.);
#9732=ADVANCED_FACE('',(#530),#196,.T.);
#9733=ADVANCED_FACE('',(#531),#9416,.T.);
#9734=ADVANCED_FACE('',(#532),#197,.T.);
#9735=ADVANCED_FACE('',(#533),#198,.T.);
#9736=ADVANCED_FACE('',(#534),#9417,.F.);
#9737=ADVANCED_FACE('',(#535),#199,.T.);
#9738=ADVANCED_FACE('',(#536),#9418,.F.);
#9739=ADVANCED_FACE('',(#537),#200,.T.);
#9740=ADVANCED_FACE('',(#538),#201,.T.);
#9741=ADVANCED_FACE('',(#539),#9419,.T.);
#9742=ADVANCED_FACE('',(#540),#202,.T.);
#9743=ADVANCED_FACE('',(#541),#203,.T.);
#9744=ADVANCED_FACE('',(#542),#9420,.T.);
#9745=ADVANCED_FACE('',(#543),#204,.T.);
#9746=ADVANCED_FACE('',(#544),#9421,.F.);
#9747=ADVANCED_FACE('',(#545),#205,.T.);
#9748=ADVANCED_FACE('',(#546),#9422,.F.);
#9749=ADVANCED_FACE('',(#547),#9423,.F.);
#9750=ADVANCED_FACE('',(#548),#206,.T.);
#9751=ADVANCED_FACE('',(#549),#9424,.F.);
#9752=ADVANCED_FACE('',(#550),#207,.T.);
#9753=ADVANCED_FACE('',(#551),#9425,.F.);
#9754=ADVANCED_FACE('',(#552),#208,.T.);
#9755=ADVANCED_FACE('',(#553),#9426,.F.);
#9756=ADVANCED_FACE('',(#554),#209,.T.);
#9757=ADVANCED_FACE('',(#555),#9427,.F.);
#9758=ADVANCED_FACE('',(#556),#210,.T.);
#9759=ADVANCED_FACE('',(#557),#9428,.F.);
#9760=ADVANCED_FACE('',(#558),#211,.T.);
#9761=ADVANCED_FACE('',(#559),#9429,.F.);
#9762=ADVANCED_FACE('',(#560),#212,.T.);
#9763=ADVANCED_FACE('',(#561),#9430,.F.);
#9764=ADVANCED_FACE('',(#562),#213,.T.);
#9765=ADVANCED_FACE('',(#563),#9431,.F.);
#9766=ADVANCED_FACE('',(#564),#214,.T.);
#9767=ADVANCED_FACE('',(#565),#9432,.F.);
#9768=ADVANCED_FACE('',(#566),#215,.T.);
#9769=ADVANCED_FACE('',(#567),#9433,.F.);
#9770=ADVANCED_FACE('',(#568),#216,.T.);
#9771=ADVANCED_FACE('',(#569),#9434,.F.);
#9772=ADVANCED_FACE('',(#570),#217,.T.);
#9773=ADVANCED_FACE('',(#571),#9435,.F.);
#9774=ADVANCED_FACE('',(#572),#218,.T.);
#9775=ADVANCED_FACE('',(#573),#9436,.F.);
#9776=ADVANCED_FACE('',(#574),#219,.T.);
#9777=ADVANCED_FACE('',(#575),#9437,.F.);
#9778=ADVANCED_FACE('',(#576),#220,.T.);
#9779=ADVANCED_FACE('',(#577),#9438,.F.);
#9780=ADVANCED_FACE('',(#578),#221,.T.);
#9781=ADVANCED_FACE('',(#579),#9439,.F.);
#9782=ADVANCED_FACE('',(#580),#222,.T.);
#9783=ADVANCED_FACE('',(#581),#9440,.F.);
#9784=ADVANCED_FACE('',(#582),#223,.T.);
#9785=ADVANCED_FACE('',(#583),#9441,.F.);
#9786=ADVANCED_FACE('',(#584),#224,.T.);
#9787=ADVANCED_FACE('',(#585),#9442,.F.);
#9788=ADVANCED_FACE('',(#586),#225,.T.);
#9789=ADVANCED_FACE('',(#587),#9443,.F.);
#9790=ADVANCED_FACE('',(#588),#226,.T.);
#9791=ADVANCED_FACE('',(#589),#9444,.F.);
#9792=ADVANCED_FACE('',(#590),#227,.T.);
#9793=ADVANCED_FACE('',(#591),#9445,.F.);
#9794=ADVANCED_FACE('',(#592),#228,.T.);
#9795=ADVANCED_FACE('',(#593),#9446,.F.);
#9796=ADVANCED_FACE('',(#594),#229,.T.);
#9797=ADVANCED_FACE('',(#595),#9447,.F.);
#9798=ADVANCED_FACE('',(#596),#230,.T.);
#9799=ADVANCED_FACE('',(#597),#9448,.F.);
#9800=ADVANCED_FACE('',(#598),#231,.T.);
#9801=ADVANCED_FACE('',(#599),#9449,.F.);
#9802=ADVANCED_FACE('',(#600),#232,.T.);
#9803=ADVANCED_FACE('',(#601),#9450,.F.);
#9804=ADVANCED_FACE('',(#602),#233,.T.);
#9805=ADVANCED_FACE('',(#603),#9451,.F.);
#9806=ADVANCED_FACE('',(#604),#234,.T.);
#9807=ADVANCED_FACE('',(#605),#9452,.F.);
#9808=ADVANCED_FACE('',(#606),#235,.T.);
#9809=ADVANCED_FACE('',(#607),#9453,.F.);
#9810=ADVANCED_FACE('',(#608),#236,.T.);
#9811=ADVANCED_FACE('',(#609),#9454,.F.);
#9812=ADVANCED_FACE('',(#610),#237,.T.);
#9813=ADVANCED_FACE('',(#611),#9455,.F.);
#9814=ADVANCED_FACE('',(#612),#238,.T.);
#9815=ADVANCED_FACE('',(#613),#9456,.F.);
#9816=ADVANCED_FACE('',(#614),#239,.T.);
#9817=ADVANCED_FACE('',(#615),#9457,.F.);
#9818=ADVANCED_FACE('',(#616),#240,.T.);
#9819=ADVANCED_FACE('',(#617),#9458,.F.);
#9820=ADVANCED_FACE('',(#618),#241,.T.);
#9821=ADVANCED_FACE('',(#619),#9459,.F.);
#9822=ADVANCED_FACE('',(#620),#242,.T.);
#9823=ADVANCED_FACE('',(#621),#9460,.F.);
#9824=ADVANCED_FACE('',(#622),#243,.T.);
#9825=ADVANCED_FACE('',(#623),#9461,.F.);
#9826=ADVANCED_FACE('',(#624),#244,.T.);
#9827=ADVANCED_FACE('',(#625),#9462,.F.);
#9828=ADVANCED_FACE('',(#626),#245,.T.);
#9829=ADVANCED_FACE('',(#627),#9463,.F.);
#9830=ADVANCED_FACE('',(#628),#246,.T.);
#9831=ADVANCED_FACE('',(#629),#9464,.F.);
#9832=ADVANCED_FACE('',(#630),#247,.T.);
#9833=ADVANCED_FACE('',(#631),#9465,.F.);
#9834=ADVANCED_FACE('',(#632),#248,.T.);
#9835=ADVANCED_FACE('',(#633),#9466,.F.);
#9836=ADVANCED_FACE('',(#634),#249,.T.);
#9837=ADVANCED_FACE('',(#635),#9467,.F.);
#9838=ADVANCED_FACE('',(#636),#250,.T.);
#9839=ADVANCED_FACE('',(#637),#9468,.F.);
#9840=ADVANCED_FACE('',(#638),#251,.T.);
#9841=ADVANCED_FACE('',(#639),#9469,.F.);
#9842=ADVANCED_FACE('',(#640),#252,.T.);
#9843=ADVANCED_FACE('',(#641),#9470,.F.);
#9844=ADVANCED_FACE('',(#642),#253,.T.);
#9845=ADVANCED_FACE('',(#643),#9471,.F.);
#9846=ADVANCED_FACE('',(#644),#254,.T.);
#9847=ADVANCED_FACE('',(#645),#9472,.F.);
#9848=ADVANCED_FACE('',(#646),#255,.T.);
#9849=ADVANCED_FACE('',(#647),#9473,.F.);
#9850=ADVANCED_FACE('',(#648),#256,.T.);
#9851=ADVANCED_FACE('',(#649),#9474,.F.);
#9852=ADVANCED_FACE('',(#650),#257,.T.);
#9853=ADVANCED_FACE('',(#651),#9475,.F.);
#9854=ADVANCED_FACE('',(#652),#258,.T.);
#9855=ADVANCED_FACE('',(#653),#9476,.F.);
#9856=ADVANCED_FACE('',(#654),#259,.T.);
#9857=ADVANCED_FACE('',(#655),#9477,.F.);
#9858=ADVANCED_FACE('',(#656),#260,.T.);
#9859=ADVANCED_FACE('',(#657),#9478,.F.);
#9860=ADVANCED_FACE('',(#658),#261,.T.);
#9861=ADVANCED_FACE('',(#659),#262,.T.);
#9862=ADVANCED_FACE('',(#660),#9479,.T.);
#9863=ADVANCED_FACE('',(#661),#263,.T.);
#9864=ADVANCED_FACE('',(#662),#9480,.F.);
#9865=ADVANCED_FACE('',(#663),#264,.T.);
#9866=ADVANCED_FACE('',(#664),#9481,.T.);
#9867=ADVANCED_FACE('',(#665),#265,.T.);
#9868=ADVANCED_FACE('',(#666),#266,.T.);
#9869=ADVANCED_FACE('',(#667),#9482,.T.);
#9870=ADVANCED_FACE('',(#668),#267,.T.);
#9871=ADVANCED_FACE('',(#669),#9483,.F.);
#9872=ADVANCED_FACE('',(#670),#268,.T.);
#9873=ADVANCED_FACE('',(#671),#9484,.F.);
#9874=ADVANCED_FACE('',(#672),#269,.T.);
#9875=ADVANCED_FACE('',(#673),#270,.T.);
#9876=ADVANCED_FACE('',(#674),#9485,.F.);
#9877=ADVANCED_FACE('',(#675),#271,.T.);
#9878=ADVANCED_FACE('',(#676),#9486,.F.);
#9879=ADVANCED_FACE('',(#677),#272,.T.);
#9880=ADVANCED_FACE('',(#678),#9487,.F.);
#9881=ADVANCED_FACE('',(#679),#273,.T.);
#9882=ADVANCED_FACE('',(#680),#9488,.F.);
#9883=ADVANCED_FACE('',(#681),#274,.T.);
#9884=ADVANCED_FACE('',(#682),#9489,.F.);
#9885=ADVANCED_FACE('',(#683),#275,.T.);
#9886=ADVANCED_FACE('',(#684),#9490,.F.);
#9887=ADVANCED_FACE('',(#685),#276,.T.);
#9888=ADVANCED_FACE('',(#686),#9491,.F.);
#9889=ADVANCED_FACE('',(#687),#277,.T.);
#9890=ADVANCED_FACE('',(#688),#9492,.F.);
#9891=ADVANCED_FACE('',(#689),#278,.T.);
#9892=ADVANCED_FACE('',(#690),#9493,.F.);
#9893=ADVANCED_FACE('',(#691),#279,.T.);
#9894=ADVANCED_FACE('',(#692),#9494,.F.);
#9895=ADVANCED_FACE('',(#693),#280,.T.);
#9896=ADVANCED_FACE('',(#694),#9495,.F.);
#9897=ADVANCED_FACE('',(#695),#281,.T.);
#9898=ADVANCED_FACE('',(#696),#9496,.F.);
#9899=ADVANCED_FACE('',(#697),#282,.T.);
#9900=ADVANCED_FACE('',(#698),#9497,.F.);
#9901=ADVANCED_FACE('',(#699),#283,.T.);
#9902=ADVANCED_FACE('',(#700),#9498,.F.);
#9903=ADVANCED_FACE('',(#701),#284,.T.);
#9904=ADVANCED_FACE('',(#702),#9499,.F.);
#9905=ADVANCED_FACE('',(#703),#285,.T.);
#9906=ADVANCED_FACE('',(#704),#9500,.F.);
#9907=ADVANCED_FACE('',(#705),#286,.T.);
#9908=ADVANCED_FACE('',(#706),#9501,.F.);
#9909=ADVANCED_FACE('',(#707),#287,.T.);
#9910=ADVANCED_FACE('',(#708),#9502,.F.);
#9911=ADVANCED_FACE('',(#709),#288,.T.);
#9912=ADVANCED_FACE('',(#710),#9503,.F.);
#9913=ADVANCED_FACE('',(#711),#289,.T.);
#9914=ADVANCED_FACE('',(#712),#9504,.F.);
#9915=ADVANCED_FACE('',(#713),#290,.T.);
#9916=ADVANCED_FACE('',(#714),#9505,.F.);
#9917=ADVANCED_FACE('',(#715),#291,.T.);
#9918=ADVANCED_FACE('',(#716),#9506,.F.);
#9919=ADVANCED_FACE('',(#717),#292,.T.);
#9920=ADVANCED_FACE('',(#718),#9507,.F.);
#9921=ADVANCED_FACE('',(#719),#293,.T.);
#9922=ADVANCED_FACE('',(#720),#9508,.F.);
#9923=ADVANCED_FACE('',(#721),#294,.T.);
#9924=ADVANCED_FACE('',(#722),#9509,.F.);
#9925=ADVANCED_FACE('',(#723),#295,.T.);
#9926=ADVANCED_FACE('',(#724),#9510,.F.);
#9927=ADVANCED_FACE('',(#725),#296,.T.);
#9928=ADVANCED_FACE('',(#726),#9511,.F.);
#9929=ADVANCED_FACE('',(#727),#297,.T.);
#9930=ADVANCED_FACE('',(#728),#9512,.F.);
#9931=ADVANCED_FACE('',(#729),#298,.T.);
#9932=ADVANCED_FACE('',(#730),#9513,.F.);
#9933=ADVANCED_FACE('',(#731),#299,.T.);
#9934=ADVANCED_FACE('',(#732),#9514,.F.);
#9935=ADVANCED_FACE('',(#733),#300,.T.);
#9936=ADVANCED_FACE('',(#734),#9515,.F.);
#9937=ADVANCED_FACE('',(#735),#301,.T.);
#9938=ADVANCED_FACE('',(#736),#9516,.F.);
#9939=ADVANCED_FACE('',(#737),#302,.T.);
#9940=ADVANCED_FACE('',(#738),#9517,.F.);
#9941=ADVANCED_FACE('',(#739),#303,.T.);
#9942=ADVANCED_FACE('',(#740),#9518,.F.);
#9943=ADVANCED_FACE('',(#741),#304,.T.);
#9944=ADVANCED_FACE('',(#742),#9519,.F.);
#9945=ADVANCED_FACE('',(#743),#305,.T.);
#9946=ADVANCED_FACE('',(#744),#9520,.F.);
#9947=ADVANCED_FACE('',(#745),#306,.T.);
#9948=ADVANCED_FACE('',(#746),#9521,.F.);
#9949=ADVANCED_FACE('',(#747),#307,.T.);
#9950=ADVANCED_FACE('',(#748),#308,.T.);
#9951=ADVANCED_FACE('',(#749),#9522,.T.);
#9952=ADVANCED_FACE('',(#750),#309,.T.);
#9953=ADVANCED_FACE('',(#751),#9523,.F.);
#9954=ADVANCED_FACE('',(#752),#310,.T.);
#9955=ADVANCED_FACE('',(#753),#9524,.T.);
#9956=ADVANCED_FACE('',(#754),#311,.T.);
#9957=ADVANCED_FACE('',(#755),#9525,.F.);
#9958=ADVANCED_FACE('',(#756),#312,.T.);
#9959=ADVANCED_FACE('',(#757),#9526,.F.);
#9960=ADVANCED_FACE('',(#758),#313,.T.);
#9961=ADVANCED_FACE('',(#759),#9527,.T.);
#9962=ADVANCED_FACE('',(#760),#314,.T.);
#9963=ADVANCED_FACE('',(#761),#315,.T.);
#9964=ADVANCED_FACE('',(#762),#9528,.T.);
#9965=ADVANCED_FACE('',(#763),#316,.T.);
#9966=ADVANCED_FACE('',(#764),#317,.T.);
#9967=ADVANCED_FACE('',(#765),#9529,.F.);
#9968=ADVANCED_FACE('',(#766),#318,.T.);
#9969=ADVANCED_FACE('',(#767),#9530,.F.);
#9970=ADVANCED_FACE('',(#768),#319,.T.);
#9971=ADVANCED_FACE('',(#769),#320,.T.);
#9972=ADVANCED_FACE('',(#770),#9531,.T.);
#9973=ADVANCED_FACE('',(#771),#321,.T.);
#9974=ADVANCED_FACE('',(#772),#322,.T.);
#9975=ADVANCED_FACE('',(#773),#9532,.T.);
#9976=ADVANCED_FACE('',(#774),#323,.T.);
#9977=ADVANCED_FACE('',(#775),#9533,.F.);
#9978=ADVANCED_FACE('',(#776),#324,.T.);
#9979=ADVANCED_FACE('',(#777),#9534,.F.);
#9980=ADVANCED_FACE('',(#778),#9535,.F.);
#9981=ADVANCED_FACE('',(#779),#325,.T.);
#9982=ADVANCED_FACE('',(#780),#9536,.F.);
#9983=ADVANCED_FACE('',(#781),#326,.T.);
#9984=ADVANCED_FACE('',(#782),#9537,.F.);
#9985=ADVANCED_FACE('',(#783),#327,.T.);
#9986=ADVANCED_FACE('',(#784),#9538,.F.);
#9987=ADVANCED_FACE('',(#785),#328,.T.);
#9988=ADVANCED_FACE('',(#786),#9539,.F.);
#9989=ADVANCED_FACE('',(#787),#329,.T.);
#9990=ADVANCED_FACE('',(#788),#9540,.F.);
#9991=ADVANCED_FACE('',(#789),#330,.T.);
#9992=ADVANCED_FACE('',(#790),#9541,.F.);
#9993=ADVANCED_FACE('',(#791),#331,.T.);
#9994=ADVANCED_FACE('',(#792),#9542,.F.);
#9995=ADVANCED_FACE('',(#793),#332,.T.);
#9996=ADVANCED_FACE('',(#794),#9543,.F.);
#9997=ADVANCED_FACE('',(#795),#333,.T.);
#9998=ADVANCED_FACE('',(#796),#9544,.F.);
#9999=ADVANCED_FACE('',(#797),#334,.T.);
#10000=ADVANCED_FACE('',(#798),#9545,.F.);
#10001=ADVANCED_FACE('',(#799),#335,.T.);
#10002=ADVANCED_FACE('',(#800),#9546,.F.);
#10003=ADVANCED_FACE('',(#801),#336,.T.);
#10004=ADVANCED_FACE('',(#802),#9547,.F.);
#10005=ADVANCED_FACE('',(#803),#337,.T.);
#10006=ADVANCED_FACE('',(#804),#9548,.F.);
#10007=ADVANCED_FACE('',(#805),#338,.T.);
#10008=ADVANCED_FACE('',(#806),#9549,.F.);
#10009=ADVANCED_FACE('',(#807),#339,.T.);
#10010=ADVANCED_FACE('',(#808),#9550,.F.);
#10011=ADVANCED_FACE('',(#809),#340,.T.);
#10012=ADVANCED_FACE('',(#810),#9551,.F.);
#10013=ADVANCED_FACE('',(#811),#341,.T.);
#10014=ADVANCED_FACE('',(#812),#9552,.F.);
#10015=ADVANCED_FACE('',(#813),#342,.T.);
#10016=ADVANCED_FACE('',(#814),#9553,.F.);
#10017=ADVANCED_FACE('',(#815),#343,.T.);
#10018=ADVANCED_FACE('',(#816),#9554,.F.);
#10019=ADVANCED_FACE('',(#817),#344,.T.);
#10020=ADVANCED_FACE('',(#818),#9555,.F.);
#10021=ADVANCED_FACE('',(#819),#345,.T.);
#10022=ADVANCED_FACE('',(#820),#9556,.F.);
#10023=ADVANCED_FACE('',(#821),#346,.T.);
#10024=ADVANCED_FACE('',(#822),#9557,.F.);
#10025=ADVANCED_FACE('',(#823),#347,.T.);
#10026=ADVANCED_FACE('',(#824),#9558,.F.);
#10027=ADVANCED_FACE('',(#825),#348,.T.);
#10028=ADVANCED_FACE('',(#826),#9559,.F.);
#10029=ADVANCED_FACE('',(#827),#349,.T.);
#10030=ADVANCED_FACE('',(#828),#9560,.F.);
#10031=ADVANCED_FACE('',(#829),#350,.T.);
#10032=ADVANCED_FACE('',(#830),#9561,.F.);
#10033=ADVANCED_FACE('',(#831),#351,.T.);
#10034=ADVANCED_FACE('',(#832),#9562,.F.);
#10035=ADVANCED_FACE('',(#833),#352,.T.);
#10036=ADVANCED_FACE('',(#834),#9563,.F.);
#10037=ADVANCED_FACE('',(#835),#353,.T.);
#10038=ADVANCED_FACE('',(#836),#9564,.F.);
#10039=ADVANCED_FACE('',(#837),#354,.T.);
#10040=ADVANCED_FACE('',(#838),#9565,.F.);
#10041=ADVANCED_FACE('',(#839),#355,.T.);
#10042=ADVANCED_FACE('',(#840),#9566,.F.);
#10043=ADVANCED_FACE('',(#841),#356,.T.);
#10044=ADVANCED_FACE('',(#842),#9567,.F.);
#10045=ADVANCED_FACE('',(#843),#357,.T.);
#10046=ADVANCED_FACE('',(#844),#9568,.F.);
#10047=ADVANCED_FACE('',(#845),#358,.T.);
#10048=ADVANCED_FACE('',(#846),#9569,.F.);
#10049=ADVANCED_FACE('',(#847),#359,.T.);
#10050=ADVANCED_FACE('',(#848),#9570,.F.);
#10051=ADVANCED_FACE('',(#849),#360,.T.);
#10052=ADVANCED_FACE('',(#850),#9571,.T.);
#10053=ADVANCED_FACE('',(#851),#361,.T.);
#10054=ADVANCED_FACE('',(#852),#9572,.T.);
#10055=ADVANCED_FACE('',(#853),#9573,.T.);
#10056=ADVANCED_FACE('',(#854),#362,.T.);
#10057=ADVANCED_FACE('',(#855),#9574,.T.);
#10058=ADVANCED_FACE('',(#856),#363,.T.);
#10059=ADVANCED_FACE('',(#857),#9575,.T.);
#10060=ADVANCED_FACE('',(#858),#364,.T.);
#10061=ADVANCED_FACE('',(#859),#9576,.T.);
#10062=ADVANCED_FACE('',(#860),#365,.T.);
#10063=ADVANCED_FACE('',(#861),#366,.T.);
#10064=ADVANCED_FACE('',(#862),#367,.T.);
#10065=ADVANCED_FACE('',(#863),#368,.T.);
#10066=ADVANCED_FACE('',(#864),#369,.T.);
#10067=ADVANCED_FACE('',(#865),#370,.T.);
#10068=ADVANCED_FACE('',(#866),#371,.T.);
#10069=ADVANCED_FACE('',(#867),#372,.T.);
#10070=ADVANCED_FACE('',(#868),#373,.T.);
#10071=ADVANCED_FACE('',(#869),#374,.T.);
#10072=CLOSED_SHELL('',(#9577,#9578,#9579,#9580,#9581,#9582,#9583,#9584,
#9585,#9586,#9587,#9588,#9589,#9590,#9591,#9592,#9593,#9594,#9595,#9596,
#9597,#9598,#9599,#9600,#9601,#9602,#9603,#9604,#9605,#9606,#9607,#9608,
#9609,#9610,#9611,#9612,#9613,#9614,#9615,#9616,#9617,#9618,#9619,#9620,
#9621,#9622,#9623,#9624,#9625,#9626,#9627,#9628,#9629,#9630,#9631,#9632,
#9633,#9634,#9635,#9636,#9637,#9638,#9639,#9640,#9641,#9642,#9643,#9644,
#9645,#9646,#9647,#9648,#9649,#9650,#9651,#9652,#9653,#9654,#9655,#9656,
#9657,#9658,#9659,#9660,#9661,#9662,#9663,#9664,#9665,#9666,#9667,#9668,
#9669,#9670,#9671,#9672,#9673,#9674,#9675,#9676,#9677,#9678,#9679,#9680,
#9681,#9682,#9683,#9684,#9685,#9686,#9687,#9688,#9689,#9690,#9691,#9692,
#9693,#9694,#9695,#9696,#9697,#9698,#9699,#9700,#9701,#9702,#9703,#9704,
#9705,#9706,#9707,#9708,#9709,#9710,#9711,#9712,#9713,#9714,#9715,#9716,
#9717,#9718,#9719,#9720,#9721,#9722,#9723,#9724,#9725,#9726,#9727,#9728,
#9729,#9730,#9731,#9732,#9733,#9734,#9735,#9736,#9737,#9738,#9739,#9740,
#9741,#9742,#9743,#9744,#9745,#9746,#9747,#9748,#9749,#9750,#9751,#9752,
#9753,#9754,#9755,#9756,#9757,#9758,#9759,#9760,#9761,#9762,#9763,#9764,
#9765,#9766,#9767,#9768,#9769,#9770,#9771,#9772,#9773,#9774,#9775,#9776,
#9777,#9778,#9779,#9780,#9781,#9782,#9783,#9784,#9785,#9786,#9787,#9788,
#9789,#9790,#9791,#9792,#9793,#9794,#9795,#9796,#9797,#9798,#9799,#9800,
#9801,#9802,#9803,#9804,#9805,#9806,#9807,#9808,#9809,#9810,#9811,#9812,
#9813,#9814,#9815,#9816,#9817,#9818,#9819,#9820,#9821,#9822,#9823,#9824,
#9825,#9826,#9827,#9828,#9829,#9830,#9831,#9832,#9833,#9834,#9835,#9836,
#9837,#9838,#9839,#9840,#9841,#9842,#9843,#9844,#9845,#9846,#9847,#9848,
#9849,#9850,#9851,#9852,#9853,#9854,#9855,#9856,#9857,#9858,#9859,#9860,
#9861,#9862,#9863,#9864,#9865,#9866,#9867,#9868,#9869,#9870,#9871,#9872,
#9873,#9874,#9875,#9876,#9877,#9878,#9879,#9880,#9881,#9882,#9883,#9884,
#9885,#9886,#9887,#9888,#9889,#9890,#9891,#9892,#9893,#9894,#9895,#9896,
#9897,#9898,#9899,#9900,#9901,#9902,#9903,#9904,#9905,#9906,#9907,#9908,
#9909,#9910,#9911,#9912,#9913,#9914,#9915,#9916,#9917,#9918,#9919,#9920,
#9921,#9922,#9923,#9924,#9925,#9926,#9927,#9928,#9929,#9930,#9931,#9932,
#9933,#9934,#9935,#9936,#9937,#9938,#9939,#9940,#9941,#9942,#9943,#9944,
#9945,#9946,#9947,#9948,#9949,#9950,#9951,#9952,#9953,#9954,#9955,#9956,
#9957,#9958,#9959,#9960,#9961,#9962,#9963,#9964,#9965,#9966,#9967,#9968,
#9969,#9970,#9971,#9972,#9973,#9974,#9975,#9976,#9977,#9978,#9979,#9980,
#9981,#9982,#9983,#9984,#9985,#9986,#9987,#9988,#9989,#9990,#9991,#9992,
#9993,#9994,#9995,#9996,#9997,#9998,#9999,#10000,#10001,#10002,#10003,#10004,
#10005,#10006,#10007,#10008,#10009,#10010,#10011,#10012,#10013,#10014,#10015,
#10016,#10017,#10018,#10019,#10020,#10021,#10022,#10023,#10024,#10025,#10026,
#10027,#10028,#10029,#10030,#10031,#10032,#10033,#10034,#10035,#10036,#10037,
#10038,#10039,#10040,#10041,#10042,#10043,#10044,#10045,#10046,#10047,#10048,
#10049,#10050,#10051,#10052,#10053,#10054,#10055,#10056,#10057,#10058,#10059,
#10060,#10061,#10062,#10063,#10064,#10065,#10066,#10067,#10068,#10069,#10070,
#10071));
#10073=DERIVED_UNIT_ELEMENT(#10075,1.);
#10074=DERIVED_UNIT_ELEMENT(#16878,-3.);
#10075=(
MASS_UNIT()
NAMED_UNIT(*)
SI_UNIT(.KILO.,.GRAM.)
);
#10076=DERIVED_UNIT((#10073,#10074));
#10077=MEASURE_REPRESENTATION_ITEM('density measure',
POSITIVE_RATIO_MEASURE(7850.),#10076);
#10078=PROPERTY_DEFINITION_REPRESENTATION(#10083,#10080);
#10079=PROPERTY_DEFINITION_REPRESENTATION(#10084,#10081);
#10080=REPRESENTATION('material name',(#10082),#16875);
#10081=REPRESENTATION('density',(#10077),#16875);
#10082=DESCRIPTIVE_REPRESENTATION_ITEM('Steel','Steel');
#10083=PROPERTY_DEFINITION('material property','material name',#16885);
#10084=PROPERTY_DEFINITION('material property','density of part',#16885);
#10085=AXIS2_PLACEMENT_3D('',#13922,#11019,#11020);
#10086=AXIS2_PLACEMENT_3D('',#13923,#11021,#11022);
#10087=AXIS2_PLACEMENT_3D('',#13925,#11023,#11024);
#10088=AXIS2_PLACEMENT_3D('',#13928,#11026,#11027);
#10089=AXIS2_PLACEMENT_3D('',#13929,#11028,#11029);
#10090=AXIS2_PLACEMENT_3D('',#13938,#11034,#11035);
#10091=AXIS2_PLACEMENT_3D('',#13944,#11039,#11040);
#10092=AXIS2_PLACEMENT_3D('',#13950,#11044,#11045);
#10093=AXIS2_PLACEMENT_3D('',#13953,#11048,#11049);
#10094=AXIS2_PLACEMENT_3D('',#13960,#11052,#11053);
#10095=AXIS2_PLACEMENT_3D('',#13966,#11056,#11057);
#10096=AXIS2_PLACEMENT_3D('',#13970,#11059,#11060);
#10097=AXIS2_PLACEMENT_3D('',#13978,#11064,#11065);
#10098=AXIS2_PLACEMENT_3D('',#13982,#11067,#11068);
#10099=AXIS2_PLACEMENT_3D('',#13990,#11072,#11073);
#10100=AXIS2_PLACEMENT_3D('',#13994,#11075,#11076);
#10101=AXIS2_PLACEMENT_3D('',#14000,#11079,#11080);
#10102=AXIS2_PLACEMENT_3D('',#14006,#11083,#11084);
#10103=AXIS2_PLACEMENT_3D('',#14010,#11086,#11087);
#10104=AXIS2_PLACEMENT_3D('',#14014,#11089,#11090);
#10105=AXIS2_PLACEMENT_3D('',#14018,#11092,#11093);
#10106=AXIS2_PLACEMENT_3D('',#14022,#11095,#11096);
#10107=AXIS2_PLACEMENT_3D('',#14026,#11098,#11099);
#10108=AXIS2_PLACEMENT_3D('',#14032,#11102,#11103);
#10109=AXIS2_PLACEMENT_3D('',#14038,#11106,#11107);
#10110=AXIS2_PLACEMENT_3D('',#14042,#11109,#11110);
#10111=AXIS2_PLACEMENT_3D('',#14048,#11113,#11114);
#10112=AXIS2_PLACEMENT_3D('',#14054,#11117,#11118);
#10113=AXIS2_PLACEMENT_3D('',#14058,#11120,#11121);
#10114=AXIS2_PLACEMENT_3D('',#14062,#11123,#11124);
#10115=AXIS2_PLACEMENT_3D('',#14066,#11126,#11127);
#10116=AXIS2_PLACEMENT_3D('',#14070,#11129,#11130);
#10117=AXIS2_PLACEMENT_3D('',#14073,#11132,#11133);
#10118=AXIS2_PLACEMENT_3D('',#14074,#11134,#11135);
#10119=AXIS2_PLACEMENT_3D('',#14083,#11140,#11141);
#10120=AXIS2_PLACEMENT_3D('',#14092,#11146,#11147);
#10121=AXIS2_PLACEMENT_3D('',#14095,#11150,#11151);
#10122=AXIS2_PLACEMENT_3D('',#14101,#11154,#11155);
#10123=AXIS2_PLACEMENT_3D('',#14105,#11157,#11158);
#10124=AXIS2_PLACEMENT_3D('',#14109,#11160,#11161);
#10125=AXIS2_PLACEMENT_3D('',#14113,#11163,#11164);
#10126=AXIS2_PLACEMENT_3D('',#14117,#11166,#11167);
#10127=AXIS2_PLACEMENT_3D('',#14121,#11169,#11170);
#10128=AXIS2_PLACEMENT_3D('',#14125,#11172,#11173);
#10129=AXIS2_PLACEMENT_3D('',#14129,#11175,#11176);
#10130=AXIS2_PLACEMENT_3D('',#14135,#11179,#11180);
#10131=AXIS2_PLACEMENT_3D('',#14141,#11183,#11184);
#10132=AXIS2_PLACEMENT_3D('',#14145,#11186,#11187);
#10133=AXIS2_PLACEMENT_3D('',#14149,#11189,#11190);
#10134=AXIS2_PLACEMENT_3D('',#14153,#11193,#11194);
#10135=AXIS2_PLACEMENT_3D('',#14162,#11199,#11200);
#10136=AXIS2_PLACEMENT_3D('',#14168,#11204,#11205);
#10137=AXIS2_PLACEMENT_3D('',#14174,#11209,#11210);
#10138=AXIS2_PLACEMENT_3D('',#14177,#11213,#11214);
#10139=AXIS2_PLACEMENT_3D('',#14184,#11217,#11218);
#10140=AXIS2_PLACEMENT_3D('',#14190,#11221,#11222);
#10141=AXIS2_PLACEMENT_3D('',#14194,#11224,#11225);
#10142=AXIS2_PLACEMENT_3D('',#14202,#11229,#11230);
#10143=AXIS2_PLACEMENT_3D('',#14206,#11232,#11233);
#10144=AXIS2_PLACEMENT_3D('',#14214,#11237,#11238);
#10145=AXIS2_PLACEMENT_3D('',#14218,#11240,#11241);
#10146=AXIS2_PLACEMENT_3D('',#14224,#11244,#11245);
#10147=AXIS2_PLACEMENT_3D('',#14230,#11248,#11249);
#10148=AXIS2_PLACEMENT_3D('',#14234,#11251,#11252);
#10149=AXIS2_PLACEMENT_3D('',#14238,#11254,#11255);
#10150=AXIS2_PLACEMENT_3D('',#14242,#11257,#11258);
#10151=AXIS2_PLACEMENT_3D('',#14246,#11260,#11261);
#10152=AXIS2_PLACEMENT_3D('',#14250,#11263,#11264);
#10153=AXIS2_PLACEMENT_3D('',#14256,#11267,#11268);
#10154=AXIS2_PLACEMENT_3D('',#14262,#11271,#11272);
#10155=AXIS2_PLACEMENT_3D('',#14266,#11274,#11275);
#10156=AXIS2_PLACEMENT_3D('',#14272,#11278,#11279);
#10157=AXIS2_PLACEMENT_3D('',#14278,#11282,#11283);
#10158=AXIS2_PLACEMENT_3D('',#14282,#11285,#11286);
#10159=AXIS2_PLACEMENT_3D('',#14286,#11288,#11289);
#10160=AXIS2_PLACEMENT_3D('',#14290,#11291,#11292);
#10161=AXIS2_PLACEMENT_3D('',#14294,#11294,#11295);
#10162=AXIS2_PLACEMENT_3D('',#14297,#11297,#11298);
#10163=AXIS2_PLACEMENT_3D('',#14298,#11299,#11300);
#10164=AXIS2_PLACEMENT_3D('',#14304,#11304,#11305);
#10165=AXIS2_PLACEMENT_3D('',#14307,#11307,#11308);
#10166=AXIS2_PLACEMENT_3D('',#14308,#11309,#11310);
#10167=AXIS2_PLACEMENT_3D('',#14312,#11313,#11314);
#10168=AXIS2_PLACEMENT_3D('',#14315,#11316,#11317);
#10169=AXIS2_PLACEMENT_3D('',#14316,#11318,#11319);
#10170=AXIS2_PLACEMENT_3D('',#14320,#11322,#11323);
#10171=AXIS2_PLACEMENT_3D('',#14323,#11325,#11326);
#10172=AXIS2_PLACEMENT_3D('',#14324,#11327,#11328);
#10173=AXIS2_PLACEMENT_3D('',#14328,#11331,#11332);
#10174=AXIS2_PLACEMENT_3D('',#14332,#11335,#11336);
#10175=AXIS2_PLACEMENT_3D('',#14335,#11338,#11339);
#10176=AXIS2_PLACEMENT_3D('',#14336,#11340,#11341);
#10177=AXIS2_PLACEMENT_3D('',#14340,#11344,#11345);
#10178=AXIS2_PLACEMENT_3D('',#14344,#11348,#11349);
#10179=AXIS2_PLACEMENT_3D('',#14347,#11351,#11352);
#10180=AXIS2_PLACEMENT_3D('',#14348,#11353,#11354);
#10181=AXIS2_PLACEMENT_3D('',#14352,#11357,#11358);
#10182=AXIS2_PLACEMENT_3D('',#14355,#11360,#11361);
#10183=AXIS2_PLACEMENT_3D('',#14356,#11362,#11363);
#10184=AXIS2_PLACEMENT_3D('',#14360,#11366,#11367);
#10185=AXIS2_PLACEMENT_3D('',#14364,#11370,#11371);
#10186=AXIS2_PLACEMENT_3D('',#14368,#11374,#11375);
#10187=AXIS2_PLACEMENT_3D('',#14371,#11377,#11378);
#10188=AXIS2_PLACEMENT_3D('',#14372,#11379,#11380);
#10189=AXIS2_PLACEMENT_3D('',#14376,#11383,#11384);
#10190=AXIS2_PLACEMENT_3D('',#14379,#11386,#11387);
#10191=AXIS2_PLACEMENT_3D('',#14380,#11388,#11389);
#10192=AXIS2_PLACEMENT_3D('',#14384,#11392,#11393);
#10193=AXIS2_PLACEMENT_3D('',#14388,#11396,#11397);
#10194=AXIS2_PLACEMENT_3D('',#14392,#11400,#11401);
#10195=AXIS2_PLACEMENT_3D('',#14395,#11403,#11404);
#10196=AXIS2_PLACEMENT_3D('',#14396,#11405,#11406);
#10197=AXIS2_PLACEMENT_3D('',#14400,#11409,#11410);
#10198=AXIS2_PLACEMENT_3D('',#14403,#11412,#11413);
#10199=AXIS2_PLACEMENT_3D('',#14404,#11414,#11415);
#10200=AXIS2_PLACEMENT_3D('',#14408,#11418,#11419);
#10201=AXIS2_PLACEMENT_3D('',#14412,#11422,#11423);
#10202=AXIS2_PLACEMENT_3D('',#14415,#11425,#11426);
#10203=AXIS2_PLACEMENT_3D('',#14416,#11427,#11428);
#10204=AXIS2_PLACEMENT_3D('',#14420,#11431,#11432);
#10205=AXIS2_PLACEMENT_3D('',#14424,#11434,#11435);
#10206=AXIS2_PLACEMENT_3D('',#14426,#11437,#11438);
#10207=AXIS2_PLACEMENT_3D('',#14430,#11441,#11442);
#10208=AXIS2_PLACEMENT_3D('',#14433,#11444,#11445);
#10209=AXIS2_PLACEMENT_3D('',#14434,#11446,#11447);
#10210=AXIS2_PLACEMENT_3D('',#14438,#11450,#11451);
#10211=AXIS2_PLACEMENT_3D('',#14441,#11453,#11454);
#10212=AXIS2_PLACEMENT_3D('',#14442,#11455,#11456);
#10213=AXIS2_PLACEMENT_3D('',#14446,#11459,#11460);
#10214=AXIS2_PLACEMENT_3D('',#14449,#11462,#11463);
#10215=AXIS2_PLACEMENT_3D('',#14450,#11464,#11465);
#10216=AXIS2_PLACEMENT_3D('',#14454,#11468,#11469);
#10217=AXIS2_PLACEMENT_3D('',#14457,#11471,#11472);
#10218=AXIS2_PLACEMENT_3D('',#14458,#11473,#11474);
#10219=AXIS2_PLACEMENT_3D('',#14462,#11477,#11478);
#10220=AXIS2_PLACEMENT_3D('',#14468,#11482,#11483);
#10221=AXIS2_PLACEMENT_3D('',#14476,#11488,#11489);
#10222=AXIS2_PLACEMENT_3D('',#14482,#11493,#11494);
#10223=AXIS2_PLACEMENT_3D('',#14485,#11496,#11497);
#10224=AXIS2_PLACEMENT_3D('',#14486,#11498,#11499);
#10225=AXIS2_PLACEMENT_3D('',#14490,#11502,#11503);
#10226=AXIS2_PLACEMENT_3D('',#14493,#11505,#11506);
#10227=AXIS2_PLACEMENT_3D('',#14494,#11507,#11508);
#10228=AXIS2_PLACEMENT_3D('',#14498,#11511,#11512);
#10229=AXIS2_PLACEMENT_3D('',#14501,#11514,#11515);
#10230=AXIS2_PLACEMENT_3D('',#14502,#11516,#11517);
#10231=AXIS2_PLACEMENT_3D('',#14506,#11520,#11521);
#10232=AXIS2_PLACEMENT_3D('',#14510,#11524,#11525);
#10233=AXIS2_PLACEMENT_3D('',#14513,#11527,#11528);
#10234=AXIS2_PLACEMENT_3D('',#14514,#11529,#11530);
#10235=AXIS2_PLACEMENT_3D('',#14518,#11533,#11534);
#10236=AXIS2_PLACEMENT_3D('',#14522,#11537,#11538);
#10237=AXIS2_PLACEMENT_3D('',#14525,#11540,#11541);
#10238=AXIS2_PLACEMENT_3D('',#14526,#11542,#11543);
#10239=AXIS2_PLACEMENT_3D('',#14530,#11546,#11547);
#10240=AXIS2_PLACEMENT_3D('',#14533,#11549,#11550);
#10241=AXIS2_PLACEMENT_3D('',#14534,#11551,#11552);
#10242=AXIS2_PLACEMENT_3D('',#14538,#11555,#11556);
#10243=AXIS2_PLACEMENT_3D('',#14542,#11559,#11560);
#10244=AXIS2_PLACEMENT_3D('',#14546,#11563,#11564);
#10245=AXIS2_PLACEMENT_3D('',#14549,#11566,#11567);
#10246=AXIS2_PLACEMENT_3D('',#14550,#11568,#11569);
#10247=AXIS2_PLACEMENT_3D('',#14554,#11572,#11573);
#10248=AXIS2_PLACEMENT_3D('',#14557,#11575,#11576);
#10249=AXIS2_PLACEMENT_3D('',#14558,#11577,#11578);
#10250=AXIS2_PLACEMENT_3D('',#14562,#11581,#11582);
#10251=AXIS2_PLACEMENT_3D('',#14566,#11585,#11586);
#10252=AXIS2_PLACEMENT_3D('',#14570,#11589,#11590);
#10253=AXIS2_PLACEMENT_3D('',#14573,#11592,#11593);
#10254=AXIS2_PLACEMENT_3D('',#14574,#11594,#11595);
#10255=AXIS2_PLACEMENT_3D('',#14578,#11598,#11599);
#10256=AXIS2_PLACEMENT_3D('',#14581,#11601,#11602);
#10257=AXIS2_PLACEMENT_3D('',#14582,#11603,#11604);
#10258=AXIS2_PLACEMENT_3D('',#14586,#11607,#11608);
#10259=AXIS2_PLACEMENT_3D('',#14590,#11611,#11612);
#10260=AXIS2_PLACEMENT_3D('',#14593,#11614,#11615);
#10261=AXIS2_PLACEMENT_3D('',#14594,#11616,#11617);
#10262=AXIS2_PLACEMENT_3D('',#14598,#11620,#11621);
#10263=AXIS2_PLACEMENT_3D('',#14618,#11631,#11632);
#10264=AXIS2_PLACEMENT_3D('',#14626,#11636,#11637);
#10265=AXIS2_PLACEMENT_3D('',#14630,#11639,#11640);
#10266=AXIS2_PLACEMENT_3D('',#14634,#11642,#11643);
#10267=AXIS2_PLACEMENT_3D('',#14638,#11645,#11646);
#10268=AXIS2_PLACEMENT_3D('',#14646,#11650,#11651);
#10269=AXIS2_PLACEMENT_3D('',#14650,#11653,#11654);
#10270=AXIS2_PLACEMENT_3D('',#14654,#11656,#11657);
#10271=AXIS2_PLACEMENT_3D('',#14658,#11659,#11660);
#10272=AXIS2_PLACEMENT_3D('',#14662,#11662,#11663);
#10273=AXIS2_PLACEMENT_3D('',#14666,#11665,#11666);
#10274=AXIS2_PLACEMENT_3D('',#14670,#11668,#11669);
#10275=AXIS2_PLACEMENT_3D('',#14674,#11671,#11672);
#10276=AXIS2_PLACEMENT_3D('',#14678,#11674,#11675);
#10277=AXIS2_PLACEMENT_3D('',#14682,#11677,#11678);
#10278=AXIS2_PLACEMENT_3D('',#14686,#11680,#11681);
#10279=AXIS2_PLACEMENT_3D('',#14690,#11683,#11684);
#10280=AXIS2_PLACEMENT_3D('',#14694,#11686,#11687);
#10281=AXIS2_PLACEMENT_3D('',#14698,#11689,#11690);
#10282=AXIS2_PLACEMENT_3D('',#14702,#11692,#11693);
#10283=AXIS2_PLACEMENT_3D('',#14706,#11695,#11696);
#10284=AXIS2_PLACEMENT_3D('',#14710,#11698,#11699);
#10285=AXIS2_PLACEMENT_3D('',#14714,#11701,#11702);
#10286=AXIS2_PLACEMENT_3D('',#14718,#11704,#11705);
#10287=AXIS2_PLACEMENT_3D('',#14722,#11707,#11708);
#10288=AXIS2_PLACEMENT_3D('',#14726,#11710,#11711);
#10289=AXIS2_PLACEMENT_3D('',#14730,#11713,#11714);
#10290=AXIS2_PLACEMENT_3D('',#14734,#11716,#11717);
#10291=AXIS2_PLACEMENT_3D('',#14738,#11719,#11720);
#10292=AXIS2_PLACEMENT_3D('',#14742,#11722,#11723);
#10293=AXIS2_PLACEMENT_3D('',#14746,#11725,#11726);
#10294=AXIS2_PLACEMENT_3D('',#14750,#11728,#11729);
#10295=AXIS2_PLACEMENT_3D('',#14754,#11731,#11732);
#10296=AXIS2_PLACEMENT_3D('',#14758,#11734,#11735);
#10297=AXIS2_PLACEMENT_3D('',#14762,#11737,#11738);
#10298=AXIS2_PLACEMENT_3D('',#14766,#11740,#11741);
#10299=AXIS2_PLACEMENT_3D('',#14770,#11743,#11744);
#10300=AXIS2_PLACEMENT_3D('',#14774,#11746,#11747);
#10301=AXIS2_PLACEMENT_3D('',#14778,#11749,#11750);
#10302=AXIS2_PLACEMENT_3D('',#14782,#11752,#11753);
#10303=AXIS2_PLACEMENT_3D('',#14786,#11755,#11756);
#10304=AXIS2_PLACEMENT_3D('',#14790,#11758,#11759);
#10305=AXIS2_PLACEMENT_3D('',#14794,#11761,#11762);
#10306=AXIS2_PLACEMENT_3D('',#14798,#11764,#11765);
#10307=AXIS2_PLACEMENT_3D('',#14802,#11767,#11768);
#10308=AXIS2_PLACEMENT_3D('',#14806,#11770,#11771);
#10309=AXIS2_PLACEMENT_3D('',#14810,#11773,#11774);
#10310=AXIS2_PLACEMENT_3D('',#14814,#11776,#11777);
#10311=AXIS2_PLACEMENT_3D('',#14818,#11779,#11780);
#10312=AXIS2_PLACEMENT_3D('',#14822,#11782,#11783);
#10313=AXIS2_PLACEMENT_3D('',#14826,#11785,#11786);
#10314=AXIS2_PLACEMENT_3D('',#14830,#11788,#11789);
#10315=AXIS2_PLACEMENT_3D('',#14834,#11791,#11792);
#10316=AXIS2_PLACEMENT_3D('',#14838,#11794,#11795);
#10317=AXIS2_PLACEMENT_3D('',#14842,#11797,#11798);
#10318=AXIS2_PLACEMENT_3D('',#14846,#11800,#11801);
#10319=AXIS2_PLACEMENT_3D('',#14850,#11803,#11804);
#10320=AXIS2_PLACEMENT_3D('',#14854,#11806,#11807);
#10321=AXIS2_PLACEMENT_3D('',#14858,#11809,#11810);
#10322=AXIS2_PLACEMENT_3D('',#14862,#11812,#11813);
#10323=AXIS2_PLACEMENT_3D('',#14866,#11815,#11816);
#10324=AXIS2_PLACEMENT_3D('',#14870,#11818,#11819);
#10325=AXIS2_PLACEMENT_3D('',#14874,#11821,#11822);
#10326=AXIS2_PLACEMENT_3D('',#14878,#11824,#11825);
#10327=AXIS2_PLACEMENT_3D('',#14882,#11827,#11828);
#10328=AXIS2_PLACEMENT_3D('',#14886,#11830,#11831);
#10329=AXIS2_PLACEMENT_3D('',#14890,#11833,#11834);
#10330=AXIS2_PLACEMENT_3D('',#14894,#11836,#11837);
#10331=AXIS2_PLACEMENT_3D('',#14898,#11839,#11840);
#10332=AXIS2_PLACEMENT_3D('',#14902,#11842,#11843);
#10333=AXIS2_PLACEMENT_3D('',#14906,#11845,#11846);
#10334=AXIS2_PLACEMENT_3D('',#14910,#11848,#11849);
#10335=AXIS2_PLACEMENT_3D('',#14914,#11851,#11852);
#10336=AXIS2_PLACEMENT_3D('',#14918,#11854,#11855);
#10337=AXIS2_PLACEMENT_3D('',#14922,#11857,#11858);
#10338=AXIS2_PLACEMENT_3D('',#14926,#11860,#11861);
#10339=AXIS2_PLACEMENT_3D('',#14930,#11863,#11864);
#10340=AXIS2_PLACEMENT_3D('',#14934,#11866,#11867);
#10341=AXIS2_PLACEMENT_3D('',#14938,#11869,#11870);
#10342=AXIS2_PLACEMENT_3D('',#14942,#11872,#11873);
#10343=AXIS2_PLACEMENT_3D('',#14946,#11875,#11876);
#10344=AXIS2_PLACEMENT_3D('',#14950,#11878,#11879);
#10345=AXIS2_PLACEMENT_3D('',#14954,#11881,#11882);
#10346=AXIS2_PLACEMENT_3D('',#14958,#11884,#11885);
#10347=AXIS2_PLACEMENT_3D('',#14962,#11887,#11888);
#10348=AXIS2_PLACEMENT_3D('',#14966,#11890,#11891);
#10349=AXIS2_PLACEMENT_3D('',#14970,#11893,#11894);
#10350=AXIS2_PLACEMENT_3D('',#14974,#11896,#11897);
#10351=AXIS2_PLACEMENT_3D('',#14978,#11899,#11900);
#10352=AXIS2_PLACEMENT_3D('',#14982,#11902,#11903);
#10353=AXIS2_PLACEMENT_3D('',#14986,#11905,#11906);
#10354=AXIS2_PLACEMENT_3D('',#14990,#11908,#11909);
#10355=AXIS2_PLACEMENT_3D('',#14994,#11911,#11912);
#10356=AXIS2_PLACEMENT_3D('',#14998,#11914,#11915);
#10357=AXIS2_PLACEMENT_3D('',#15002,#11917,#11918);
#10358=AXIS2_PLACEMENT_3D('',#15006,#11920,#11921);
#10359=AXIS2_PLACEMENT_3D('',#15010,#11923,#11924);
#10360=AXIS2_PLACEMENT_3D('',#15014,#11926,#11927);
#10361=AXIS2_PLACEMENT_3D('',#15018,#11929,#11930);
#10362=AXIS2_PLACEMENT_3D('',#15022,#11932,#11933);
#10363=AXIS2_PLACEMENT_3D('',#15026,#11935,#11936);
#10364=AXIS2_PLACEMENT_3D('',#15030,#11938,#11939);
#10365=AXIS2_PLACEMENT_3D('',#15034,#11941,#11942);
#10366=AXIS2_PLACEMENT_3D('',#15038,#11944,#11945);
#10367=AXIS2_PLACEMENT_3D('',#15042,#11947,#11948);
#10368=AXIS2_PLACEMENT_3D('',#15046,#11950,#11951);
#10369=AXIS2_PLACEMENT_3D('',#15050,#11953,#11954);
#10370=AXIS2_PLACEMENT_3D('',#15054,#11956,#11957);
#10371=AXIS2_PLACEMENT_3D('',#15058,#11959,#11960);
#10372=AXIS2_PLACEMENT_3D('',#15062,#11962,#11963);
#10373=AXIS2_PLACEMENT_3D('',#15066,#11965,#11966);
#10374=AXIS2_PLACEMENT_3D('',#15070,#11968,#11969);
#10375=AXIS2_PLACEMENT_3D('',#15074,#11971,#11972);
#10376=AXIS2_PLACEMENT_3D('',#15078,#11974,#11975);
#10377=AXIS2_PLACEMENT_3D('',#15082,#11977,#11978);
#10378=AXIS2_PLACEMENT_3D('',#15086,#11980,#11981);
#10379=AXIS2_PLACEMENT_3D('',#15090,#11983,#11984);
#10380=AXIS2_PLACEMENT_3D('',#15094,#11986,#11987);
#10381=AXIS2_PLACEMENT_3D('',#15098,#11989,#11990);
#10382=AXIS2_PLACEMENT_3D('',#15102,#11992,#11993);
#10383=AXIS2_PLACEMENT_3D('',#15106,#11995,#11996);
#10384=AXIS2_PLACEMENT_3D('',#15110,#11998,#11999);
#10385=AXIS2_PLACEMENT_3D('',#15114,#12001,#12002);
#10386=AXIS2_PLACEMENT_3D('',#15118,#12004,#12005);
#10387=AXIS2_PLACEMENT_3D('',#15122,#12007,#12008);
#10388=AXIS2_PLACEMENT_3D('',#15126,#12010,#12011);
#10389=AXIS2_PLACEMENT_3D('',#15130,#12013,#12014);
#10390=AXIS2_PLACEMENT_3D('',#15134,#12016,#12017);
#10391=AXIS2_PLACEMENT_3D('',#15138,#12019,#12020);
#10392=AXIS2_PLACEMENT_3D('',#15142,#12022,#12023);
#10393=AXIS2_PLACEMENT_3D('',#15146,#12025,#12026);
#10394=AXIS2_PLACEMENT_3D('',#15150,#12028,#12029);
#10395=AXIS2_PLACEMENT_3D('',#15154,#12031,#12032);
#10396=AXIS2_PLACEMENT_3D('',#15158,#12034,#12035);
#10397=AXIS2_PLACEMENT_3D('',#15162,#12037,#12038);
#10398=AXIS2_PLACEMENT_3D('',#15166,#12040,#12041);
#10399=AXIS2_PLACEMENT_3D('',#15170,#12043,#12044);
#10400=AXIS2_PLACEMENT_3D('',#15174,#12046,#12047);
#10401=AXIS2_PLACEMENT_3D('',#15178,#12049,#12050);
#10402=AXIS2_PLACEMENT_3D('',#15182,#12052,#12053);
#10403=AXIS2_PLACEMENT_3D('',#15186,#12055,#12056);
#10404=AXIS2_PLACEMENT_3D('',#15190,#12058,#12059);
#10405=AXIS2_PLACEMENT_3D('',#15194,#12061,#12062);
#10406=AXIS2_PLACEMENT_3D('',#15198,#12064,#12065);
#10407=AXIS2_PLACEMENT_3D('',#15202,#12067,#12068);
#10408=AXIS2_PLACEMENT_3D('',#15206,#12070,#12071);
#10409=AXIS2_PLACEMENT_3D('',#15210,#12073,#12074);
#10410=AXIS2_PLACEMENT_3D('',#15214,#12076,#12077);
#10411=AXIS2_PLACEMENT_3D('',#15218,#12079,#12080);
#10412=AXIS2_PLACEMENT_3D('',#15222,#12082,#12083);
#10413=AXIS2_PLACEMENT_3D('',#15226,#12085,#12086);
#10414=AXIS2_PLACEMENT_3D('',#15230,#12088,#12089);
#10415=AXIS2_PLACEMENT_3D('',#15234,#12091,#12092);
#10416=AXIS2_PLACEMENT_3D('',#15238,#12094,#12095);
#10417=AXIS2_PLACEMENT_3D('',#15242,#12097,#12098);
#10418=AXIS2_PLACEMENT_3D('',#15246,#12100,#12101);
#10419=AXIS2_PLACEMENT_3D('',#15250,#12103,#12104);
#10420=AXIS2_PLACEMENT_3D('',#15254,#12106,#12107);
#10421=AXIS2_PLACEMENT_3D('',#15256,#12109,#12110);
#10422=AXIS2_PLACEMENT_3D('',#15260,#12112,#12113);
#10423=AXIS2_PLACEMENT_3D('',#15264,#12115,#12116);
#10424=AXIS2_PLACEMENT_3D('',#15268,#12118,#12119);
#10425=AXIS2_PLACEMENT_3D('',#15274,#12122,#12123);
#10426=AXIS2_PLACEMENT_3D('',#15280,#12126,#12127);
#10427=AXIS2_PLACEMENT_3D('',#15284,#12129,#12130);
#10428=AXIS2_PLACEMENT_3D('',#15288,#12132,#12133);
#10429=AXIS2_PLACEMENT_3D('',#15293,#12136,#12137);
#10430=AXIS2_PLACEMENT_3D('',#15301,#12141,#12142);
#10431=AXIS2_PLACEMENT_3D('',#15305,#12144,#12145);
#10432=AXIS2_PLACEMENT_3D('',#15309,#12147,#12148);
#10433=AXIS2_PLACEMENT_3D('',#15313,#12150,#12151);
#10434=AXIS2_PLACEMENT_3D('',#15321,#12155,#12156);
#10435=AXIS2_PLACEMENT_3D('',#15341,#12166,#12167);
#10436=AXIS2_PLACEMENT_3D('',#15345,#12169,#12170);
#10437=AXIS2_PLACEMENT_3D('',#15349,#12172,#12173);
#10438=AXIS2_PLACEMENT_3D('',#15353,#12175,#12176);
#10439=AXIS2_PLACEMENT_3D('',#15357,#12178,#12179);
#10440=AXIS2_PLACEMENT_3D('',#15361,#12181,#12182);
#10441=AXIS2_PLACEMENT_3D('',#15365,#12184,#12185);
#10442=AXIS2_PLACEMENT_3D('',#15369,#12187,#12188);
#10443=AXIS2_PLACEMENT_3D('',#15373,#12190,#12191);
#10444=AXIS2_PLACEMENT_3D('',#15377,#12193,#12194);
#10445=AXIS2_PLACEMENT_3D('',#15381,#12196,#12197);
#10446=AXIS2_PLACEMENT_3D('',#15385,#12199,#12200);
#10447=AXIS2_PLACEMENT_3D('',#15389,#12202,#12203);
#10448=AXIS2_PLACEMENT_3D('',#15393,#12205,#12206);
#10449=AXIS2_PLACEMENT_3D('',#15397,#12208,#12209);
#10450=AXIS2_PLACEMENT_3D('',#15401,#12211,#12212);
#10451=AXIS2_PLACEMENT_3D('',#15405,#12214,#12215);
#10452=AXIS2_PLACEMENT_3D('',#15409,#12217,#12218);
#10453=AXIS2_PLACEMENT_3D('',#15413,#12220,#12221);
#10454=AXIS2_PLACEMENT_3D('',#15417,#12223,#12224);
#10455=AXIS2_PLACEMENT_3D('',#15421,#12226,#12227);
#10456=AXIS2_PLACEMENT_3D('',#15425,#12229,#12230);
#10457=AXIS2_PLACEMENT_3D('',#15429,#12232,#12233);
#10458=AXIS2_PLACEMENT_3D('',#15433,#12235,#12236);
#10459=AXIS2_PLACEMENT_3D('',#15437,#12238,#12239);
#10460=AXIS2_PLACEMENT_3D('',#15441,#12241,#12242);
#10461=AXIS2_PLACEMENT_3D('',#15445,#12244,#12245);
#10462=AXIS2_PLACEMENT_3D('',#15449,#12247,#12248);
#10463=AXIS2_PLACEMENT_3D('',#15453,#12250,#12251);
#10464=AXIS2_PLACEMENT_3D('',#15457,#12253,#12254);
#10465=AXIS2_PLACEMENT_3D('',#15461,#12256,#12257);
#10466=AXIS2_PLACEMENT_3D('',#15465,#12259,#12260);
#10467=AXIS2_PLACEMENT_3D('',#15469,#12262,#12263);
#10468=AXIS2_PLACEMENT_3D('',#15473,#12265,#12266);
#10469=AXIS2_PLACEMENT_3D('',#15477,#12268,#12269);
#10470=AXIS2_PLACEMENT_3D('',#15481,#12271,#12272);
#10471=AXIS2_PLACEMENT_3D('',#15486,#12275,#12276);
#10472=AXIS2_PLACEMENT_3D('',#15490,#12278,#12279);
#10473=AXIS2_PLACEMENT_3D('',#15494,#12281,#12282);
#10474=AXIS2_PLACEMENT_3D('',#15498,#12284,#12285);
#10475=AXIS2_PLACEMENT_3D('',#15502,#12287,#12288);
#10476=AXIS2_PLACEMENT_3D('',#15506,#12290,#12291);
#10477=AXIS2_PLACEMENT_3D('',#15512,#12294,#12295);
#10478=AXIS2_PLACEMENT_3D('',#15518,#12298,#12299);
#10479=AXIS2_PLACEMENT_3D('',#15522,#12301,#12302);
#10480=AXIS2_PLACEMENT_3D('',#15528,#12305,#12306);
#10481=AXIS2_PLACEMENT_3D('',#15534,#12309,#12310);
#10482=AXIS2_PLACEMENT_3D('',#15538,#12312,#12313);
#10483=AXIS2_PLACEMENT_3D('',#15541,#12315,#12316);
#10484=AXIS2_PLACEMENT_3D('',#15544,#12317,#12318);
#10485=AXIS2_PLACEMENT_3D('',#15548,#12320,#12321);
#10486=AXIS2_PLACEMENT_3D('',#15552,#12323,#12324);
#10487=AXIS2_PLACEMENT_3D('',#15556,#12326,#12327);
#10488=AXIS2_PLACEMENT_3D('',#15560,#12329,#12330);
#10489=AXIS2_PLACEMENT_3D('',#15564,#12332,#12333);
#10490=AXIS2_PLACEMENT_3D('',#15568,#12335,#12336);
#10491=AXIS2_PLACEMENT_3D('',#15572,#12338,#12339);
#10492=AXIS2_PLACEMENT_3D('',#15576,#12341,#12342);
#10493=AXIS2_PLACEMENT_3D('',#15580,#12344,#12345);
#10494=AXIS2_PLACEMENT_3D('',#15584,#12347,#12348);
#10495=AXIS2_PLACEMENT_3D('',#15588,#12350,#12351);
#10496=AXIS2_PLACEMENT_3D('',#15592,#12353,#12354);
#10497=AXIS2_PLACEMENT_3D('',#15596,#12356,#12357);
#10498=AXIS2_PLACEMENT_3D('',#15600,#12359,#12360);
#10499=AXIS2_PLACEMENT_3D('',#15604,#12362,#12363);
#10500=AXIS2_PLACEMENT_3D('',#15608,#12365,#12366);
#10501=AXIS2_PLACEMENT_3D('',#15612,#12368,#12369);
#10502=AXIS2_PLACEMENT_3D('',#15616,#12371,#12372);
#10503=AXIS2_PLACEMENT_3D('',#15620,#12374,#12375);
#10504=AXIS2_PLACEMENT_3D('',#15624,#12377,#12378);
#10505=AXIS2_PLACEMENT_3D('',#15628,#12380,#12381);
#10506=AXIS2_PLACEMENT_3D('',#15632,#12383,#12384);
#10507=AXIS2_PLACEMENT_3D('',#15636,#12386,#12387);
#10508=AXIS2_PLACEMENT_3D('',#15640,#12389,#12390);
#10509=AXIS2_PLACEMENT_3D('',#15644,#12392,#12393);
#10510=AXIS2_PLACEMENT_3D('',#15648,#12395,#12396);
#10511=AXIS2_PLACEMENT_3D('',#15652,#12398,#12399);
#10512=AXIS2_PLACEMENT_3D('',#15656,#12401,#12402);
#10513=AXIS2_PLACEMENT_3D('',#15660,#12404,#12405);
#10514=AXIS2_PLACEMENT_3D('',#15664,#12407,#12408);
#10515=AXIS2_PLACEMENT_3D('',#15668,#12410,#12411);
#10516=AXIS2_PLACEMENT_3D('',#15672,#12413,#12414);
#10517=AXIS2_PLACEMENT_3D('',#15676,#12416,#12417);
#10518=AXIS2_PLACEMENT_3D('',#15680,#12419,#12420);
#10519=AXIS2_PLACEMENT_3D('',#15684,#12422,#12423);
#10520=AXIS2_PLACEMENT_3D('',#15688,#12425,#12426);
#10521=AXIS2_PLACEMENT_3D('',#15692,#12428,#12429);
#10522=AXIS2_PLACEMENT_3D('',#15696,#12431,#12432);
#10523=AXIS2_PLACEMENT_3D('',#15700,#12434,#12435);
#10524=AXIS2_PLACEMENT_3D('',#15704,#12437,#12438);
#10525=AXIS2_PLACEMENT_3D('',#15708,#12440,#12441);
#10526=AXIS2_PLACEMENT_3D('',#15712,#12443,#12444);
#10527=AXIS2_PLACEMENT_3D('',#15716,#12446,#12447);
#10528=AXIS2_PLACEMENT_3D('',#15720,#12449,#12450);
#10529=AXIS2_PLACEMENT_3D('',#15724,#12452,#12453);
#10530=AXIS2_PLACEMENT_3D('',#15728,#12455,#12456);
#10531=AXIS2_PLACEMENT_3D('',#15732,#12458,#12459);
#10532=AXIS2_PLACEMENT_3D('',#15736,#12461,#12462);
#10533=AXIS2_PLACEMENT_3D('',#15740,#12464,#12465);
#10534=AXIS2_PLACEMENT_3D('',#15744,#12467,#12468);
#10535=AXIS2_PLACEMENT_3D('',#15748,#12470,#12471);
#10536=AXIS2_PLACEMENT_3D('',#15752,#12473,#12474);
#10537=AXIS2_PLACEMENT_3D('',#15756,#12476,#12477);
#10538=AXIS2_PLACEMENT_3D('',#15760,#12479,#12480);
#10539=AXIS2_PLACEMENT_3D('',#15764,#12482,#12483);
#10540=AXIS2_PLACEMENT_3D('',#15768,#12485,#12486);
#10541=AXIS2_PLACEMENT_3D('',#15772,#12488,#12489);
#10542=AXIS2_PLACEMENT_3D('',#15776,#12491,#12492);
#10543=AXIS2_PLACEMENT_3D('',#15780,#12494,#12495);
#10544=AXIS2_PLACEMENT_3D('',#15784,#12497,#12498);
#10545=AXIS2_PLACEMENT_3D('',#15788,#12500,#12501);
#10546=AXIS2_PLACEMENT_3D('',#15792,#12503,#12504);
#10547=AXIS2_PLACEMENT_3D('',#15796,#12506,#12507);
#10548=AXIS2_PLACEMENT_3D('',#15800,#12509,#12510);
#10549=AXIS2_PLACEMENT_3D('',#15804,#12512,#12513);
#10550=AXIS2_PLACEMENT_3D('',#15808,#12515,#12516);
#10551=AXIS2_PLACEMENT_3D('',#15812,#12518,#12519);
#10552=AXIS2_PLACEMENT_3D('',#15816,#12521,#12522);
#10553=AXIS2_PLACEMENT_3D('',#15820,#12524,#12525);
#10554=AXIS2_PLACEMENT_3D('',#15824,#12527,#12528);
#10555=AXIS2_PLACEMENT_3D('',#15828,#12530,#12531);
#10556=AXIS2_PLACEMENT_3D('',#15832,#12533,#12534);
#10557=AXIS2_PLACEMENT_3D('',#15836,#12536,#12537);
#10558=AXIS2_PLACEMENT_3D('',#15840,#12539,#12540);
#10559=AXIS2_PLACEMENT_3D('',#15844,#12542,#12543);
#10560=AXIS2_PLACEMENT_3D('',#15848,#12545,#12546);
#10561=AXIS2_PLACEMENT_3D('',#15852,#12548,#12549);
#10562=AXIS2_PLACEMENT_3D('',#15856,#12551,#12552);
#10563=AXIS2_PLACEMENT_3D('',#15860,#12554,#12555);
#10564=AXIS2_PLACEMENT_3D('',#15864,#12557,#12558);
#10565=AXIS2_PLACEMENT_3D('',#15868,#12560,#12561);
#10566=AXIS2_PLACEMENT_3D('',#15872,#12563,#12564);
#10567=AXIS2_PLACEMENT_3D('',#15876,#12566,#12567);
#10568=AXIS2_PLACEMENT_3D('',#15880,#12569,#12570);
#10569=AXIS2_PLACEMENT_3D('',#15884,#12572,#12573);
#10570=AXIS2_PLACEMENT_3D('',#15888,#12575,#12576);
#10571=AXIS2_PLACEMENT_3D('',#15892,#12578,#12579);
#10572=AXIS2_PLACEMENT_3D('',#15896,#12581,#12582);
#10573=AXIS2_PLACEMENT_3D('',#15900,#12584,#12585);
#10574=AXIS2_PLACEMENT_3D('',#15904,#12587,#12588);
#10575=AXIS2_PLACEMENT_3D('',#15908,#12590,#12591);
#10576=AXIS2_PLACEMENT_3D('',#15913,#12594,#12595);
#10577=AXIS2_PLACEMENT_3D('',#15917,#12597,#12598);
#10578=AXIS2_PLACEMENT_3D('',#15921,#12600,#12601);
#10579=AXIS2_PLACEMENT_3D('',#15925,#12603,#12604);
#10580=AXIS2_PLACEMENT_3D('',#15929,#12606,#12607);
#10581=AXIS2_PLACEMENT_3D('',#15933,#12609,#12610);
#10582=AXIS2_PLACEMENT_3D('',#15939,#12613,#12614);
#10583=AXIS2_PLACEMENT_3D('',#15945,#12617,#12618);
#10584=AXIS2_PLACEMENT_3D('',#15949,#12620,#12621);
#10585=AXIS2_PLACEMENT_3D('',#15955,#12624,#12625);
#10586=AXIS2_PLACEMENT_3D('',#15961,#12628,#12629);
#10587=AXIS2_PLACEMENT_3D('',#15965,#12631,#12632);
#10588=AXIS2_PLACEMENT_3D('',#15968,#12634,#12635);
#10589=AXIS2_PLACEMENT_3D('',#15971,#12636,#12637);
#10590=AXIS2_PLACEMENT_3D('',#15975,#12639,#12640);
#10591=AXIS2_PLACEMENT_3D('',#15979,#12642,#12643);
#10592=AXIS2_PLACEMENT_3D('',#15983,#12645,#12646);
#10593=AXIS2_PLACEMENT_3D('',#15987,#12648,#12649);
#10594=AXIS2_PLACEMENT_3D('',#15991,#12651,#12652);
#10595=AXIS2_PLACEMENT_3D('',#15995,#12654,#12655);
#10596=AXIS2_PLACEMENT_3D('',#15999,#12657,#12658);
#10597=AXIS2_PLACEMENT_3D('',#16003,#12660,#12661);
#10598=AXIS2_PLACEMENT_3D('',#16007,#12663,#12664);
#10599=AXIS2_PLACEMENT_3D('',#16011,#12666,#12667);
#10600=AXIS2_PLACEMENT_3D('',#16015,#12669,#12670);
#10601=AXIS2_PLACEMENT_3D('',#16019,#12672,#12673);
#10602=AXIS2_PLACEMENT_3D('',#16023,#12675,#12676);
#10603=AXIS2_PLACEMENT_3D('',#16027,#12678,#12679);
#10604=AXIS2_PLACEMENT_3D('',#16031,#12681,#12682);
#10605=AXIS2_PLACEMENT_3D('',#16035,#12684,#12685);
#10606=AXIS2_PLACEMENT_3D('',#16039,#12687,#12688);
#10607=AXIS2_PLACEMENT_3D('',#16043,#12690,#12691);
#10608=AXIS2_PLACEMENT_3D('',#16047,#12693,#12694);
#10609=AXIS2_PLACEMENT_3D('',#16051,#12696,#12697);
#10610=AXIS2_PLACEMENT_3D('',#16055,#12699,#12700);
#10611=AXIS2_PLACEMENT_3D('',#16059,#12702,#12703);
#10612=AXIS2_PLACEMENT_3D('',#16063,#12705,#12706);
#10613=AXIS2_PLACEMENT_3D('',#16065,#12708,#12709);
#10614=AXIS2_PLACEMENT_3D('',#16068,#12712,#12713);
#10615=AXIS2_PLACEMENT_3D('',#16070,#12715,#12716);
#10616=AXIS2_PLACEMENT_3D('',#16073,#12719,#12720);
#10617=AXIS2_PLACEMENT_3D('',#16076,#12723,#12724);
#10618=AXIS2_PLACEMENT_3D('',#16078,#12726,#12727);
#10619=AXIS2_PLACEMENT_3D('',#16081,#12730,#12731);
#10620=AXIS2_PLACEMENT_3D('',#16083,#12733,#12734);
#10621=AXIS2_PLACEMENT_3D('',#16085,#12736,#12737);
#10622=AXIS2_PLACEMENT_3D('',#16087,#12739,#12740);
#10623=AXIS2_PLACEMENT_3D('',#16089,#12742,#12743);
#10624=AXIS2_PLACEMENT_3D('',#16091,#12745,#12746);
#10625=AXIS2_PLACEMENT_3D('',#16093,#12748,#12749);
#10626=AXIS2_PLACEMENT_3D('',#16094,#12750,#12751);
#10627=AXIS2_PLACEMENT_3D('',#16097,#12754,#12755);
#10628=AXIS2_PLACEMENT_3D('',#16099,#12757,#12758);
#10629=AXIS2_PLACEMENT_3D('',#16101,#12760,#12761);
#10630=AXIS2_PLACEMENT_3D('',#16103,#12763,#12764);
#10631=AXIS2_PLACEMENT_3D('',#16105,#12766,#12767);
#10632=AXIS2_PLACEMENT_3D('',#16107,#12769,#12770);
#10633=AXIS2_PLACEMENT_3D('',#16109,#12772,#12773);
#10634=AXIS2_PLACEMENT_3D('',#16110,#12774,#12775);
#10635=AXIS2_PLACEMENT_3D('',#16113,#12778,#12779);
#10636=AXIS2_PLACEMENT_3D('',#16115,#12781,#12782);
#10637=AXIS2_PLACEMENT_3D('',#16117,#12784,#12785);
#10638=AXIS2_PLACEMENT_3D('',#16119,#12787,#12788);
#10639=AXIS2_PLACEMENT_3D('',#16121,#12790,#12791);
#10640=AXIS2_PLACEMENT_3D('',#16123,#12793,#12794);
#10641=AXIS2_PLACEMENT_3D('',#16125,#12796,#12797);
#10642=AXIS2_PLACEMENT_3D('',#16126,#12798,#12799);
#10643=AXIS2_PLACEMENT_3D('',#16129,#12802,#12803);
#10644=AXIS2_PLACEMENT_3D('',#16131,#12805,#12806);
#10645=AXIS2_PLACEMENT_3D('',#16133,#12808,#12809);
#10646=AXIS2_PLACEMENT_3D('',#16135,#12811,#12812);
#10647=AXIS2_PLACEMENT_3D('',#16137,#12814,#12815);
#10648=AXIS2_PLACEMENT_3D('',#16139,#12817,#12818);
#10649=AXIS2_PLACEMENT_3D('',#16141,#12820,#12821);
#10650=AXIS2_PLACEMENT_3D('',#16142,#12822,#12823);
#10651=AXIS2_PLACEMENT_3D('',#16145,#12826,#12827);
#10652=AXIS2_PLACEMENT_3D('',#16147,#12829,#12830);
#10653=AXIS2_PLACEMENT_3D('',#16149,#12832,#12833);
#10654=AXIS2_PLACEMENT_3D('',#16151,#12835,#12836);
#10655=AXIS2_PLACEMENT_3D('',#16153,#12838,#12839);
#10656=AXIS2_PLACEMENT_3D('',#16155,#12841,#12842);
#10657=AXIS2_PLACEMENT_3D('',#16157,#12844,#12845);
#10658=AXIS2_PLACEMENT_3D('',#16158,#12846,#12847);
#10659=AXIS2_PLACEMENT_3D('',#16161,#12850,#12851);
#10660=AXIS2_PLACEMENT_3D('',#16163,#12853,#12854);
#10661=AXIS2_PLACEMENT_3D('',#16165,#12856,#12857);
#10662=AXIS2_PLACEMENT_3D('',#16167,#12859,#12860);
#10663=AXIS2_PLACEMENT_3D('',#16169,#12862,#12863);
#10664=AXIS2_PLACEMENT_3D('',#16171,#12865,#12866);
#10665=AXIS2_PLACEMENT_3D('',#16173,#12868,#12869);
#10666=AXIS2_PLACEMENT_3D('',#16174,#12870,#12871);
#10667=AXIS2_PLACEMENT_3D('',#16176,#12873,#12874);
#10668=AXIS2_PLACEMENT_3D('',#16178,#12876,#12877);
#10669=AXIS2_PLACEMENT_3D('',#16180,#12879,#12880);
#10670=AXIS2_PLACEMENT_3D('',#16182,#12882,#12883);
#10671=AXIS2_PLACEMENT_3D('',#16184,#12885,#12886);
#10672=AXIS2_PLACEMENT_3D('',#16186,#12888,#12889);
#10673=AXIS2_PLACEMENT_3D('',#16188,#12891,#12892);
#10674=AXIS2_PLACEMENT_3D('',#16190,#12894,#12895);
#10675=AXIS2_PLACEMENT_3D('',#16192,#12897,#12898);
#10676=AXIS2_PLACEMENT_3D('',#16194,#12900,#12901);
#10677=AXIS2_PLACEMENT_3D('',#16196,#12903,#12904);
#10678=AXIS2_PLACEMENT_3D('',#16198,#12906,#12907);
#10679=AXIS2_PLACEMENT_3D('',#16200,#12909,#12910);
#10680=AXIS2_PLACEMENT_3D('',#16202,#12912,#12913);
#10681=AXIS2_PLACEMENT_3D('',#16204,#12915,#12916);
#10682=AXIS2_PLACEMENT_3D('',#16206,#12918,#12919);
#10683=AXIS2_PLACEMENT_3D('',#16208,#12921,#12922);
#10684=AXIS2_PLACEMENT_3D('',#16210,#12924,#12925);
#10685=AXIS2_PLACEMENT_3D('',#16212,#12927,#12928);
#10686=AXIS2_PLACEMENT_3D('',#16214,#12930,#12931);
#10687=AXIS2_PLACEMENT_3D('',#16216,#12933,#12934);
#10688=AXIS2_PLACEMENT_3D('',#16218,#12936,#12937);
#10689=AXIS2_PLACEMENT_3D('',#16220,#12939,#12940);
#10690=AXIS2_PLACEMENT_3D('',#16222,#12942,#12943);
#10691=AXIS2_PLACEMENT_3D('',#16224,#12945,#12946);
#10692=AXIS2_PLACEMENT_3D('',#16226,#12948,#12949);
#10693=AXIS2_PLACEMENT_3D('',#16228,#12951,#12952);
#10694=AXIS2_PLACEMENT_3D('',#16230,#12954,#12955);
#10695=AXIS2_PLACEMENT_3D('',#16232,#12957,#12958);
#10696=AXIS2_PLACEMENT_3D('',#16233,#12959,#12960);
#10697=AXIS2_PLACEMENT_3D('',#16236,#12963,#12964);
#10698=AXIS2_PLACEMENT_3D('',#16238,#12966,#12967);
#10699=AXIS2_PLACEMENT_3D('',#16240,#12969,#12970);
#10700=AXIS2_PLACEMENT_3D('',#16242,#12972,#12973);
#10701=AXIS2_PLACEMENT_3D('',#16244,#12975,#12976);
#10702=AXIS2_PLACEMENT_3D('',#16246,#12978,#12979);
#10703=AXIS2_PLACEMENT_3D('',#16248,#12981,#12982);
#10704=AXIS2_PLACEMENT_3D('',#16249,#12983,#12984);
#10705=AXIS2_PLACEMENT_3D('',#16252,#12987,#12988);
#10706=AXIS2_PLACEMENT_3D('',#16254,#12990,#12991);
#10707=AXIS2_PLACEMENT_3D('',#16256,#12993,#12994);
#10708=AXIS2_PLACEMENT_3D('',#16258,#12996,#12997);
#10709=AXIS2_PLACEMENT_3D('',#16260,#12999,#13000);
#10710=AXIS2_PLACEMENT_3D('',#16262,#13002,#13003);
#10711=AXIS2_PLACEMENT_3D('',#16264,#13005,#13006);
#10712=AXIS2_PLACEMENT_3D('',#16265,#13007,#13008);
#10713=AXIS2_PLACEMENT_3D('',#16268,#13011,#13012);
#10714=AXIS2_PLACEMENT_3D('',#16270,#13014,#13015);
#10715=AXIS2_PLACEMENT_3D('',#16272,#13017,#13018);
#10716=AXIS2_PLACEMENT_3D('',#16274,#13020,#13021);
#10717=AXIS2_PLACEMENT_3D('',#16276,#13023,#13024);
#10718=AXIS2_PLACEMENT_3D('',#16278,#13026,#13027);
#10719=AXIS2_PLACEMENT_3D('',#16280,#13029,#13030);
#10720=AXIS2_PLACEMENT_3D('',#16281,#13031,#13032);
#10721=AXIS2_PLACEMENT_3D('',#16284,#13035,#13036);
#10722=AXIS2_PLACEMENT_3D('',#16286,#13038,#13039);
#10723=AXIS2_PLACEMENT_3D('',#16288,#13041,#13042);
#10724=AXIS2_PLACEMENT_3D('',#16290,#13044,#13045);
#10725=AXIS2_PLACEMENT_3D('',#16292,#13047,#13048);
#10726=AXIS2_PLACEMENT_3D('',#16294,#13050,#13051);
#10727=AXIS2_PLACEMENT_3D('',#16296,#13053,#13054);
#10728=AXIS2_PLACEMENT_3D('',#16297,#13055,#13056);
#10729=AXIS2_PLACEMENT_3D('',#16300,#13059,#13060);
#10730=AXIS2_PLACEMENT_3D('',#16302,#13062,#13063);
#10731=AXIS2_PLACEMENT_3D('',#16304,#13065,#13066);
#10732=AXIS2_PLACEMENT_3D('',#16306,#13068,#13069);
#10733=AXIS2_PLACEMENT_3D('',#16308,#13071,#13072);
#10734=AXIS2_PLACEMENT_3D('',#16310,#13074,#13075);
#10735=AXIS2_PLACEMENT_3D('',#16312,#13077,#13078);
#10736=AXIS2_PLACEMENT_3D('',#16313,#13079,#13080);
#10737=AXIS2_PLACEMENT_3D('',#16316,#13083,#13084);
#10738=AXIS2_PLACEMENT_3D('',#16318,#13086,#13087);
#10739=AXIS2_PLACEMENT_3D('',#16320,#13089,#13090);
#10740=AXIS2_PLACEMENT_3D('',#16322,#13092,#13093);
#10741=AXIS2_PLACEMENT_3D('',#16324,#13095,#13096);
#10742=AXIS2_PLACEMENT_3D('',#16326,#13098,#13099);
#10743=AXIS2_PLACEMENT_3D('',#16328,#13101,#13102);
#10744=AXIS2_PLACEMENT_3D('',#16329,#13103,#13104);
#10745=AXIS2_PLACEMENT_3D('',#16332,#13107,#13108);
#10746=AXIS2_PLACEMENT_3D('',#16334,#13110,#13111);
#10747=AXIS2_PLACEMENT_3D('',#16336,#13113,#13114);
#10748=AXIS2_PLACEMENT_3D('',#16338,#13116,#13117);
#10749=AXIS2_PLACEMENT_3D('',#16340,#13119,#13120);
#10750=AXIS2_PLACEMENT_3D('',#16342,#13122,#13123);
#10751=AXIS2_PLACEMENT_3D('',#16344,#13125,#13126);
#10752=AXIS2_PLACEMENT_3D('',#16345,#13127,#13128);
#10753=AXIS2_PLACEMENT_3D('',#16348,#13131,#13132);
#10754=AXIS2_PLACEMENT_3D('',#16350,#13134,#13135);
#10755=AXIS2_PLACEMENT_3D('',#16352,#13137,#13138);
#10756=AXIS2_PLACEMENT_3D('',#16354,#13140,#13141);
#10757=AXIS2_PLACEMENT_3D('',#16356,#13143,#13144);
#10758=AXIS2_PLACEMENT_3D('',#16358,#13146,#13147);
#10759=AXIS2_PLACEMENT_3D('',#16360,#13149,#13150);
#10760=AXIS2_PLACEMENT_3D('',#16361,#13151,#13152);
#10761=AXIS2_PLACEMENT_3D('',#16364,#13155,#13156);
#10762=AXIS2_PLACEMENT_3D('',#16366,#13158,#13159);
#10763=AXIS2_PLACEMENT_3D('',#16368,#13161,#13162);
#10764=AXIS2_PLACEMENT_3D('',#16370,#13164,#13165);
#10765=AXIS2_PLACEMENT_3D('',#16372,#13167,#13168);
#10766=AXIS2_PLACEMENT_3D('',#16374,#13170,#13171);
#10767=AXIS2_PLACEMENT_3D('',#16376,#13173,#13174);
#10768=AXIS2_PLACEMENT_3D('',#16377,#13175,#13176);
#10769=AXIS2_PLACEMENT_3D('',#16380,#13179,#13180);
#10770=AXIS2_PLACEMENT_3D('',#16382,#13182,#13183);
#10771=AXIS2_PLACEMENT_3D('',#16384,#13185,#13186);
#10772=AXIS2_PLACEMENT_3D('',#16386,#13188,#13189);
#10773=AXIS2_PLACEMENT_3D('',#16388,#13191,#13192);
#10774=AXIS2_PLACEMENT_3D('',#16390,#13194,#13195);
#10775=AXIS2_PLACEMENT_3D('',#16392,#13197,#13198);
#10776=AXIS2_PLACEMENT_3D('',#16393,#13199,#13200);
#10777=AXIS2_PLACEMENT_3D('',#16396,#13203,#13204);
#10778=AXIS2_PLACEMENT_3D('',#16398,#13206,#13207);
#10779=AXIS2_PLACEMENT_3D('',#16400,#13209,#13210);
#10780=AXIS2_PLACEMENT_3D('',#16402,#13212,#13213);
#10781=AXIS2_PLACEMENT_3D('',#16404,#13215,#13216);
#10782=AXIS2_PLACEMENT_3D('',#16406,#13218,#13219);
#10783=AXIS2_PLACEMENT_3D('',#16408,#13221,#13222);
#10784=AXIS2_PLACEMENT_3D('',#16409,#13223,#13224);
#10785=AXIS2_PLACEMENT_3D('',#16412,#13227,#13228);
#10786=AXIS2_PLACEMENT_3D('',#16414,#13230,#13231);
#10787=AXIS2_PLACEMENT_3D('',#16416,#13233,#13234);
#10788=AXIS2_PLACEMENT_3D('',#16418,#13236,#13237);
#10789=AXIS2_PLACEMENT_3D('',#16420,#13239,#13240);
#10790=AXIS2_PLACEMENT_3D('',#16422,#13242,#13243);
#10791=AXIS2_PLACEMENT_3D('',#16424,#13245,#13246);
#10792=AXIS2_PLACEMENT_3D('',#16425,#13247,#13248);
#10793=AXIS2_PLACEMENT_3D('',#16428,#13251,#13252);
#10794=AXIS2_PLACEMENT_3D('',#16430,#13254,#13255);
#10795=AXIS2_PLACEMENT_3D('',#16432,#13257,#13258);
#10796=AXIS2_PLACEMENT_3D('',#16434,#13260,#13261);
#10797=AXIS2_PLACEMENT_3D('',#16436,#13263,#13264);
#10798=AXIS2_PLACEMENT_3D('',#16438,#13266,#13267);
#10799=AXIS2_PLACEMENT_3D('',#16440,#13269,#13270);
#10800=AXIS2_PLACEMENT_3D('',#16441,#13271,#13272);
#10801=AXIS2_PLACEMENT_3D('',#16444,#13275,#13276);
#10802=AXIS2_PLACEMENT_3D('',#16446,#13278,#13279);
#10803=AXIS2_PLACEMENT_3D('',#16448,#13281,#13282);
#10804=AXIS2_PLACEMENT_3D('',#16450,#13284,#13285);
#10805=AXIS2_PLACEMENT_3D('',#16452,#13287,#13288);
#10806=AXIS2_PLACEMENT_3D('',#16454,#13290,#13291);
#10807=AXIS2_PLACEMENT_3D('',#16456,#13293,#13294);
#10808=AXIS2_PLACEMENT_3D('',#16457,#13295,#13296);
#10809=AXIS2_PLACEMENT_3D('',#16460,#13299,#13300);
#10810=AXIS2_PLACEMENT_3D('',#16462,#13302,#13303);
#10811=AXIS2_PLACEMENT_3D('',#16464,#13305,#13306);
#10812=AXIS2_PLACEMENT_3D('',#16466,#13308,#13309);
#10813=AXIS2_PLACEMENT_3D('',#16468,#13311,#13312);
#10814=AXIS2_PLACEMENT_3D('',#16470,#13314,#13315);
#10815=AXIS2_PLACEMENT_3D('',#16471,#13316,#13317);
#10816=AXIS2_PLACEMENT_3D('',#16473,#13319,#13320);
#10817=AXIS2_PLACEMENT_3D('',#16475,#13322,#13323);
#10818=AXIS2_PLACEMENT_3D('',#16477,#13325,#13326);
#10819=AXIS2_PLACEMENT_3D('',#16479,#13328,#13329);
#10820=AXIS2_PLACEMENT_3D('',#16481,#13331,#13332);
#10821=AXIS2_PLACEMENT_3D('',#16483,#13334,#13335);
#10822=AXIS2_PLACEMENT_3D('',#16485,#13337,#13338);
#10823=AXIS2_PLACEMENT_3D('',#16487,#13340,#13341);
#10824=AXIS2_PLACEMENT_3D('',#16489,#13343,#13344);
#10825=AXIS2_PLACEMENT_3D('',#16490,#13345,#13346);
#10826=AXIS2_PLACEMENT_3D('',#16493,#13349,#13350);
#10827=AXIS2_PLACEMENT_3D('',#16495,#13352,#13353);
#10828=AXIS2_PLACEMENT_3D('',#16497,#13355,#13356);
#10829=AXIS2_PLACEMENT_3D('',#16499,#13358,#13359);
#10830=AXIS2_PLACEMENT_3D('',#16501,#13361,#13362);
#10831=AXIS2_PLACEMENT_3D('',#16503,#13364,#13365);
#10832=AXIS2_PLACEMENT_3D('',#16505,#13367,#13368);
#10833=AXIS2_PLACEMENT_3D('',#16506,#13369,#13370);
#10834=AXIS2_PLACEMENT_3D('',#16509,#13373,#13374);
#10835=AXIS2_PLACEMENT_3D('',#16511,#13376,#13377);
#10836=AXIS2_PLACEMENT_3D('',#16513,#13379,#13380);
#10837=AXIS2_PLACEMENT_3D('',#16515,#13382,#13383);
#10838=AXIS2_PLACEMENT_3D('',#16517,#13385,#13386);
#10839=AXIS2_PLACEMENT_3D('',#16519,#13388,#13389);
#10840=AXIS2_PLACEMENT_3D('',#16521,#13391,#13392);
#10841=AXIS2_PLACEMENT_3D('',#16522,#13393,#13394);
#10842=AXIS2_PLACEMENT_3D('',#16525,#13397,#13398);
#10843=AXIS2_PLACEMENT_3D('',#16527,#13400,#13401);
#10844=AXIS2_PLACEMENT_3D('',#16529,#13403,#13404);
#10845=AXIS2_PLACEMENT_3D('',#16531,#13406,#13407);
#10846=AXIS2_PLACEMENT_3D('',#16533,#13409,#13410);
#10847=AXIS2_PLACEMENT_3D('',#16535,#13412,#13413);
#10848=AXIS2_PLACEMENT_3D('',#16537,#13415,#13416);
#10849=AXIS2_PLACEMENT_3D('',#16538,#13417,#13418);
#10850=AXIS2_PLACEMENT_3D('',#16541,#13421,#13422);
#10851=AXIS2_PLACEMENT_3D('',#16543,#13424,#13425);
#10852=AXIS2_PLACEMENT_3D('',#16545,#13427,#13428);
#10853=AXIS2_PLACEMENT_3D('',#16547,#13430,#13431);
#10854=AXIS2_PLACEMENT_3D('',#16549,#13433,#13434);
#10855=AXIS2_PLACEMENT_3D('',#16551,#13436,#13437);
#10856=AXIS2_PLACEMENT_3D('',#16553,#13439,#13440);
#10857=AXIS2_PLACEMENT_3D('',#16554,#13441,#13442);
#10858=AXIS2_PLACEMENT_3D('',#16557,#13445,#13446);
#10859=AXIS2_PLACEMENT_3D('',#16559,#13448,#13449);
#10860=AXIS2_PLACEMENT_3D('',#16561,#13451,#13452);
#10861=AXIS2_PLACEMENT_3D('',#16563,#13454,#13455);
#10862=AXIS2_PLACEMENT_3D('',#16565,#13457,#13458);
#10863=AXIS2_PLACEMENT_3D('',#16567,#13460,#13461);
#10864=AXIS2_PLACEMENT_3D('',#16569,#13463,#13464);
#10865=AXIS2_PLACEMENT_3D('',#16570,#13465,#13466);
#10866=AXIS2_PLACEMENT_3D('',#16573,#13469,#13470);
#10867=AXIS2_PLACEMENT_3D('',#16575,#13472,#13473);
#10868=AXIS2_PLACEMENT_3D('',#16577,#13475,#13476);
#10869=AXIS2_PLACEMENT_3D('',#16579,#13478,#13479);
#10870=AXIS2_PLACEMENT_3D('',#16581,#13481,#13482);
#10871=AXIS2_PLACEMENT_3D('',#16583,#13484,#13485);
#10872=AXIS2_PLACEMENT_3D('',#16585,#13487,#13488);
#10873=AXIS2_PLACEMENT_3D('',#16586,#13489,#13490);
#10874=AXIS2_PLACEMENT_3D('',#16589,#13493,#13494);
#10875=AXIS2_PLACEMENT_3D('',#16591,#13496,#13497);
#10876=AXIS2_PLACEMENT_3D('',#16593,#13499,#13500);
#10877=AXIS2_PLACEMENT_3D('',#16595,#13502,#13503);
#10878=AXIS2_PLACEMENT_3D('',#16597,#13505,#13506);
#10879=AXIS2_PLACEMENT_3D('',#16599,#13508,#13509);
#10880=AXIS2_PLACEMENT_3D('',#16601,#13511,#13512);
#10881=AXIS2_PLACEMENT_3D('',#16602,#13513,#13514);
#10882=AXIS2_PLACEMENT_3D('',#16605,#13517,#13518);
#10883=AXIS2_PLACEMENT_3D('',#16607,#13520,#13521);
#10884=AXIS2_PLACEMENT_3D('',#16609,#13523,#13524);
#10885=AXIS2_PLACEMENT_3D('',#16611,#13526,#13527);
#10886=AXIS2_PLACEMENT_3D('',#16613,#13529,#13530);
#10887=AXIS2_PLACEMENT_3D('',#16615,#13532,#13533);
#10888=AXIS2_PLACEMENT_3D('',#16617,#13535,#13536);
#10889=AXIS2_PLACEMENT_3D('',#16618,#13537,#13538);
#10890=AXIS2_PLACEMENT_3D('',#16621,#13541,#13542);
#10891=AXIS2_PLACEMENT_3D('',#16623,#13544,#13545);
#10892=AXIS2_PLACEMENT_3D('',#16625,#13547,#13548);
#10893=AXIS2_PLACEMENT_3D('',#16627,#13550,#13551);
#10894=AXIS2_PLACEMENT_3D('',#16629,#13553,#13554);
#10895=AXIS2_PLACEMENT_3D('',#16631,#13556,#13557);
#10896=AXIS2_PLACEMENT_3D('',#16633,#13559,#13560);
#10897=AXIS2_PLACEMENT_3D('',#16634,#13561,#13562);
#10898=AXIS2_PLACEMENT_3D('',#16636,#13564,#13565);
#10899=AXIS2_PLACEMENT_3D('',#16638,#13567,#13568);
#10900=AXIS2_PLACEMENT_3D('',#16640,#13570,#13571);
#10901=AXIS2_PLACEMENT_3D('',#16642,#13573,#13574);
#10902=AXIS2_PLACEMENT_3D('',#16644,#13576,#13577);
#10903=AXIS2_PLACEMENT_3D('',#16646,#13579,#13580);
#10904=AXIS2_PLACEMENT_3D('',#16648,#13582,#13583);
#10905=AXIS2_PLACEMENT_3D('',#16650,#13585,#13586);
#10906=AXIS2_PLACEMENT_3D('',#16652,#13588,#13589);
#10907=AXIS2_PLACEMENT_3D('',#16654,#13591,#13592);
#10908=AXIS2_PLACEMENT_3D('',#16656,#13594,#13595);
#10909=AXIS2_PLACEMENT_3D('',#16658,#13597,#13598);
#10910=AXIS2_PLACEMENT_3D('',#16660,#13600,#13601);
#10911=AXIS2_PLACEMENT_3D('',#16662,#13603,#13604);
#10912=AXIS2_PLACEMENT_3D('',#16664,#13606,#13607);
#10913=AXIS2_PLACEMENT_3D('',#16666,#13609,#13610);
#10914=AXIS2_PLACEMENT_3D('',#16668,#13612,#13613);
#10915=AXIS2_PLACEMENT_3D('',#16670,#13615,#13616);
#10916=AXIS2_PLACEMENT_3D('',#16672,#13618,#13619);
#10917=AXIS2_PLACEMENT_3D('',#16674,#13621,#13622);
#10918=AXIS2_PLACEMENT_3D('',#16676,#13624,#13625);
#10919=AXIS2_PLACEMENT_3D('',#16678,#13627,#13628);
#10920=AXIS2_PLACEMENT_3D('',#16680,#13630,#13631);
#10921=AXIS2_PLACEMENT_3D('',#16682,#13633,#13634);
#10922=AXIS2_PLACEMENT_3D('',#16684,#13636,#13637);
#10923=AXIS2_PLACEMENT_3D('',#16686,#13639,#13640);
#10924=AXIS2_PLACEMENT_3D('',#16688,#13642,#13643);
#10925=AXIS2_PLACEMENT_3D('',#16690,#13645,#13646);
#10926=AXIS2_PLACEMENT_3D('',#16692,#13648,#13649);
#10927=AXIS2_PLACEMENT_3D('',#16693,#13650,#13651);
#10928=AXIS2_PLACEMENT_3D('',#16696,#13654,#13655);
#10929=AXIS2_PLACEMENT_3D('',#16698,#13657,#13658);
#10930=AXIS2_PLACEMENT_3D('',#16700,#13660,#13661);
#10931=AXIS2_PLACEMENT_3D('',#16702,#13663,#13664);
#10932=AXIS2_PLACEMENT_3D('',#16704,#13666,#13667);
#10933=AXIS2_PLACEMENT_3D('',#16706,#13669,#13670);
#10934=AXIS2_PLACEMENT_3D('',#16708,#13672,#13673);
#10935=AXIS2_PLACEMENT_3D('',#16709,#13674,#13675);
#10936=AXIS2_PLACEMENT_3D('',#16712,#13678,#13679);
#10937=AXIS2_PLACEMENT_3D('',#16714,#13681,#13682);
#10938=AXIS2_PLACEMENT_3D('',#16716,#13684,#13685);
#10939=AXIS2_PLACEMENT_3D('',#16718,#13687,#13688);
#10940=AXIS2_PLACEMENT_3D('',#16720,#13690,#13691);
#10941=AXIS2_PLACEMENT_3D('',#16722,#13693,#13694);
#10942=AXIS2_PLACEMENT_3D('',#16724,#13696,#13697);
#10943=AXIS2_PLACEMENT_3D('',#16725,#13698,#13699);
#10944=AXIS2_PLACEMENT_3D('',#16728,#13702,#13703);
#10945=AXIS2_PLACEMENT_3D('',#16730,#13705,#13706);
#10946=AXIS2_PLACEMENT_3D('',#16732,#13708,#13709);
#10947=AXIS2_PLACEMENT_3D('',#16734,#13711,#13712);
#10948=AXIS2_PLACEMENT_3D('',#16736,#13714,#13715);
#10949=AXIS2_PLACEMENT_3D('',#16738,#13717,#13718);
#10950=AXIS2_PLACEMENT_3D('',#16740,#13720,#13721);
#10951=AXIS2_PLACEMENT_3D('',#16741,#13722,#13723);
#10952=AXIS2_PLACEMENT_3D('',#16744,#13726,#13727);
#10953=AXIS2_PLACEMENT_3D('',#16746,#13729,#13730);
#10954=AXIS2_PLACEMENT_3D('',#16748,#13732,#13733);
#10955=AXIS2_PLACEMENT_3D('',#16750,#13735,#13736);
#10956=AXIS2_PLACEMENT_3D('',#16752,#13738,#13739);
#10957=AXIS2_PLACEMENT_3D('',#16754,#13741,#13742);
#10958=AXIS2_PLACEMENT_3D('',#16756,#13744,#13745);
#10959=AXIS2_PLACEMENT_3D('',#16757,#13746,#13747);
#10960=AXIS2_PLACEMENT_3D('',#16760,#13750,#13751);
#10961=AXIS2_PLACEMENT_3D('',#16762,#13753,#13754);
#10962=AXIS2_PLACEMENT_3D('',#16764,#13756,#13757);
#10963=AXIS2_PLACEMENT_3D('',#16766,#13759,#13760);
#10964=AXIS2_PLACEMENT_3D('',#16768,#13762,#13763);
#10965=AXIS2_PLACEMENT_3D('',#16770,#13765,#13766);
#10966=AXIS2_PLACEMENT_3D('',#16772,#13768,#13769);
#10967=AXIS2_PLACEMENT_3D('',#16773,#13770,#13771);
#10968=AXIS2_PLACEMENT_3D('',#16776,#13774,#13775);
#10969=AXIS2_PLACEMENT_3D('',#16778,#13777,#13778);
#10970=AXIS2_PLACEMENT_3D('',#16780,#13780,#13781);
#10971=AXIS2_PLACEMENT_3D('',#16782,#13783,#13784);
#10972=AXIS2_PLACEMENT_3D('',#16784,#13786,#13787);
#10973=AXIS2_PLACEMENT_3D('',#16786,#13789,#13790);
#10974=AXIS2_PLACEMENT_3D('',#16788,#13792,#13793);
#10975=AXIS2_PLACEMENT_3D('',#16789,#13794,#13795);
#10976=AXIS2_PLACEMENT_3D('',#16792,#13798,#13799);
#10977=AXIS2_PLACEMENT_3D('',#16794,#13801,#13802);
#10978=AXIS2_PLACEMENT_3D('',#16796,#13804,#13805);
#10979=AXIS2_PLACEMENT_3D('',#16798,#13807,#13808);
#10980=AXIS2_PLACEMENT_3D('',#16800,#13810,#13811);
#10981=AXIS2_PLACEMENT_3D('',#16802,#13813,#13814);
#10982=AXIS2_PLACEMENT_3D('',#16804,#13816,#13817);
#10983=AXIS2_PLACEMENT_3D('',#16805,#13818,#13819);
#10984=AXIS2_PLACEMENT_3D('',#16808,#13822,#13823);
#10985=AXIS2_PLACEMENT_3D('',#16810,#13825,#13826);
#10986=AXIS2_PLACEMENT_3D('',#16812,#13828,#13829);
#10987=AXIS2_PLACEMENT_3D('',#16814,#13831,#13832);
#10988=AXIS2_PLACEMENT_3D('',#16816,#13834,#13835);
#10989=AXIS2_PLACEMENT_3D('',#16818,#13837,#13838);
#10990=AXIS2_PLACEMENT_3D('',#16820,#13840,#13841);
#10991=AXIS2_PLACEMENT_3D('',#16821,#13842,#13843);
#10992=AXIS2_PLACEMENT_3D('',#16824,#13846,#13847);
#10993=AXIS2_PLACEMENT_3D('',#16826,#13849,#13850);
#10994=AXIS2_PLACEMENT_3D('',#16828,#13852,#13853);
#10995=AXIS2_PLACEMENT_3D('',#16830,#13855,#13856);
#10996=AXIS2_PLACEMENT_3D('',#16832,#13858,#13859);
#10997=AXIS2_PLACEMENT_3D('',#16834,#13861,#13862);
#10998=AXIS2_PLACEMENT_3D('',#16836,#13864,#13865);
#10999=AXIS2_PLACEMENT_3D('',#16837,#13866,#13867);
#11000=AXIS2_PLACEMENT_3D('',#16839,#13869,#13870);
#11001=AXIS2_PLACEMENT_3D('',#16842,#13873,#13874);
#11002=AXIS2_PLACEMENT_3D('',#16843,#13875,#13876);
#11003=AXIS2_PLACEMENT_3D('',#16845,#13878,#13879);
#11004=AXIS2_PLACEMENT_3D('',#16847,#13881,#13882);
#11005=AXIS2_PLACEMENT_3D('',#16848,#13883,#13884);
#11006=AXIS2_PLACEMENT_3D('',#16850,#13886,#13887);
#11007=AXIS2_PLACEMENT_3D('',#16851,#13888,#13889);
#11008=AXIS2_PLACEMENT_3D('',#16853,#13891,#13892);
#11009=AXIS2_PLACEMENT_3D('',#16855,#13894,#13895);
#11010=AXIS2_PLACEMENT_3D('',#16856,#13896,#13897);
#11011=AXIS2_PLACEMENT_3D('',#16858,#13899,#13900);
#11012=AXIS2_PLACEMENT_3D('',#16860,#13902,#13903);
#11013=AXIS2_PLACEMENT_3D('',#16863,#13906,#13907);
#11014=AXIS2_PLACEMENT_3D('',#16865,#13909,#13910);
#11015=AXIS2_PLACEMENT_3D('',#16867,#13912,#13913);
#11016=AXIS2_PLACEMENT_3D('',#16869,#13915,#13916);
#11017=AXIS2_PLACEMENT_3D('',#16871,#13918,#13919);
#11018=AXIS2_PLACEMENT_3D('',#16872,#13920,#13921);
#11019=DIRECTION('axis',(0.,0.,1.));
#11020=DIRECTION('refdir',(1.,0.,0.));
#11021=DIRECTION('center_axis',(0.,0.,1.));
#11022=DIRECTION('ref_axis',(1.,0.,0.));
#11023=DIRECTION('center_axis',(0.,0.,1.));
#11024=DIRECTION('ref_axis',(1.,0.,0.));
#11025=DIRECTION('',(0.,0.,1.));
#11026=DIRECTION('center_axis',(0.,0.,-1.));
#11027=DIRECTION('ref_axis',(1.,0.,0.));
#11028=DIRECTION('center_axis',(1.,0.,0.));
#11029=DIRECTION('ref_axis',(0.,1.,0.));
#11030=DIRECTION('',(0.,1.,0.));
#11031=DIRECTION('',(0.,0.,1.));
#11032=DIRECTION('',(0.,1.,0.));
#11033=DIRECTION('',(0.,0.,1.));
#11034=DIRECTION('center_axis',(0.,-1.,0.));
#11035=DIRECTION('ref_axis',(1.,0.,0.));
#11036=DIRECTION('',(1.,0.,0.));
#11037=DIRECTION('',(0.,0.,1.));
#11038=DIRECTION('',(1.,0.,0.));
#11039=DIRECTION('center_axis',(-1.,0.,0.));
#11040=DIRECTION('ref_axis',(0.,-1.,0.));
#11041=DIRECTION('',(0.,-1.,0.));
#11042=DIRECTION('',(0.,0.,1.));
#11043=DIRECTION('',(0.,-1.,0.));
#11044=DIRECTION('center_axis',(0.,1.,0.));
#11045=DIRECTION('ref_axis',(-1.,0.,0.));
#11046=DIRECTION('',(-1.,0.,0.));
#11047=DIRECTION('',(-1.,0.,0.));
#11048=DIRECTION('center_axis',(0.,0.,1.));
#11049=DIRECTION('ref_axis',(1.,0.,0.));
#11050=DIRECTION('',(-1.,0.,0.));
#11051=DIRECTION('',(0.,-1.,0.));
#11052=DIRECTION('center_axis',(0.,0.,-1.));
#11053=DIRECTION('ref_axis',(1.,0.,0.));
#11054=DIRECTION('',(1.,0.,0.));
#11055=DIRECTION('',(0.,-1.,0.));
#11056=DIRECTION('center_axis',(0.,0.,-1.));
#11057=DIRECTION('ref_axis',(1.,0.,0.));
#11058=DIRECTION('',(1.,0.,0.));
#11059=DIRECTION('center_axis',(0.,0.,-1.));
#11060=DIRECTION('ref_axis',(0.,1.,0.));
#11061=DIRECTION('',(0.,1.,0.));
#11062=DIRECTION('',(1.,0.,0.));
#11063=DIRECTION('',(0.,-1.,0.));
#11064=DIRECTION('center_axis',(0.,0.,-1.));
#11065=DIRECTION('ref_axis',(1.,0.,0.));
#11066=DIRECTION('',(1.,0.,0.));
#11067=DIRECTION('center_axis',(0.,0.,-1.));
#11068=DIRECTION('ref_axis',(0.,1.,0.));
#11069=DIRECTION('',(0.,1.,0.));
#11070=DIRECTION('',(1.,0.,0.));
#11071=DIRECTION('',(0.,-1.,0.));
#11072=DIRECTION('center_axis',(0.,0.,-1.));
#11073=DIRECTION('ref_axis',(1.,0.,0.));
#11074=DIRECTION('',(1.,0.,0.));
#11075=DIRECTION('center_axis',(0.,0.,-1.));
#11076=DIRECTION('ref_axis',(0.,1.,0.));
#11077=DIRECTION('',(0.,1.,0.));
#11078=DIRECTION('',(1.,0.,0.));
#11079=DIRECTION('center_axis',(0.,0.,-1.));
#11080=DIRECTION('ref_axis',(0.,1.,0.));
#11081=DIRECTION('',(0.,1.,0.));
#11082=DIRECTION('',(-1.,0.,0.));
#11083=DIRECTION('center_axis',(0.,0.,1.));
#11084=DIRECTION('ref_axis',(1.,0.,0.));
#11085=DIRECTION('',(0.,1.,0.));
#11086=DIRECTION('center_axis',(0.,0.,-1.));
#11087=DIRECTION('ref_axis',(-1.,0.,0.));
#11088=DIRECTION('',(-1.,0.,0.));
#11089=DIRECTION('center_axis',(0.,0.,1.));
#11090=DIRECTION('ref_axis',(1.,0.,0.));
#11091=DIRECTION('',(0.,1.,0.));
#11092=DIRECTION('center_axis',(0.,0.,-1.));
#11093=DIRECTION('ref_axis',(-1.,0.,0.));
#11094=DIRECTION('',(-1.,0.,0.));
#11095=DIRECTION('center_axis',(0.,0.,-1.));
#11096=DIRECTION('ref_axis',(0.,-1.,0.));
#11097=DIRECTION('',(0.,-1.,0.));
#11098=DIRECTION('center_axis',(0.,0.,1.));
#11099=DIRECTION('ref_axis',(0.,1.,0.));
#11100=DIRECTION('',(-1.,0.,0.));
#11101=DIRECTION('',(0.,-1.,0.));
#11102=DIRECTION('center_axis',(0.,0.,1.));
#11103=DIRECTION('ref_axis',(0.,1.,0.));
#11104=DIRECTION('',(-1.,0.,0.));
#11105=DIRECTION('',(0.,1.,0.));
#11106=DIRECTION('center_axis',(0.,0.,-1.));
#11107=DIRECTION('ref_axis',(-1.,0.,0.));
#11108=DIRECTION('',(-1.,0.,0.));
#11109=DIRECTION('center_axis',(0.,0.,-1.));
#11110=DIRECTION('ref_axis',(0.,-1.,0.));
#11111=DIRECTION('',(0.,-1.,0.));
#11112=DIRECTION('',(-1.,0.,0.));
#11113=DIRECTION('center_axis',(0.,0.,1.));
#11114=DIRECTION('ref_axis',(1.,0.,0.));
#11115=DIRECTION('',(0.,1.,0.));
#11116=DIRECTION('',(-1.,0.,0.));
#11117=DIRECTION('center_axis',(0.,0.,1.));
#11118=DIRECTION('ref_axis',(1.,0.,0.));
#11119=DIRECTION('',(0.,1.,0.));
#11120=DIRECTION('center_axis',(0.,0.,-1.));
#11121=DIRECTION('ref_axis',(-1.,0.,0.));
#11122=DIRECTION('',(-1.,0.,0.));
#11123=DIRECTION('center_axis',(0.,0.,-1.));
#11124=DIRECTION('ref_axis',(0.,-1.,0.));
#11125=DIRECTION('',(0.,-1.,0.));
#11126=DIRECTION('center_axis',(0.,0.,1.));
#11127=DIRECTION('ref_axis',(0.,1.,0.));
#11128=DIRECTION('',(-1.,0.,0.));
#11129=DIRECTION('center_axis',(0.,0.,-1.));
#11130=DIRECTION('ref_axis',(0.,-1.,0.));
#11131=DIRECTION('',(0.,-1.,0.));
#11132=DIRECTION('center_axis',(0.,0.,1.));
#11133=DIRECTION('ref_axis',(0.,1.,0.));
#11134=DIRECTION('center_axis',(0.,-1.,0.));
#11135=DIRECTION('ref_axis',(1.,0.,0.));
#11136=DIRECTION('',(0.,0.,-1.));
#11137=DIRECTION('',(1.,0.,0.));
#11138=DIRECTION('',(0.,0.,1.));
#11139=DIRECTION('',(1.,0.,0.));
#11140=DIRECTION('center_axis',(0.,1.,0.));
#11141=DIRECTION('ref_axis',(-1.,0.,0.));
#11142=DIRECTION('',(0.,0.,1.));
#11143=DIRECTION('',(-1.,0.,0.));
#11144=DIRECTION('',(0.,0.,1.));
#11145=DIRECTION('',(-1.,0.,0.));
#11146=DIRECTION('center_axis',(1.,0.,0.));
#11147=DIRECTION('ref_axis',(0.,1.,0.));
#11148=DIRECTION('',(0.,1.,0.));
#11149=DIRECTION('',(0.,1.,0.));
#11150=DIRECTION('center_axis',(0.,0.,1.));
#11151=DIRECTION('ref_axis',(1.,0.,0.));
#11152=DIRECTION('',(-3.61050848293469E-16,-1.,0.));
#11153=DIRECTION('',(-1.,0.,0.));
#11154=DIRECTION('center_axis',(0.,0.,1.));
#11155=DIRECTION('ref_axis',(1.,0.,0.));
#11156=DIRECTION('',(0.,1.,0.));
#11157=DIRECTION('center_axis',(0.,0.,-1.));
#11158=DIRECTION('ref_axis',(-1.,0.,0.));
#11159=DIRECTION('',(-1.,0.,0.));
#11160=DIRECTION('center_axis',(0.,0.,1.));
#11161=DIRECTION('ref_axis',(1.,0.,0.));
#11162=DIRECTION('',(0.,1.,0.));
#11163=DIRECTION('center_axis',(0.,0.,-1.));
#11164=DIRECTION('ref_axis',(-1.,0.,0.));
#11165=DIRECTION('',(-1.,0.,0.));
#11166=DIRECTION('center_axis',(0.,0.,-1.));
#11167=DIRECTION('ref_axis',(0.,-1.,0.));
#11168=DIRECTION('',(0.,-1.,0.));
#11169=DIRECTION('center_axis',(0.,0.,1.));
#11170=DIRECTION('ref_axis',(0.,1.,0.));
#11171=DIRECTION('',(-1.,0.,0.));
#11172=DIRECTION('center_axis',(0.,0.,-1.));
#11173=DIRECTION('ref_axis',(0.,-1.,0.));
#11174=DIRECTION('',(0.,-1.,0.));
#11175=DIRECTION('center_axis',(0.,0.,1.));
#11176=DIRECTION('ref_axis',(0.,1.,0.));
#11177=DIRECTION('',(-1.,0.,0.));
#11178=DIRECTION('',(0.,-1.,0.));
#11179=DIRECTION('center_axis',(0.,0.,-1.));
#11180=DIRECTION('ref_axis',(1.,0.,0.));
#11181=DIRECTION('',(1.,0.,0.));
#11182=DIRECTION('',(0.,-1.,0.));
#11183=DIRECTION('center_axis',(0.,0.,-1.));
#11184=DIRECTION('ref_axis',(1.,0.,0.));
#11185=DIRECTION('',(1.,0.,0.));
#11186=DIRECTION('center_axis',(0.,0.,-1.));
#11187=DIRECTION('ref_axis',(0.,1.,0.));
#11188=DIRECTION('',(0.,1.,0.));
#11189=DIRECTION('center_axis',(0.,0.,1.));
#11190=DIRECTION('ref_axis',(0.,-1.,0.));
#11191=DIRECTION('',(1.,0.,0.));
#11192=DIRECTION('',(-3.61050848293469E-16,-1.,0.));
#11193=DIRECTION('center_axis',(1.,0.,0.));
#11194=DIRECTION('ref_axis',(0.,1.,0.));
#11195=DIRECTION('',(0.,1.,0.));
#11196=DIRECTION('',(0.,0.,1.));
#11197=DIRECTION('',(0.,1.,0.));
#11198=DIRECTION('',(0.,0.,1.));
#11199=DIRECTION('center_axis',(0.,-1.,0.));
#11200=DIRECTION('ref_axis',(1.,0.,0.));
#11201=DIRECTION('',(1.,0.,0.));
#11202=DIRECTION('',(0.,0.,1.));
#11203=DIRECTION('',(1.,0.,0.));
#11204=DIRECTION('center_axis',(-1.,0.,0.));
#11205=DIRECTION('ref_axis',(0.,-1.,0.));
#11206=DIRECTION('',(0.,-1.,0.));
#11207=DIRECTION('',(0.,0.,1.));
#11208=DIRECTION('',(0.,-1.,0.));
#11209=DIRECTION('center_axis',(0.,1.,0.));
#11210=DIRECTION('ref_axis',(-1.,0.,0.));
#11211=DIRECTION('',(-1.,0.,0.));
#11212=DIRECTION('',(-1.,0.,0.));
#11213=DIRECTION('center_axis',(0.,0.,1.));
#11214=DIRECTION('ref_axis',(1.,0.,0.));
#11215=DIRECTION('',(-1.,0.,0.));
#11216=DIRECTION('',(0.,-1.,0.));
#11217=DIRECTION('center_axis',(0.,0.,-1.));
#11218=DIRECTION('ref_axis',(1.,0.,0.));
#11219=DIRECTION('',(1.,0.,0.));
#11220=DIRECTION('',(0.,-1.,0.));
#11221=DIRECTION('center_axis',(0.,0.,-1.));
#11222=DIRECTION('ref_axis',(1.,0.,0.));
#11223=DIRECTION('',(1.,0.,0.));
#11224=DIRECTION('center_axis',(0.,0.,-1.));
#11225=DIRECTION('ref_axis',(0.,1.,0.));
#11226=DIRECTION('',(0.,1.,0.));
#11227=DIRECTION('',(1.,0.,0.));
#11228=DIRECTION('',(0.,-1.,0.));
#11229=DIRECTION('center_axis',(0.,0.,-1.));
#11230=DIRECTION('ref_axis',(1.,0.,0.));
#11231=DIRECTION('',(1.,0.,0.));
#11232=DIRECTION('center_axis',(0.,0.,-1.));
#11233=DIRECTION('ref_axis',(0.,1.,0.));
#11234=DIRECTION('',(0.,1.,0.));
#11235=DIRECTION('',(1.,0.,0.));
#11236=DIRECTION('',(0.,-1.,0.));
#11237=DIRECTION('center_axis',(0.,0.,-1.));
#11238=DIRECTION('ref_axis',(1.,0.,0.));
#11239=DIRECTION('',(1.,0.,0.));
#11240=DIRECTION('center_axis',(0.,0.,-1.));
#11241=DIRECTION('ref_axis',(0.,1.,0.));
#11242=DIRECTION('',(0.,1.,0.));
#11243=DIRECTION('',(1.,0.,0.));
#11244=DIRECTION('center_axis',(0.,0.,-1.));
#11245=DIRECTION('ref_axis',(0.,1.,0.));
#11246=DIRECTION('',(0.,1.,0.));
#11247=DIRECTION('',(-1.,0.,0.));
#11248=DIRECTION('center_axis',(0.,0.,1.));
#11249=DIRECTION('ref_axis',(1.,0.,0.));
#11250=DIRECTION('',(0.,1.,0.));
#11251=DIRECTION('center_axis',(0.,0.,-1.));
#11252=DIRECTION('ref_axis',(-1.,0.,0.));
#11253=DIRECTION('',(-1.,0.,0.));
#11254=DIRECTION('center_axis',(0.,0.,1.));
#11255=DIRECTION('ref_axis',(1.,0.,0.));
#11256=DIRECTION('',(0.,1.,0.));
#11257=DIRECTION('center_axis',(0.,0.,-1.));
#11258=DIRECTION('ref_axis',(-1.,0.,0.));
#11259=DIRECTION('',(-1.,0.,0.));
#11260=DIRECTION('center_axis',(0.,0.,-1.));
#11261=DIRECTION('ref_axis',(0.,-1.,0.));
#11262=DIRECTION('',(0.,-1.,0.));
#11263=DIRECTION('center_axis',(0.,0.,1.));
#11264=DIRECTION('ref_axis',(0.,1.,0.));
#11265=DIRECTION('',(-1.,0.,0.));
#11266=DIRECTION('',(0.,-1.,0.));
#11267=DIRECTION('center_axis',(0.,0.,1.));
#11268=DIRECTION('ref_axis',(0.,1.,0.));
#11269=DIRECTION('',(-1.,0.,0.));
#11270=DIRECTION('',(0.,1.,0.));
#11271=DIRECTION('center_axis',(0.,0.,-1.));
#11272=DIRECTION('ref_axis',(-1.,0.,0.));
#11273=DIRECTION('',(-1.,0.,0.));
#11274=DIRECTION('center_axis',(0.,0.,-1.));
#11275=DIRECTION('ref_axis',(0.,-1.,0.));
#11276=DIRECTION('',(0.,-1.,0.));
#11277=DIRECTION('',(-1.,0.,0.));
#11278=DIRECTION('center_axis',(0.,0.,1.));
#11279=DIRECTION('ref_axis',(1.,0.,0.));
#11280=DIRECTION('',(0.,1.,0.));
#11281=DIRECTION('',(-1.,0.,0.));
#11282=DIRECTION('center_axis',(0.,0.,1.));
#11283=DIRECTION('ref_axis',(1.,0.,0.));
#11284=DIRECTION('',(0.,1.,0.));
#11285=DIRECTION('center_axis',(0.,0.,-1.));
#11286=DIRECTION('ref_axis',(-1.,0.,0.));
#11287=DIRECTION('',(-1.,0.,0.));
#11288=DIRECTION('center_axis',(0.,0.,-1.));
#11289=DIRECTION('ref_axis',(0.,-1.,0.));
#11290=DIRECTION('',(0.,-1.,0.));
#11291=DIRECTION('center_axis',(0.,0.,1.));
#11292=DIRECTION('ref_axis',(0.,1.,0.));
#11293=DIRECTION('',(-1.,0.,0.));
#11294=DIRECTION('center_axis',(0.,0.,-1.));
#11295=DIRECTION('ref_axis',(0.,-1.,0.));
#11296=DIRECTION('',(0.,-1.,0.));
#11297=DIRECTION('center_axis',(0.,0.,1.));
#11298=DIRECTION('ref_axis',(0.,1.,0.));
#11299=DIRECTION('center_axis',(1.,0.,0.));
#11300=DIRECTION('ref_axis',(0.,1.,0.));
#11301=DIRECTION('',(0.,0.,1.));
#11302=DIRECTION('',(0.,1.,0.));
#11303=DIRECTION('',(0.,0.,1.));
#11304=DIRECTION('center_axis',(0.,0.,1.));
#11305=DIRECTION('ref_axis',(1.,0.,0.));
#11306=DIRECTION('',(0.,0.,1.));
#11307=DIRECTION('center_axis',(0.,0.,1.));
#11308=DIRECTION('ref_axis',(1.,0.,0.));
#11309=DIRECTION('center_axis',(0.,1.,0.));
#11310=DIRECTION('ref_axis',(-1.,0.,0.));
#11311=DIRECTION('',(0.,0.,1.));
#11312=DIRECTION('',(-1.,0.,0.));
#11313=DIRECTION('center_axis',(0.,0.,1.));
#11314=DIRECTION('ref_axis',(-1.,0.,0.));
#11315=DIRECTION('',(0.,0.,1.));
#11316=DIRECTION('center_axis',(0.,0.,-1.));
#11317=DIRECTION('ref_axis',(-1.,0.,0.));
#11318=DIRECTION('center_axis',(1.,0.,0.));
#11319=DIRECTION('ref_axis',(0.,1.,0.));
#11320=DIRECTION('',(0.,0.,1.));
#11321=DIRECTION('',(0.,1.,0.));
#11322=DIRECTION('center_axis',(0.,0.,1.));
#11323=DIRECTION('ref_axis',(1.,0.,0.));
#11324=DIRECTION('',(0.,0.,1.));
#11325=DIRECTION('center_axis',(0.,0.,1.));
#11326=DIRECTION('ref_axis',(1.,0.,0.));
#11327=DIRECTION('center_axis',(0.,1.,0.));
#11328=DIRECTION('ref_axis',(-1.,0.,0.));
#11329=DIRECTION('',(0.,0.,1.));
#11330=DIRECTION('',(-1.,0.,0.));
#11331=DIRECTION('center_axis',(1.,0.,0.));
#11332=DIRECTION('ref_axis',(0.,1.,0.));
#11333=DIRECTION('',(0.,0.,1.));
#11334=DIRECTION('',(0.,1.,0.));
#11335=DIRECTION('center_axis',(0.,0.,1.));
#11336=DIRECTION('ref_axis',(0.,1.,0.));
#11337=DIRECTION('',(0.,0.,1.));
#11338=DIRECTION('center_axis',(0.,0.,-1.));
#11339=DIRECTION('ref_axis',(0.,1.,0.));
#11340=DIRECTION('center_axis',(0.,-1.,0.));
#11341=DIRECTION('ref_axis',(1.,0.,0.));
#11342=DIRECTION('',(0.,0.,1.));
#11343=DIRECTION('',(1.,0.,0.));
#11344=DIRECTION('center_axis',(1.,0.,0.));
#11345=DIRECTION('ref_axis',(0.,1.,0.));
#11346=DIRECTION('',(0.,0.,1.));
#11347=DIRECTION('',(0.,1.,0.));
#11348=DIRECTION('center_axis',(0.,0.,1.));
#11349=DIRECTION('ref_axis',(0.,1.,0.));
#11350=DIRECTION('',(0.,0.,1.));
#11351=DIRECTION('center_axis',(0.,0.,-1.));
#11352=DIRECTION('ref_axis',(0.,1.,0.));
#11353=DIRECTION('center_axis',(0.,-1.,0.));
#11354=DIRECTION('ref_axis',(1.,0.,0.));
#11355=DIRECTION('',(0.,0.,1.));
#11356=DIRECTION('',(1.,0.,0.));
#11357=DIRECTION('center_axis',(0.,0.,1.));
#11358=DIRECTION('ref_axis',(1.,0.,0.));
#11359=DIRECTION('',(0.,0.,1.));
#11360=DIRECTION('center_axis',(0.,0.,-1.));
#11361=DIRECTION('ref_axis',(1.,0.,0.));
#11362=DIRECTION('center_axis',(-1.,0.,0.));
#11363=DIRECTION('ref_axis',(0.,-1.,0.));
#11364=DIRECTION('',(0.,0.,1.));
#11365=DIRECTION('',(0.,-1.,0.));
#11366=DIRECTION('center_axis',(0.,-1.,0.));
#11367=DIRECTION('ref_axis',(1.,0.,0.));
#11368=DIRECTION('',(0.,0.,1.));
#11369=DIRECTION('',(1.,0.,0.));
#11370=DIRECTION('center_axis',(1.,0.,0.));
#11371=DIRECTION('ref_axis',(0.,1.,0.));
#11372=DIRECTION('',(0.,0.,1.));
#11373=DIRECTION('',(0.,1.,0.));
#11374=DIRECTION('center_axis',(0.,0.,1.));
#11375=DIRECTION('ref_axis',(0.,1.,0.));
#11376=DIRECTION('',(0.,0.,1.));
#11377=DIRECTION('center_axis',(0.,0.,-1.));
#11378=DIRECTION('ref_axis',(0.,1.,0.));
#11379=DIRECTION('center_axis',(0.,-1.,0.));
#11380=DIRECTION('ref_axis',(1.,0.,0.));
#11381=DIRECTION('',(0.,0.,1.));
#11382=DIRECTION('',(1.,0.,0.));
#11383=DIRECTION('center_axis',(0.,0.,1.));
#11384=DIRECTION('ref_axis',(1.,0.,0.));
#11385=DIRECTION('',(0.,0.,1.));
#11386=DIRECTION('center_axis',(0.,0.,-1.));
#11387=DIRECTION('ref_axis',(1.,0.,0.));
#11388=DIRECTION('center_axis',(-1.,0.,0.));
#11389=DIRECTION('ref_axis',(0.,-1.,0.));
#11390=DIRECTION('',(0.,0.,1.));
#11391=DIRECTION('',(0.,-1.,0.));
#11392=DIRECTION('center_axis',(0.,-1.,0.));
#11393=DIRECTION('ref_axis',(1.,0.,0.));
#11394=DIRECTION('',(0.,0.,1.));
#11395=DIRECTION('',(1.,0.,0.));
#11396=DIRECTION('center_axis',(1.,0.,0.));
#11397=DIRECTION('ref_axis',(0.,1.,0.));
#11398=DIRECTION('',(0.,0.,1.));
#11399=DIRECTION('',(0.,1.,0.));
#11400=DIRECTION('center_axis',(0.,0.,1.));
#11401=DIRECTION('ref_axis',(0.,1.,0.));
#11402=DIRECTION('',(0.,0.,1.));
#11403=DIRECTION('center_axis',(0.,0.,-1.));
#11404=DIRECTION('ref_axis',(0.,1.,0.));
#11405=DIRECTION('center_axis',(0.,-1.,0.));
#11406=DIRECTION('ref_axis',(1.,0.,0.));
#11407=DIRECTION('',(0.,0.,1.));
#11408=DIRECTION('',(1.,0.,0.));
#11409=DIRECTION('center_axis',(0.,0.,1.));
#11410=DIRECTION('ref_axis',(1.,0.,0.));
#11411=DIRECTION('',(0.,0.,1.));
#11412=DIRECTION('center_axis',(0.,0.,-1.));
#11413=DIRECTION('ref_axis',(1.,0.,0.));
#11414=DIRECTION('center_axis',(-1.,0.,0.));
#11415=DIRECTION('ref_axis',(0.,-1.,0.));
#11416=DIRECTION('',(0.,0.,1.));
#11417=DIRECTION('',(0.,-1.,0.));
#11418=DIRECTION('center_axis',(0.,-1.,0.));
#11419=DIRECTION('ref_axis',(1.,0.,0.));
#11420=DIRECTION('',(0.,0.,1.));
#11421=DIRECTION('',(1.,0.,0.));
#11422=DIRECTION('center_axis',(0.,0.,1.));
#11423=DIRECTION('ref_axis',(1.,0.,0.));
#11424=DIRECTION('',(0.,0.,1.));
#11425=DIRECTION('center_axis',(0.,0.,-1.));
#11426=DIRECTION('ref_axis',(1.,0.,0.));
#11427=DIRECTION('center_axis',(-1.,0.,0.));
#11428=DIRECTION('ref_axis',(0.,-1.,0.));
#11429=DIRECTION('',(0.,0.,1.));
#11430=DIRECTION('',(0.,-1.,0.));
#11431=DIRECTION('center_axis',(0.,0.,1.));
#11432=DIRECTION('ref_axis',(0.,-1.,0.));
#11433=DIRECTION('',(0.,0.,1.));
#11434=DIRECTION('center_axis',(0.,0.,-1.));
#11435=DIRECTION('ref_axis',(0.,-1.,0.));
#11436=DIRECTION('',(0.,0.,1.));
#11437=DIRECTION('center_axis',(0.,1.,0.));
#11438=DIRECTION('ref_axis',(-1.,0.,0.));
#11439=DIRECTION('',(0.,0.,1.));
#11440=DIRECTION('',(-1.,0.,0.));
#11441=DIRECTION('center_axis',(0.,0.,1.));
#11442=DIRECTION('ref_axis',(-1.,0.,0.));
#11443=DIRECTION('',(0.,0.,1.));
#11444=DIRECTION('center_axis',(0.,0.,-1.));
#11445=DIRECTION('ref_axis',(-1.,0.,0.));
#11446=DIRECTION('center_axis',(1.,0.,0.));
#11447=DIRECTION('ref_axis',(0.,1.,0.));
#11448=DIRECTION('',(0.,0.,1.));
#11449=DIRECTION('',(0.,1.,0.));
#11450=DIRECTION('center_axis',(0.,0.,1.));
#11451=DIRECTION('ref_axis',(1.,0.,0.));
#11452=DIRECTION('',(0.,0.,1.));
#11453=DIRECTION('center_axis',(0.,0.,1.));
#11454=DIRECTION('ref_axis',(1.,0.,0.));
#11455=DIRECTION('center_axis',(0.,1.,0.));
#11456=DIRECTION('ref_axis',(-1.,0.,0.));
#11457=DIRECTION('',(0.,0.,1.));
#11458=DIRECTION('',(-1.,0.,0.));
#11459=DIRECTION('center_axis',(0.,0.,1.));
#11460=DIRECTION('ref_axis',(-1.,0.,0.));
#11461=DIRECTION('',(0.,0.,1.));
#11462=DIRECTION('center_axis',(0.,0.,-1.));
#11463=DIRECTION('ref_axis',(-1.,0.,0.));
#11464=DIRECTION('center_axis',(1.,0.,0.));
#11465=DIRECTION('ref_axis',(0.,1.,0.));
#11466=DIRECTION('',(0.,0.,1.));
#11467=DIRECTION('',(0.,1.,0.));
#11468=DIRECTION('center_axis',(0.,0.,1.));
#11469=DIRECTION('ref_axis',(1.,0.,0.));
#11470=DIRECTION('',(0.,0.,1.));
#11471=DIRECTION('center_axis',(0.,0.,1.));
#11472=DIRECTION('ref_axis',(1.,0.,0.));
#11473=DIRECTION('center_axis',(0.,1.,0.));
#11474=DIRECTION('ref_axis',(-1.,0.,0.));
#11475=DIRECTION('',(0.,0.,-1.));
#11476=DIRECTION('',(-1.,0.,0.));
#11477=DIRECTION('center_axis',(-1.,3.61050848293469E-16,0.));
#11478=DIRECTION('ref_axis',(3.61050848293469E-16,1.,0.));
#11479=DIRECTION('',(-3.61050848293469E-16,-1.,0.));
#11480=DIRECTION('',(0.,0.,1.));
#11481=DIRECTION('',(3.61050848293469E-16,1.,0.));
#11482=DIRECTION('center_axis',(-1.,3.61050848293469E-16,0.));
#11483=DIRECTION('ref_axis',(3.61050848293469E-16,1.,0.));
#11484=DIRECTION('',(0.,0.,1.));
#11485=DIRECTION('',(3.61050848293469E-16,1.,0.));
#11486=DIRECTION('',(0.,0.,1.));
#11487=DIRECTION('',(-3.61050848293469E-16,-1.,0.));
#11488=DIRECTION('center_axis',(1.,0.,0.));
#11489=DIRECTION('ref_axis',(0.,1.,0.));
#11490=DIRECTION('',(0.,0.,1.));
#11491=DIRECTION('',(0.,1.,0.));
#11492=DIRECTION('',(0.,0.,1.));
#11493=DIRECTION('center_axis',(0.,0.,1.));
#11494=DIRECTION('ref_axis',(1.,0.,0.));
#11495=DIRECTION('',(0.,0.,1.));
#11496=DIRECTION('center_axis',(0.,0.,1.));
#11497=DIRECTION('ref_axis',(1.,0.,0.));
#11498=DIRECTION('center_axis',(0.,1.,0.));
#11499=DIRECTION('ref_axis',(-1.,0.,0.));
#11500=DIRECTION('',(0.,0.,1.));
#11501=DIRECTION('',(-1.,0.,0.));
#11502=DIRECTION('center_axis',(0.,0.,1.));
#11503=DIRECTION('ref_axis',(-1.,0.,0.));
#11504=DIRECTION('',(0.,0.,1.));
#11505=DIRECTION('center_axis',(0.,0.,-1.));
#11506=DIRECTION('ref_axis',(-1.,0.,0.));
#11507=DIRECTION('center_axis',(1.,0.,0.));
#11508=DIRECTION('ref_axis',(0.,1.,0.));
#11509=DIRECTION('',(0.,0.,1.));
#11510=DIRECTION('',(0.,1.,0.));
#11511=DIRECTION('center_axis',(0.,0.,1.));
#11512=DIRECTION('ref_axis',(1.,0.,0.));
#11513=DIRECTION('',(0.,0.,1.));
#11514=DIRECTION('center_axis',(0.,0.,1.));
#11515=DIRECTION('ref_axis',(1.,0.,0.));
#11516=DIRECTION('center_axis',(0.,1.,0.));
#11517=DIRECTION('ref_axis',(-1.,0.,0.));
#11518=DIRECTION('',(0.,0.,1.));
#11519=DIRECTION('',(-1.,0.,0.));
#11520=DIRECTION('center_axis',(1.,0.,0.));
#11521=DIRECTION('ref_axis',(0.,1.,0.));
#11522=DIRECTION('',(0.,0.,1.));
#11523=DIRECTION('',(0.,1.,0.));
#11524=DIRECTION('center_axis',(0.,0.,1.));
#11525=DIRECTION('ref_axis',(0.,1.,0.));
#11526=DIRECTION('',(0.,0.,1.));
#11527=DIRECTION('center_axis',(0.,0.,-1.));
#11528=DIRECTION('ref_axis',(0.,1.,0.));
#11529=DIRECTION('center_axis',(0.,-1.,0.));
#11530=DIRECTION('ref_axis',(1.,0.,0.));
#11531=DIRECTION('',(0.,0.,1.));
#11532=DIRECTION('',(1.,0.,0.));
#11533=DIRECTION('center_axis',(1.,0.,0.));
#11534=DIRECTION('ref_axis',(0.,1.,0.));
#11535=DIRECTION('',(0.,0.,1.));
#11536=DIRECTION('',(0.,1.,0.));
#11537=DIRECTION('center_axis',(0.,0.,1.));
#11538=DIRECTION('ref_axis',(0.,1.,0.));
#11539=DIRECTION('',(0.,0.,1.));
#11540=DIRECTION('center_axis',(0.,0.,-1.));
#11541=DIRECTION('ref_axis',(0.,1.,0.));
#11542=DIRECTION('center_axis',(0.,-1.,0.));
#11543=DIRECTION('ref_axis',(1.,0.,0.));
#11544=DIRECTION('',(0.,0.,1.));
#11545=DIRECTION('',(1.,0.,0.));
#11546=DIRECTION('center_axis',(0.,0.,1.));
#11547=DIRECTION('ref_axis',(1.,0.,0.));
#11548=DIRECTION('',(0.,0.,1.));
#11549=DIRECTION('center_axis',(0.,0.,-1.));
#11550=DIRECTION('ref_axis',(1.,0.,0.));
#11551=DIRECTION('center_axis',(-1.,0.,0.));
#11552=DIRECTION('ref_axis',(0.,-1.,0.));
#11553=DIRECTION('',(0.,0.,1.));
#11554=DIRECTION('',(0.,-1.,0.));
#11555=DIRECTION('center_axis',(0.,-1.,0.));
#11556=DIRECTION('ref_axis',(1.,0.,0.));
#11557=DIRECTION('',(0.,0.,1.));
#11558=DIRECTION('',(1.,0.,0.));
#11559=DIRECTION('center_axis',(1.,0.,0.));
#11560=DIRECTION('ref_axis',(0.,1.,0.));
#11561=DIRECTION('',(0.,0.,1.));
#11562=DIRECTION('',(0.,1.,0.));
#11563=DIRECTION('center_axis',(0.,0.,1.));
#11564=DIRECTION('ref_axis',(0.,1.,0.));
#11565=DIRECTION('',(0.,0.,1.));
#11566=DIRECTION('center_axis',(0.,0.,-1.));
#11567=DIRECTION('ref_axis',(0.,1.,0.));
#11568=DIRECTION('center_axis',(0.,-1.,0.));
#11569=DIRECTION('ref_axis',(1.,0.,0.));
#11570=DIRECTION('',(0.,0.,1.));
#11571=DIRECTION('',(1.,0.,0.));
#11572=DIRECTION('center_axis',(0.,0.,1.));
#11573=DIRECTION('ref_axis',(1.,0.,0.));
#11574=DIRECTION('',(0.,0.,1.));
#11575=DIRECTION('center_axis',(0.,0.,-1.));
#11576=DIRECTION('ref_axis',(1.,0.,0.));
#11577=DIRECTION('center_axis',(-1.,0.,0.));
#11578=DIRECTION('ref_axis',(0.,-1.,0.));
#11579=DIRECTION('',(0.,0.,1.));
#11580=DIRECTION('',(0.,-1.,0.));
#11581=DIRECTION('center_axis',(0.,-1.,0.));
#11582=DIRECTION('ref_axis',(1.,0.,0.));
#11583=DIRECTION('',(0.,0.,1.));
#11584=DIRECTION('',(1.,0.,0.));
#11585=DIRECTION('center_axis',(1.,0.,0.));
#11586=DIRECTION('ref_axis',(0.,1.,0.));
#11587=DIRECTION('',(0.,0.,1.));
#11588=DIRECTION('',(0.,1.,0.));
#11589=DIRECTION('center_axis',(0.,0.,1.));
#11590=DIRECTION('ref_axis',(0.,1.,0.));
#11591=DIRECTION('',(0.,0.,1.));
#11592=DIRECTION('center_axis',(0.,0.,-1.));
#11593=DIRECTION('ref_axis',(0.,1.,0.));
#11594=DIRECTION('center_axis',(0.,-1.,0.));
#11595=DIRECTION('ref_axis',(1.,0.,0.));
#11596=DIRECTION('',(0.,0.,1.));
#11597=DIRECTION('',(1.,0.,0.));
#11598=DIRECTION('center_axis',(0.,0.,1.));
#11599=DIRECTION('ref_axis',(1.,0.,0.));
#11600=DIRECTION('',(0.,0.,1.));
#11601=DIRECTION('center_axis',(0.,0.,-1.));
#11602=DIRECTION('ref_axis',(1.,0.,0.));
#11603=DIRECTION('center_axis',(-1.,0.,0.));
#11604=DIRECTION('ref_axis',(0.,-1.,0.));
#11605=DIRECTION('',(0.,0.,1.));
#11606=DIRECTION('',(0.,-1.,0.));
#11607=DIRECTION('center_axis',(0.,-1.,0.));
#11608=DIRECTION('ref_axis',(1.,0.,0.));
#11609=DIRECTION('',(0.,0.,1.));
#11610=DIRECTION('',(1.,0.,0.));
#11611=DIRECTION('center_axis',(0.,0.,1.));
#11612=DIRECTION('ref_axis',(1.,0.,0.));
#11613=DIRECTION('',(0.,0.,1.));
#11614=DIRECTION('center_axis',(0.,0.,-1.));
#11615=DIRECTION('ref_axis',(1.,0.,0.));
#11616=DIRECTION('center_axis',(-1.,0.,0.));
#11617=DIRECTION('ref_axis',(0.,-1.,0.));
#11618=DIRECTION('',(0.,0.,1.));
#11619=DIRECTION('',(0.,-1.,0.));
#11620=DIRECTION('center_axis',(0.,0.,1.));
#11621=DIRECTION('ref_axis',(1.,0.,0.));
#11622=DIRECTION('',(1.,0.,0.));
#11623=DIRECTION('',(0.,-1.,0.));
#11624=DIRECTION('',(-1.,0.,0.));
#11625=DIRECTION('',(0.,-1.,0.));
#11626=DIRECTION('',(1.,0.,0.));
#11627=DIRECTION('',(1.61486982993679E-15,-1.,0.));
#11628=DIRECTION('',(-1.,0.,0.));
#11629=DIRECTION('',(0.,-1.,0.));
#11630=DIRECTION('',(1.,0.,0.));
#11631=DIRECTION('center_axis',(0.,0.,1.));
#11632=DIRECTION('ref_axis',(0.707106781186547,0.707106781186547,0.));
#11633=DIRECTION('',(0.,-1.,0.));
#11634=DIRECTION('',(1.,0.,0.));
#11635=DIRECTION('',(0.,1.,0.));
#11636=DIRECTION('center_axis',(0.,0.,1.));
#11637=DIRECTION('ref_axis',(-0.707106781186547,0.707106781186547,0.));
#11638=DIRECTION('',(1.,0.,0.));
#11639=DIRECTION('center_axis',(0.,0.,1.));
#11640=DIRECTION('ref_axis',(0.707106781186547,0.707106781186547,0.));
#11641=DIRECTION('',(0.,-1.,0.));
#11642=DIRECTION('center_axis',(0.,0.,1.));
#11643=DIRECTION('ref_axis',(0.707106781186547,-0.707106781186547,0.));
#11644=DIRECTION('',(-1.,0.,0.));
#11645=DIRECTION('center_axis',(0.,0.,1.));
#11646=DIRECTION('ref_axis',(-0.707106781186547,-0.707106781186547,0.));
#11647=DIRECTION('',(0.,-1.,0.));
#11648=DIRECTION('',(1.,0.,0.));
#11649=DIRECTION('',(0.,1.,0.));
#11650=DIRECTION('center_axis',(0.,0.,1.));
#11651=DIRECTION('ref_axis',(0.707106781186547,-0.707106781186547,0.));
#11652=DIRECTION('',(-1.,0.,0.));
#11653=DIRECTION('center_axis',(0.,0.,-1.));
#11654=DIRECTION('ref_axis',(0.,1.,0.));
#11655=DIRECTION('',(0.,1.,0.));
#11656=DIRECTION('center_axis',(0.,0.,-1.));
#11657=DIRECTION('ref_axis',(-1.,0.,0.));
#11658=DIRECTION('',(-1.,0.,0.));
#11659=DIRECTION('center_axis',(0.,0.,-1.));
#11660=DIRECTION('ref_axis',(0.,-1.,0.));
#11661=DIRECTION('',(0.,-1.,0.));
#11662=DIRECTION('center_axis',(0.,0.,-1.));
#11663=DIRECTION('ref_axis',(1.,0.,0.));
#11664=DIRECTION('',(1.,0.,0.));
#11665=DIRECTION('center_axis',(0.,0.,-1.));
#11666=DIRECTION('ref_axis',(0.,1.,0.));
#11667=DIRECTION('',(0.,1.,0.));
#11668=DIRECTION('center_axis',(0.,0.,-1.));
#11669=DIRECTION('ref_axis',(-1.,0.,0.));
#11670=DIRECTION('',(-1.,0.,0.));
#11671=DIRECTION('center_axis',(0.,0.,-1.));
#11672=DIRECTION('ref_axis',(0.,-1.,0.));
#11673=DIRECTION('',(0.,-1.,0.));
#11674=DIRECTION('center_axis',(0.,0.,-1.));
#11675=DIRECTION('ref_axis',(1.,0.,0.));
#11676=DIRECTION('',(1.,0.,0.));
#11677=DIRECTION('center_axis',(0.,0.,-1.));
#11678=DIRECTION('ref_axis',(0.,1.,0.));
#11679=DIRECTION('',(0.,1.,0.));
#11680=DIRECTION('center_axis',(0.,0.,-1.));
#11681=DIRECTION('ref_axis',(-1.,0.,0.));
#11682=DIRECTION('',(-1.,0.,0.));
#11683=DIRECTION('center_axis',(0.,0.,-1.));
#11684=DIRECTION('ref_axis',(0.,-1.,0.));
#11685=DIRECTION('',(0.,-1.,0.));
#11686=DIRECTION('center_axis',(0.,0.,-1.));
#11687=DIRECTION('ref_axis',(1.,0.,0.));
#11688=DIRECTION('',(1.,0.,0.));
#11689=DIRECTION('center_axis',(0.,0.,-1.));
#11690=DIRECTION('ref_axis',(0.0328495518088378,0.999460307839165,0.));
#11691=DIRECTION('',(-0.000634319728860034,0.999999798819221,0.));
#11692=DIRECTION('center_axis',(0.,0.,-1.));
#11693=DIRECTION('ref_axis',(-0.999755588672338,-0.0221079831379366,0.));
#11694=DIRECTION('',(-0.999999999954019,9.58969639582628E-6,0.));
#11695=DIRECTION('center_axis',(0.,0.,-1.));
#11696=DIRECTION('ref_axis',(0.000912071007947941,-0.999999584063152,0.));
#11697=DIRECTION('',(1.86437629325198E-5,-0.999999999826205,0.));
#11698=DIRECTION('center_axis',(0.,0.,-1.));
#11699=DIRECTION('ref_axis',(0.999984902375156,-0.00549499970428507,0.));
#11700=DIRECTION('',(0.999999999924265,1.23073226379685E-5,0.));
#11701=DIRECTION('center_axis',(0.,0.,-1.));
#11702=DIRECTION('ref_axis',(0.,1.,0.));
#11703=DIRECTION('',(0.,1.,0.));
#11704=DIRECTION('center_axis',(0.,0.,-1.));
#11705=DIRECTION('ref_axis',(-1.,0.,0.));
#11706=DIRECTION('',(-1.,0.,0.));
#11707=DIRECTION('center_axis',(0.,0.,-1.));
#11708=DIRECTION('ref_axis',(0.,-1.,0.));
#11709=DIRECTION('',(0.,-1.,0.));
#11710=DIRECTION('center_axis',(0.,0.,-1.));
#11711=DIRECTION('ref_axis',(1.,0.,0.));
#11712=DIRECTION('',(1.,0.,0.));
#11713=DIRECTION('center_axis',(0.,0.,-1.));
#11714=DIRECTION('ref_axis',(0.,1.,0.));
#11715=DIRECTION('',(0.,1.,0.));
#11716=DIRECTION('center_axis',(0.,0.,-1.));
#11717=DIRECTION('ref_axis',(-1.,0.,0.));
#11718=DIRECTION('',(-1.,0.,0.));
#11719=DIRECTION('center_axis',(0.,0.,-1.));
#11720=DIRECTION('ref_axis',(0.,-1.,0.));
#11721=DIRECTION('',(0.,-1.,0.));
#11722=DIRECTION('center_axis',(0.,0.,-1.));
#11723=DIRECTION('ref_axis',(1.,0.,0.));
#11724=DIRECTION('',(1.,0.,0.));
#11725=DIRECTION('center_axis',(0.,0.,-1.));
#11726=DIRECTION('ref_axis',(0.,1.,0.));
#11727=DIRECTION('',(0.,1.,0.));
#11728=DIRECTION('center_axis',(0.,0.,-1.));
#11729=DIRECTION('ref_axis',(-1.,0.,0.));
#11730=DIRECTION('',(-1.,0.,0.));
#11731=DIRECTION('center_axis',(0.,0.,-1.));
#11732=DIRECTION('ref_axis',(0.,-1.,0.));
#11733=DIRECTION('',(0.,-1.,0.));
#11734=DIRECTION('center_axis',(0.,0.,-1.));
#11735=DIRECTION('ref_axis',(1.,0.,0.));
#11736=DIRECTION('',(1.,0.,0.));
#11737=DIRECTION('center_axis',(0.,0.,-1.));
#11738=DIRECTION('ref_axis',(0.,1.,0.));
#11739=DIRECTION('',(0.,1.,0.));
#11740=DIRECTION('center_axis',(0.,0.,-1.));
#11741=DIRECTION('ref_axis',(-1.,0.,0.));
#11742=DIRECTION('',(-1.,0.,0.));
#11743=DIRECTION('center_axis',(0.,0.,-1.));
#11744=DIRECTION('ref_axis',(0.,-1.,0.));
#11745=DIRECTION('',(0.,-1.,0.));
#11746=DIRECTION('center_axis',(0.,0.,-1.));
#11747=DIRECTION('ref_axis',(1.,0.,0.));
#11748=DIRECTION('',(1.,0.,0.));
#11749=DIRECTION('center_axis',(0.,0.,-1.));
#11750=DIRECTION('ref_axis',(0.,1.,0.));
#11751=DIRECTION('',(0.,1.,0.));
#11752=DIRECTION('center_axis',(0.,0.,-1.));
#11753=DIRECTION('ref_axis',(-1.,0.,0.));
#11754=DIRECTION('',(-1.,0.,0.));
#11755=DIRECTION('center_axis',(0.,0.,-1.));
#11756=DIRECTION('ref_axis',(0.,-1.,0.));
#11757=DIRECTION('',(0.,-1.,0.));
#11758=DIRECTION('center_axis',(0.,0.,-1.));
#11759=DIRECTION('ref_axis',(1.,0.,0.));
#11760=DIRECTION('',(1.,0.,0.));
#11761=DIRECTION('center_axis',(0.,0.,-1.));
#11762=DIRECTION('ref_axis',(0.,1.,0.));
#11763=DIRECTION('',(0.,1.,0.));
#11764=DIRECTION('center_axis',(0.,0.,-1.));
#11765=DIRECTION('ref_axis',(-1.,0.,0.));
#11766=DIRECTION('',(-1.,0.,0.));
#11767=DIRECTION('center_axis',(0.,0.,-1.));
#11768=DIRECTION('ref_axis',(0.,-1.,0.));
#11769=DIRECTION('',(0.,-1.,0.));
#11770=DIRECTION('center_axis',(0.,0.,-1.));
#11771=DIRECTION('ref_axis',(1.,0.,0.));
#11772=DIRECTION('',(1.,0.,0.));
#11773=DIRECTION('center_axis',(0.,0.,-1.));
#11774=DIRECTION('ref_axis',(0.,1.,0.));
#11775=DIRECTION('',(0.,1.,0.));
#11776=DIRECTION('center_axis',(0.,0.,-1.));
#11777=DIRECTION('ref_axis',(-1.,0.,0.));
#11778=DIRECTION('',(-1.,0.,0.));
#11779=DIRECTION('center_axis',(0.,0.,-1.));
#11780=DIRECTION('ref_axis',(0.,-1.,0.));
#11781=DIRECTION('',(0.,-1.,0.));
#11782=DIRECTION('center_axis',(0.,0.,-1.));
#11783=DIRECTION('ref_axis',(1.,0.,0.));
#11784=DIRECTION('',(1.,0.,0.));
#11785=DIRECTION('center_axis',(0.,0.,-1.));
#11786=DIRECTION('ref_axis',(0.,1.,0.));
#11787=DIRECTION('',(0.,1.,0.));
#11788=DIRECTION('center_axis',(0.,0.,-1.));
#11789=DIRECTION('ref_axis',(-1.,0.,0.));
#11790=DIRECTION('',(-1.,0.,0.));
#11791=DIRECTION('center_axis',(0.,0.,-1.));
#11792=DIRECTION('ref_axis',(0.,-1.,0.));
#11793=DIRECTION('',(0.,-1.,0.));
#11794=DIRECTION('center_axis',(0.,0.,-1.));
#11795=DIRECTION('ref_axis',(1.,0.,0.));
#11796=DIRECTION('',(1.,0.,0.));
#11797=DIRECTION('center_axis',(0.,0.,-1.));
#11798=DIRECTION('ref_axis',(0.,1.,0.));
#11799=DIRECTION('',(0.,1.,0.));
#11800=DIRECTION('center_axis',(0.,0.,-1.));
#11801=DIRECTION('ref_axis',(-1.,0.,0.));
#11802=DIRECTION('',(-1.,0.,0.));
#11803=DIRECTION('center_axis',(0.,0.,-1.));
#11804=DIRECTION('ref_axis',(0.,-1.,0.));
#11805=DIRECTION('',(0.,-1.,0.));
#11806=DIRECTION('center_axis',(0.,0.,-1.));
#11807=DIRECTION('ref_axis',(1.,0.,0.));
#11808=DIRECTION('',(1.,0.,0.));
#11809=DIRECTION('center_axis',(0.,0.,-1.));
#11810=DIRECTION('ref_axis',(0.,1.,0.));
#11811=DIRECTION('',(0.,1.,0.));
#11812=DIRECTION('center_axis',(0.,0.,-1.));
#11813=DIRECTION('ref_axis',(-1.,0.,0.));
#11814=DIRECTION('',(-1.,0.,0.));
#11815=DIRECTION('center_axis',(0.,0.,-1.));
#11816=DIRECTION('ref_axis',(0.,-1.,0.));
#11817=DIRECTION('',(0.,-1.,0.));
#11818=DIRECTION('center_axis',(0.,0.,-1.));
#11819=DIRECTION('ref_axis',(1.,0.,0.));
#11820=DIRECTION('',(1.,0.,0.));
#11821=DIRECTION('center_axis',(0.,0.,-1.));
#11822=DIRECTION('ref_axis',(0.,1.,0.));
#11823=DIRECTION('',(0.,1.,0.));
#11824=DIRECTION('center_axis',(0.,0.,-1.));
#11825=DIRECTION('ref_axis',(-1.,0.,0.));
#11826=DIRECTION('',(-1.,0.,0.));
#11827=DIRECTION('center_axis',(0.,0.,-1.));
#11828=DIRECTION('ref_axis',(0.,-1.,0.));
#11829=DIRECTION('',(0.,-1.,0.));
#11830=DIRECTION('center_axis',(0.,0.,-1.));
#11831=DIRECTION('ref_axis',(1.,0.,0.));
#11832=DIRECTION('',(1.,0.,0.));
#11833=DIRECTION('center_axis',(0.,0.,-1.));
#11834=DIRECTION('ref_axis',(0.,1.,0.));
#11835=DIRECTION('',(0.,1.,0.));
#11836=DIRECTION('center_axis',(0.,0.,-1.));
#11837=DIRECTION('ref_axis',(-1.,0.,0.));
#11838=DIRECTION('',(-1.,0.,0.));
#11839=DIRECTION('center_axis',(0.,0.,-1.));
#11840=DIRECTION('ref_axis',(0.,-1.,0.));
#11841=DIRECTION('',(0.,-1.,0.));
#11842=DIRECTION('center_axis',(0.,0.,-1.));
#11843=DIRECTION('ref_axis',(1.,0.,0.));
#11844=DIRECTION('',(1.,0.,0.));
#11845=DIRECTION('center_axis',(0.,0.,-1.));
#11846=DIRECTION('ref_axis',(0.,1.,0.));
#11847=DIRECTION('',(0.,1.,0.));
#11848=DIRECTION('center_axis',(0.,0.,-1.));
#11849=DIRECTION('ref_axis',(-1.,0.,0.));
#11850=DIRECTION('',(-1.,0.,0.));
#11851=DIRECTION('center_axis',(0.,0.,-1.));
#11852=DIRECTION('ref_axis',(0.,-1.,0.));
#11853=DIRECTION('',(0.,-1.,0.));
#11854=DIRECTION('center_axis',(0.,0.,-1.));
#11855=DIRECTION('ref_axis',(1.,0.,0.));
#11856=DIRECTION('',(1.,0.,0.));
#11857=DIRECTION('center_axis',(0.,0.,-1.));
#11858=DIRECTION('ref_axis',(0.,1.,0.));
#11859=DIRECTION('',(0.,1.,0.));
#11860=DIRECTION('center_axis',(0.,0.,-1.));
#11861=DIRECTION('ref_axis',(-1.,0.,0.));
#11862=DIRECTION('',(-1.,0.,0.));
#11863=DIRECTION('center_axis',(0.,0.,-1.));
#11864=DIRECTION('ref_axis',(0.,-1.,0.));
#11865=DIRECTION('',(0.,-1.,0.));
#11866=DIRECTION('center_axis',(0.,0.,-1.));
#11867=DIRECTION('ref_axis',(1.,0.,0.));
#11868=DIRECTION('',(1.,0.,0.));
#11869=DIRECTION('center_axis',(0.,0.,-1.));
#11870=DIRECTION('ref_axis',(0.,1.,0.));
#11871=DIRECTION('',(0.,1.,0.));
#11872=DIRECTION('center_axis',(0.,0.,-1.));
#11873=DIRECTION('ref_axis',(-1.,0.,0.));
#11874=DIRECTION('',(-1.,0.,0.));
#11875=DIRECTION('center_axis',(0.,0.,-1.));
#11876=DIRECTION('ref_axis',(0.,-1.,0.));
#11877=DIRECTION('',(0.,-1.,0.));
#11878=DIRECTION('center_axis',(0.,0.,-1.));
#11879=DIRECTION('ref_axis',(1.,0.,0.));
#11880=DIRECTION('',(1.,0.,0.));
#11881=DIRECTION('center_axis',(0.,0.,-1.));
#11882=DIRECTION('ref_axis',(0.,1.,0.));
#11883=DIRECTION('',(0.,1.,0.));
#11884=DIRECTION('center_axis',(0.,0.,-1.));
#11885=DIRECTION('ref_axis',(-1.,0.,0.));
#11886=DIRECTION('',(-1.,0.,0.));
#11887=DIRECTION('center_axis',(0.,0.,-1.));
#11888=DIRECTION('ref_axis',(0.,-1.,0.));
#11889=DIRECTION('',(0.,-1.,0.));
#11890=DIRECTION('center_axis',(0.,0.,-1.));
#11891=DIRECTION('ref_axis',(1.,0.,0.));
#11892=DIRECTION('',(1.,0.,0.));
#11893=DIRECTION('center_axis',(0.,0.,-1.));
#11894=DIRECTION('ref_axis',(0.,1.,0.));
#11895=DIRECTION('',(0.,1.,0.));
#11896=DIRECTION('center_axis',(0.,0.,-1.));
#11897=DIRECTION('ref_axis',(-1.,0.,0.));
#11898=DIRECTION('',(-1.,0.,0.));
#11899=DIRECTION('center_axis',(0.,0.,-1.));
#11900=DIRECTION('ref_axis',(0.,-1.,0.));
#11901=DIRECTION('',(0.,-1.,0.));
#11902=DIRECTION('center_axis',(0.,0.,-1.));
#11903=DIRECTION('ref_axis',(1.,0.,0.));
#11904=DIRECTION('',(1.,0.,0.));
#11905=DIRECTION('center_axis',(0.,0.,-1.));
#11906=DIRECTION('ref_axis',(0.,1.,0.));
#11907=DIRECTION('',(0.,1.,0.));
#11908=DIRECTION('center_axis',(0.,0.,-1.));
#11909=DIRECTION('ref_axis',(-1.,0.,0.));
#11910=DIRECTION('',(-1.,0.,0.));
#11911=DIRECTION('center_axis',(0.,0.,-1.));
#11912=DIRECTION('ref_axis',(0.,-1.,0.));
#11913=DIRECTION('',(0.,-1.,0.));
#11914=DIRECTION('center_axis',(0.,0.,-1.));
#11915=DIRECTION('ref_axis',(1.,0.,0.));
#11916=DIRECTION('',(1.,0.,0.));
#11917=DIRECTION('center_axis',(0.,0.,-1.));
#11918=DIRECTION('ref_axis',(0.,1.,0.));
#11919=DIRECTION('',(0.,1.,0.));
#11920=DIRECTION('center_axis',(0.,0.,-1.));
#11921=DIRECTION('ref_axis',(-1.,0.,0.));
#11922=DIRECTION('',(-1.,0.,0.));
#11923=DIRECTION('center_axis',(0.,0.,-1.));
#11924=DIRECTION('ref_axis',(0.,-1.,0.));
#11925=DIRECTION('',(0.,-1.,0.));
#11926=DIRECTION('center_axis',(0.,0.,-1.));
#11927=DIRECTION('ref_axis',(1.,0.,0.));
#11928=DIRECTION('',(1.,0.,0.));
#11929=DIRECTION('center_axis',(0.,0.,-1.));
#11930=DIRECTION('ref_axis',(0.,1.,0.));
#11931=DIRECTION('',(0.,1.,0.));
#11932=DIRECTION('center_axis',(0.,0.,-1.));
#11933=DIRECTION('ref_axis',(-1.,0.,0.));
#11934=DIRECTION('',(-1.,0.,0.));
#11935=DIRECTION('center_axis',(0.,0.,-1.));
#11936=DIRECTION('ref_axis',(0.,-1.,0.));
#11937=DIRECTION('',(0.,-1.,0.));
#11938=DIRECTION('center_axis',(0.,0.,-1.));
#11939=DIRECTION('ref_axis',(1.,0.,0.));
#11940=DIRECTION('',(1.,0.,0.));
#11941=DIRECTION('center_axis',(0.,0.,-1.));
#11942=DIRECTION('ref_axis',(0.,1.,0.));
#11943=DIRECTION('',(0.,1.,0.));
#11944=DIRECTION('center_axis',(0.,0.,-1.));
#11945=DIRECTION('ref_axis',(-1.,0.,0.));
#11946=DIRECTION('',(-1.,0.,0.));
#11947=DIRECTION('center_axis',(0.,0.,-1.));
#11948=DIRECTION('ref_axis',(0.,-1.,0.));
#11949=DIRECTION('',(0.,-1.,0.));
#11950=DIRECTION('center_axis',(0.,0.,-1.));
#11951=DIRECTION('ref_axis',(1.,0.,0.));
#11952=DIRECTION('',(1.,0.,0.));
#11953=DIRECTION('center_axis',(0.,0.,-1.));
#11954=DIRECTION('ref_axis',(0.,1.,0.));
#11955=DIRECTION('',(0.,1.,0.));
#11956=DIRECTION('center_axis',(0.,0.,-1.));
#11957=DIRECTION('ref_axis',(-1.,0.,0.));
#11958=DIRECTION('',(-1.,0.,0.));
#11959=DIRECTION('center_axis',(0.,0.,-1.));
#11960=DIRECTION('ref_axis',(0.,-1.,0.));
#11961=DIRECTION('',(0.,-1.,0.));
#11962=DIRECTION('center_axis',(0.,0.,-1.));
#11963=DIRECTION('ref_axis',(1.,0.,0.));
#11964=DIRECTION('',(1.,0.,0.));
#11965=DIRECTION('center_axis',(0.,0.,-1.));
#11966=DIRECTION('ref_axis',(0.,1.,0.));
#11967=DIRECTION('',(0.,1.,0.));
#11968=DIRECTION('center_axis',(0.,0.,-1.));
#11969=DIRECTION('ref_axis',(-1.,0.,0.));
#11970=DIRECTION('',(-1.,0.,0.));
#11971=DIRECTION('center_axis',(0.,0.,-1.));
#11972=DIRECTION('ref_axis',(0.,-1.,0.));
#11973=DIRECTION('',(0.,-1.,0.));
#11974=DIRECTION('center_axis',(0.,0.,-1.));
#11975=DIRECTION('ref_axis',(1.,0.,0.));
#11976=DIRECTION('',(1.,0.,0.));
#11977=DIRECTION('center_axis',(0.,0.,-1.));
#11978=DIRECTION('ref_axis',(0.,1.,0.));
#11979=DIRECTION('',(0.,1.,0.));
#11980=DIRECTION('center_axis',(0.,0.,-1.));
#11981=DIRECTION('ref_axis',(-1.,0.,0.));
#11982=DIRECTION('',(-1.,0.,0.));
#11983=DIRECTION('center_axis',(0.,0.,-1.));
#11984=DIRECTION('ref_axis',(0.,-1.,0.));
#11985=DIRECTION('',(0.,-1.,0.));
#11986=DIRECTION('center_axis',(0.,0.,-1.));
#11987=DIRECTION('ref_axis',(1.,0.,0.));
#11988=DIRECTION('',(1.,0.,0.));
#11989=DIRECTION('center_axis',(0.,0.,-1.));
#11990=DIRECTION('ref_axis',(0.,1.,0.));
#11991=DIRECTION('',(0.,1.,0.));
#11992=DIRECTION('center_axis',(0.,0.,-1.));
#11993=DIRECTION('ref_axis',(-1.,0.,0.));
#11994=DIRECTION('',(-1.,0.,0.));
#11995=DIRECTION('center_axis',(0.,0.,-1.));
#11996=DIRECTION('ref_axis',(0.,-1.,0.));
#11997=DIRECTION('',(0.,-1.,0.));
#11998=DIRECTION('center_axis',(0.,0.,-1.));
#11999=DIRECTION('ref_axis',(1.,0.,0.));
#12000=DIRECTION('',(1.,0.,0.));
#12001=DIRECTION('center_axis',(0.,0.,-1.));
#12002=DIRECTION('ref_axis',(0.,1.,0.));
#12003=DIRECTION('',(0.,1.,0.));
#12004=DIRECTION('center_axis',(0.,0.,-1.));
#12005=DIRECTION('ref_axis',(-1.,0.,0.));
#12006=DIRECTION('',(-1.,0.,0.));
#12007=DIRECTION('center_axis',(0.,0.,-1.));
#12008=DIRECTION('ref_axis',(0.,-1.,0.));
#12009=DIRECTION('',(0.,-1.,0.));
#12010=DIRECTION('center_axis',(0.,0.,-1.));
#12011=DIRECTION('ref_axis',(1.,0.,0.));
#12012=DIRECTION('',(1.,0.,0.));
#12013=DIRECTION('center_axis',(0.,0.,-1.));
#12014=DIRECTION('ref_axis',(0.,1.,0.));
#12015=DIRECTION('',(0.,1.,0.));
#12016=DIRECTION('center_axis',(0.,0.,-1.));
#12017=DIRECTION('ref_axis',(-1.,0.,0.));
#12018=DIRECTION('',(-1.,0.,0.));
#12019=DIRECTION('center_axis',(0.,0.,-1.));
#12020=DIRECTION('ref_axis',(0.,-1.,0.));
#12021=DIRECTION('',(0.,-1.,0.));
#12022=DIRECTION('center_axis',(0.,0.,-1.));
#12023=DIRECTION('ref_axis',(1.,0.,0.));
#12024=DIRECTION('',(1.,0.,0.));
#12025=DIRECTION('center_axis',(0.,0.,-1.));
#12026=DIRECTION('ref_axis',(0.,1.,0.));
#12027=DIRECTION('',(0.,1.,0.));
#12028=DIRECTION('center_axis',(0.,0.,-1.));
#12029=DIRECTION('ref_axis',(-1.,0.,0.));
#12030=DIRECTION('',(-1.,0.,0.));
#12031=DIRECTION('center_axis',(0.,0.,-1.));
#12032=DIRECTION('ref_axis',(0.,-1.,0.));
#12033=DIRECTION('',(0.,-1.,0.));
#12034=DIRECTION('center_axis',(0.,0.,-1.));
#12035=DIRECTION('ref_axis',(1.,0.,0.));
#12036=DIRECTION('',(1.,0.,0.));
#12037=DIRECTION('center_axis',(0.,0.,-1.));
#12038=DIRECTION('ref_axis',(0.,1.,0.));
#12039=DIRECTION('',(0.,1.,0.));
#12040=DIRECTION('center_axis',(0.,0.,-1.));
#12041=DIRECTION('ref_axis',(-1.,0.,0.));
#12042=DIRECTION('',(-1.,0.,0.));
#12043=DIRECTION('center_axis',(0.,0.,-1.));
#12044=DIRECTION('ref_axis',(0.,-1.,0.));
#12045=DIRECTION('',(0.,-1.,0.));
#12046=DIRECTION('center_axis',(0.,0.,-1.));
#12047=DIRECTION('ref_axis',(1.,0.,0.));
#12048=DIRECTION('',(1.,0.,0.));
#12049=DIRECTION('center_axis',(0.,0.,-1.));
#12050=DIRECTION('ref_axis',(0.,1.,0.));
#12051=DIRECTION('',(0.,1.,0.));
#12052=DIRECTION('center_axis',(0.,0.,-1.));
#12053=DIRECTION('ref_axis',(-1.,0.,0.));
#12054=DIRECTION('',(-1.,0.,0.));
#12055=DIRECTION('center_axis',(0.,0.,-1.));
#12056=DIRECTION('ref_axis',(0.,-1.,0.));
#12057=DIRECTION('',(0.,-1.,0.));
#12058=DIRECTION('center_axis',(0.,0.,-1.));
#12059=DIRECTION('ref_axis',(1.,0.,0.));
#12060=DIRECTION('',(1.,0.,0.));
#12061=DIRECTION('center_axis',(0.,0.,-1.));
#12062=DIRECTION('ref_axis',(0.,1.,0.));
#12063=DIRECTION('',(0.,1.,0.));
#12064=DIRECTION('center_axis',(0.,0.,-1.));
#12065=DIRECTION('ref_axis',(-1.,0.,0.));
#12066=DIRECTION('',(-1.,0.,0.));
#12067=DIRECTION('center_axis',(0.,0.,-1.));
#12068=DIRECTION('ref_axis',(0.,-1.,0.));
#12069=DIRECTION('',(0.,-1.,0.));
#12070=DIRECTION('center_axis',(0.,0.,-1.));
#12071=DIRECTION('ref_axis',(1.,0.,0.));
#12072=DIRECTION('',(1.,0.,0.));
#12073=DIRECTION('center_axis',(0.,0.,-1.));
#12074=DIRECTION('ref_axis',(0.,1.,0.));
#12075=DIRECTION('',(0.,1.,0.));
#12076=DIRECTION('center_axis',(0.,0.,-1.));
#12077=DIRECTION('ref_axis',(-1.,0.,0.));
#12078=DIRECTION('',(-1.,0.,0.));
#12079=DIRECTION('center_axis',(0.,0.,-1.));
#12080=DIRECTION('ref_axis',(0.,-1.,0.));
#12081=DIRECTION('',(0.,-1.,0.));
#12082=DIRECTION('center_axis',(0.,0.,-1.));
#12083=DIRECTION('ref_axis',(1.,0.,0.));
#12084=DIRECTION('',(1.,0.,0.));
#12085=DIRECTION('center_axis',(0.,0.,-1.));
#12086=DIRECTION('ref_axis',(0.,1.,0.));
#12087=DIRECTION('',(0.,1.,0.));
#12088=DIRECTION('center_axis',(0.,0.,-1.));
#12089=DIRECTION('ref_axis',(-1.,0.,0.));
#12090=DIRECTION('',(-1.,0.,0.));
#12091=DIRECTION('center_axis',(0.,0.,-1.));
#12092=DIRECTION('ref_axis',(0.,-1.,0.));
#12093=DIRECTION('',(0.,-1.,0.));
#12094=DIRECTION('center_axis',(0.,0.,-1.));
#12095=DIRECTION('ref_axis',(1.,0.,0.));
#12096=DIRECTION('',(1.,0.,0.));
#12097=DIRECTION('center_axis',(0.,0.,-1.));
#12098=DIRECTION('ref_axis',(0.,1.,0.));
#12099=DIRECTION('',(0.,1.,0.));
#12100=DIRECTION('center_axis',(0.,0.,-1.));
#12101=DIRECTION('ref_axis',(-1.,0.,0.));
#12102=DIRECTION('',(-1.,0.,0.));
#12103=DIRECTION('center_axis',(0.,0.,-1.));
#12104=DIRECTION('ref_axis',(0.,-1.,0.));
#12105=DIRECTION('',(0.,-1.,0.));
#12106=DIRECTION('center_axis',(0.,0.,-1.));
#12107=DIRECTION('ref_axis',(1.,0.,0.));
#12108=DIRECTION('',(1.,0.,0.));
#12109=DIRECTION('center_axis',(0.,0.,1.));
#12110=DIRECTION('ref_axis',(1.,0.,0.));
#12111=DIRECTION('',(1.,0.,0.));
#12112=DIRECTION('center_axis',(0.,0.,1.));
#12113=DIRECTION('ref_axis',(0.,-1.,0.));
#12114=DIRECTION('',(0.,1.,0.));
#12115=DIRECTION('center_axis',(0.,0.,-1.));
#12116=DIRECTION('ref_axis',(0.,1.,0.));
#12117=DIRECTION('',(1.,0.,0.));
#12118=DIRECTION('center_axis',(0.,0.,-1.));
#12119=DIRECTION('ref_axis',(1.,0.,0.));
#12120=DIRECTION('',(0.,-1.,0.));
#12121=DIRECTION('',(1.,0.,0.));
#12122=DIRECTION('center_axis',(0.,0.,-1.));
#12123=DIRECTION('ref_axis',(1.,0.,0.));
#12124=DIRECTION('',(0.,-1.,0.));
#12125=DIRECTION('',(-1.,0.,0.));
#12126=DIRECTION('center_axis',(0.,0.,1.));
#12127=DIRECTION('ref_axis',(0.,1.,0.));
#12128=DIRECTION('',(0.,-1.,0.));
#12129=DIRECTION('center_axis',(0.,0.,-1.));
#12130=DIRECTION('ref_axis',(0.,-1.,0.));
#12131=DIRECTION('',(-1.,0.,0.));
#12132=DIRECTION('center_axis',(0.,0.,1.));
#12133=DIRECTION('ref_axis',(0.,1.,0.));
#12134=DIRECTION('',(0.,-1.,0.));
#12135=DIRECTION('',(1.,0.,0.));
#12136=DIRECTION('center_axis',(0.,0.,-1.));
#12137=DIRECTION('ref_axis',(0.707106781186547,-0.707106781186547,0.));
#12138=DIRECTION('',(0.,1.,0.));
#12139=DIRECTION('',(1.,0.,0.));
#12140=DIRECTION('',(0.,-1.,0.));
#12141=DIRECTION('center_axis',(0.,0.,-1.));
#12142=DIRECTION('ref_axis',(-0.707106781186547,-0.707106781186547,0.));
#12143=DIRECTION('',(1.,0.,0.));
#12144=DIRECTION('center_axis',(0.,0.,-1.));
#12145=DIRECTION('ref_axis',(0.707106781186547,-0.707106781186547,0.));
#12146=DIRECTION('',(0.,1.,0.));
#12147=DIRECTION('center_axis',(0.,0.,-1.));
#12148=DIRECTION('ref_axis',(0.707106781186547,0.707106781186547,0.));
#12149=DIRECTION('',(-1.,0.,0.));
#12150=DIRECTION('center_axis',(0.,0.,-1.));
#12151=DIRECTION('ref_axis',(-0.707106781186547,0.707106781186547,0.));
#12152=DIRECTION('',(0.,-1.,0.));
#12153=DIRECTION('',(-1.,0.,0.));
#12154=DIRECTION('',(0.,1.,0.));
#12155=DIRECTION('center_axis',(0.,0.,-1.));
#12156=DIRECTION('ref_axis',(0.707106781186547,0.707106781186547,0.));
#12157=DIRECTION('',(-1.,0.,0.));
#12158=DIRECTION('',(0.,1.,0.));
#12159=DIRECTION('',(1.,0.,0.));
#12160=DIRECTION('',(-1.61486982993679E-15,1.,0.));
#12161=DIRECTION('',(-1.,0.,0.));
#12162=DIRECTION('',(0.,1.,0.));
#12163=DIRECTION('',(1.,0.,0.));
#12164=DIRECTION('',(0.,1.,0.));
#12165=DIRECTION('',(-1.,0.,0.));
#12166=DIRECTION('center_axis',(0.,0.,-1.));
#12167=DIRECTION('ref_axis',(0.,1.,0.));
#12168=DIRECTION('',(1.,0.,0.));
#12169=DIRECTION('center_axis',(0.,0.,-1.));
#12170=DIRECTION('ref_axis',(1.,0.,0.));
#12171=DIRECTION('',(0.,-1.,0.));
#12172=DIRECTION('center_axis',(0.,0.,-1.));
#12173=DIRECTION('ref_axis',(0.,-1.,0.));
#12174=DIRECTION('',(-1.,0.,0.));
#12175=DIRECTION('center_axis',(0.,0.,-1.));
#12176=DIRECTION('ref_axis',(-1.,0.,0.));
#12177=DIRECTION('',(0.,1.,0.));
#12178=DIRECTION('center_axis',(0.,0.,-1.));
#12179=DIRECTION('ref_axis',(0.,1.,0.));
#12180=DIRECTION('',(1.,0.,0.));
#12181=DIRECTION('center_axis',(0.,0.,-1.));
#12182=DIRECTION('ref_axis',(1.,0.,0.));
#12183=DIRECTION('',(0.,-1.,0.));
#12184=DIRECTION('center_axis',(0.,0.,-1.));
#12185=DIRECTION('ref_axis',(0.,-1.,0.));
#12186=DIRECTION('',(-1.,0.,0.));
#12187=DIRECTION('center_axis',(0.,0.,-1.));
#12188=DIRECTION('ref_axis',(-1.,0.,0.));
#12189=DIRECTION('',(0.,1.,0.));
#12190=DIRECTION('center_axis',(0.,0.,-1.));
#12191=DIRECTION('ref_axis',(0.,1.,0.));
#12192=DIRECTION('',(1.,0.,0.));
#12193=DIRECTION('center_axis',(0.,0.,-1.));
#12194=DIRECTION('ref_axis',(1.,0.,0.));
#12195=DIRECTION('',(0.,-1.,0.));
#12196=DIRECTION('center_axis',(0.,0.,-1.));
#12197=DIRECTION('ref_axis',(0.,-1.,0.));
#12198=DIRECTION('',(-1.,0.,0.));
#12199=DIRECTION('center_axis',(0.,0.,-1.));
#12200=DIRECTION('ref_axis',(-1.,0.,0.));
#12201=DIRECTION('',(0.,1.,0.));
#12202=DIRECTION('center_axis',(0.,0.,-1.));
#12203=DIRECTION('ref_axis',(0.0328495518088378,0.999460307839165,0.));
#12204=DIRECTION('',(0.999999999924265,1.23073226379685E-5,0.));
#12205=DIRECTION('center_axis',(0.,0.,-1.));
#12206=DIRECTION('ref_axis',(0.999984902375156,-0.00549499970428507,0.));
#12207=DIRECTION('',(1.86437629325198E-5,-0.999999999826205,0.));
#12208=DIRECTION('center_axis',(0.,0.,-1.));
#12209=DIRECTION('ref_axis',(0.000912071007947941,-0.999999584063152,0.));
#12210=DIRECTION('',(-0.999999999954019,9.58969639582628E-6,0.));
#12211=DIRECTION('center_axis',(0.,0.,-1.));
#12212=DIRECTION('ref_axis',(-0.999755588672338,-0.0221079831379366,0.));
#12213=DIRECTION('',(-0.000634319728860034,0.999999798819221,0.));
#12214=DIRECTION('center_axis',(0.,0.,-1.));
#12215=DIRECTION('ref_axis',(0.,1.,0.));
#12216=DIRECTION('',(1.,0.,0.));
#12217=DIRECTION('center_axis',(0.,0.,-1.));
#12218=DIRECTION('ref_axis',(1.,0.,0.));
#12219=DIRECTION('',(0.,-1.,0.));
#12220=DIRECTION('center_axis',(0.,0.,-1.));
#12221=DIRECTION('ref_axis',(0.,-1.,0.));
#12222=DIRECTION('',(-1.,0.,0.));
#12223=DIRECTION('center_axis',(0.,0.,-1.));
#12224=DIRECTION('ref_axis',(-1.,0.,0.));
#12225=DIRECTION('',(0.,1.,0.));
#12226=DIRECTION('center_axis',(0.,0.,-1.));
#12227=DIRECTION('ref_axis',(0.,1.,0.));
#12228=DIRECTION('',(1.,0.,0.));
#12229=DIRECTION('center_axis',(0.,0.,-1.));
#12230=DIRECTION('ref_axis',(1.,0.,0.));
#12231=DIRECTION('',(0.,-1.,0.));
#12232=DIRECTION('center_axis',(0.,0.,-1.));
#12233=DIRECTION('ref_axis',(0.,-1.,0.));
#12234=DIRECTION('',(-1.,0.,0.));
#12235=DIRECTION('center_axis',(0.,0.,-1.));
#12236=DIRECTION('ref_axis',(-1.,0.,0.));
#12237=DIRECTION('',(0.,1.,0.));
#12238=DIRECTION('center_axis',(0.,0.,-1.));
#12239=DIRECTION('ref_axis',(0.,1.,0.));
#12240=DIRECTION('',(1.,0.,0.));
#12241=DIRECTION('center_axis',(0.,0.,-1.));
#12242=DIRECTION('ref_axis',(1.,0.,0.));
#12243=DIRECTION('',(0.,-1.,0.));
#12244=DIRECTION('center_axis',(0.,0.,-1.));
#12245=DIRECTION('ref_axis',(0.,-1.,0.));
#12246=DIRECTION('',(-1.,0.,0.));
#12247=DIRECTION('center_axis',(0.,0.,-1.));
#12248=DIRECTION('ref_axis',(-1.,0.,0.));
#12249=DIRECTION('',(0.,1.,0.));
#12250=DIRECTION('center_axis',(0.,0.,-1.));
#12251=DIRECTION('ref_axis',(0.,1.,0.));
#12252=DIRECTION('',(1.,0.,0.));
#12253=DIRECTION('center_axis',(0.,0.,-1.));
#12254=DIRECTION('ref_axis',(1.,0.,0.));
#12255=DIRECTION('',(0.,-1.,0.));
#12256=DIRECTION('center_axis',(0.,0.,-1.));
#12257=DIRECTION('ref_axis',(0.,-1.,0.));
#12258=DIRECTION('',(-1.,0.,0.));
#12259=DIRECTION('center_axis',(0.,0.,-1.));
#12260=DIRECTION('ref_axis',(-1.,0.,0.));
#12261=DIRECTION('',(0.,1.,0.));
#12262=DIRECTION('center_axis',(0.,0.,-1.));
#12263=DIRECTION('ref_axis',(0.,1.,0.));
#12264=DIRECTION('',(1.,0.,0.));
#12265=DIRECTION('center_axis',(0.,0.,-1.));
#12266=DIRECTION('ref_axis',(1.,0.,0.));
#12267=DIRECTION('',(0.,-1.,0.));
#12268=DIRECTION('center_axis',(0.,0.,-1.));
#12269=DIRECTION('ref_axis',(0.,-1.,0.));
#12270=DIRECTION('',(-1.,0.,0.));
#12271=DIRECTION('center_axis',(0.,0.,-1.));
#12272=DIRECTION('ref_axis',(-1.,0.,0.));
#12273=DIRECTION('',(0.,1.,0.));
#12274=DIRECTION('',(-1.,0.,0.));
#12275=DIRECTION('center_axis',(0.,0.,1.));
#12276=DIRECTION('ref_axis',(0.,1.,0.));
#12277=DIRECTION('',(0.,-1.,0.));
#12278=DIRECTION('center_axis',(0.,0.,-1.));
#12279=DIRECTION('ref_axis',(0.,-1.,0.));
#12280=DIRECTION('',(-1.,0.,0.));
#12281=DIRECTION('center_axis',(0.,0.,1.));
#12282=DIRECTION('ref_axis',(0.,1.,0.));
#12283=DIRECTION('',(0.,-1.,0.));
#12284=DIRECTION('center_axis',(0.,0.,-1.));
#12285=DIRECTION('ref_axis',(0.,-1.,0.));
#12286=DIRECTION('',(-1.,0.,0.));
#12287=DIRECTION('center_axis',(0.,0.,-1.));
#12288=DIRECTION('ref_axis',(-1.,0.,0.));
#12289=DIRECTION('',(0.,1.,0.));
#12290=DIRECTION('center_axis',(0.,0.,1.));
#12291=DIRECTION('ref_axis',(1.,0.,0.));
#12292=DIRECTION('',(-1.,0.,0.));
#12293=DIRECTION('',(0.,1.,0.));
#12294=DIRECTION('center_axis',(0.,0.,1.));
#12295=DIRECTION('ref_axis',(1.,0.,0.));
#12296=DIRECTION('',(-1.,0.,0.));
#12297=DIRECTION('',(0.,-1.,0.));
#12298=DIRECTION('center_axis',(0.,0.,-1.));
#12299=DIRECTION('ref_axis',(0.,-1.,0.));
#12300=DIRECTION('',(-1.,0.,0.));
#12301=DIRECTION('center_axis',(0.,0.,-1.));
#12302=DIRECTION('ref_axis',(-1.,0.,0.));
#12303=DIRECTION('',(0.,1.,0.));
#12304=DIRECTION('',(-1.,0.,0.));
#12305=DIRECTION('center_axis',(0.,0.,1.));
#12306=DIRECTION('ref_axis',(0.,1.,0.));
#12307=DIRECTION('',(0.,-1.,0.));
#12308=DIRECTION('',(-1.,0.,0.));
#12309=DIRECTION('center_axis',(0.,0.,1.));
#12310=DIRECTION('ref_axis',(0.,1.,0.));
#12311=DIRECTION('',(0.,-1.,0.));
#12312=DIRECTION('center_axis',(0.,0.,-1.));
#12313=DIRECTION('ref_axis',(0.,-1.,0.));
#12314=DIRECTION('',(-1.,0.,0.));
#12315=DIRECTION('center_axis',(0.,0.,-1.));
#12316=DIRECTION('ref_axis',(-1.,0.,0.));
#12317=DIRECTION('center_axis',(0.,0.,-1.));
#12318=DIRECTION('ref_axis',(0.,1.,0.));
#12319=DIRECTION('',(1.,0.,0.));
#12320=DIRECTION('center_axis',(0.,0.,-1.));
#12321=DIRECTION('ref_axis',(1.,0.,0.));
#12322=DIRECTION('',(0.,-1.,0.));
#12323=DIRECTION('center_axis',(0.,0.,-1.));
#12324=DIRECTION('ref_axis',(0.,-1.,0.));
#12325=DIRECTION('',(-1.,0.,0.));
#12326=DIRECTION('center_axis',(0.,0.,-1.));
#12327=DIRECTION('ref_axis',(-1.,0.,0.));
#12328=DIRECTION('',(0.,1.,0.));
#12329=DIRECTION('center_axis',(0.,0.,-1.));
#12330=DIRECTION('ref_axis',(0.,1.,0.));
#12331=DIRECTION('',(1.,0.,0.));
#12332=DIRECTION('center_axis',(0.,0.,-1.));
#12333=DIRECTION('ref_axis',(1.,0.,0.));
#12334=DIRECTION('',(0.,-1.,0.));
#12335=DIRECTION('center_axis',(0.,0.,-1.));
#12336=DIRECTION('ref_axis',(0.,-1.,0.));
#12337=DIRECTION('',(-1.,0.,0.));
#12338=DIRECTION('center_axis',(0.,0.,-1.));
#12339=DIRECTION('ref_axis',(-1.,0.,0.));
#12340=DIRECTION('',(0.,1.,0.));
#12341=DIRECTION('center_axis',(0.,0.,-1.));
#12342=DIRECTION('ref_axis',(0.,1.,0.));
#12343=DIRECTION('',(1.,0.,0.));
#12344=DIRECTION('center_axis',(0.,0.,-1.));
#12345=DIRECTION('ref_axis',(1.,0.,0.));
#12346=DIRECTION('',(0.,-1.,0.));
#12347=DIRECTION('center_axis',(0.,0.,-1.));
#12348=DIRECTION('ref_axis',(0.,-1.,0.));
#12349=DIRECTION('',(-1.,0.,0.));
#12350=DIRECTION('center_axis',(0.,0.,-1.));
#12351=DIRECTION('ref_axis',(-1.,0.,0.));
#12352=DIRECTION('',(0.,1.,0.));
#12353=DIRECTION('center_axis',(0.,0.,-1.));
#12354=DIRECTION('ref_axis',(0.,1.,0.));
#12355=DIRECTION('',(1.,0.,0.));
#12356=DIRECTION('center_axis',(0.,0.,-1.));
#12357=DIRECTION('ref_axis',(1.,0.,0.));
#12358=DIRECTION('',(0.,-1.,0.));
#12359=DIRECTION('center_axis',(0.,0.,-1.));
#12360=DIRECTION('ref_axis',(0.,-1.,0.));
#12361=DIRECTION('',(-1.,0.,0.));
#12362=DIRECTION('center_axis',(0.,0.,-1.));
#12363=DIRECTION('ref_axis',(-1.,0.,0.));
#12364=DIRECTION('',(0.,1.,0.));
#12365=DIRECTION('center_axis',(0.,0.,-1.));
#12366=DIRECTION('ref_axis',(0.,1.,0.));
#12367=DIRECTION('',(1.,0.,0.));
#12368=DIRECTION('center_axis',(0.,0.,-1.));
#12369=DIRECTION('ref_axis',(1.,0.,0.));
#12370=DIRECTION('',(0.,-1.,0.));
#12371=DIRECTION('center_axis',(0.,0.,-1.));
#12372=DIRECTION('ref_axis',(0.,-1.,0.));
#12373=DIRECTION('',(-1.,0.,0.));
#12374=DIRECTION('center_axis',(0.,0.,-1.));
#12375=DIRECTION('ref_axis',(-1.,0.,0.));
#12376=DIRECTION('',(0.,1.,0.));
#12377=DIRECTION('center_axis',(0.,0.,-1.));
#12378=DIRECTION('ref_axis',(0.,1.,0.));
#12379=DIRECTION('',(1.,0.,0.));
#12380=DIRECTION('center_axis',(0.,0.,-1.));
#12381=DIRECTION('ref_axis',(1.,0.,0.));
#12382=DIRECTION('',(0.,-1.,0.));
#12383=DIRECTION('center_axis',(0.,0.,-1.));
#12384=DIRECTION('ref_axis',(0.,-1.,0.));
#12385=DIRECTION('',(-1.,0.,0.));
#12386=DIRECTION('center_axis',(0.,0.,-1.));
#12387=DIRECTION('ref_axis',(-1.,0.,0.));
#12388=DIRECTION('',(0.,1.,0.));
#12389=DIRECTION('center_axis',(0.,0.,-1.));
#12390=DIRECTION('ref_axis',(0.,1.,0.));
#12391=DIRECTION('',(1.,0.,0.));
#12392=DIRECTION('center_axis',(0.,0.,-1.));
#12393=DIRECTION('ref_axis',(1.,0.,0.));
#12394=DIRECTION('',(0.,-1.,0.));
#12395=DIRECTION('center_axis',(0.,0.,-1.));
#12396=DIRECTION('ref_axis',(0.,-1.,0.));
#12397=DIRECTION('',(-1.,0.,0.));
#12398=DIRECTION('center_axis',(0.,0.,-1.));
#12399=DIRECTION('ref_axis',(-1.,0.,0.));
#12400=DIRECTION('',(0.,1.,0.));
#12401=DIRECTION('center_axis',(0.,0.,-1.));
#12402=DIRECTION('ref_axis',(0.,1.,0.));
#12403=DIRECTION('',(1.,0.,0.));
#12404=DIRECTION('center_axis',(0.,0.,-1.));
#12405=DIRECTION('ref_axis',(1.,0.,0.));
#12406=DIRECTION('',(0.,-1.,0.));
#12407=DIRECTION('center_axis',(0.,0.,-1.));
#12408=DIRECTION('ref_axis',(0.,-1.,0.));
#12409=DIRECTION('',(-1.,0.,0.));
#12410=DIRECTION('center_axis',(0.,0.,-1.));
#12411=DIRECTION('ref_axis',(-1.,0.,0.));
#12412=DIRECTION('',(0.,1.,0.));
#12413=DIRECTION('center_axis',(0.,0.,-1.));
#12414=DIRECTION('ref_axis',(0.,1.,0.));
#12415=DIRECTION('',(1.,0.,0.));
#12416=DIRECTION('center_axis',(0.,0.,-1.));
#12417=DIRECTION('ref_axis',(1.,0.,0.));
#12418=DIRECTION('',(0.,-1.,0.));
#12419=DIRECTION('center_axis',(0.,0.,-1.));
#12420=DIRECTION('ref_axis',(0.,-1.,0.));
#12421=DIRECTION('',(-1.,0.,0.));
#12422=DIRECTION('center_axis',(0.,0.,-1.));
#12423=DIRECTION('ref_axis',(-1.,0.,0.));
#12424=DIRECTION('',(0.,1.,0.));
#12425=DIRECTION('center_axis',(0.,0.,-1.));
#12426=DIRECTION('ref_axis',(0.,1.,0.));
#12427=DIRECTION('',(1.,0.,0.));
#12428=DIRECTION('center_axis',(0.,0.,-1.));
#12429=DIRECTION('ref_axis',(1.,0.,0.));
#12430=DIRECTION('',(0.,-1.,0.));
#12431=DIRECTION('center_axis',(0.,0.,-1.));
#12432=DIRECTION('ref_axis',(0.,-1.,0.));
#12433=DIRECTION('',(-1.,0.,0.));
#12434=DIRECTION('center_axis',(0.,0.,-1.));
#12435=DIRECTION('ref_axis',(-1.,0.,0.));
#12436=DIRECTION('',(0.,1.,0.));
#12437=DIRECTION('center_axis',(0.,0.,-1.));
#12438=DIRECTION('ref_axis',(0.,1.,0.));
#12439=DIRECTION('',(1.,0.,0.));
#12440=DIRECTION('center_axis',(0.,0.,-1.));
#12441=DIRECTION('ref_axis',(1.,0.,0.));
#12442=DIRECTION('',(0.,-1.,0.));
#12443=DIRECTION('center_axis',(0.,0.,-1.));
#12444=DIRECTION('ref_axis',(0.,-1.,0.));
#12445=DIRECTION('',(-1.,0.,0.));
#12446=DIRECTION('center_axis',(0.,0.,-1.));
#12447=DIRECTION('ref_axis',(-1.,0.,0.));
#12448=DIRECTION('',(0.,1.,0.));
#12449=DIRECTION('center_axis',(0.,0.,-1.));
#12450=DIRECTION('ref_axis',(0.,1.,0.));
#12451=DIRECTION('',(1.,0.,0.));
#12452=DIRECTION('center_axis',(0.,0.,-1.));
#12453=DIRECTION('ref_axis',(1.,0.,0.));
#12454=DIRECTION('',(0.,-1.,0.));
#12455=DIRECTION('center_axis',(0.,0.,-1.));
#12456=DIRECTION('ref_axis',(0.,-1.,0.));
#12457=DIRECTION('',(-1.,0.,0.));
#12458=DIRECTION('center_axis',(0.,0.,-1.));
#12459=DIRECTION('ref_axis',(-1.,0.,0.));
#12460=DIRECTION('',(0.,1.,0.));
#12461=DIRECTION('center_axis',(0.,0.,-1.));
#12462=DIRECTION('ref_axis',(0.,1.,0.));
#12463=DIRECTION('',(1.,0.,0.));
#12464=DIRECTION('center_axis',(0.,0.,-1.));
#12465=DIRECTION('ref_axis',(1.,0.,0.));
#12466=DIRECTION('',(0.,-1.,0.));
#12467=DIRECTION('center_axis',(0.,0.,-1.));
#12468=DIRECTION('ref_axis',(0.,-1.,0.));
#12469=DIRECTION('',(-1.,0.,0.));
#12470=DIRECTION('center_axis',(0.,0.,-1.));
#12471=DIRECTION('ref_axis',(-1.,0.,0.));
#12472=DIRECTION('',(0.,1.,0.));
#12473=DIRECTION('center_axis',(0.,0.,-1.));
#12474=DIRECTION('ref_axis',(0.,1.,0.));
#12475=DIRECTION('',(1.,0.,0.));
#12476=DIRECTION('center_axis',(0.,0.,-1.));
#12477=DIRECTION('ref_axis',(1.,0.,0.));
#12478=DIRECTION('',(0.,-1.,0.));
#12479=DIRECTION('center_axis',(0.,0.,-1.));
#12480=DIRECTION('ref_axis',(0.,-1.,0.));
#12481=DIRECTION('',(-1.,0.,0.));
#12482=DIRECTION('center_axis',(0.,0.,-1.));
#12483=DIRECTION('ref_axis',(-1.,0.,0.));
#12484=DIRECTION('',(0.,1.,0.));
#12485=DIRECTION('center_axis',(0.,0.,-1.));
#12486=DIRECTION('ref_axis',(0.,1.,0.));
#12487=DIRECTION('',(1.,0.,0.));
#12488=DIRECTION('center_axis',(0.,0.,-1.));
#12489=DIRECTION('ref_axis',(1.,0.,0.));
#12490=DIRECTION('',(0.,-1.,0.));
#12491=DIRECTION('center_axis',(0.,0.,-1.));
#12492=DIRECTION('ref_axis',(0.,-1.,0.));
#12493=DIRECTION('',(-1.,0.,0.));
#12494=DIRECTION('center_axis',(0.,0.,-1.));
#12495=DIRECTION('ref_axis',(-1.,0.,0.));
#12496=DIRECTION('',(0.,1.,0.));
#12497=DIRECTION('center_axis',(0.,0.,-1.));
#12498=DIRECTION('ref_axis',(0.,1.,0.));
#12499=DIRECTION('',(1.,0.,0.));
#12500=DIRECTION('center_axis',(0.,0.,-1.));
#12501=DIRECTION('ref_axis',(1.,0.,0.));
#12502=DIRECTION('',(0.,-1.,0.));
#12503=DIRECTION('center_axis',(0.,0.,-1.));
#12504=DIRECTION('ref_axis',(0.,-1.,0.));
#12505=DIRECTION('',(-1.,0.,0.));
#12506=DIRECTION('center_axis',(0.,0.,-1.));
#12507=DIRECTION('ref_axis',(-1.,0.,0.));
#12508=DIRECTION('',(0.,1.,0.));
#12509=DIRECTION('center_axis',(0.,0.,-1.));
#12510=DIRECTION('ref_axis',(0.,1.,0.));
#12511=DIRECTION('',(1.,0.,0.));
#12512=DIRECTION('center_axis',(0.,0.,-1.));
#12513=DIRECTION('ref_axis',(1.,0.,0.));
#12514=DIRECTION('',(0.,-1.,0.));
#12515=DIRECTION('center_axis',(0.,0.,-1.));
#12516=DIRECTION('ref_axis',(0.,-1.,0.));
#12517=DIRECTION('',(-1.,0.,0.));
#12518=DIRECTION('center_axis',(0.,0.,-1.));
#12519=DIRECTION('ref_axis',(-1.,0.,0.));
#12520=DIRECTION('',(0.,1.,0.));
#12521=DIRECTION('center_axis',(0.,0.,-1.));
#12522=DIRECTION('ref_axis',(0.,1.,0.));
#12523=DIRECTION('',(1.,0.,0.));
#12524=DIRECTION('center_axis',(0.,0.,-1.));
#12525=DIRECTION('ref_axis',(1.,0.,0.));
#12526=DIRECTION('',(0.,-1.,0.));
#12527=DIRECTION('center_axis',(0.,0.,-1.));
#12528=DIRECTION('ref_axis',(0.,-1.,0.));
#12529=DIRECTION('',(-1.,0.,0.));
#12530=DIRECTION('center_axis',(0.,0.,-1.));
#12531=DIRECTION('ref_axis',(-1.,0.,0.));
#12532=DIRECTION('',(0.,1.,0.));
#12533=DIRECTION('center_axis',(0.,0.,-1.));
#12534=DIRECTION('ref_axis',(0.,1.,0.));
#12535=DIRECTION('',(1.,0.,0.));
#12536=DIRECTION('center_axis',(0.,0.,-1.));
#12537=DIRECTION('ref_axis',(1.,0.,0.));
#12538=DIRECTION('',(0.,-1.,0.));
#12539=DIRECTION('center_axis',(0.,0.,-1.));
#12540=DIRECTION('ref_axis',(0.,-1.,0.));
#12541=DIRECTION('',(-1.,0.,0.));
#12542=DIRECTION('center_axis',(0.,0.,-1.));
#12543=DIRECTION('ref_axis',(-1.,0.,0.));
#12544=DIRECTION('',(0.,1.,0.));
#12545=DIRECTION('center_axis',(0.,0.,-1.));
#12546=DIRECTION('ref_axis',(0.,1.,0.));
#12547=DIRECTION('',(1.,0.,0.));
#12548=DIRECTION('center_axis',(0.,0.,-1.));
#12549=DIRECTION('ref_axis',(1.,0.,0.));
#12550=DIRECTION('',(0.,-1.,0.));
#12551=DIRECTION('center_axis',(0.,0.,-1.));
#12552=DIRECTION('ref_axis',(0.,-1.,0.));
#12553=DIRECTION('',(-1.,0.,0.));
#12554=DIRECTION('center_axis',(0.,0.,-1.));
#12555=DIRECTION('ref_axis',(-1.,0.,0.));
#12556=DIRECTION('',(0.,1.,0.));
#12557=DIRECTION('center_axis',(0.,0.,-1.));
#12558=DIRECTION('ref_axis',(0.,1.,0.));
#12559=DIRECTION('',(1.,0.,0.));
#12560=DIRECTION('center_axis',(0.,0.,-1.));
#12561=DIRECTION('ref_axis',(1.,0.,0.));
#12562=DIRECTION('',(0.,-1.,0.));
#12563=DIRECTION('center_axis',(0.,0.,-1.));
#12564=DIRECTION('ref_axis',(0.,-1.,0.));
#12565=DIRECTION('',(-1.,0.,0.));
#12566=DIRECTION('center_axis',(0.,0.,-1.));
#12567=DIRECTION('ref_axis',(-1.,0.,0.));
#12568=DIRECTION('',(0.,1.,0.));
#12569=DIRECTION('center_axis',(0.,0.,-1.));
#12570=DIRECTION('ref_axis',(0.,1.,0.));
#12571=DIRECTION('',(1.,0.,0.));
#12572=DIRECTION('center_axis',(0.,0.,-1.));
#12573=DIRECTION('ref_axis',(1.,0.,0.));
#12574=DIRECTION('',(0.,-1.,0.));
#12575=DIRECTION('center_axis',(0.,0.,-1.));
#12576=DIRECTION('ref_axis',(0.,-1.,0.));
#12577=DIRECTION('',(-1.,0.,0.));
#12578=DIRECTION('center_axis',(0.,0.,-1.));
#12579=DIRECTION('ref_axis',(-1.,0.,0.));
#12580=DIRECTION('',(0.,1.,0.));
#12581=DIRECTION('center_axis',(0.,0.,-1.));
#12582=DIRECTION('ref_axis',(0.,1.,0.));
#12583=DIRECTION('',(1.,0.,0.));
#12584=DIRECTION('center_axis',(0.,0.,-1.));
#12585=DIRECTION('ref_axis',(1.,0.,0.));
#12586=DIRECTION('',(0.,-1.,0.));
#12587=DIRECTION('center_axis',(0.,0.,-1.));
#12588=DIRECTION('ref_axis',(0.,-1.,0.));
#12589=DIRECTION('',(-1.,0.,0.));
#12590=DIRECTION('center_axis',(0.,0.,-1.));
#12591=DIRECTION('ref_axis',(-1.,0.,0.));
#12592=DIRECTION('',(0.,1.,0.));
#12593=DIRECTION('',(-1.,0.,0.));
#12594=DIRECTION('center_axis',(0.,0.,1.));
#12595=DIRECTION('ref_axis',(0.,1.,0.));
#12596=DIRECTION('',(0.,-1.,0.));
#12597=DIRECTION('center_axis',(0.,0.,-1.));
#12598=DIRECTION('ref_axis',(0.,-1.,0.));
#12599=DIRECTION('',(-1.,0.,0.));
#12600=DIRECTION('center_axis',(0.,0.,1.));
#12601=DIRECTION('ref_axis',(0.,1.,0.));
#12602=DIRECTION('',(0.,-1.,0.));
#12603=DIRECTION('center_axis',(0.,0.,-1.));
#12604=DIRECTION('ref_axis',(0.,-1.,0.));
#12605=DIRECTION('',(-1.,0.,0.));
#12606=DIRECTION('center_axis',(0.,0.,-1.));
#12607=DIRECTION('ref_axis',(-1.,0.,0.));
#12608=DIRECTION('',(0.,1.,0.));
#12609=DIRECTION('center_axis',(0.,0.,1.));
#12610=DIRECTION('ref_axis',(1.,0.,0.));
#12611=DIRECTION('',(-1.,0.,0.));
#12612=DIRECTION('',(0.,1.,0.));
#12613=DIRECTION('center_axis',(0.,0.,1.));
#12614=DIRECTION('ref_axis',(1.,0.,0.));
#12615=DIRECTION('',(-1.,0.,0.));
#12616=DIRECTION('',(0.,-1.,0.));
#12617=DIRECTION('center_axis',(0.,0.,-1.));
#12618=DIRECTION('ref_axis',(0.,-1.,0.));
#12619=DIRECTION('',(-1.,0.,0.));
#12620=DIRECTION('center_axis',(0.,0.,-1.));
#12621=DIRECTION('ref_axis',(-1.,0.,0.));
#12622=DIRECTION('',(0.,1.,0.));
#12623=DIRECTION('',(-1.,0.,0.));
#12624=DIRECTION('center_axis',(0.,0.,1.));
#12625=DIRECTION('ref_axis',(0.,1.,0.));
#12626=DIRECTION('',(0.,-1.,0.));
#12627=DIRECTION('',(-1.,0.,0.));
#12628=DIRECTION('center_axis',(0.,0.,1.));
#12629=DIRECTION('ref_axis',(0.,1.,0.));
#12630=DIRECTION('',(0.,-1.,0.));
#12631=DIRECTION('center_axis',(0.,0.,-1.));
#12632=DIRECTION('ref_axis',(0.,-1.,0.));
#12633=DIRECTION('',(-1.,0.,0.));
#12634=DIRECTION('center_axis',(0.,0.,-1.));
#12635=DIRECTION('ref_axis',(-1.,0.,0.));
#12636=DIRECTION('center_axis',(0.,0.,-1.));
#12637=DIRECTION('ref_axis',(0.,1.,0.));
#12638=DIRECTION('',(1.,0.,0.));
#12639=DIRECTION('center_axis',(0.,0.,-1.));
#12640=DIRECTION('ref_axis',(1.,0.,0.));
#12641=DIRECTION('',(0.,-1.,0.));
#12642=DIRECTION('center_axis',(0.,0.,-1.));
#12643=DIRECTION('ref_axis',(0.,-1.,0.));
#12644=DIRECTION('',(-1.,0.,0.));
#12645=DIRECTION('center_axis',(0.,0.,-1.));
#12646=DIRECTION('ref_axis',(-1.,0.,0.));
#12647=DIRECTION('',(0.,1.,0.));
#12648=DIRECTION('center_axis',(0.,0.,-1.));
#12649=DIRECTION('ref_axis',(0.,1.,0.));
#12650=DIRECTION('',(1.,0.,0.));
#12651=DIRECTION('center_axis',(0.,0.,-1.));
#12652=DIRECTION('ref_axis',(1.,0.,0.));
#12653=DIRECTION('',(0.,-1.,0.));
#12654=DIRECTION('center_axis',(0.,0.,-1.));
#12655=DIRECTION('ref_axis',(0.,-1.,0.));
#12656=DIRECTION('',(-1.,0.,0.));
#12657=DIRECTION('center_axis',(0.,0.,-1.));
#12658=DIRECTION('ref_axis',(-1.,0.,0.));
#12659=DIRECTION('',(0.,1.,0.));
#12660=DIRECTION('center_axis',(0.,0.,-1.));
#12661=DIRECTION('ref_axis',(0.,1.,0.));
#12662=DIRECTION('',(1.,0.,0.));
#12663=DIRECTION('center_axis',(0.,0.,-1.));
#12664=DIRECTION('ref_axis',(1.,0.,0.));
#12665=DIRECTION('',(0.,-1.,0.));
#12666=DIRECTION('center_axis',(0.,0.,-1.));
#12667=DIRECTION('ref_axis',(0.,-1.,0.));
#12668=DIRECTION('',(-1.,0.,0.));
#12669=DIRECTION('center_axis',(0.,0.,-1.));
#12670=DIRECTION('ref_axis',(-1.,0.,0.));
#12671=DIRECTION('',(0.,1.,0.));
#12672=DIRECTION('center_axis',(0.,0.,-1.));
#12673=DIRECTION('ref_axis',(0.,1.,0.));
#12674=DIRECTION('',(1.,0.,0.));
#12675=DIRECTION('center_axis',(0.,0.,-1.));
#12676=DIRECTION('ref_axis',(1.,0.,0.));
#12677=DIRECTION('',(0.,-1.,0.));
#12678=DIRECTION('center_axis',(0.,0.,-1.));
#12679=DIRECTION('ref_axis',(0.,-1.,0.));
#12680=DIRECTION('',(-1.,0.,0.));
#12681=DIRECTION('center_axis',(0.,0.,-1.));
#12682=DIRECTION('ref_axis',(-1.,0.,0.));
#12683=DIRECTION('',(0.,1.,0.));
#12684=DIRECTION('center_axis',(0.,0.,-1.));
#12685=DIRECTION('ref_axis',(0.,1.,0.));
#12686=DIRECTION('',(1.,0.,0.));
#12687=DIRECTION('center_axis',(0.,0.,-1.));
#12688=DIRECTION('ref_axis',(1.,0.,0.));
#12689=DIRECTION('',(0.,-1.,0.));
#12690=DIRECTION('center_axis',(0.,0.,-1.));
#12691=DIRECTION('ref_axis',(0.,-1.,0.));
#12692=DIRECTION('',(-1.,0.,0.));
#12693=DIRECTION('center_axis',(0.,0.,-1.));
#12694=DIRECTION('ref_axis',(-1.,0.,0.));
#12695=DIRECTION('',(0.,1.,0.));
#12696=DIRECTION('center_axis',(0.,0.,-1.));
#12697=DIRECTION('ref_axis',(0.,1.,0.));
#12698=DIRECTION('',(1.,0.,0.));
#12699=DIRECTION('center_axis',(0.,0.,-1.));
#12700=DIRECTION('ref_axis',(1.,0.,0.));
#12701=DIRECTION('',(0.,-1.,0.));
#12702=DIRECTION('center_axis',(0.,0.,-1.));
#12703=DIRECTION('ref_axis',(0.,-1.,0.));
#12704=DIRECTION('',(-1.,0.,0.));
#12705=DIRECTION('center_axis',(0.,0.,-1.));
#12706=DIRECTION('ref_axis',(-1.,0.,0.));
#12707=DIRECTION('',(0.,1.,0.));
#12708=DIRECTION('center_axis',(0.,-1.,0.));
#12709=DIRECTION('ref_axis',(1.,0.,0.));
#12710=DIRECTION('',(0.,0.,1.));
#12711=DIRECTION('',(0.,0.,1.));
#12712=DIRECTION('center_axis',(-1.,0.,0.));
#12713=DIRECTION('ref_axis',(0.,-1.,0.));
#12714=DIRECTION('',(0.,0.,-1.));
#12715=DIRECTION('center_axis',(1.,0.,0.));
#12716=DIRECTION('ref_axis',(0.,1.,0.));
#12717=DIRECTION('',(0.,0.,-1.));
#12718=DIRECTION('',(0.,0.,1.));
#12719=DIRECTION('center_axis',(0.,1.,0.));
#12720=DIRECTION('ref_axis',(-1.,0.,0.));
#12721=DIRECTION('',(0.,0.,1.));
#12722=DIRECTION('',(0.,0.,1.));
#12723=DIRECTION('center_axis',(1.,0.,0.));
#12724=DIRECTION('ref_axis',(0.,1.,0.));
#12725=DIRECTION('',(0.,0.,-1.));
#12726=DIRECTION('center_axis',(0.,0.,1.));
#12727=DIRECTION('ref_axis',(0.,1.,0.));
#12728=DIRECTION('',(0.,0.,1.));
#12729=DIRECTION('',(0.,0.,1.));
#12730=DIRECTION('center_axis',(0.,-1.,0.));
#12731=DIRECTION('ref_axis',(1.,0.,0.));
#12732=DIRECTION('',(0.,0.,1.));
#12733=DIRECTION('center_axis',(0.,0.,1.));
#12734=DIRECTION('ref_axis',(1.,0.,0.));
#12735=DIRECTION('',(0.,0.,1.));
#12736=DIRECTION('center_axis',(-1.,0.,0.));
#12737=DIRECTION('ref_axis',(0.,-1.,0.));
#12738=DIRECTION('',(0.,0.,1.));
#12739=DIRECTION('center_axis',(0.,0.,1.));
#12740=DIRECTION('ref_axis',(0.,-1.,0.));
#12741=DIRECTION('',(0.,0.,1.));
#12742=DIRECTION('center_axis',(0.,1.,0.));
#12743=DIRECTION('ref_axis',(-1.,0.,0.));
#12744=DIRECTION('',(0.,0.,1.));
#12745=DIRECTION('center_axis',(0.,0.,1.));
#12746=DIRECTION('ref_axis',(-1.,0.,0.));
#12747=DIRECTION('',(0.,0.,1.));
#12748=DIRECTION('center_axis',(1.,0.,0.));
#12749=DIRECTION('ref_axis',(0.,1.,0.));
#12750=DIRECTION('center_axis',(0.,0.,1.));
#12751=DIRECTION('ref_axis',(0.,1.,0.));
#12752=DIRECTION('',(0.,0.,1.));
#12753=DIRECTION('',(0.,0.,1.));
#12754=DIRECTION('center_axis',(0.,-1.,0.));
#12755=DIRECTION('ref_axis',(1.,0.,0.));
#12756=DIRECTION('',(0.,0.,1.));
#12757=DIRECTION('center_axis',(0.,0.,1.));
#12758=DIRECTION('ref_axis',(1.,0.,0.));
#12759=DIRECTION('',(0.,0.,1.));
#12760=DIRECTION('center_axis',(-1.,0.,0.));
#12761=DIRECTION('ref_axis',(0.,-1.,0.));
#12762=DIRECTION('',(0.,0.,1.));
#12763=DIRECTION('center_axis',(0.,0.,1.));
#12764=DIRECTION('ref_axis',(0.,-1.,0.));
#12765=DIRECTION('',(0.,0.,1.));
#12766=DIRECTION('center_axis',(0.,1.,0.));
#12767=DIRECTION('ref_axis',(-1.,0.,0.));
#12768=DIRECTION('',(0.,0.,1.));
#12769=DIRECTION('center_axis',(0.,0.,1.));
#12770=DIRECTION('ref_axis',(-1.,0.,0.));
#12771=DIRECTION('',(0.,0.,1.));
#12772=DIRECTION('center_axis',(1.,0.,0.));
#12773=DIRECTION('ref_axis',(0.,1.,0.));
#12774=DIRECTION('center_axis',(0.,0.,1.));
#12775=DIRECTION('ref_axis',(0.,1.,0.));
#12776=DIRECTION('',(0.,0.,1.));
#12777=DIRECTION('',(0.,0.,1.));
#12778=DIRECTION('center_axis',(0.,-1.,0.));
#12779=DIRECTION('ref_axis',(1.,0.,0.));
#12780=DIRECTION('',(0.,0.,1.));
#12781=DIRECTION('center_axis',(0.,0.,1.));
#12782=DIRECTION('ref_axis',(1.,0.,0.));
#12783=DIRECTION('',(0.,0.,1.));
#12784=DIRECTION('center_axis',(-1.,0.,0.));
#12785=DIRECTION('ref_axis',(0.,-1.,0.));
#12786=DIRECTION('',(0.,0.,1.));
#12787=DIRECTION('center_axis',(0.,0.,1.));
#12788=DIRECTION('ref_axis',(0.,-1.,0.));
#12789=DIRECTION('',(0.,0.,1.));
#12790=DIRECTION('center_axis',(0.,1.,0.));
#12791=DIRECTION('ref_axis',(-1.,0.,0.));
#12792=DIRECTION('',(0.,0.,1.));
#12793=DIRECTION('center_axis',(0.,0.,1.));
#12794=DIRECTION('ref_axis',(-1.,0.,0.));
#12795=DIRECTION('',(0.,0.,1.));
#12796=DIRECTION('center_axis',(1.,0.,0.));
#12797=DIRECTION('ref_axis',(0.,1.,0.));
#12798=DIRECTION('center_axis',(0.,0.,1.));
#12799=DIRECTION('ref_axis',(0.,1.,0.));
#12800=DIRECTION('',(0.,0.,1.));
#12801=DIRECTION('',(0.,0.,1.));
#12802=DIRECTION('center_axis',(0.,-1.,0.));
#12803=DIRECTION('ref_axis',(1.,0.,0.));
#12804=DIRECTION('',(0.,0.,1.));
#12805=DIRECTION('center_axis',(0.,0.,1.));
#12806=DIRECTION('ref_axis',(1.,0.,0.));
#12807=DIRECTION('',(0.,0.,1.));
#12808=DIRECTION('center_axis',(-1.,0.,0.));
#12809=DIRECTION('ref_axis',(0.,-1.,0.));
#12810=DIRECTION('',(0.,0.,1.));
#12811=DIRECTION('center_axis',(0.,0.,1.));
#12812=DIRECTION('ref_axis',(0.,-1.,0.));
#12813=DIRECTION('',(0.,0.,1.));
#12814=DIRECTION('center_axis',(0.,1.,0.));
#12815=DIRECTION('ref_axis',(-1.,0.,0.));
#12816=DIRECTION('',(0.,0.,1.));
#12817=DIRECTION('center_axis',(0.,0.,1.));
#12818=DIRECTION('ref_axis',(-1.,0.,0.));
#12819=DIRECTION('',(0.,0.,1.));
#12820=DIRECTION('center_axis',(1.,0.,0.));
#12821=DIRECTION('ref_axis',(0.,1.,0.));
#12822=DIRECTION('center_axis',(0.,0.,1.));
#12823=DIRECTION('ref_axis',(0.,1.,0.));
#12824=DIRECTION('',(0.,0.,1.));
#12825=DIRECTION('',(0.,0.,1.));
#12826=DIRECTION('center_axis',(0.,-1.,0.));
#12827=DIRECTION('ref_axis',(1.,0.,0.));
#12828=DIRECTION('',(0.,0.,1.));
#12829=DIRECTION('center_axis',(0.,0.,1.));
#12830=DIRECTION('ref_axis',(1.,0.,0.));
#12831=DIRECTION('',(0.,0.,1.));
#12832=DIRECTION('center_axis',(-1.,0.,0.));
#12833=DIRECTION('ref_axis',(0.,-1.,0.));
#12834=DIRECTION('',(0.,0.,1.));
#12835=DIRECTION('center_axis',(0.,0.,1.));
#12836=DIRECTION('ref_axis',(0.,-1.,0.));
#12837=DIRECTION('',(0.,0.,1.));
#12838=DIRECTION('center_axis',(0.,1.,0.));
#12839=DIRECTION('ref_axis',(-1.,0.,0.));
#12840=DIRECTION('',(0.,0.,1.));
#12841=DIRECTION('center_axis',(0.,0.,1.));
#12842=DIRECTION('ref_axis',(-1.,0.,0.));
#12843=DIRECTION('',(0.,0.,1.));
#12844=DIRECTION('center_axis',(1.,0.,0.));
#12845=DIRECTION('ref_axis',(0.,1.,0.));
#12846=DIRECTION('center_axis',(0.,0.,1.));
#12847=DIRECTION('ref_axis',(0.,1.,0.));
#12848=DIRECTION('',(0.,0.,1.));
#12849=DIRECTION('',(0.,0.,1.));
#12850=DIRECTION('center_axis',(0.,-1.,0.));
#12851=DIRECTION('ref_axis',(1.,0.,0.));
#12852=DIRECTION('',(0.,0.,1.));
#12853=DIRECTION('center_axis',(0.,0.,1.));
#12854=DIRECTION('ref_axis',(1.,0.,0.));
#12855=DIRECTION('',(0.,0.,1.));
#12856=DIRECTION('center_axis',(-1.,0.,0.));
#12857=DIRECTION('ref_axis',(0.,-1.,0.));
#12858=DIRECTION('',(0.,0.,1.));
#12859=DIRECTION('center_axis',(0.,0.,1.));
#12860=DIRECTION('ref_axis',(0.,-1.,0.));
#12861=DIRECTION('',(0.,0.,1.));
#12862=DIRECTION('center_axis',(0.,1.,0.));
#12863=DIRECTION('ref_axis',(-1.,0.,0.));
#12864=DIRECTION('',(0.,0.,1.));
#12865=DIRECTION('center_axis',(0.,0.,1.));
#12866=DIRECTION('ref_axis',(-1.,0.,0.));
#12867=DIRECTION('',(0.,0.,1.));
#12868=DIRECTION('center_axis',(1.,0.,0.));
#12869=DIRECTION('ref_axis',(0.,1.,0.));
#12870=DIRECTION('center_axis',(0.,1.,0.));
#12871=DIRECTION('ref_axis',(-1.,0.,0.));
#12872=DIRECTION('',(0.,0.,1.));
#12873=DIRECTION('center_axis',(0.,0.,1.));
#12874=DIRECTION('ref_axis',(0.,1.,0.));
#12875=DIRECTION('',(0.,0.,1.));
#12876=DIRECTION('center_axis',(-1.,0.,0.));
#12877=DIRECTION('ref_axis',(0.,-1.,0.));
#12878=DIRECTION('',(0.,0.,1.));
#12879=DIRECTION('center_axis',(0.,0.,1.));
#12880=DIRECTION('ref_axis',(0.,-1.,0.));
#12881=DIRECTION('',(0.,0.,1.));
#12882=DIRECTION('center_axis',(0.,1.,0.));
#12883=DIRECTION('ref_axis',(-1.,0.,0.));
#12884=DIRECTION('',(0.,0.,1.));
#12885=DIRECTION('center_axis',(0.,0.,1.));
#12886=DIRECTION('ref_axis',(0.,1.,0.));
#12887=DIRECTION('',(0.,0.,1.));
#12888=DIRECTION('center_axis',(-1.,0.,0.));
#12889=DIRECTION('ref_axis',(0.,-1.,0.));
#12890=DIRECTION('',(0.,0.,1.));
#12891=DIRECTION('center_axis',(0.,0.,1.));
#12892=DIRECTION('ref_axis',(0.,-1.,0.));
#12893=DIRECTION('',(0.,0.,1.));
#12894=DIRECTION('center_axis',(0.,1.,0.));
#12895=DIRECTION('ref_axis',(-1.,0.,0.));
#12896=DIRECTION('',(0.,0.,1.));
#12897=DIRECTION('center_axis',(0.,0.,1.));
#12898=DIRECTION('ref_axis',(-1.,0.,0.));
#12899=DIRECTION('',(0.,0.,1.));
#12900=DIRECTION('center_axis',(1.,0.,0.));
#12901=DIRECTION('ref_axis',(0.,1.,0.));
#12902=DIRECTION('',(0.,0.,1.));
#12903=DIRECTION('center_axis',(0.,0.,1.));
#12904=DIRECTION('ref_axis',(1.,0.,0.));
#12905=DIRECTION('',(0.,0.,1.));
#12906=DIRECTION('center_axis',(0.,1.,0.));
#12907=DIRECTION('ref_axis',(-1.,0.,0.));
#12908=DIRECTION('',(0.,0.,1.));
#12909=DIRECTION('center_axis',(1.,0.,0.));
#12910=DIRECTION('ref_axis',(0.,1.,0.));
#12911=DIRECTION('',(0.,0.,1.));
#12912=DIRECTION('center_axis',(0.,0.,1.));
#12913=DIRECTION('ref_axis',(1.,0.,0.));
#12914=DIRECTION('',(0.,0.,1.));
#12915=DIRECTION('center_axis',(0.,1.,0.));
#12916=DIRECTION('ref_axis',(-1.,0.,0.));
#12917=DIRECTION('',(0.,0.,1.));
#12918=DIRECTION('center_axis',(-1.,0.,0.));
#12919=DIRECTION('ref_axis',(0.,-1.,0.));
#12920=DIRECTION('',(0.,0.,1.));
#12921=DIRECTION('center_axis',(0.,0.,1.));
#12922=DIRECTION('ref_axis',(0.,-1.,0.));
#12923=DIRECTION('',(0.,0.,1.));
#12924=DIRECTION('center_axis',(0.,1.,0.));
#12925=DIRECTION('ref_axis',(-1.,0.,0.));
#12926=DIRECTION('',(0.,0.,1.));
#12927=DIRECTION('center_axis',(0.,0.,1.));
#12928=DIRECTION('ref_axis',(-1.,0.,0.));
#12929=DIRECTION('',(0.,0.,1.));
#12930=DIRECTION('center_axis',(1.,0.,0.));
#12931=DIRECTION('ref_axis',(0.,1.,0.));
#12932=DIRECTION('',(0.,0.,1.));
#12933=DIRECTION('center_axis',(0.,1.,0.));
#12934=DIRECTION('ref_axis',(-1.,0.,0.));
#12935=DIRECTION('',(0.,0.,1.));
#12936=DIRECTION('center_axis',(0.,0.,1.));
#12937=DIRECTION('ref_axis',(0.,1.,0.));
#12938=DIRECTION('',(0.,0.,1.));
#12939=DIRECTION('center_axis',(-1.,0.,0.));
#12940=DIRECTION('ref_axis',(0.,-1.,0.));
#12941=DIRECTION('',(0.,0.,1.));
#12942=DIRECTION('center_axis',(0.,1.,0.));
#12943=DIRECTION('ref_axis',(-1.,0.,0.));
#12944=DIRECTION('',(0.,0.,1.));
#12945=DIRECTION('center_axis',(0.,0.,1.));
#12946=DIRECTION('ref_axis',(0.,1.,0.));
#12947=DIRECTION('',(0.,0.,1.));
#12948=DIRECTION('center_axis',(-1.,0.,0.));
#12949=DIRECTION('ref_axis',(0.,-1.,0.));
#12950=DIRECTION('',(0.,0.,1.));
#12951=DIRECTION('center_axis',(0.,0.,1.));
#12952=DIRECTION('ref_axis',(0.,-1.,0.));
#12953=DIRECTION('',(0.,0.,1.));
#12954=DIRECTION('center_axis',(0.,1.,0.));
#12955=DIRECTION('ref_axis',(-1.,0.,0.));
#12956=DIRECTION('',(0.,0.,1.));
#12957=DIRECTION('center_axis',(0.,0.,1.));
#12958=DIRECTION('ref_axis',(-1.,0.,0.));
#12959=DIRECTION('center_axis',(0.,0.,1.));
#12960=DIRECTION('ref_axis',(0.,1.,0.));
#12961=DIRECTION('',(0.,0.,1.));
#12962=DIRECTION('',(0.,0.,1.));
#12963=DIRECTION('center_axis',(0.,-1.,0.));
#12964=DIRECTION('ref_axis',(1.,0.,0.));
#12965=DIRECTION('',(0.,0.,1.));
#12966=DIRECTION('center_axis',(0.,0.,1.));
#12967=DIRECTION('ref_axis',(1.,0.,0.));
#12968=DIRECTION('',(0.,0.,1.));
#12969=DIRECTION('center_axis',(-1.,0.,0.));
#12970=DIRECTION('ref_axis',(0.,-1.,0.));
#12971=DIRECTION('',(0.,0.,1.));
#12972=DIRECTION('center_axis',(0.,0.,1.));
#12973=DIRECTION('ref_axis',(0.,-1.,0.));
#12974=DIRECTION('',(0.,0.,1.));
#12975=DIRECTION('center_axis',(0.,1.,0.));
#12976=DIRECTION('ref_axis',(-1.,0.,0.));
#12977=DIRECTION('',(0.,0.,1.));
#12978=DIRECTION('center_axis',(0.,0.,1.));
#12979=DIRECTION('ref_axis',(-1.,0.,0.));
#12980=DIRECTION('',(0.,0.,1.));
#12981=DIRECTION('center_axis',(1.,0.,0.));
#12982=DIRECTION('ref_axis',(0.,1.,0.));
#12983=DIRECTION('center_axis',(0.,0.,1.));
#12984=DIRECTION('ref_axis',(0.,1.,0.));
#12985=DIRECTION('',(0.,0.,1.));
#12986=DIRECTION('',(0.,0.,1.));
#12987=DIRECTION('center_axis',(0.,-1.,0.));
#12988=DIRECTION('ref_axis',(1.,0.,0.));
#12989=DIRECTION('',(0.,0.,1.));
#12990=DIRECTION('center_axis',(0.,0.,1.));
#12991=DIRECTION('ref_axis',(1.,0.,0.));
#12992=DIRECTION('',(0.,0.,1.));
#12993=DIRECTION('center_axis',(-1.,0.,0.));
#12994=DIRECTION('ref_axis',(0.,-1.,0.));
#12995=DIRECTION('',(0.,0.,1.));
#12996=DIRECTION('center_axis',(0.,0.,1.));
#12997=DIRECTION('ref_axis',(0.,-1.,0.));
#12998=DIRECTION('',(0.,0.,1.));
#12999=DIRECTION('center_axis',(0.,1.,0.));
#13000=DIRECTION('ref_axis',(-1.,0.,0.));
#13001=DIRECTION('',(0.,0.,1.));
#13002=DIRECTION('center_axis',(0.,0.,1.));
#13003=DIRECTION('ref_axis',(-1.,0.,0.));
#13004=DIRECTION('',(0.,0.,1.));
#13005=DIRECTION('center_axis',(1.,0.,0.));
#13006=DIRECTION('ref_axis',(0.,1.,0.));
#13007=DIRECTION('center_axis',(0.,0.,1.));
#13008=DIRECTION('ref_axis',(0.,1.,0.));
#13009=DIRECTION('',(0.,0.,1.));
#13010=DIRECTION('',(0.,0.,1.));
#13011=DIRECTION('center_axis',(0.,-1.,0.));
#13012=DIRECTION('ref_axis',(1.,0.,0.));
#13013=DIRECTION('',(0.,0.,1.));
#13014=DIRECTION('center_axis',(0.,0.,1.));
#13015=DIRECTION('ref_axis',(1.,0.,0.));
#13016=DIRECTION('',(0.,0.,1.));
#13017=DIRECTION('center_axis',(-1.,0.,0.));
#13018=DIRECTION('ref_axis',(0.,-1.,0.));
#13019=DIRECTION('',(0.,0.,1.));
#13020=DIRECTION('center_axis',(0.,0.,1.));
#13021=DIRECTION('ref_axis',(0.,-1.,0.));
#13022=DIRECTION('',(0.,0.,1.));
#13023=DIRECTION('center_axis',(0.,1.,0.));
#13024=DIRECTION('ref_axis',(-1.,0.,0.));
#13025=DIRECTION('',(0.,0.,1.));
#13026=DIRECTION('center_axis',(0.,0.,1.));
#13027=DIRECTION('ref_axis',(-1.,0.,0.));
#13028=DIRECTION('',(0.,0.,1.));
#13029=DIRECTION('center_axis',(1.,0.,0.));
#13030=DIRECTION('ref_axis',(0.,1.,0.));
#13031=DIRECTION('center_axis',(0.,0.,1.));
#13032=DIRECTION('ref_axis',(0.,1.,0.));
#13033=DIRECTION('',(0.,0.,1.));
#13034=DIRECTION('',(0.,0.,1.));
#13035=DIRECTION('center_axis',(0.,-1.,0.));
#13036=DIRECTION('ref_axis',(1.,0.,0.));
#13037=DIRECTION('',(0.,0.,1.));
#13038=DIRECTION('center_axis',(0.,0.,1.));
#13039=DIRECTION('ref_axis',(1.,0.,0.));
#13040=DIRECTION('',(0.,0.,1.));
#13041=DIRECTION('center_axis',(-1.,0.,0.));
#13042=DIRECTION('ref_axis',(0.,-1.,0.));
#13043=DIRECTION('',(0.,0.,1.));
#13044=DIRECTION('center_axis',(0.,0.,1.));
#13045=DIRECTION('ref_axis',(0.,-1.,0.));
#13046=DIRECTION('',(0.,0.,1.));
#13047=DIRECTION('center_axis',(0.,1.,0.));
#13048=DIRECTION('ref_axis',(-1.,0.,0.));
#13049=DIRECTION('',(0.,0.,1.));
#13050=DIRECTION('center_axis',(0.,0.,1.));
#13051=DIRECTION('ref_axis',(-1.,0.,0.));
#13052=DIRECTION('',(0.,0.,1.));
#13053=DIRECTION('center_axis',(1.,0.,0.));
#13054=DIRECTION('ref_axis',(0.,1.,0.));
#13055=DIRECTION('center_axis',(0.,0.,1.));
#13056=DIRECTION('ref_axis',(0.,1.,0.));
#13057=DIRECTION('',(0.,0.,1.));
#13058=DIRECTION('',(0.,0.,1.));
#13059=DIRECTION('center_axis',(0.,-1.,0.));
#13060=DIRECTION('ref_axis',(1.,0.,0.));
#13061=DIRECTION('',(0.,0.,1.));
#13062=DIRECTION('center_axis',(0.,0.,1.));
#13063=DIRECTION('ref_axis',(1.,0.,0.));
#13064=DIRECTION('',(0.,0.,1.));
#13065=DIRECTION('center_axis',(-1.,0.,0.));
#13066=DIRECTION('ref_axis',(0.,-1.,0.));
#13067=DIRECTION('',(0.,0.,1.));
#13068=DIRECTION('center_axis',(0.,0.,1.));
#13069=DIRECTION('ref_axis',(0.,-1.,0.));
#13070=DIRECTION('',(0.,0.,1.));
#13071=DIRECTION('center_axis',(0.,1.,0.));
#13072=DIRECTION('ref_axis',(-1.,0.,0.));
#13073=DIRECTION('',(0.,0.,1.));
#13074=DIRECTION('center_axis',(0.,0.,1.));
#13075=DIRECTION('ref_axis',(-1.,0.,0.));
#13076=DIRECTION('',(0.,0.,1.));
#13077=DIRECTION('center_axis',(1.,0.,0.));
#13078=DIRECTION('ref_axis',(0.,1.,0.));
#13079=DIRECTION('center_axis',(0.,0.,1.));
#13080=DIRECTION('ref_axis',(0.,1.,0.));
#13081=DIRECTION('',(0.,0.,1.));
#13082=DIRECTION('',(0.,0.,1.));
#13083=DIRECTION('center_axis',(0.,-1.,0.));
#13084=DIRECTION('ref_axis',(1.,0.,0.));
#13085=DIRECTION('',(0.,0.,1.));
#13086=DIRECTION('center_axis',(0.,0.,1.));
#13087=DIRECTION('ref_axis',(1.,0.,0.));
#13088=DIRECTION('',(0.,0.,1.));
#13089=DIRECTION('center_axis',(-1.,0.,0.));
#13090=DIRECTION('ref_axis',(0.,-1.,0.));
#13091=DIRECTION('',(0.,0.,1.));
#13092=DIRECTION('center_axis',(0.,0.,1.));
#13093=DIRECTION('ref_axis',(0.,-1.,0.));
#13094=DIRECTION('',(0.,0.,1.));
#13095=DIRECTION('center_axis',(0.,1.,0.));
#13096=DIRECTION('ref_axis',(-1.,0.,0.));
#13097=DIRECTION('',(0.,0.,1.));
#13098=DIRECTION('center_axis',(0.,0.,1.));
#13099=DIRECTION('ref_axis',(-1.,0.,0.));
#13100=DIRECTION('',(0.,0.,1.));
#13101=DIRECTION('center_axis',(1.,0.,0.));
#13102=DIRECTION('ref_axis',(0.,1.,0.));
#13103=DIRECTION('center_axis',(0.,0.,1.));
#13104=DIRECTION('ref_axis',(0.,1.,0.));
#13105=DIRECTION('',(0.,0.,1.));
#13106=DIRECTION('',(0.,0.,1.));
#13107=DIRECTION('center_axis',(0.,-1.,0.));
#13108=DIRECTION('ref_axis',(1.,0.,0.));
#13109=DIRECTION('',(0.,0.,1.));
#13110=DIRECTION('center_axis',(0.,0.,1.));
#13111=DIRECTION('ref_axis',(1.,0.,0.));
#13112=DIRECTION('',(0.,0.,1.));
#13113=DIRECTION('center_axis',(-1.,0.,0.));
#13114=DIRECTION('ref_axis',(0.,-1.,0.));
#13115=DIRECTION('',(0.,0.,1.));
#13116=DIRECTION('center_axis',(0.,0.,1.));
#13117=DIRECTION('ref_axis',(0.,-1.,0.));
#13118=DIRECTION('',(0.,0.,1.));
#13119=DIRECTION('center_axis',(0.,1.,0.));
#13120=DIRECTION('ref_axis',(-1.,0.,0.));
#13121=DIRECTION('',(0.,0.,1.));
#13122=DIRECTION('center_axis',(0.,0.,1.));
#13123=DIRECTION('ref_axis',(-1.,0.,0.));
#13124=DIRECTION('',(0.,0.,1.));
#13125=DIRECTION('center_axis',(1.,0.,0.));
#13126=DIRECTION('ref_axis',(0.,1.,0.));
#13127=DIRECTION('center_axis',(0.,0.,1.));
#13128=DIRECTION('ref_axis',(0.,1.,0.));
#13129=DIRECTION('',(0.,0.,1.));
#13130=DIRECTION('',(0.,0.,1.));
#13131=DIRECTION('center_axis',(0.,-1.,0.));
#13132=DIRECTION('ref_axis',(1.,0.,0.));
#13133=DIRECTION('',(0.,0.,1.));
#13134=DIRECTION('center_axis',(0.,0.,1.));
#13135=DIRECTION('ref_axis',(1.,0.,0.));
#13136=DIRECTION('',(0.,0.,1.));
#13137=DIRECTION('center_axis',(-1.,0.,0.));
#13138=DIRECTION('ref_axis',(0.,-1.,0.));
#13139=DIRECTION('',(0.,0.,1.));
#13140=DIRECTION('center_axis',(0.,0.,1.));
#13141=DIRECTION('ref_axis',(0.,-1.,0.));
#13142=DIRECTION('',(0.,0.,1.));
#13143=DIRECTION('center_axis',(0.,1.,0.));
#13144=DIRECTION('ref_axis',(-1.,0.,0.));
#13145=DIRECTION('',(0.,0.,1.));
#13146=DIRECTION('center_axis',(0.,0.,1.));
#13147=DIRECTION('ref_axis',(-1.,0.,0.));
#13148=DIRECTION('',(0.,0.,1.));
#13149=DIRECTION('center_axis',(1.,0.,0.));
#13150=DIRECTION('ref_axis',(0.,1.,0.));
#13151=DIRECTION('center_axis',(0.,0.,1.));
#13152=DIRECTION('ref_axis',(0.,1.,0.));
#13153=DIRECTION('',(0.,0.,1.));
#13154=DIRECTION('',(0.,0.,1.));
#13155=DIRECTION('center_axis',(0.,-1.,0.));
#13156=DIRECTION('ref_axis',(1.,0.,0.));
#13157=DIRECTION('',(0.,0.,1.));
#13158=DIRECTION('center_axis',(0.,0.,1.));
#13159=DIRECTION('ref_axis',(1.,0.,0.));
#13160=DIRECTION('',(0.,0.,1.));
#13161=DIRECTION('center_axis',(-1.,0.,0.));
#13162=DIRECTION('ref_axis',(0.,-1.,0.));
#13163=DIRECTION('',(0.,0.,1.));
#13164=DIRECTION('center_axis',(0.,0.,1.));
#13165=DIRECTION('ref_axis',(0.,-1.,0.));
#13166=DIRECTION('',(0.,0.,1.));
#13167=DIRECTION('center_axis',(0.,1.,0.));
#13168=DIRECTION('ref_axis',(-1.,0.,0.));
#13169=DIRECTION('',(0.,0.,1.));
#13170=DIRECTION('center_axis',(0.,0.,1.));
#13171=DIRECTION('ref_axis',(-1.,0.,0.));
#13172=DIRECTION('',(0.,0.,1.));
#13173=DIRECTION('center_axis',(1.,0.,0.));
#13174=DIRECTION('ref_axis',(0.,1.,0.));
#13175=DIRECTION('center_axis',(0.,0.,1.));
#13176=DIRECTION('ref_axis',(0.,1.,0.));
#13177=DIRECTION('',(0.,0.,1.));
#13178=DIRECTION('',(0.,0.,1.));
#13179=DIRECTION('center_axis',(0.,-1.,0.));
#13180=DIRECTION('ref_axis',(1.,0.,0.));
#13181=DIRECTION('',(0.,0.,1.));
#13182=DIRECTION('center_axis',(0.,0.,1.));
#13183=DIRECTION('ref_axis',(1.,0.,0.));
#13184=DIRECTION('',(0.,0.,1.));
#13185=DIRECTION('center_axis',(-1.,0.,0.));
#13186=DIRECTION('ref_axis',(0.,-1.,0.));
#13187=DIRECTION('',(0.,0.,1.));
#13188=DIRECTION('center_axis',(0.,0.,1.));
#13189=DIRECTION('ref_axis',(0.,-1.,0.));
#13190=DIRECTION('',(0.,0.,1.));
#13191=DIRECTION('center_axis',(0.,1.,0.));
#13192=DIRECTION('ref_axis',(-1.,0.,0.));
#13193=DIRECTION('',(0.,0.,1.));
#13194=DIRECTION('center_axis',(0.,0.,1.));
#13195=DIRECTION('ref_axis',(-1.,0.,0.));
#13196=DIRECTION('',(0.,0.,1.));
#13197=DIRECTION('center_axis',(1.,0.,0.));
#13198=DIRECTION('ref_axis',(0.,1.,0.));
#13199=DIRECTION('center_axis',(0.,0.,1.));
#13200=DIRECTION('ref_axis',(0.,1.,0.));
#13201=DIRECTION('',(0.,0.,1.));
#13202=DIRECTION('',(0.,0.,1.));
#13203=DIRECTION('center_axis',(0.,-1.,0.));
#13204=DIRECTION('ref_axis',(1.,0.,0.));
#13205=DIRECTION('',(0.,0.,1.));
#13206=DIRECTION('center_axis',(0.,0.,1.));
#13207=DIRECTION('ref_axis',(1.,0.,0.));
#13208=DIRECTION('',(0.,0.,1.));
#13209=DIRECTION('center_axis',(-1.,0.,0.));
#13210=DIRECTION('ref_axis',(0.,-1.,0.));
#13211=DIRECTION('',(0.,0.,1.));
#13212=DIRECTION('center_axis',(0.,0.,1.));
#13213=DIRECTION('ref_axis',(0.,-1.,0.));
#13214=DIRECTION('',(0.,0.,1.));
#13215=DIRECTION('center_axis',(0.,1.,0.));
#13216=DIRECTION('ref_axis',(-1.,0.,0.));
#13217=DIRECTION('',(0.,0.,1.));
#13218=DIRECTION('center_axis',(0.,0.,1.));
#13219=DIRECTION('ref_axis',(-1.,0.,0.));
#13220=DIRECTION('',(0.,0.,1.));
#13221=DIRECTION('center_axis',(1.,0.,0.));
#13222=DIRECTION('ref_axis',(0.,1.,0.));
#13223=DIRECTION('center_axis',(0.,0.,1.));
#13224=DIRECTION('ref_axis',(0.,1.,0.));
#13225=DIRECTION('',(0.,0.,1.));
#13226=DIRECTION('',(0.,0.,1.));
#13227=DIRECTION('center_axis',(0.,-1.,0.));
#13228=DIRECTION('ref_axis',(1.,0.,0.));
#13229=DIRECTION('',(0.,0.,1.));
#13230=DIRECTION('center_axis',(0.,0.,1.));
#13231=DIRECTION('ref_axis',(1.,0.,0.));
#13232=DIRECTION('',(0.,0.,1.));
#13233=DIRECTION('center_axis',(-1.,0.,0.));
#13234=DIRECTION('ref_axis',(0.,-1.,0.));
#13235=DIRECTION('',(0.,0.,1.));
#13236=DIRECTION('center_axis',(0.,0.,1.));
#13237=DIRECTION('ref_axis',(0.,-1.,0.));
#13238=DIRECTION('',(0.,0.,1.));
#13239=DIRECTION('center_axis',(0.,1.,0.));
#13240=DIRECTION('ref_axis',(-1.,0.,0.));
#13241=DIRECTION('',(0.,0.,1.));
#13242=DIRECTION('center_axis',(0.,0.,1.));
#13243=DIRECTION('ref_axis',(-1.,0.,0.));
#13244=DIRECTION('',(0.,0.,1.));
#13245=DIRECTION('center_axis',(1.,0.,0.));
#13246=DIRECTION('ref_axis',(0.,1.,0.));
#13247=DIRECTION('center_axis',(0.,0.,1.));
#13248=DIRECTION('ref_axis',(0.,1.,0.));
#13249=DIRECTION('',(0.,0.,1.));
#13250=DIRECTION('',(0.,0.,1.));
#13251=DIRECTION('center_axis',(0.,-1.,0.));
#13252=DIRECTION('ref_axis',(1.,0.,0.));
#13253=DIRECTION('',(0.,0.,1.));
#13254=DIRECTION('center_axis',(0.,0.,1.));
#13255=DIRECTION('ref_axis',(1.,0.,0.));
#13256=DIRECTION('',(0.,0.,1.));
#13257=DIRECTION('center_axis',(-1.,0.,0.));
#13258=DIRECTION('ref_axis',(0.,-1.,0.));
#13259=DIRECTION('',(0.,0.,1.));
#13260=DIRECTION('center_axis',(0.,0.,1.));
#13261=DIRECTION('ref_axis',(0.,-1.,0.));
#13262=DIRECTION('',(0.,0.,1.));
#13263=DIRECTION('center_axis',(0.,1.,0.));
#13264=DIRECTION('ref_axis',(-1.,0.,0.));
#13265=DIRECTION('',(0.,0.,1.));
#13266=DIRECTION('center_axis',(0.,0.,1.));
#13267=DIRECTION('ref_axis',(-1.,0.,0.));
#13268=DIRECTION('',(0.,0.,1.));
#13269=DIRECTION('center_axis',(1.,0.,0.));
#13270=DIRECTION('ref_axis',(0.,1.,0.));
#13271=DIRECTION('center_axis',(0.,0.,1.));
#13272=DIRECTION('ref_axis',(0.,1.,0.));
#13273=DIRECTION('',(0.,0.,1.));
#13274=DIRECTION('',(0.,0.,1.));
#13275=DIRECTION('center_axis',(0.,-1.,0.));
#13276=DIRECTION('ref_axis',(1.,0.,0.));
#13277=DIRECTION('',(0.,0.,1.));
#13278=DIRECTION('center_axis',(0.,0.,1.));
#13279=DIRECTION('ref_axis',(1.,0.,0.));
#13280=DIRECTION('',(0.,0.,1.));
#13281=DIRECTION('center_axis',(-1.,0.,0.));
#13282=DIRECTION('ref_axis',(0.,-1.,0.));
#13283=DIRECTION('',(0.,0.,1.));
#13284=DIRECTION('center_axis',(0.,0.,1.));
#13285=DIRECTION('ref_axis',(0.,-1.,0.));
#13286=DIRECTION('',(0.,0.,1.));
#13287=DIRECTION('center_axis',(0.,1.,0.));
#13288=DIRECTION('ref_axis',(-1.,0.,0.));
#13289=DIRECTION('',(0.,0.,1.));
#13290=DIRECTION('center_axis',(0.,0.,1.));
#13291=DIRECTION('ref_axis',(-1.,0.,0.));
#13292=DIRECTION('',(0.,0.,1.));
#13293=DIRECTION('center_axis',(1.,0.,0.));
#13294=DIRECTION('ref_axis',(0.,1.,0.));
#13295=DIRECTION('center_axis',(0.,1.,0.));
#13296=DIRECTION('ref_axis',(-1.,0.,0.));
#13297=DIRECTION('',(0.,0.,1.));
#13298=DIRECTION('',(0.,0.,1.));
#13299=DIRECTION('center_axis',(0.,0.,1.));
#13300=DIRECTION('ref_axis',(0.,1.,0.));
#13301=DIRECTION('',(0.,0.,1.));
#13302=DIRECTION('center_axis',(-1.,0.,0.));
#13303=DIRECTION('ref_axis',(0.,-1.,0.));
#13304=DIRECTION('',(0.,0.,1.));
#13305=DIRECTION('center_axis',(0.,0.,1.));
#13306=DIRECTION('ref_axis',(0.,-1.,0.));
#13307=DIRECTION('',(0.,0.,1.));
#13308=DIRECTION('center_axis',(0.,1.,0.));
#13309=DIRECTION('ref_axis',(-1.,0.,0.));
#13310=DIRECTION('',(0.,0.,1.));
#13311=DIRECTION('center_axis',(0.,0.,1.));
#13312=DIRECTION('ref_axis',(0.,1.,0.));
#13313=DIRECTION('',(0.,0.,1.));
#13314=DIRECTION('center_axis',(-1.,0.,0.));
#13315=DIRECTION('ref_axis',(0.,-1.,0.));
#13316=DIRECTION('center_axis',(0.,-1.,0.));
#13317=DIRECTION('ref_axis',(1.,0.,0.));
#13318=DIRECTION('',(0.,0.,1.));
#13319=DIRECTION('center_axis',(0.,0.,1.));
#13320=DIRECTION('ref_axis',(0.,-1.,0.));
#13321=DIRECTION('',(0.,0.,1.));
#13322=DIRECTION('center_axis',(1.,0.,0.));
#13323=DIRECTION('ref_axis',(0.,1.,0.));
#13324=DIRECTION('',(0.,0.,1.));
#13325=DIRECTION('center_axis',(0.,0.,1.));
#13326=DIRECTION('ref_axis',(0.,1.,0.));
#13327=DIRECTION('',(0.,0.,1.));
#13328=DIRECTION('center_axis',(0.,-1.,0.));
#13329=DIRECTION('ref_axis',(1.,0.,0.));
#13330=DIRECTION('',(0.,0.,1.));
#13331=DIRECTION('center_axis',(0.,0.,1.));
#13332=DIRECTION('ref_axis',(1.,0.,0.));
#13333=DIRECTION('',(0.,0.,1.));
#13334=DIRECTION('center_axis',(-1.,0.,0.));
#13335=DIRECTION('ref_axis',(0.,-1.,0.));
#13336=DIRECTION('',(0.,0.,1.));
#13337=DIRECTION('center_axis',(0.,-1.,0.));
#13338=DIRECTION('ref_axis',(1.,0.,0.));
#13339=DIRECTION('',(0.,0.,1.));
#13340=DIRECTION('center_axis',(0.,0.,1.));
#13341=DIRECTION('ref_axis',(1.,0.,0.));
#13342=DIRECTION('',(0.,0.,1.));
#13343=DIRECTION('center_axis',(-1.,0.,0.));
#13344=DIRECTION('ref_axis',(0.,-1.,0.));
#13345=DIRECTION('center_axis',(0.,0.,1.));
#13346=DIRECTION('ref_axis',(0.,1.,0.));
#13347=DIRECTION('',(0.,0.,1.));
#13348=DIRECTION('',(0.,0.,1.));
#13349=DIRECTION('center_axis',(0.,-1.,0.));
#13350=DIRECTION('ref_axis',(1.,0.,0.));
#13351=DIRECTION('',(0.,0.,1.));
#13352=DIRECTION('center_axis',(0.,0.,1.));
#13353=DIRECTION('ref_axis',(1.,0.,0.));
#13354=DIRECTION('',(0.,0.,1.));
#13355=DIRECTION('center_axis',(-1.,0.,0.));
#13356=DIRECTION('ref_axis',(0.,-1.,0.));
#13357=DIRECTION('',(0.,0.,1.));
#13358=DIRECTION('center_axis',(0.,0.,1.));
#13359=DIRECTION('ref_axis',(0.,-1.,0.));
#13360=DIRECTION('',(0.,0.,1.));
#13361=DIRECTION('center_axis',(0.,1.,0.));
#13362=DIRECTION('ref_axis',(-1.,0.,0.));
#13363=DIRECTION('',(0.,0.,1.));
#13364=DIRECTION('center_axis',(0.,0.,1.));
#13365=DIRECTION('ref_axis',(-1.,0.,0.));
#13366=DIRECTION('',(0.,0.,1.));
#13367=DIRECTION('center_axis',(1.,0.,0.));
#13368=DIRECTION('ref_axis',(0.,1.,0.));
#13369=DIRECTION('center_axis',(0.,0.,1.));
#13370=DIRECTION('ref_axis',(0.,1.,0.));
#13371=DIRECTION('',(0.,0.,1.));
#13372=DIRECTION('',(0.,0.,1.));
#13373=DIRECTION('center_axis',(0.,-1.,0.));
#13374=DIRECTION('ref_axis',(1.,0.,0.));
#13375=DIRECTION('',(0.,0.,1.));
#13376=DIRECTION('center_axis',(0.,0.,1.));
#13377=DIRECTION('ref_axis',(1.,0.,0.));
#13378=DIRECTION('',(0.,0.,1.));
#13379=DIRECTION('center_axis',(-1.,0.,0.));
#13380=DIRECTION('ref_axis',(0.,-1.,0.));
#13381=DIRECTION('',(0.,0.,1.));
#13382=DIRECTION('center_axis',(0.,0.,1.));
#13383=DIRECTION('ref_axis',(0.,-1.,0.));
#13384=DIRECTION('',(0.,0.,1.));
#13385=DIRECTION('center_axis',(0.,1.,0.));
#13386=DIRECTION('ref_axis',(-1.,0.,0.));
#13387=DIRECTION('',(0.,0.,1.));
#13388=DIRECTION('center_axis',(0.,0.,1.));
#13389=DIRECTION('ref_axis',(-1.,0.,0.));
#13390=DIRECTION('',(0.,0.,1.));
#13391=DIRECTION('center_axis',(1.,0.,0.));
#13392=DIRECTION('ref_axis',(0.,1.,0.));
#13393=DIRECTION('center_axis',(0.,0.,1.));
#13394=DIRECTION('ref_axis',(0.,1.,0.));
#13395=DIRECTION('',(0.,0.,1.));
#13396=DIRECTION('',(0.,0.,1.));
#13397=DIRECTION('center_axis',(0.,-1.,0.));
#13398=DIRECTION('ref_axis',(1.,0.,0.));
#13399=DIRECTION('',(0.,0.,1.));
#13400=DIRECTION('center_axis',(0.,0.,1.));
#13401=DIRECTION('ref_axis',(1.,0.,0.));
#13402=DIRECTION('',(0.,0.,1.));
#13403=DIRECTION('center_axis',(-1.,0.,0.));
#13404=DIRECTION('ref_axis',(0.,-1.,0.));
#13405=DIRECTION('',(0.,0.,1.));
#13406=DIRECTION('center_axis',(0.,0.,1.));
#13407=DIRECTION('ref_axis',(0.,-1.,0.));
#13408=DIRECTION('',(0.,0.,1.));
#13409=DIRECTION('center_axis',(0.,1.,0.));
#13410=DIRECTION('ref_axis',(-1.,0.,0.));
#13411=DIRECTION('',(0.,0.,1.));
#13412=DIRECTION('center_axis',(0.,0.,1.));
#13413=DIRECTION('ref_axis',(-1.,0.,0.));
#13414=DIRECTION('',(0.,0.,1.));
#13415=DIRECTION('center_axis',(1.,0.,0.));
#13416=DIRECTION('ref_axis',(0.,1.,0.));
#13417=DIRECTION('center_axis',(0.,0.,1.));
#13418=DIRECTION('ref_axis',(0.,1.,0.));
#13419=DIRECTION('',(0.,0.,1.));
#13420=DIRECTION('',(0.,0.,1.));
#13421=DIRECTION('center_axis',(0.,-1.,0.));
#13422=DIRECTION('ref_axis',(1.,0.,0.));
#13423=DIRECTION('',(0.,0.,1.));
#13424=DIRECTION('center_axis',(0.,0.,1.));
#13425=DIRECTION('ref_axis',(1.,0.,0.));
#13426=DIRECTION('',(0.,0.,1.));
#13427=DIRECTION('center_axis',(-1.,0.,0.));
#13428=DIRECTION('ref_axis',(0.,-1.,0.));
#13429=DIRECTION('',(0.,0.,1.));
#13430=DIRECTION('center_axis',(0.,0.,1.));
#13431=DIRECTION('ref_axis',(0.,-1.,0.));
#13432=DIRECTION('',(0.,0.,1.));
#13433=DIRECTION('center_axis',(0.,1.,0.));
#13434=DIRECTION('ref_axis',(-1.,0.,0.));
#13435=DIRECTION('',(0.,0.,1.));
#13436=DIRECTION('center_axis',(0.,0.,1.));
#13437=DIRECTION('ref_axis',(-1.,0.,0.));
#13438=DIRECTION('',(0.,0.,1.));
#13439=DIRECTION('center_axis',(1.,0.,0.));
#13440=DIRECTION('ref_axis',(0.,1.,0.));
#13441=DIRECTION('center_axis',(0.,0.,1.));
#13442=DIRECTION('ref_axis',(0.,1.,0.));
#13443=DIRECTION('',(0.,0.,1.));
#13444=DIRECTION('',(0.,0.,1.));
#13445=DIRECTION('center_axis',(0.,-1.,0.));
#13446=DIRECTION('ref_axis',(1.,0.,0.));
#13447=DIRECTION('',(0.,0.,1.));
#13448=DIRECTION('center_axis',(0.,0.,1.));
#13449=DIRECTION('ref_axis',(1.,0.,0.));
#13450=DIRECTION('',(0.,0.,1.));
#13451=DIRECTION('center_axis',(-1.,0.,0.));
#13452=DIRECTION('ref_axis',(0.,-1.,0.));
#13453=DIRECTION('',(0.,0.,1.));
#13454=DIRECTION('center_axis',(0.,0.,1.));
#13455=DIRECTION('ref_axis',(0.,-1.,0.));
#13456=DIRECTION('',(0.,0.,1.));
#13457=DIRECTION('center_axis',(0.,1.,0.));
#13458=DIRECTION('ref_axis',(-1.,0.,0.));
#13459=DIRECTION('',(0.,0.,1.));
#13460=DIRECTION('center_axis',(0.,0.,1.));
#13461=DIRECTION('ref_axis',(-1.,0.,0.));
#13462=DIRECTION('',(0.,0.,1.));
#13463=DIRECTION('center_axis',(1.,0.,0.));
#13464=DIRECTION('ref_axis',(0.,1.,0.));
#13465=DIRECTION('center_axis',(0.,0.,1.));
#13466=DIRECTION('ref_axis',(0.,1.,0.));
#13467=DIRECTION('',(0.,0.,1.));
#13468=DIRECTION('',(0.,0.,1.));
#13469=DIRECTION('center_axis',(0.,-1.,0.));
#13470=DIRECTION('ref_axis',(1.,0.,0.));
#13471=DIRECTION('',(0.,0.,1.));
#13472=DIRECTION('center_axis',(0.,0.,1.));
#13473=DIRECTION('ref_axis',(1.,0.,0.));
#13474=DIRECTION('',(0.,0.,1.));
#13475=DIRECTION('center_axis',(-1.,0.,0.));
#13476=DIRECTION('ref_axis',(0.,-1.,0.));
#13477=DIRECTION('',(0.,0.,1.));
#13478=DIRECTION('center_axis',(0.,0.,1.));
#13479=DIRECTION('ref_axis',(0.,-1.,0.));
#13480=DIRECTION('',(0.,0.,1.));
#13481=DIRECTION('center_axis',(0.,1.,0.));
#13482=DIRECTION('ref_axis',(-1.,0.,0.));
#13483=DIRECTION('',(0.,0.,1.));
#13484=DIRECTION('center_axis',(0.,0.,1.));
#13485=DIRECTION('ref_axis',(-1.,0.,0.));
#13486=DIRECTION('',(0.,0.,1.));
#13487=DIRECTION('center_axis',(1.,0.,0.));
#13488=DIRECTION('ref_axis',(0.,1.,0.));
#13489=DIRECTION('center_axis',(0.,0.,1.));
#13490=DIRECTION('ref_axis',(0.,1.,0.));
#13491=DIRECTION('',(0.,0.,1.));
#13492=DIRECTION('',(0.,0.,1.));
#13493=DIRECTION('center_axis',(0.,-1.,0.));
#13494=DIRECTION('ref_axis',(1.,0.,0.));
#13495=DIRECTION('',(0.,0.,1.));
#13496=DIRECTION('center_axis',(0.,0.,1.));
#13497=DIRECTION('ref_axis',(1.,0.,0.));
#13498=DIRECTION('',(0.,0.,1.));
#13499=DIRECTION('center_axis',(-1.,0.,0.));
#13500=DIRECTION('ref_axis',(0.,-1.,0.));
#13501=DIRECTION('',(0.,0.,1.));
#13502=DIRECTION('center_axis',(0.,0.,1.));
#13503=DIRECTION('ref_axis',(0.,-1.,0.));
#13504=DIRECTION('',(0.,0.,1.));
#13505=DIRECTION('center_axis',(0.,1.,0.));
#13506=DIRECTION('ref_axis',(-1.,0.,0.));
#13507=DIRECTION('',(0.,0.,1.));
#13508=DIRECTION('center_axis',(0.,0.,1.));
#13509=DIRECTION('ref_axis',(-1.,0.,0.));
#13510=DIRECTION('',(0.,0.,1.));
#13511=DIRECTION('center_axis',(1.,0.,0.));
#13512=DIRECTION('ref_axis',(0.,1.,0.));
#13513=DIRECTION('center_axis',(0.,0.,1.));
#13514=DIRECTION('ref_axis',(0.,1.,0.));
#13515=DIRECTION('',(0.,0.,1.));
#13516=DIRECTION('',(0.,0.,1.));
#13517=DIRECTION('center_axis',(0.,-1.,0.));
#13518=DIRECTION('ref_axis',(1.,0.,0.));
#13519=DIRECTION('',(0.,0.,1.));
#13520=DIRECTION('center_axis',(0.,0.,1.));
#13521=DIRECTION('ref_axis',(1.,0.,0.));
#13522=DIRECTION('',(0.,0.,1.));
#13523=DIRECTION('center_axis',(-1.,0.,0.));
#13524=DIRECTION('ref_axis',(0.,-1.,0.));
#13525=DIRECTION('',(0.,0.,1.));
#13526=DIRECTION('center_axis',(0.,0.,1.));
#13527=DIRECTION('ref_axis',(0.,-1.,0.));
#13528=DIRECTION('',(0.,0.,1.));
#13529=DIRECTION('center_axis',(0.,1.,0.));
#13530=DIRECTION('ref_axis',(-1.,0.,0.));
#13531=DIRECTION('',(0.,0.,1.));
#13532=DIRECTION('center_axis',(0.,0.,1.));
#13533=DIRECTION('ref_axis',(-1.,0.,0.));
#13534=DIRECTION('',(0.,0.,1.));
#13535=DIRECTION('center_axis',(1.,0.,0.));
#13536=DIRECTION('ref_axis',(0.,1.,0.));
#13537=DIRECTION('center_axis',(0.,0.,1.));
#13538=DIRECTION('ref_axis',(0.,1.,0.));
#13539=DIRECTION('',(0.,0.,1.));
#13540=DIRECTION('',(0.,0.,1.));
#13541=DIRECTION('center_axis',(0.,-1.,0.));
#13542=DIRECTION('ref_axis',(1.,0.,0.));
#13543=DIRECTION('',(0.,0.,1.));
#13544=DIRECTION('center_axis',(0.,0.,1.));
#13545=DIRECTION('ref_axis',(1.,0.,0.));
#13546=DIRECTION('',(0.,0.,1.));
#13547=DIRECTION('center_axis',(-1.,0.,0.));
#13548=DIRECTION('ref_axis',(0.,-1.,0.));
#13549=DIRECTION('',(0.,0.,1.));
#13550=DIRECTION('center_axis',(0.,0.,1.));
#13551=DIRECTION('ref_axis',(0.,-1.,0.));
#13552=DIRECTION('',(0.,0.,1.));
#13553=DIRECTION('center_axis',(0.,1.,0.));
#13554=DIRECTION('ref_axis',(-1.,0.,0.));
#13555=DIRECTION('',(0.,0.,1.));
#13556=DIRECTION('center_axis',(0.,0.,1.));
#13557=DIRECTION('ref_axis',(-1.,0.,0.));
#13558=DIRECTION('',(0.,0.,1.));
#13559=DIRECTION('center_axis',(1.,0.,0.));
#13560=DIRECTION('ref_axis',(0.,1.,0.));
#13561=DIRECTION('center_axis',(0.,1.,0.));
#13562=DIRECTION('ref_axis',(-1.,0.,0.));
#13563=DIRECTION('',(0.,0.,1.));
#13564=DIRECTION('center_axis',(0.,0.,1.));
#13565=DIRECTION('ref_axis',(0.,1.,0.));
#13566=DIRECTION('',(0.,0.,1.));
#13567=DIRECTION('center_axis',(-1.,0.,0.));
#13568=DIRECTION('ref_axis',(0.,-1.,0.));
#13569=DIRECTION('',(0.,0.,1.));
#13570=DIRECTION('center_axis',(0.,0.,1.));
#13571=DIRECTION('ref_axis',(0.,-1.,0.));
#13572=DIRECTION('',(0.,0.,1.));
#13573=DIRECTION('center_axis',(0.,1.,0.));
#13574=DIRECTION('ref_axis',(-1.,0.,0.));
#13575=DIRECTION('',(0.,0.,1.));
#13576=DIRECTION('center_axis',(0.,0.,1.));
#13577=DIRECTION('ref_axis',(0.,1.,0.));
#13578=DIRECTION('',(0.,0.,1.));
#13579=DIRECTION('center_axis',(-1.,0.,0.));
#13580=DIRECTION('ref_axis',(0.,-1.,0.));
#13581=DIRECTION('',(0.,0.,1.));
#13582=DIRECTION('center_axis',(0.,0.,1.));
#13583=DIRECTION('ref_axis',(0.,-1.,0.));
#13584=DIRECTION('',(0.,0.,1.));
#13585=DIRECTION('center_axis',(0.,1.,0.));
#13586=DIRECTION('ref_axis',(-1.,0.,0.));
#13587=DIRECTION('',(0.,0.,1.));
#13588=DIRECTION('center_axis',(0.,0.,1.));
#13589=DIRECTION('ref_axis',(-1.,0.,0.));
#13590=DIRECTION('',(0.,0.,1.));
#13591=DIRECTION('center_axis',(1.,0.,0.));
#13592=DIRECTION('ref_axis',(0.,1.,0.));
#13593=DIRECTION('',(0.,0.,1.));
#13594=DIRECTION('center_axis',(0.,0.,1.));
#13595=DIRECTION('ref_axis',(1.,0.,0.));
#13596=DIRECTION('',(0.,0.,1.));
#13597=DIRECTION('center_axis',(0.,1.,0.));
#13598=DIRECTION('ref_axis',(-1.,0.,0.));
#13599=DIRECTION('',(0.,0.,1.));
#13600=DIRECTION('center_axis',(1.,0.,0.));
#13601=DIRECTION('ref_axis',(0.,1.,0.));
#13602=DIRECTION('',(0.,0.,1.));
#13603=DIRECTION('center_axis',(0.,0.,1.));
#13604=DIRECTION('ref_axis',(1.,0.,0.));
#13605=DIRECTION('',(0.,0.,1.));
#13606=DIRECTION('center_axis',(0.,1.,0.));
#13607=DIRECTION('ref_axis',(-1.,0.,0.));
#13608=DIRECTION('',(0.,0.,1.));
#13609=DIRECTION('center_axis',(-1.,0.,0.));
#13610=DIRECTION('ref_axis',(0.,-1.,0.));
#13611=DIRECTION('',(0.,0.,1.));
#13612=DIRECTION('center_axis',(0.,0.,1.));
#13613=DIRECTION('ref_axis',(0.,-1.,0.));
#13614=DIRECTION('',(0.,0.,1.));
#13615=DIRECTION('center_axis',(0.,1.,0.));
#13616=DIRECTION('ref_axis',(-1.,0.,0.));
#13617=DIRECTION('',(0.,0.,1.));
#13618=DIRECTION('center_axis',(0.,0.,1.));
#13619=DIRECTION('ref_axis',(-1.,0.,0.));
#13620=DIRECTION('',(0.,0.,1.));
#13621=DIRECTION('center_axis',(1.,0.,0.));
#13622=DIRECTION('ref_axis',(0.,1.,0.));
#13623=DIRECTION('',(0.,0.,1.));
#13624=DIRECTION('center_axis',(0.,1.,0.));
#13625=DIRECTION('ref_axis',(-1.,0.,0.));
#13626=DIRECTION('',(0.,0.,1.));
#13627=DIRECTION('center_axis',(0.,0.,1.));
#13628=DIRECTION('ref_axis',(0.,1.,0.));
#13629=DIRECTION('',(0.,0.,1.));
#13630=DIRECTION('center_axis',(-1.,0.,0.));
#13631=DIRECTION('ref_axis',(0.,-1.,0.));
#13632=DIRECTION('',(0.,0.,1.));
#13633=DIRECTION('center_axis',(0.,1.,0.));
#13634=DIRECTION('ref_axis',(-1.,0.,0.));
#13635=DIRECTION('',(0.,0.,1.));
#13636=DIRECTION('center_axis',(0.,0.,1.));
#13637=DIRECTION('ref_axis',(0.,1.,0.));
#13638=DIRECTION('',(0.,0.,1.));
#13639=DIRECTION('center_axis',(-1.,0.,0.));
#13640=DIRECTION('ref_axis',(0.,-1.,0.));
#13641=DIRECTION('',(0.,0.,1.));
#13642=DIRECTION('center_axis',(0.,0.,1.));
#13643=DIRECTION('ref_axis',(0.,-1.,0.));
#13644=DIRECTION('',(0.,0.,1.));
#13645=DIRECTION('center_axis',(0.,1.,0.));
#13646=DIRECTION('ref_axis',(-1.,0.,0.));
#13647=DIRECTION('',(0.,0.,1.));
#13648=DIRECTION('center_axis',(0.,0.,1.));
#13649=DIRECTION('ref_axis',(-1.,0.,0.));
#13650=DIRECTION('center_axis',(0.,0.,1.));
#13651=DIRECTION('ref_axis',(0.,1.,0.));
#13652=DIRECTION('',(0.,0.,1.));
#13653=DIRECTION('',(0.,0.,1.));
#13654=DIRECTION('center_axis',(0.,-1.,0.));
#13655=DIRECTION('ref_axis',(1.,0.,0.));
#13656=DIRECTION('',(0.,0.,1.));
#13657=DIRECTION('center_axis',(0.,0.,1.));
#13658=DIRECTION('ref_axis',(1.,0.,0.));
#13659=DIRECTION('',(0.,0.,1.));
#13660=DIRECTION('center_axis',(-1.,0.,0.));
#13661=DIRECTION('ref_axis',(0.,-1.,0.));
#13662=DIRECTION('',(0.,0.,1.));
#13663=DIRECTION('center_axis',(0.,0.,1.));
#13664=DIRECTION('ref_axis',(0.,-1.,0.));
#13665=DIRECTION('',(0.,0.,1.));
#13666=DIRECTION('center_axis',(0.,1.,0.));
#13667=DIRECTION('ref_axis',(-1.,0.,0.));
#13668=DIRECTION('',(0.,0.,1.));
#13669=DIRECTION('center_axis',(0.,0.,1.));
#13670=DIRECTION('ref_axis',(-1.,0.,0.));
#13671=DIRECTION('',(0.,0.,1.));
#13672=DIRECTION('center_axis',(1.,0.,0.));
#13673=DIRECTION('ref_axis',(0.,1.,0.));
#13674=DIRECTION('center_axis',(0.,0.,1.));
#13675=DIRECTION('ref_axis',(0.,1.,0.));
#13676=DIRECTION('',(0.,0.,1.));
#13677=DIRECTION('',(0.,0.,1.));
#13678=DIRECTION('center_axis',(0.,-1.,0.));
#13679=DIRECTION('ref_axis',(1.,0.,0.));
#13680=DIRECTION('',(0.,0.,1.));
#13681=DIRECTION('center_axis',(0.,0.,1.));
#13682=DIRECTION('ref_axis',(1.,0.,0.));
#13683=DIRECTION('',(0.,0.,1.));
#13684=DIRECTION('center_axis',(-1.,0.,0.));
#13685=DIRECTION('ref_axis',(0.,-1.,0.));
#13686=DIRECTION('',(0.,0.,1.));
#13687=DIRECTION('center_axis',(0.,0.,1.));
#13688=DIRECTION('ref_axis',(0.,-1.,0.));
#13689=DIRECTION('',(0.,0.,1.));
#13690=DIRECTION('center_axis',(0.,1.,0.));
#13691=DIRECTION('ref_axis',(-1.,0.,0.));
#13692=DIRECTION('',(0.,0.,1.));
#13693=DIRECTION('center_axis',(0.,0.,1.));
#13694=DIRECTION('ref_axis',(-1.,0.,0.));
#13695=DIRECTION('',(0.,0.,1.));
#13696=DIRECTION('center_axis',(1.,0.,0.));
#13697=DIRECTION('ref_axis',(0.,1.,0.));
#13698=DIRECTION('center_axis',(0.,0.,1.));
#13699=DIRECTION('ref_axis',(0.,1.,0.));
#13700=DIRECTION('',(0.,0.,1.));
#13701=DIRECTION('',(0.,0.,1.));
#13702=DIRECTION('center_axis',(0.,-1.,0.));
#13703=DIRECTION('ref_axis',(1.,0.,0.));
#13704=DIRECTION('',(0.,0.,1.));
#13705=DIRECTION('center_axis',(0.,0.,1.));
#13706=DIRECTION('ref_axis',(1.,0.,0.));
#13707=DIRECTION('',(0.,0.,1.));
#13708=DIRECTION('center_axis',(-1.,0.,0.));
#13709=DIRECTION('ref_axis',(0.,-1.,0.));
#13710=DIRECTION('',(0.,0.,1.));
#13711=DIRECTION('center_axis',(0.,0.,1.));
#13712=DIRECTION('ref_axis',(0.,-1.,0.));
#13713=DIRECTION('',(0.,0.,1.));
#13714=DIRECTION('center_axis',(0.,1.,0.));
#13715=DIRECTION('ref_axis',(-1.,0.,0.));
#13716=DIRECTION('',(0.,0.,1.));
#13717=DIRECTION('center_axis',(0.,0.,1.));
#13718=DIRECTION('ref_axis',(-1.,0.,0.));
#13719=DIRECTION('',(0.,0.,1.));
#13720=DIRECTION('center_axis',(1.,0.,0.));
#13721=DIRECTION('ref_axis',(0.,1.,0.));
#13722=DIRECTION('center_axis',(0.,0.,1.));
#13723=DIRECTION('ref_axis',(0.,1.,0.));
#13724=DIRECTION('',(0.,0.,1.));
#13725=DIRECTION('',(0.,0.,1.));
#13726=DIRECTION('center_axis',(0.,-1.,0.));
#13727=DIRECTION('ref_axis',(1.,0.,0.));
#13728=DIRECTION('',(0.,0.,1.));
#13729=DIRECTION('center_axis',(0.,0.,1.));
#13730=DIRECTION('ref_axis',(1.,0.,0.));
#13731=DIRECTION('',(0.,0.,1.));
#13732=DIRECTION('center_axis',(-1.,0.,0.));
#13733=DIRECTION('ref_axis',(0.,-1.,0.));
#13734=DIRECTION('',(0.,0.,1.));
#13735=DIRECTION('center_axis',(0.,0.,1.));
#13736=DIRECTION('ref_axis',(0.,-1.,0.));
#13737=DIRECTION('',(0.,0.,1.));
#13738=DIRECTION('center_axis',(0.,1.,0.));
#13739=DIRECTION('ref_axis',(-1.,0.,0.));
#13740=DIRECTION('',(0.,0.,1.));
#13741=DIRECTION('center_axis',(0.,0.,1.));
#13742=DIRECTION('ref_axis',(-1.,0.,0.));
#13743=DIRECTION('',(0.,0.,1.));
#13744=DIRECTION('center_axis',(1.,0.,0.));
#13745=DIRECTION('ref_axis',(0.,1.,0.));
#13746=DIRECTION('center_axis',(0.,0.,1.));
#13747=DIRECTION('ref_axis',(0.,1.,0.));
#13748=DIRECTION('',(0.,0.,1.));
#13749=DIRECTION('',(0.,0.,1.));
#13750=DIRECTION('center_axis',(0.,-1.,0.));
#13751=DIRECTION('ref_axis',(1.,0.,0.));
#13752=DIRECTION('',(0.,0.,1.));
#13753=DIRECTION('center_axis',(0.,0.,1.));
#13754=DIRECTION('ref_axis',(1.,0.,0.));
#13755=DIRECTION('',(0.,0.,1.));
#13756=DIRECTION('center_axis',(-1.,0.,0.));
#13757=DIRECTION('ref_axis',(0.,-1.,0.));
#13758=DIRECTION('',(0.,0.,1.));
#13759=DIRECTION('center_axis',(0.,0.,1.));
#13760=DIRECTION('ref_axis',(0.,-1.,0.));
#13761=DIRECTION('',(0.,0.,1.));
#13762=DIRECTION('center_axis',(0.,1.,0.));
#13763=DIRECTION('ref_axis',(-1.,0.,0.));
#13764=DIRECTION('',(0.,0.,1.));
#13765=DIRECTION('center_axis',(0.,0.,1.));
#13766=DIRECTION('ref_axis',(-1.,0.,0.));
#13767=DIRECTION('',(0.,0.,1.));
#13768=DIRECTION('center_axis',(1.,0.,0.));
#13769=DIRECTION('ref_axis',(0.,1.,0.));
#13770=DIRECTION('center_axis',(0.,0.,1.));
#13771=DIRECTION('ref_axis',(0.0328495518088378,0.999460307839165,0.));
#13772=DIRECTION('',(0.,0.,1.));
#13773=DIRECTION('',(0.,0.,1.));
#13774=DIRECTION('center_axis',(1.23073226379685E-5,-0.999999999924265,
0.));
#13775=DIRECTION('ref_axis',(0.999999999924265,1.23073226379685E-5,0.));
#13776=DIRECTION('',(0.,0.,1.));
#13777=DIRECTION('center_axis',(0.,0.,1.));
#13778=DIRECTION('ref_axis',(0.999984902375156,-0.00549499970428507,0.));
#13779=DIRECTION('',(0.,0.,1.));
#13780=DIRECTION('center_axis',(-0.999999999826205,-1.86437629325198E-5,
0.));
#13781=DIRECTION('ref_axis',(1.86437629325198E-5,-0.999999999826205,0.));
#13782=DIRECTION('',(0.,0.,1.));
#13783=DIRECTION('center_axis',(0.,0.,1.));
#13784=DIRECTION('ref_axis',(0.000912071007947941,-0.999999584063152,0.));
#13785=DIRECTION('',(0.,0.,1.));
#13786=DIRECTION('center_axis',(9.58969639582628E-6,0.999999999954019,0.));
#13787=DIRECTION('ref_axis',(-0.999999999954019,9.58969639582628E-6,0.));
#13788=DIRECTION('',(0.,0.,1.));
#13789=DIRECTION('center_axis',(0.,0.,1.));
#13790=DIRECTION('ref_axis',(-0.999755588672338,-0.0221079831379366,0.));
#13791=DIRECTION('',(0.,0.,1.));
#13792=DIRECTION('center_axis',(0.999999798819221,0.000634319728860035,
0.));
#13793=DIRECTION('ref_axis',(-0.000634319728860034,0.999999798819221,0.));
#13794=DIRECTION('center_axis',(0.,0.,1.));
#13795=DIRECTION('ref_axis',(0.,1.,0.));
#13796=DIRECTION('',(0.,0.,1.));
#13797=DIRECTION('',(0.,0.,1.));
#13798=DIRECTION('center_axis',(0.,-1.,0.));
#13799=DIRECTION('ref_axis',(1.,0.,0.));
#13800=DIRECTION('',(0.,0.,1.));
#13801=DIRECTION('center_axis',(0.,0.,1.));
#13802=DIRECTION('ref_axis',(1.,0.,0.));
#13803=DIRECTION('',(0.,0.,1.));
#13804=DIRECTION('center_axis',(-1.,0.,0.));
#13805=DIRECTION('ref_axis',(0.,-1.,0.));
#13806=DIRECTION('',(0.,0.,1.));
#13807=DIRECTION('center_axis',(0.,0.,1.));
#13808=DIRECTION('ref_axis',(0.,-1.,0.));
#13809=DIRECTION('',(0.,0.,1.));
#13810=DIRECTION('center_axis',(0.,1.,0.));
#13811=DIRECTION('ref_axis',(-1.,0.,0.));
#13812=DIRECTION('',(0.,0.,1.));
#13813=DIRECTION('center_axis',(0.,0.,1.));
#13814=DIRECTION('ref_axis',(-1.,0.,0.));
#13815=DIRECTION('',(0.,0.,1.));
#13816=DIRECTION('center_axis',(1.,0.,0.));
#13817=DIRECTION('ref_axis',(0.,1.,0.));
#13818=DIRECTION('center_axis',(0.,0.,1.));
#13819=DIRECTION('ref_axis',(0.,1.,0.));
#13820=DIRECTION('',(0.,0.,1.));
#13821=DIRECTION('',(0.,0.,1.));
#13822=DIRECTION('center_axis',(0.,-1.,0.));
#13823=DIRECTION('ref_axis',(1.,0.,0.));
#13824=DIRECTION('',(0.,0.,1.));
#13825=DIRECTION('center_axis',(0.,0.,1.));
#13826=DIRECTION('ref_axis',(1.,0.,0.));
#13827=DIRECTION('',(0.,0.,1.));
#13828=DIRECTION('center_axis',(-1.,0.,0.));
#13829=DIRECTION('ref_axis',(0.,-1.,0.));
#13830=DIRECTION('',(0.,0.,1.));
#13831=DIRECTION('center_axis',(0.,0.,1.));
#13832=DIRECTION('ref_axis',(0.,-1.,0.));
#13833=DIRECTION('',(0.,0.,1.));
#13834=DIRECTION('center_axis',(0.,1.,0.));
#13835=DIRECTION('ref_axis',(-1.,0.,0.));
#13836=DIRECTION('',(0.,0.,1.));
#13837=DIRECTION('center_axis',(0.,0.,1.));
#13838=DIRECTION('ref_axis',(-1.,0.,0.));
#13839=DIRECTION('',(0.,0.,1.));
#13840=DIRECTION('center_axis',(1.,0.,0.));
#13841=DIRECTION('ref_axis',(0.,1.,0.));
#13842=DIRECTION('center_axis',(0.,0.,1.));
#13843=DIRECTION('ref_axis',(0.,1.,0.));
#13844=DIRECTION('',(0.,0.,1.));
#13845=DIRECTION('',(0.,0.,1.));
#13846=DIRECTION('center_axis',(0.,-1.,0.));
#13847=DIRECTION('ref_axis',(1.,0.,0.));
#13848=DIRECTION('',(0.,0.,1.));
#13849=DIRECTION('center_axis',(0.,0.,1.));
#13850=DIRECTION('ref_axis',(1.,0.,0.));
#13851=DIRECTION('',(0.,0.,1.));
#13852=DIRECTION('center_axis',(-1.,0.,0.));
#13853=DIRECTION('ref_axis',(0.,-1.,0.));
#13854=DIRECTION('',(0.,0.,1.));
#13855=DIRECTION('center_axis',(0.,0.,1.));
#13856=DIRECTION('ref_axis',(0.,-1.,0.));
#13857=DIRECTION('',(0.,0.,1.));
#13858=DIRECTION('center_axis',(0.,1.,0.));
#13859=DIRECTION('ref_axis',(-1.,0.,0.));
#13860=DIRECTION('',(0.,0.,1.));
#13861=DIRECTION('center_axis',(0.,0.,1.));
#13862=DIRECTION('ref_axis',(-1.,0.,0.));
#13863=DIRECTION('',(0.,0.,1.));
#13864=DIRECTION('center_axis',(1.,0.,0.));
#13865=DIRECTION('ref_axis',(0.,1.,0.));
#13866=DIRECTION('center_axis',(0.,0.,1.));
#13867=DIRECTION('ref_axis',(0.707106781186547,-0.707106781186547,0.));
#13868=DIRECTION('',(0.,0.,-1.));
#13869=DIRECTION('center_axis',(0.,1.,0.));
#13870=DIRECTION('ref_axis',(-1.,0.,0.));
#13871=DIRECTION('',(0.,0.,-1.));
#13872=DIRECTION('',(0.,0.,1.));
#13873=DIRECTION('center_axis',(0.,0.,1.));
#13874=DIRECTION('ref_axis',(0.707106781186547,0.707106781186547,0.));
#13875=DIRECTION('center_axis',(0.,0.,1.));
#13876=DIRECTION('ref_axis',(0.707106781186547,0.707106781186547,0.));
#13877=DIRECTION('',(0.,0.,1.));
#13878=DIRECTION('center_axis',(-1.,0.,0.));
#13879=DIRECTION('ref_axis',(0.,-1.,0.));
#13880=DIRECTION('',(0.,0.,1.));
#13881=DIRECTION('center_axis',(0.,0.,1.));
#13882=DIRECTION('ref_axis',(-0.707106781186547,0.707106781186547,0.));
#13883=DIRECTION('center_axis',(0.,-1.,0.));
#13884=DIRECTION('ref_axis',(1.,0.,0.));
#13885=DIRECTION('',(0.,0.,1.));
#13886=DIRECTION('center_axis',(0.,0.,1.));
#13887=DIRECTION('ref_axis',(-0.707106781186547,-0.707106781186547,0.));
#13888=DIRECTION('center_axis',(1.,0.,0.));
#13889=DIRECTION('ref_axis',(0.,1.,0.));
#13890=DIRECTION('',(0.,0.,1.));
#13891=DIRECTION('center_axis',(0.,0.,1.));
#13892=DIRECTION('ref_axis',(0.707106781186547,-0.707106781186547,0.));
#13893=DIRECTION('',(0.,0.,-1.));
#13894=DIRECTION('center_axis',(0.,-1.,0.));
#13895=DIRECTION('ref_axis',(1.,0.,0.));
#13896=DIRECTION('center_axis',(0.,1.,0.));
#13897=DIRECTION('ref_axis',(-1.,0.,0.));
#13898=DIRECTION('',(0.,0.,-1.));
#13899=DIRECTION('center_axis',(-1.,0.,0.));
#13900=DIRECTION('ref_axis',(0.,1.,0.));
#13901=DIRECTION('',(0.,0.,1.));
#13902=DIRECTION('center_axis',(-1.,0.,0.));
#13903=DIRECTION('ref_axis',(0.,1.,0.));
#13904=DIRECTION('',(0.,0.,1.));
#13905=DIRECTION('',(0.,0.,1.));
#13906=DIRECTION('center_axis',(0.,1.,0.));
#13907=DIRECTION('ref_axis',(1.,0.,0.));
#13908=DIRECTION('',(0.,0.,1.));
#13909=DIRECTION('center_axis',(-1.,0.,0.));
#13910=DIRECTION('ref_axis',(0.,1.,0.));
#13911=DIRECTION('',(0.,0.,1.));
#13912=DIRECTION('center_axis',(0.,-1.,0.));
#13913=DIRECTION('ref_axis',(-1.,0.,0.));
#13914=DIRECTION('',(0.,0.,1.));
#13915=DIRECTION('center_axis',(-1.,-1.61486982993679E-15,0.));
#13916=DIRECTION('ref_axis',(-1.61486982993679E-15,1.,0.));
#13917=DIRECTION('',(0.,0.,1.));
#13918=DIRECTION('center_axis',(0.,1.,0.));
#13919=DIRECTION('ref_axis',(1.,0.,0.));
#13920=DIRECTION('center_axis',(0.,-1.,0.));
#13921=DIRECTION('ref_axis',(-1.,0.,0.));
#13922=CARTESIAN_POINT('',(0.,0.,0.));
#13923=CARTESIAN_POINT('Origin',(291.8,7.75,0.));
#13924=CARTESIAN_POINT('',(290.4,7.75,0.));
#13925=CARTESIAN_POINT('Origin',(291.8,7.75,0.));
#13926=CARTESIAN_POINT('',(290.4,7.75,3.));
#13927=CARTESIAN_POINT('',(290.4,7.75,0.));
#13928=CARTESIAN_POINT('Origin',(291.8,7.75,3.));
#13929=CARTESIAN_POINT('Origin',(283.44775,-82.2098999999999,0.));
#13930=CARTESIAN_POINT('',(283.44775,-82.2098999999999,0.));
#13931=CARTESIAN_POINT('',(283.44775,-61.4375,0.));
#13932=CARTESIAN_POINT('',(283.44775,-71.1548579726231,0.));
#13933=CARTESIAN_POINT('',(283.44775,-82.2098999999999,1.5));
#13934=CARTESIAN_POINT('',(283.44775,-82.2098999999999,0.));
#13935=CARTESIAN_POINT('',(283.44775,-61.4375,1.5));
#13936=CARTESIAN_POINT('',(283.44775,-82.2098999999999,1.5));
#13937=CARTESIAN_POINT('',(283.44775,-61.4375,0.));
#13938=CARTESIAN_POINT('Origin',(245.18975,-82.2098999999999,0.));
#13939=CARTESIAN_POINT('',(245.18975,-82.2098999999999,0.));
#13940=CARTESIAN_POINT('',(198.794875,-82.2098999999999,0.));
#13941=CARTESIAN_POINT('',(245.18975,-82.2098999999999,1.5));
#13942=CARTESIAN_POINT('',(245.18975,-82.2098999999999,0.));
#13943=CARTESIAN_POINT('',(245.18975,-82.2098999999999,1.5));
#13944=CARTESIAN_POINT('Origin',(245.18975,-61.4375,0.));
#13945=CARTESIAN_POINT('',(245.18975,-61.4375,0.));
#13946=CARTESIAN_POINT('',(245.18975,-60.7686579726231,0.));
#13947=CARTESIAN_POINT('',(245.18975,-61.4375,1.5));
#13948=CARTESIAN_POINT('',(245.18975,-61.4375,0.));
#13949=CARTESIAN_POINT('',(245.18975,-61.4375,1.5));
#13950=CARTESIAN_POINT('Origin',(283.44775,-61.4375,0.));
#13951=CARTESIAN_POINT('',(217.923875,-61.4375,0.));
#13952=CARTESIAN_POINT('',(283.44775,-61.4375,1.5));
#13953=CARTESIAN_POINT('Origin',(264.31875,-71.8237,1.5));
#13954=CARTESIAN_POINT('',(280.44775,-71.9455,1.5));
#13955=CARTESIAN_POINT('',(280.08415,-71.9455,1.5));
#13956=CARTESIAN_POINT('',(272.38325,-71.9455,1.5));
#13957=CARTESIAN_POINT('',(280.44775,-69.6515,1.5));
#13958=CARTESIAN_POINT('',(280.44775,-70.7376,1.5));
#13959=CARTESIAN_POINT('',(279.94775,-69.1515,1.5));
#13960=CARTESIAN_POINT('Origin',(279.94775,-69.6515,1.5));
#13961=CARTESIAN_POINT('',(279.58415,-69.1515,1.5));
#13962=CARTESIAN_POINT('',(271.95145,-69.1515,1.5));
#13963=CARTESIAN_POINT('',(279.58415,-66.2479,1.5));
#13964=CARTESIAN_POINT('',(279.58415,-69.0358,1.5));
#13965=CARTESIAN_POINT('',(279.08415,-65.7479,1.5));
#13966=CARTESIAN_POINT('Origin',(279.08415,-66.2479,1.5));
#13967=CARTESIAN_POINT('',(273.42935,-65.7479,1.5));
#13968=CARTESIAN_POINT('',(268.87405,-65.7479,1.5));
#13969=CARTESIAN_POINT('',(272.92935,-66.2479,1.5));
#13970=CARTESIAN_POINT('Origin',(273.42935,-66.2479,1.5));
#13971=CARTESIAN_POINT('',(272.92935,-66.5607,1.5));
#13972=CARTESIAN_POINT('',(272.92935,-69.1922,1.5));
#13973=CARTESIAN_POINT('',(271.31875,-66.5607,1.5));
#13974=CARTESIAN_POINT('',(267.81875,-66.5607,1.5));
#13975=CARTESIAN_POINT('',(271.31875,-64.9375,1.5));
#13976=CARTESIAN_POINT('',(271.31875,-68.3806,1.5));
#13977=CARTESIAN_POINT('',(270.81875,-64.4375,1.5));
#13978=CARTESIAN_POINT('Origin',(270.81875,-64.9375,1.5));
#13979=CARTESIAN_POINT('',(257.81875,-64.4375,1.5));
#13980=CARTESIAN_POINT('',(261.06875,-64.4375,1.5));
#13981=CARTESIAN_POINT('',(257.31875,-64.9375,1.5));
#13982=CARTESIAN_POINT('Origin',(257.81875,-64.9375,1.5));
#13983=CARTESIAN_POINT('',(257.31875,-66.5607,1.5));
#13984=CARTESIAN_POINT('',(257.31875,-69.1922,1.5));
#13985=CARTESIAN_POINT('',(255.70815,-66.5607,1.5));
#13986=CARTESIAN_POINT('',(260.01345,-66.5607,1.5));
#13987=CARTESIAN_POINT('',(255.70815,-66.2479,1.5));
#13988=CARTESIAN_POINT('',(255.70815,-69.0358,1.5));
#13989=CARTESIAN_POINT('',(255.20815,-65.7479,1.5));
#13990=CARTESIAN_POINT('Origin',(255.20815,-66.2479,1.5));
#13991=CARTESIAN_POINT('',(249.55335,-65.7479,1.5));
#13992=CARTESIAN_POINT('',(256.93605,-65.7479,1.5));
#13993=CARTESIAN_POINT('',(249.05335,-66.2479,1.5));
#13994=CARTESIAN_POINT('Origin',(249.55335,-66.2479,1.5));
#13995=CARTESIAN_POINT('',(249.05335,-69.1515,1.5));
#13996=CARTESIAN_POINT('',(249.05335,-70.4876,1.5));
#13997=CARTESIAN_POINT('',(248.68975,-69.1515,1.5));
#13998=CARTESIAN_POINT('',(256.50425,-69.1515,1.5));
#13999=CARTESIAN_POINT('',(248.18975,-69.6515,1.5));
#14000=CARTESIAN_POINT('Origin',(248.68975,-69.6515,1.5));
#14001=CARTESIAN_POINT('',(248.18975,-71.9455,1.5));
#14002=CARTESIAN_POINT('',(248.18975,-71.8846,1.5));
#14003=CARTESIAN_POINT('',(248.55335,-71.9455,1.5));
#14004=CARTESIAN_POINT('',(256.43605,-71.9455,1.5));
#14005=CARTESIAN_POINT('',(249.05335,-72.4455,1.5));
#14006=CARTESIAN_POINT('Origin',(248.55335,-72.4455,1.5));
#14007=CARTESIAN_POINT('',(249.05335,-77.5415,1.5));
#14008=CARTESIAN_POINT('',(249.05335,-74.6826,1.5));
#14009=CARTESIAN_POINT('',(249.55335,-78.0415,1.5));
#14010=CARTESIAN_POINT('Origin',(249.55335,-77.5415,1.5));
#14011=CARTESIAN_POINT('',(250.35675,-78.0415,1.5));
#14012=CARTESIAN_POINT('',(257.33775,-78.0415,1.5));
#14013=CARTESIAN_POINT('',(250.85675,-78.5415,1.5));
#14014=CARTESIAN_POINT('Origin',(250.35675,-78.5415,1.5));
#14015=CARTESIAN_POINT('',(250.85675,-78.7099,1.5));
#14016=CARTESIAN_POINT('',(250.85675,-75.2668,1.5));
#14017=CARTESIAN_POINT('',(251.35675,-79.2099,1.5));
#14018=CARTESIAN_POINT('Origin',(251.35675,-78.7099,1.5));
#14019=CARTESIAN_POINT('',(253.40475,-79.2099,1.5));
#14020=CARTESIAN_POINT('',(258.86175,-79.2099,1.5));
#14021=CARTESIAN_POINT('',(253.90475,-78.7099,1.5));
#14022=CARTESIAN_POINT('Origin',(253.40475,-78.7099,1.5));
#14023=CARTESIAN_POINT('',(253.90475,-78.5415,1.5));
#14024=CARTESIAN_POINT('',(253.90475,-75.1826,1.5));
#14025=CARTESIAN_POINT('',(254.40475,-78.0415,1.5));
#14026=CARTESIAN_POINT('Origin',(254.40475,-78.5415,1.5));
#14027=CARTESIAN_POINT('',(255.70815,-78.0415,1.5));
#14028=CARTESIAN_POINT('',(260.01345,-78.0415,1.5));
#14029=CARTESIAN_POINT('',(255.70815,-77.7541,1.5));
#14030=CARTESIAN_POINT('',(255.70815,-74.7889,1.5));
#14031=CARTESIAN_POINT('',(256.20815,-77.2541,1.5));
#14032=CARTESIAN_POINT('Origin',(256.20815,-77.7541,1.5));
#14033=CARTESIAN_POINT('',(257.31875,-77.2541,1.5));
#14034=CARTESIAN_POINT('',(260.81875,-77.2541,1.5));
#14035=CARTESIAN_POINT('',(257.31875,-77.9375,1.5));
#14036=CARTESIAN_POINT('',(257.31875,-74.8806,1.5));
#14037=CARTESIAN_POINT('',(257.81875,-78.4375,1.5));
#14038=CARTESIAN_POINT('Origin',(257.81875,-77.9375,1.5));
#14039=CARTESIAN_POINT('',(270.81875,-78.4375,1.5));
#14040=CARTESIAN_POINT('',(267.56875,-78.4375,1.5));
#14041=CARTESIAN_POINT('',(271.31875,-77.9375,1.5));
#14042=CARTESIAN_POINT('Origin',(270.81875,-77.9375,1.5));
#14043=CARTESIAN_POINT('',(271.31875,-77.2541,1.5));
#14044=CARTESIAN_POINT('',(271.31875,-74.5389,1.5));
#14045=CARTESIAN_POINT('',(272.42935,-77.2541,1.5));
#14046=CARTESIAN_POINT('',(268.37405,-77.2541,1.5));
#14047=CARTESIAN_POINT('',(272.92935,-77.7541,1.5));
#14048=CARTESIAN_POINT('Origin',(272.42935,-77.7541,1.5));
#14049=CARTESIAN_POINT('',(272.92935,-78.0415,1.5));
#14050=CARTESIAN_POINT('',(272.92935,-74.9326,1.5));
#14051=CARTESIAN_POINT('',(274.23275,-78.0415,1.5));
#14052=CARTESIAN_POINT('',(269.27575,-78.0415,1.5));
#14053=CARTESIAN_POINT('',(274.73275,-78.5415,1.5));
#14054=CARTESIAN_POINT('Origin',(274.23275,-78.5415,1.5));
#14055=CARTESIAN_POINT('',(274.73275,-78.7099,1.5));
#14056=CARTESIAN_POINT('',(274.73275,-75.2668,1.5));
#14057=CARTESIAN_POINT('',(275.23275,-79.2099,1.5));
#14058=CARTESIAN_POINT('Origin',(275.23275,-78.7099,1.5));
#14059=CARTESIAN_POINT('',(277.28075,-79.2099,1.5));
#14060=CARTESIAN_POINT('',(270.79975,-79.2099,1.5));
#14061=CARTESIAN_POINT('',(277.78075,-78.7099,1.5));
#14062=CARTESIAN_POINT('Origin',(277.28075,-78.7099,1.5));
#14063=CARTESIAN_POINT('',(277.78075,-78.5415,1.5));
#14064=CARTESIAN_POINT('',(277.78075,-75.1826,1.5));
#14065=CARTESIAN_POINT('',(278.28075,-78.0415,1.5));
#14066=CARTESIAN_POINT('Origin',(278.28075,-78.5415,1.5));
#14067=CARTESIAN_POINT('',(279.08415,-78.0415,1.5));
#14068=CARTESIAN_POINT('',(271.70145,-78.0415,1.5));
#14069=CARTESIAN_POINT('',(279.58415,-77.5415,1.5));
#14070=CARTESIAN_POINT('Origin',(279.08415,-77.5415,1.5));
#14071=CARTESIAN_POINT('',(279.58415,-72.4455,1.5));
#14072=CARTESIAN_POINT('',(279.58415,-72.1346,1.5));
#14073=CARTESIAN_POINT('Origin',(280.08415,-72.4455,1.5));
#14074=CARTESIAN_POINT('Origin',(79.40385,-119.5375,0.));
#14075=CARTESIAN_POINT('',(157.000002339482,-119.5375,1.5));
#14076=CARTESIAN_POINT('',(157.000002339482,-119.5375,0.));
#14077=CARTESIAN_POINT('',(157.000002339482,-119.5375,0.));
#14078=CARTESIAN_POINT('',(192.92225,-119.5375,1.5));
#14079=CARTESIAN_POINT('',(79.40385,-119.5375,1.5));
#14080=CARTESIAN_POINT('',(192.92225,-119.5375,0.));
#14081=CARTESIAN_POINT('',(192.92225,-119.5375,0.));
#14082=CARTESIAN_POINT('',(115.901925,-119.5375,0.));
#14083=CARTESIAN_POINT('Origin',(192.92225,-99.5375,0.));
#14084=CARTESIAN_POINT('',(157.000002339482,-99.5375,0.));
#14085=CARTESIAN_POINT('',(157.000002339482,-99.5375,1.5));
#14086=CARTESIAN_POINT('',(157.000002339482,-99.5375,0.));
#14087=CARTESIAN_POINT('',(192.92225,-99.5375,0.));
#14088=CARTESIAN_POINT('',(172.661125,-99.5375,0.));
#14089=CARTESIAN_POINT('',(192.92225,-99.5375,1.5));
#14090=CARTESIAN_POINT('',(192.92225,-99.5375,0.));
#14091=CARTESIAN_POINT('',(192.92225,-99.5375,1.5));
#14092=CARTESIAN_POINT('Origin',(192.92225,-119.5375,0.));
#14093=CARTESIAN_POINT('',(192.92225,-89.8186579726231,0.));
#14094=CARTESIAN_POINT('',(192.92225,-119.5375,1.5));
#14095=CARTESIAN_POINT('Origin',(136.16305,-109.5375,1.5));
#14096=CARTESIAN_POINT('',(157.000002339482,-111.8375,1.5));
#14097=CARTESIAN_POINT('',(157.000002339482,-119.868565945246,1.5));
#14098=CARTESIAN_POINT('',(181.90385,-111.8375,1.5));
#14099=CARTESIAN_POINT('',(159.03345,-111.8375,1.5));
#14100=CARTESIAN_POINT('',(182.40385,-112.3375,1.5));
#14101=CARTESIAN_POINT('Origin',(181.90385,-112.3375,1.5));
#14102=CARTESIAN_POINT('',(182.40385,-115.6415,1.5));
#14103=CARTESIAN_POINT('',(182.40385,-112.5895,1.5));
#14104=CARTESIAN_POINT('',(182.90385,-116.1415,1.5));
#14105=CARTESIAN_POINT('Origin',(182.90385,-115.6415,1.5));
#14106=CARTESIAN_POINT('',(183.70725,-116.1415,1.5));
#14107=CARTESIAN_POINT('',(159.93515,-116.1415,1.5));
#14108=CARTESIAN_POINT('',(184.20725,-116.6415,1.5));
#14109=CARTESIAN_POINT('Origin',(183.70725,-116.6415,1.5));
#14110=CARTESIAN_POINT('',(184.20725,-116.8099,1.5));
#14111=CARTESIAN_POINT('',(184.20725,-113.1737,1.5));
#14112=CARTESIAN_POINT('',(184.70725,-117.3099,1.5));
#14113=CARTESIAN_POINT('Origin',(184.70725,-116.8099,1.5));
#14114=CARTESIAN_POINT('',(186.75525,-117.3099,1.5));
#14115=CARTESIAN_POINT('',(161.45915,-117.3099,1.5));
#14116=CARTESIAN_POINT('',(187.25525,-116.8099,1.5));
#14117=CARTESIAN_POINT('Origin',(186.75525,-116.8099,1.5));
#14118=CARTESIAN_POINT('',(187.25525,-116.6415,1.5));
#14119=CARTESIAN_POINT('',(187.25525,-113.0895,1.5));
#14120=CARTESIAN_POINT('',(187.75525,-116.1415,1.5));
#14121=CARTESIAN_POINT('Origin',(187.75525,-116.6415,1.5));
#14122=CARTESIAN_POINT('',(188.55865,-116.1415,1.5));
#14123=CARTESIAN_POINT('',(162.36085,-116.1415,1.5));
#14124=CARTESIAN_POINT('',(189.05865,-115.6415,1.5));
#14125=CARTESIAN_POINT('Origin',(188.55865,-115.6415,1.5));
#14126=CARTESIAN_POINT('',(189.05865,-110.5455,1.5));
#14127=CARTESIAN_POINT('',(189.05865,-110.0415,1.5));
#14128=CARTESIAN_POINT('',(189.55865,-110.0455,1.5));
#14129=CARTESIAN_POINT('Origin',(189.55865,-110.5455,1.5));
#14130=CARTESIAN_POINT('',(189.92225,-110.0455,1.5));
#14131=CARTESIAN_POINT('',(163.04265,-110.0455,1.5));
#14132=CARTESIAN_POINT('',(189.92225,-107.7515,1.5));
#14133=CARTESIAN_POINT('',(189.92225,-108.6445,1.5));
#14134=CARTESIAN_POINT('',(189.42225,-107.2515,1.5));
#14135=CARTESIAN_POINT('Origin',(189.42225,-107.7515,1.5));
#14136=CARTESIAN_POINT('',(189.05865,-107.2515,1.5));
#14137=CARTESIAN_POINT('',(162.61085,-107.2515,1.5));
#14138=CARTESIAN_POINT('',(189.05865,-104.3479,1.5));
#14139=CARTESIAN_POINT('',(189.05865,-106.9427,1.5));
#14140=CARTESIAN_POINT('',(188.55865,-103.8479,1.5));
#14141=CARTESIAN_POINT('Origin',(188.55865,-104.3479,1.5));
#14142=CARTESIAN_POINT('',(182.90385,-103.8479,1.5));
#14143=CARTESIAN_POINT('',(159.53345,-103.8479,1.5));
#14144=CARTESIAN_POINT('',(182.40385,-104.3479,1.5));
#14145=CARTESIAN_POINT('Origin',(182.90385,-104.3479,1.5));
#14146=CARTESIAN_POINT('',(182.40385,-106.7375,1.5));
#14147=CARTESIAN_POINT('',(182.40385,-108.1375,1.5));
#14148=CARTESIAN_POINT('',(181.90385,-107.2375,1.5));
#14149=CARTESIAN_POINT('Origin',(181.90385,-106.7375,1.5));
#14150=CARTESIAN_POINT('',(157.000002339482,-107.2375,1.5));
#14151=CARTESIAN_POINT('',(139.44715,-107.2375,1.5));
#14152=CARTESIAN_POINT('',(157.000002339482,-119.868565945246,1.5));
#14153=CARTESIAN_POINT('Origin',(285.829,-42.8959547540023,0.));
#14154=CARTESIAN_POINT('',(285.829,-42.8959547540023,0.));
#14155=CARTESIAN_POINT('',(285.829,-23.3375,0.));
#14156=CARTESIAN_POINT('',(285.829,-51.4978853496242,0.));
#14157=CARTESIAN_POINT('',(285.829,-42.8959547540023,1.5));
#14158=CARTESIAN_POINT('',(285.829,-42.8959547540023,0.));
#14159=CARTESIAN_POINT('',(285.829,-23.3375,1.5));
#14160=CARTESIAN_POINT('',(285.829,-42.8959547540023,1.5));
#14161=CARTESIAN_POINT('',(285.829,-23.3375,0.));
#14162=CARTESIAN_POINT('Origin',(247.571,-42.8959547540023,0.));
#14163=CARTESIAN_POINT('',(247.571,-42.8959547540023,0.));
#14164=CARTESIAN_POINT('',(199.9855,-42.8959547540023,0.));
#14165=CARTESIAN_POINT('',(247.571,-42.8959547540023,1.5));
#14166=CARTESIAN_POINT('',(247.571,-42.8959547540023,0.));
#14167=CARTESIAN_POINT('',(247.571,-42.8959547540023,1.5));
#14168=CARTESIAN_POINT('Origin',(247.571,-23.3375,0.));
#14169=CARTESIAN_POINT('',(247.571,-23.3375,0.));
#14170=CARTESIAN_POINT('',(247.571,-41.7186579726231,0.));
#14171=CARTESIAN_POINT('',(247.571,-23.3375,1.5));
#14172=CARTESIAN_POINT('',(247.571,-23.3375,0.));
#14173=CARTESIAN_POINT('',(247.571,-23.3375,1.5));
#14174=CARTESIAN_POINT('Origin',(285.829,-23.3375,0.));
#14175=CARTESIAN_POINT('',(219.1145,-23.3375,0.));
#14176=CARTESIAN_POINT('',(285.829,-23.3375,1.5));
#14177=CARTESIAN_POINT('Origin',(266.7,-33.1167273770011,1.5));
#14178=CARTESIAN_POINT('',(282.829,-33.8455,1.5));
#14179=CARTESIAN_POINT('',(282.4654,-33.8455,1.5));
#14180=CARTESIAN_POINT('',(274.7645,-33.8455,1.5));
#14181=CARTESIAN_POINT('',(282.829,-31.5515,1.5));
#14182=CARTESIAN_POINT('',(282.829,-32.3341136885006,1.5));
#14183=CARTESIAN_POINT('',(282.329,-31.0515,1.5));
#14184=CARTESIAN_POINT('Origin',(282.329,-31.5515,1.5));
#14185=CARTESIAN_POINT('',(281.9654,-31.0515,1.5));
#14186=CARTESIAN_POINT('',(274.3327,-31.0515,1.5));
#14187=CARTESIAN_POINT('',(281.9654,-28.1479,1.5));
#14188=CARTESIAN_POINT('',(281.9654,-30.6323136885006,1.5));
#14189=CARTESIAN_POINT('',(281.4654,-27.6479,1.5));
#14190=CARTESIAN_POINT('Origin',(281.4654,-28.1479,1.5));
#14191=CARTESIAN_POINT('',(275.8106,-27.6479,1.5));
#14192=CARTESIAN_POINT('',(271.2553,-27.6479,1.5));
#14193=CARTESIAN_POINT('',(275.3106,-28.1479,1.5));
#14194=CARTESIAN_POINT('Origin',(275.8106,-28.1479,1.5));
#14195=CARTESIAN_POINT('',(275.3106,-28.4607,1.5));
#14196=CARTESIAN_POINT('',(275.3106,-30.7887136885006,1.5));
#14197=CARTESIAN_POINT('',(273.7,-28.4607,1.5));
#14198=CARTESIAN_POINT('',(270.2,-28.4607,1.5));
#14199=CARTESIAN_POINT('',(273.7,-26.8375,1.5));
#14200=CARTESIAN_POINT('',(273.7,-29.9771136885006,1.5));
#14201=CARTESIAN_POINT('',(273.2,-26.3375,1.5));
#14202=CARTESIAN_POINT('Origin',(273.2,-26.8375,1.5));
#14203=CARTESIAN_POINT('',(260.2,-26.3375,1.5));
#14204=CARTESIAN_POINT('',(263.45,-26.3375,1.5));
#14205=CARTESIAN_POINT('',(259.7,-26.8375,1.5));
#14206=CARTESIAN_POINT('Origin',(260.2,-26.8375,1.5));
#14207=CARTESIAN_POINT('',(259.7,-28.4607,1.5));
#14208=CARTESIAN_POINT('',(259.7,-30.7887136885006,1.5));
#14209=CARTESIAN_POINT('',(258.0894,-28.4607,1.5));
#14210=CARTESIAN_POINT('',(262.3947,-28.4607,1.5));
#14211=CARTESIAN_POINT('',(258.0894,-28.1479,1.5));
#14212=CARTESIAN_POINT('',(258.0894,-30.6323136885006,1.5));
#14213=CARTESIAN_POINT('',(257.5894,-27.6479,1.5));
#14214=CARTESIAN_POINT('Origin',(257.5894,-28.1479,1.5));
#14215=CARTESIAN_POINT('',(251.9346,-27.6479,1.5));
#14216=CARTESIAN_POINT('',(259.3173,-27.6479,1.5));
#14217=CARTESIAN_POINT('',(251.4346,-28.1479,1.5));
#14218=CARTESIAN_POINT('Origin',(251.9346,-28.1479,1.5));
#14219=CARTESIAN_POINT('',(251.4346,-31.0515,1.5));
#14220=CARTESIAN_POINT('',(251.4346,-32.0841136885006,1.5));
#14221=CARTESIAN_POINT('',(251.071,-31.0515,1.5));
#14222=CARTESIAN_POINT('',(258.8855,-31.0515,1.5));
#14223=CARTESIAN_POINT('',(250.571,-31.5515,1.5));
#14224=CARTESIAN_POINT('Origin',(251.071,-31.5515,1.5));
#14225=CARTESIAN_POINT('',(250.571,-33.8455,1.5));
#14226=CARTESIAN_POINT('',(250.571,-33.4811136885006,1.5));
#14227=CARTESIAN_POINT('',(250.9346,-33.8455,1.5));
#14228=CARTESIAN_POINT('',(258.8173,-33.8455,1.5));
#14229=CARTESIAN_POINT('',(251.4346,-34.3455,1.5));
#14230=CARTESIAN_POINT('Origin',(250.9346,-34.3455,1.5));
#14231=CARTESIAN_POINT('',(251.4346,-39.4415,1.5));
#14232=CARTESIAN_POINT('',(251.4346,-36.2791136885006,1.5));
#14233=CARTESIAN_POINT('',(251.9346,-39.9415,1.5));
#14234=CARTESIAN_POINT('Origin',(251.9346,-39.4415,1.5));
#14235=CARTESIAN_POINT('',(252.738,-39.9415,1.5));
#14236=CARTESIAN_POINT('',(259.719,-39.9415,1.5));
#14237=CARTESIAN_POINT('',(253.238,-40.4415,1.5));
#14238=CARTESIAN_POINT('Origin',(252.738,-40.4415,1.5));
#14239=CARTESIAN_POINT('',(253.238,-40.6099,1.5));
#14240=CARTESIAN_POINT('',(253.238,-36.8633136885006,1.5));
#14241=CARTESIAN_POINT('',(253.738,-41.1099,1.5));
#14242=CARTESIAN_POINT('Origin',(253.738,-40.6099,1.5));
#14243=CARTESIAN_POINT('',(255.786,-41.1099,1.5));
#14244=CARTESIAN_POINT('',(261.243,-41.1099,1.5));
#14245=CARTESIAN_POINT('',(256.286,-40.6099,1.5));
#14246=CARTESIAN_POINT('Origin',(255.786,-40.6099,1.5));
#14247=CARTESIAN_POINT('',(256.286,-40.4415,1.5));
#14248=CARTESIAN_POINT('',(256.286,-36.7791136885006,1.5));
#14249=CARTESIAN_POINT('',(256.786,-39.9415,1.5));
#14250=CARTESIAN_POINT('Origin',(256.786,-40.4415,1.5));
#14251=CARTESIAN_POINT('',(258.0894,-39.9415,1.5));
#14252=CARTESIAN_POINT('',(262.3947,-39.9415,1.5));
#14253=CARTESIAN_POINT('',(258.0894,-39.6541,1.5));
#14254=CARTESIAN_POINT('',(258.0894,-36.3854136885006,1.5));
#14255=CARTESIAN_POINT('',(258.5894,-39.1541,1.5));
#14256=CARTESIAN_POINT('Origin',(258.5894,-39.6541,1.5));
#14257=CARTESIAN_POINT('',(259.7,-39.1541,1.5));
#14258=CARTESIAN_POINT('',(263.2,-39.1541,1.5));
#14259=CARTESIAN_POINT('',(259.7,-39.8375,1.5));
#14260=CARTESIAN_POINT('',(259.7,-36.4771136885006,1.5));
#14261=CARTESIAN_POINT('',(260.2,-40.3375,1.5));
#14262=CARTESIAN_POINT('Origin',(260.2,-39.8375,1.5));
#14263=CARTESIAN_POINT('',(273.2,-40.3375,1.5));
#14264=CARTESIAN_POINT('',(269.95,-40.3375,1.5));
#14265=CARTESIAN_POINT('',(273.7,-39.8375,1.5));
#14266=CARTESIAN_POINT('Origin',(273.2,-39.8375,1.5));
#14267=CARTESIAN_POINT('',(273.7,-39.1541,1.5));
#14268=CARTESIAN_POINT('',(273.7,-36.1354136885006,1.5));
#14269=CARTESIAN_POINT('',(274.8106,-39.1541,1.5));
#14270=CARTESIAN_POINT('',(270.7553,-39.1541,1.5));
#14271=CARTESIAN_POINT('',(275.3106,-39.6541,1.5));
#14272=CARTESIAN_POINT('Origin',(274.8106,-39.6541,1.5));
#14273=CARTESIAN_POINT('',(275.3106,-39.9415,1.5));
#14274=CARTESIAN_POINT('',(275.3106,-36.5291136885006,1.5));
#14275=CARTESIAN_POINT('',(276.614,-39.9415,1.5));
#14276=CARTESIAN_POINT('',(271.657,-39.9415,1.5));
#14277=CARTESIAN_POINT('',(277.114,-40.4415,1.5));
#14278=CARTESIAN_POINT('Origin',(276.614,-40.4415,1.5));
#14279=CARTESIAN_POINT('',(277.114,-40.6099,1.5));
#14280=CARTESIAN_POINT('',(277.114,-36.8633136885006,1.5));
#14281=CARTESIAN_POINT('',(277.614,-41.1099,1.5));
#14282=CARTESIAN_POINT('Origin',(277.614,-40.6099,1.5));
#14283=CARTESIAN_POINT('',(279.662,-41.1099,1.5));
#14284=CARTESIAN_POINT('',(273.181,-41.1099,1.5));
#14285=CARTESIAN_POINT('',(280.162,-40.6099,1.5));
#14286=CARTESIAN_POINT('Origin',(279.662,-40.6099,1.5));
#14287=CARTESIAN_POINT('',(280.162,-40.4415,1.5));
#14288=CARTESIAN_POINT('',(280.162,-36.7791136885006,1.5));
#14289=CARTESIAN_POINT('',(280.662,-39.9415,1.5));
#14290=CARTESIAN_POINT('Origin',(280.662,-40.4415,1.5));
#14291=CARTESIAN_POINT('',(281.4654,-39.9415,1.5));
#14292=CARTESIAN_POINT('',(274.0827,-39.9415,1.5));
#14293=CARTESIAN_POINT('',(281.9654,-39.4415,1.5));
#14294=CARTESIAN_POINT('Origin',(281.4654,-39.4415,1.5));
#14295=CARTESIAN_POINT('',(281.9654,-34.3455,1.5));
#14296=CARTESIAN_POINT('',(281.9654,-33.7311136885006,1.5));
#14297=CARTESIAN_POINT('Origin',(282.4654,-34.3455,1.5));
#14298=CARTESIAN_POINT('Origin',(250.85675,-78.7099,0.));
#14299=CARTESIAN_POINT('',(250.85675,-78.5415,3.));
#14300=CARTESIAN_POINT('',(250.85675,-78.5415,0.));
#14301=CARTESIAN_POINT('',(250.85675,-78.7099,3.));
#14302=CARTESIAN_POINT('',(250.85675,-78.7099,3.));
#14303=CARTESIAN_POINT('',(250.85675,-78.7099,0.));
#14304=CARTESIAN_POINT('Origin',(250.35675,-78.5415,0.));
#14305=CARTESIAN_POINT('',(250.35675,-78.0415,3.));
#14306=CARTESIAN_POINT('',(250.35675,-78.0415,0.));
#14307=CARTESIAN_POINT('Origin',(250.35675,-78.5415,3.));
#14308=CARTESIAN_POINT('Origin',(250.35675,-78.0415,0.));
#14309=CARTESIAN_POINT('',(249.55335,-78.0415,3.));
#14310=CARTESIAN_POINT('',(249.55335,-78.0415,0.));
#14311=CARTESIAN_POINT('',(250.35675,-78.0415,3.));
#14312=CARTESIAN_POINT('Origin',(249.55335,-77.5415,0.));
#14313=CARTESIAN_POINT('',(249.05335,-77.5415,3.));
#14314=CARTESIAN_POINT('',(249.05335,-77.5415,0.));
#14315=CARTESIAN_POINT('Origin',(249.55335,-77.5415,3.));
#14316=CARTESIAN_POINT('Origin',(249.05335,-77.5415,0.));
#14317=CARTESIAN_POINT('',(249.05335,-72.4455,3.));
#14318=CARTESIAN_POINT('',(249.05335,-72.4455,0.));
#14319=CARTESIAN_POINT('',(249.05335,-77.5415,3.));
#14320=CARTESIAN_POINT('Origin',(248.55335,-72.4455,0.));
#14321=CARTESIAN_POINT('',(248.55335,-71.9455,3.));
#14322=CARTESIAN_POINT('',(248.55335,-71.9455,0.));
#14323=CARTESIAN_POINT('Origin',(248.55335,-72.4455,3.));
#14324=CARTESIAN_POINT('Origin',(248.55335,-71.9455,0.));
#14325=CARTESIAN_POINT('',(248.18975,-71.9455,3.));
#14326=CARTESIAN_POINT('',(248.18975,-71.9455,0.));
#14327=CARTESIAN_POINT('',(248.55335,-71.9455,3.));
#14328=CARTESIAN_POINT('Origin',(248.18975,-71.9455,0.));
#14329=CARTESIAN_POINT('',(248.18975,-69.6515,3.));
#14330=CARTESIAN_POINT('',(248.18975,-69.6515,0.));
#14331=CARTESIAN_POINT('',(248.18975,-71.9455,3.));
#14332=CARTESIAN_POINT('Origin',(248.68975,-69.6515,0.));
#14333=CARTESIAN_POINT('',(248.68975,-69.1515,3.));
#14334=CARTESIAN_POINT('',(248.68975,-69.1515,0.));
#14335=CARTESIAN_POINT('Origin',(248.68975,-69.6515,3.));
#14336=CARTESIAN_POINT('Origin',(248.68975,-69.1515,0.));
#14337=CARTESIAN_POINT('',(249.05335,-69.1515,3.));
#14338=CARTESIAN_POINT('',(249.05335,-69.1515,0.));
#14339=CARTESIAN_POINT('',(248.68975,-69.1515,3.));
#14340=CARTESIAN_POINT('Origin',(249.05335,-69.1515,0.));
#14341=CARTESIAN_POINT('',(249.05335,-66.2479,3.));
#14342=CARTESIAN_POINT('',(249.05335,-66.2479,0.));
#14343=CARTESIAN_POINT('',(249.05335,-69.1515,3.));
#14344=CARTESIAN_POINT('Origin',(249.55335,-66.2479,0.));
#14345=CARTESIAN_POINT('',(249.55335,-65.7479,3.));
#14346=CARTESIAN_POINT('',(249.55335,-65.7479,0.));
#14347=CARTESIAN_POINT('Origin',(249.55335,-66.2479,3.));
#14348=CARTESIAN_POINT('Origin',(249.55335,-65.7479,0.));
#14349=CARTESIAN_POINT('',(255.20815,-65.7479,3.));
#14350=CARTESIAN_POINT('',(255.20815,-65.7479,0.));
#14351=CARTESIAN_POINT('',(249.55335,-65.7479,3.));
#14352=CARTESIAN_POINT('Origin',(255.20815,-66.2479,0.));
#14353=CARTESIAN_POINT('',(255.70815,-66.2479,3.));
#14354=CARTESIAN_POINT('',(255.70815,-66.2479,0.));
#14355=CARTESIAN_POINT('Origin',(255.20815,-66.2479,3.));
#14356=CARTESIAN_POINT('Origin',(255.70815,-66.2479,0.));
#14357=CARTESIAN_POINT('',(255.70815,-66.5607,3.));
#14358=CARTESIAN_POINT('',(255.70815,-66.5607,0.));
#14359=CARTESIAN_POINT('',(255.70815,-66.2479,3.));
#14360=CARTESIAN_POINT('Origin',(255.70815,-66.5607,0.));
#14361=CARTESIAN_POINT('',(257.31875,-66.5607,3.));
#14362=CARTESIAN_POINT('',(257.31875,-66.5607,0.));
#14363=CARTESIAN_POINT('',(255.70815,-66.5607,3.));
#14364=CARTESIAN_POINT('Origin',(257.31875,-66.5607,0.));
#14365=CARTESIAN_POINT('',(257.31875,-64.9375,3.));
#14366=CARTESIAN_POINT('',(257.31875,-64.9375,0.));
#14367=CARTESIAN_POINT('',(257.31875,-64.9375,3.));
#14368=CARTESIAN_POINT('Origin',(257.81875,-64.9375,0.));
#14369=CARTESIAN_POINT('',(257.81875,-64.4375,3.));
#14370=CARTESIAN_POINT('',(257.81875,-64.4375,0.));
#14371=CARTESIAN_POINT('Origin',(257.81875,-64.9375,3.));
#14372=CARTESIAN_POINT('Origin',(257.81875,-64.4375,0.));
#14373=CARTESIAN_POINT('',(270.81875,-64.4375,3.));
#14374=CARTESIAN_POINT('',(270.81875,-64.4375,0.));
#14375=CARTESIAN_POINT('',(257.81875,-64.4375,3.));
#14376=CARTESIAN_POINT('Origin',(270.81875,-64.9375,0.));
#14377=CARTESIAN_POINT('',(271.31875,-64.9375,3.));
#14378=CARTESIAN_POINT('',(271.31875,-64.9375,0.));
#14379=CARTESIAN_POINT('Origin',(270.81875,-64.9375,3.));
#14380=CARTESIAN_POINT('Origin',(271.31875,-64.9375,0.));
#14381=CARTESIAN_POINT('',(271.31875,-66.5607,3.));
#14382=CARTESIAN_POINT('',(271.31875,-66.5607,0.));
#14383=CARTESIAN_POINT('',(271.31875,-64.9375,3.));
#14384=CARTESIAN_POINT('Origin',(271.31875,-66.5607,0.));
#14385=CARTESIAN_POINT('',(272.92935,-66.5607,3.));
#14386=CARTESIAN_POINT('',(272.92935,-66.5607,0.));
#14387=CARTESIAN_POINT('',(272.92935,-66.5607,3.));
#14388=CARTESIAN_POINT('Origin',(272.92935,-66.5607,0.));
#14389=CARTESIAN_POINT('',(272.92935,-66.2479,3.));
#14390=CARTESIAN_POINT('',(272.92935,-66.2479,0.));
#14391=CARTESIAN_POINT('',(272.92935,-66.2479,3.));
#14392=CARTESIAN_POINT('Origin',(273.42935,-66.2479,0.));
#14393=CARTESIAN_POINT('',(273.42935,-65.7479,3.));
#14394=CARTESIAN_POINT('',(273.42935,-65.7479,0.));
#14395=CARTESIAN_POINT('Origin',(273.42935,-66.2479,3.));
#14396=CARTESIAN_POINT('Origin',(273.42935,-65.7479,0.));
#14397=CARTESIAN_POINT('',(279.08415,-65.7479,3.));
#14398=CARTESIAN_POINT('',(279.08415,-65.7479,0.));
#14399=CARTESIAN_POINT('',(279.08415,-65.7479,3.));
#14400=CARTESIAN_POINT('Origin',(279.08415,-66.2479,0.));
#14401=CARTESIAN_POINT('',(279.58415,-66.2479,3.));
#14402=CARTESIAN_POINT('',(279.58415,-66.2479,0.));
#14403=CARTESIAN_POINT('Origin',(279.08415,-66.2479,3.));
#14404=CARTESIAN_POINT('Origin',(279.58415,-66.2479,0.));
#14405=CARTESIAN_POINT('',(279.58415,-69.1515,3.));
#14406=CARTESIAN_POINT('',(279.58415,-69.1515,0.));
#14407=CARTESIAN_POINT('',(279.58415,-69.1515,3.));
#14408=CARTESIAN_POINT('Origin',(279.58415,-69.1515,0.));
#14409=CARTESIAN_POINT('',(279.94775,-69.1515,3.));
#14410=CARTESIAN_POINT('',(279.94775,-69.1515,0.));
#14411=CARTESIAN_POINT('',(279.94775,-69.1515,3.));
#14412=CARTESIAN_POINT('Origin',(279.94775,-69.6515,0.));
#14413=CARTESIAN_POINT('',(280.44775,-69.6515,3.));
#14414=CARTESIAN_POINT('',(280.44775,-69.6515,0.));
#14415=CARTESIAN_POINT('Origin',(279.94775,-69.6515,3.));
#14416=CARTESIAN_POINT('Origin',(280.44775,-69.6515,0.));
#14417=CARTESIAN_POINT('',(280.44775,-71.9455,3.));
#14418=CARTESIAN_POINT('',(280.44775,-71.9455,0.));
#14419=CARTESIAN_POINT('',(280.44775,-71.9455,3.));
#14420=CARTESIAN_POINT('Origin',(186.75525,-116.8099,0.));
#14421=CARTESIAN_POINT('',(186.75525,-117.3099,3.));
#14422=CARTESIAN_POINT('',(186.75525,-117.3099,0.));
#14423=CARTESIAN_POINT('',(187.25525,-116.8099,3.));
#14424=CARTESIAN_POINT('Origin',(186.75525,-116.8099,3.));
#14425=CARTESIAN_POINT('',(187.25525,-116.8099,0.));
#14426=CARTESIAN_POINT('Origin',(186.75525,-117.3099,0.));
#14427=CARTESIAN_POINT('',(184.70725,-117.3099,3.));
#14428=CARTESIAN_POINT('',(184.70725,-117.3099,0.));
#14429=CARTESIAN_POINT('',(184.70725,-117.3099,3.));
#14430=CARTESIAN_POINT('Origin',(184.70725,-116.8099,0.));
#14431=CARTESIAN_POINT('',(184.20725,-116.8099,3.));
#14432=CARTESIAN_POINT('',(184.20725,-116.8099,0.));
#14433=CARTESIAN_POINT('Origin',(184.70725,-116.8099,3.));
#14434=CARTESIAN_POINT('Origin',(184.20725,-116.8099,0.));
#14435=CARTESIAN_POINT('',(184.20725,-116.6415,3.));
#14436=CARTESIAN_POINT('',(184.20725,-116.6415,0.));
#14437=CARTESIAN_POINT('',(184.20725,-116.6415,3.));
#14438=CARTESIAN_POINT('Origin',(183.70725,-116.6415,0.));
#14439=CARTESIAN_POINT('',(183.70725,-116.1415,3.));
#14440=CARTESIAN_POINT('',(183.70725,-116.1415,0.));
#14441=CARTESIAN_POINT('Origin',(183.70725,-116.6415,3.));
#14442=CARTESIAN_POINT('Origin',(183.70725,-116.1415,0.));
#14443=CARTESIAN_POINT('',(182.90385,-116.1415,3.));
#14444=CARTESIAN_POINT('',(182.90385,-116.1415,0.));
#14445=CARTESIAN_POINT('',(182.90385,-116.1415,3.));
#14446=CARTESIAN_POINT('Origin',(182.90385,-115.6415,0.));
#14447=CARTESIAN_POINT('',(182.40385,-115.6415,3.));
#14448=CARTESIAN_POINT('',(182.40385,-115.6415,0.));
#14449=CARTESIAN_POINT('Origin',(182.90385,-115.6415,3.));
#14450=CARTESIAN_POINT('Origin',(182.40385,-115.6415,0.));
#14451=CARTESIAN_POINT('',(182.40385,-112.3375,3.));
#14452=CARTESIAN_POINT('',(182.40385,-112.3375,0.));
#14453=CARTESIAN_POINT('',(182.40385,-112.3375,3.));
#14454=CARTESIAN_POINT('Origin',(181.90385,-112.3375,0.));
#14455=CARTESIAN_POINT('',(181.90385,-111.8375,3.));
#14456=CARTESIAN_POINT('',(181.90385,-111.8375,0.));
#14457=CARTESIAN_POINT('Origin',(181.90385,-112.3375,3.));
#14458=CARTESIAN_POINT('Origin',(181.90385,-111.8375,0.));
#14459=CARTESIAN_POINT('',(157.000002339482,-111.8375,3.));
#14460=CARTESIAN_POINT('',(157.000002339482,-111.8375,0.));
#14461=CARTESIAN_POINT('',(135.73125,-111.8375,3.));
#14462=CARTESIAN_POINT('Origin',(157.000002339482,-130.199631890492,0.));
#14463=CARTESIAN_POINT('',(157.000002339482,-130.199631890492,0.));
#14464=CARTESIAN_POINT('',(157.000002339482,-95.1497239178694,0.));
#14465=CARTESIAN_POINT('',(157.000002339482,-130.199631890492,3.));
#14466=CARTESIAN_POINT('',(157.000002339482,-130.199631890492,0.));
#14467=CARTESIAN_POINT('',(157.000002339482,-95.1497239178694,3.));
#14468=CARTESIAN_POINT('Origin',(157.000002339482,-130.199631890492,0.));
#14469=CARTESIAN_POINT('',(157.000002339482,-107.2375,3.));
#14470=CARTESIAN_POINT('',(157.000002339482,-107.2375,0.));
#14471=CARTESIAN_POINT('',(157.000002339482,-81.0000012069941,3.));
#14472=CARTESIAN_POINT('',(157.000002339482,-95.1497239178694,3.));
#14473=CARTESIAN_POINT('',(157.000002339482,-81.0000012069941,0.));
#14474=CARTESIAN_POINT('',(157.000002339482,-81.0000012069941,0.));
#14475=CARTESIAN_POINT('',(157.000002339482,-95.1497239178694,0.));
#14476=CARTESIAN_POINT('Origin',(253.238,-40.6099,0.));
#14477=CARTESIAN_POINT('',(253.238,-40.4415,3.));
#14478=CARTESIAN_POINT('',(253.238,-40.4415,0.));
#14479=CARTESIAN_POINT('',(253.238,-40.6099,3.));
#14480=CARTESIAN_POINT('',(253.238,-40.6099,3.));
#14481=CARTESIAN_POINT('',(253.238,-40.6099,0.));
#14482=CARTESIAN_POINT('Origin',(252.738,-40.4415,0.));
#14483=CARTESIAN_POINT('',(252.738,-39.9415,3.));
#14484=CARTESIAN_POINT('',(252.738,-39.9415,0.));
#14485=CARTESIAN_POINT('Origin',(252.738,-40.4415,3.));
#14486=CARTESIAN_POINT('Origin',(252.738,-39.9415,0.));
#14487=CARTESIAN_POINT('',(251.9346,-39.9415,3.));
#14488=CARTESIAN_POINT('',(251.9346,-39.9415,0.));
#14489=CARTESIAN_POINT('',(252.738,-39.9415,3.));
#14490=CARTESIAN_POINT('Origin',(251.9346,-39.4415,0.));
#14491=CARTESIAN_POINT('',(251.4346,-39.4415,3.));
#14492=CARTESIAN_POINT('',(251.4346,-39.4415,0.));
#14493=CARTESIAN_POINT('Origin',(251.9346,-39.4415,3.));
#14494=CARTESIAN_POINT('Origin',(251.4346,-39.4415,0.));
#14495=CARTESIAN_POINT('',(251.4346,-34.3455,3.));
#14496=CARTESIAN_POINT('',(251.4346,-34.3455,0.));
#14497=CARTESIAN_POINT('',(251.4346,-39.4415,3.));
#14498=CARTESIAN_POINT('Origin',(250.9346,-34.3455,0.));
#14499=CARTESIAN_POINT('',(250.9346,-33.8455,3.));
#14500=CARTESIAN_POINT('',(250.9346,-33.8455,0.));
#14501=CARTESIAN_POINT('Origin',(250.9346,-34.3455,3.));
#14502=CARTESIAN_POINT('Origin',(250.9346,-33.8455,0.));
#14503=CARTESIAN_POINT('',(250.571,-33.8455,3.));
#14504=CARTESIAN_POINT('',(250.571,-33.8455,0.));
#14505=CARTESIAN_POINT('',(250.9346,-33.8455,3.));
#14506=CARTESIAN_POINT('Origin',(250.571,-33.8455,0.));
#14507=CARTESIAN_POINT('',(250.571,-31.5515,3.));
#14508=CARTESIAN_POINT('',(250.571,-31.5515,0.));
#14509=CARTESIAN_POINT('',(250.571,-33.8455,3.));
#14510=CARTESIAN_POINT('Origin',(251.071,-31.5515,0.));
#14511=CARTESIAN_POINT('',(251.071,-31.0515,3.));
#14512=CARTESIAN_POINT('',(251.071,-31.0515,0.));
#14513=CARTESIAN_POINT('Origin',(251.071,-31.5515,3.));
#14514=CARTESIAN_POINT('Origin',(251.071,-31.0515,0.));
#14515=CARTESIAN_POINT('',(251.4346,-31.0515,3.));
#14516=CARTESIAN_POINT('',(251.4346,-31.0515,0.));
#14517=CARTESIAN_POINT('',(251.071,-31.0515,3.));
#14518=CARTESIAN_POINT('Origin',(251.4346,-31.0515,0.));
#14519=CARTESIAN_POINT('',(251.4346,-28.1479,3.));
#14520=CARTESIAN_POINT('',(251.4346,-28.1479,0.));
#14521=CARTESIAN_POINT('',(251.4346,-31.0515,3.));
#14522=CARTESIAN_POINT('Origin',(251.9346,-28.1479,0.));
#14523=CARTESIAN_POINT('',(251.9346,-27.6479,3.));
#14524=CARTESIAN_POINT('',(251.9346,-27.6479,0.));
#14525=CARTESIAN_POINT('Origin',(251.9346,-28.1479,3.));
#14526=CARTESIAN_POINT('Origin',(251.9346,-27.6479,0.));
#14527=CARTESIAN_POINT('',(257.5894,-27.6479,3.));
#14528=CARTESIAN_POINT('',(257.5894,-27.6479,0.));
#14529=CARTESIAN_POINT('',(251.9346,-27.6479,3.));
#14530=CARTESIAN_POINT('Origin',(257.5894,-28.1479,0.));
#14531=CARTESIAN_POINT('',(258.0894,-28.1479,3.));
#14532=CARTESIAN_POINT('',(258.0894,-28.1479,0.));
#14533=CARTESIAN_POINT('Origin',(257.5894,-28.1479,3.));
#14534=CARTESIAN_POINT('Origin',(258.0894,-28.1479,0.));
#14535=CARTESIAN_POINT('',(258.0894,-28.4607,3.));
#14536=CARTESIAN_POINT('',(258.0894,-28.4607,0.));
#14537=CARTESIAN_POINT('',(258.0894,-28.1479,3.));
#14538=CARTESIAN_POINT('Origin',(258.0894,-28.4607,0.));
#14539=CARTESIAN_POINT('',(259.7,-28.4607,3.));
#14540=CARTESIAN_POINT('',(259.7,-28.4607,0.));
#14541=CARTESIAN_POINT('',(258.0894,-28.4607,3.));
#14542=CARTESIAN_POINT('Origin',(259.7,-28.4607,0.));
#14543=CARTESIAN_POINT('',(259.7,-26.8375,3.));
#14544=CARTESIAN_POINT('',(259.7,-26.8375,0.));
#14545=CARTESIAN_POINT('',(259.7,-26.8375,3.));
#14546=CARTESIAN_POINT('Origin',(260.2,-26.8375,0.));
#14547=CARTESIAN_POINT('',(260.2,-26.3375,3.));
#14548=CARTESIAN_POINT('',(260.2,-26.3375,0.));
#14549=CARTESIAN_POINT('Origin',(260.2,-26.8375,3.));
#14550=CARTESIAN_POINT('Origin',(260.2,-26.3375,0.));
#14551=CARTESIAN_POINT('',(273.2,-26.3375,3.));
#14552=CARTESIAN_POINT('',(273.2,-26.3375,0.));
#14553=CARTESIAN_POINT('',(260.2,-26.3375,3.));
#14554=CARTESIAN_POINT('Origin',(273.2,-26.8375,0.));
#14555=CARTESIAN_POINT('',(273.7,-26.8375,3.));
#14556=CARTESIAN_POINT('',(273.7,-26.8375,0.));
#14557=CARTESIAN_POINT('Origin',(273.2,-26.8375,3.));
#14558=CARTESIAN_POINT('Origin',(273.7,-26.8375,0.));
#14559=CARTESIAN_POINT('',(273.7,-28.4607,3.));
#14560=CARTESIAN_POINT('',(273.7,-28.4607,0.));
#14561=CARTESIAN_POINT('',(273.7,-26.8375,3.));
#14562=CARTESIAN_POINT('Origin',(273.7,-28.4607,0.));
#14563=CARTESIAN_POINT('',(275.3106,-28.4607,3.));
#14564=CARTESIAN_POINT('',(275.3106,-28.4607,0.));
#14565=CARTESIAN_POINT('',(275.3106,-28.4607,3.));
#14566=CARTESIAN_POINT('Origin',(275.3106,-28.4607,0.));
#14567=CARTESIAN_POINT('',(275.3106,-28.1479,3.));
#14568=CARTESIAN_POINT('',(275.3106,-28.1479,0.));
#14569=CARTESIAN_POINT('',(275.3106,-28.1479,3.));
#14570=CARTESIAN_POINT('Origin',(275.8106,-28.1479,0.));
#14571=CARTESIAN_POINT('',(275.8106,-27.6479,3.));
#14572=CARTESIAN_POINT('',(275.8106,-27.6479,0.));
#14573=CARTESIAN_POINT('Origin',(275.8106,-28.1479,3.));
#14574=CARTESIAN_POINT('Origin',(275.8106,-27.6479,0.));
#14575=CARTESIAN_POINT('',(281.4654,-27.6479,3.));
#14576=CARTESIAN_POINT('',(281.4654,-27.6479,0.));
#14577=CARTESIAN_POINT('',(281.4654,-27.6479,3.));
#14578=CARTESIAN_POINT('Origin',(281.4654,-28.1479,0.));
#14579=CARTESIAN_POINT('',(281.9654,-28.1479,3.));
#14580=CARTESIAN_POINT('',(281.9654,-28.1479,0.));
#14581=CARTESIAN_POINT('Origin',(281.4654,-28.1479,3.));
#14582=CARTESIAN_POINT('Origin',(281.9654,-28.1479,0.));
#14583=CARTESIAN_POINT('',(281.9654,-31.0515,3.));
#14584=CARTESIAN_POINT('',(281.9654,-31.0515,0.));
#14585=CARTESIAN_POINT('',(281.9654,-31.0515,3.));
#14586=CARTESIAN_POINT('Origin',(281.9654,-31.0515,0.));
#14587=CARTESIAN_POINT('',(282.329,-31.0515,3.));
#14588=CARTESIAN_POINT('',(282.329,-31.0515,0.));
#14589=CARTESIAN_POINT('',(282.329,-31.0515,3.));
#14590=CARTESIAN_POINT('Origin',(282.329,-31.5515,0.));
#14591=CARTESIAN_POINT('',(282.829,-31.5515,3.));
#14592=CARTESIAN_POINT('',(282.829,-31.5515,0.));
#14593=CARTESIAN_POINT('Origin',(282.329,-31.5515,3.));
#14594=CARTESIAN_POINT('Origin',(282.829,-31.5515,0.));
#14595=CARTESIAN_POINT('',(282.829,-33.8455,3.));
#14596=CARTESIAN_POINT('',(282.829,-33.8455,0.));
#14597=CARTESIAN_POINT('',(282.829,-33.8455,3.));
#14598=CARTESIAN_POINT('Origin',(152.4,-60.0998159452462,0.));
#14599=CARTESIAN_POINT('',(147.500002413988,-81.0000012069941,0.));
#14600=CARTESIAN_POINT('',(154.700001169741,-81.0000012069941,0.));
#14601=CARTESIAN_POINT('',(147.500002413988,-62.000000923872,0.));
#14602=CARTESIAN_POINT('',(147.500002413988,-70.5499085761201,0.));
#14603=CARTESIAN_POINT('',(162.000002413988,-62.000000923872,0.));
#14604=CARTESIAN_POINT('',(149.950001206994,-62.000000923872,0.));
#14605=CARTESIAN_POINT('',(162.000002413988,-43.0000006407499,0.));
#14606=CARTESIAN_POINT('',(162.000002413988,-61.0499084345591,0.));
#14607=CARTESIAN_POINT('',(152.4,-43.0000006407499,0.));
#14608=CARTESIAN_POINT('',(157.200001206994,-43.0000006407499,0.));
#14609=CARTESIAN_POINT('',(152.4,-21.0000003129244,0.));
#14610=CARTESIAN_POINT('',(152.4,-51.5499082929981,0.));
#14611=CARTESIAN_POINT('',(157.000002339482,-21.0000003129244,0.));
#14612=CARTESIAN_POINT('',(152.4,-21.0000003129244,0.));
#14613=CARTESIAN_POINT('',(157.000002339482,10.,0.));
#14614=CARTESIAN_POINT('',(157.000002339482,-40.5499081290853,0.));
#14615=CARTESIAN_POINT('',(197.4,10.,0.));
#14616=CARTESIAN_POINT('',(-4.,10.,0.));
#14617=CARTESIAN_POINT('',(202.4,5.,0.));
#14618=CARTESIAN_POINT('Origin',(197.4,5.,0.));
#14619=CARTESIAN_POINT('',(202.4,3.,0.));
#14620=CARTESIAN_POINT('',(202.4,10.,0.));
#14621=CARTESIAN_POINT('',(273.8,3.,0.));
#14622=CARTESIAN_POINT('',(202.4,3.,0.));
#14623=CARTESIAN_POINT('',(273.8,5.,0.));
#14624=CARTESIAN_POINT('',(273.8,3.,0.));
#14625=CARTESIAN_POINT('',(278.8,10.,0.));
#14626=CARTESIAN_POINT('Origin',(278.8,5.,0.));
#14627=CARTESIAN_POINT('',(303.8,10.,0.));
#14628=CARTESIAN_POINT('',(-4.,10.,0.));
#14629=CARTESIAN_POINT('',(308.8,5.,0.));
#14630=CARTESIAN_POINT('Origin',(303.8,5.,0.));
#14631=CARTESIAN_POINT('',(308.8,-125.199631890492,0.));
#14632=CARTESIAN_POINT('',(308.8,10.,0.));
#14633=CARTESIAN_POINT('',(303.8,-130.199631890492,0.));
#14634=CARTESIAN_POINT('Origin',(303.8,-125.199631890492,0.));
#14635=CARTESIAN_POINT('',(278.8,-130.199631890492,0.));
#14636=CARTESIAN_POINT('',(308.8,-130.199631890492,0.));
#14637=CARTESIAN_POINT('',(273.8,-125.199631890492,0.));
#14638=CARTESIAN_POINT('Origin',(278.8,-125.199631890492,0.));
#14639=CARTESIAN_POINT('',(273.8,-123.199631890492,0.));
#14640=CARTESIAN_POINT('',(273.8,-123.199631890492,0.));
#14641=CARTESIAN_POINT('',(202.4,-123.199631890492,0.));
#14642=CARTESIAN_POINT('',(202.4,-123.199631890492,0.));
#14643=CARTESIAN_POINT('',(202.4,-125.199631890492,0.));
#14644=CARTESIAN_POINT('',(202.4,-130.199631890492,0.));
#14645=CARTESIAN_POINT('',(197.4,-130.199631890492,0.));
#14646=CARTESIAN_POINT('Origin',(197.4,-125.199631890492,0.));
#14647=CARTESIAN_POINT('',(308.8,-130.199631890492,0.));
#14648=CARTESIAN_POINT('',(188.2625,-64.9375,0.));
#14649=CARTESIAN_POINT('',(188.7625,-64.4375,0.));
#14650=CARTESIAN_POINT('Origin',(188.7625,-64.9375,0.));
#14651=CARTESIAN_POINT('',(188.2625,-77.9375,0.));
#14652=CARTESIAN_POINT('',(188.2625,-64.9375,0.));
#14653=CARTESIAN_POINT('',(188.7625,-78.4375,0.));
#14654=CARTESIAN_POINT('Origin',(188.7625,-77.9375,0.));
#14655=CARTESIAN_POINT('',(201.7625,-78.4375,0.));
#14656=CARTESIAN_POINT('',(188.7625,-78.4375,0.));
#14657=CARTESIAN_POINT('',(202.2625,-77.9375,0.));
#14658=CARTESIAN_POINT('Origin',(201.7625,-77.9375,0.));
#14659=CARTESIAN_POINT('',(202.2625,-64.9375,0.));
#14660=CARTESIAN_POINT('',(202.2625,-64.9375,0.));
#14661=CARTESIAN_POINT('',(201.7625,-64.4375,0.));
#14662=CARTESIAN_POINT('Origin',(201.7625,-64.9375,0.));
#14663=CARTESIAN_POINT('',(188.7625,-64.4375,0.));
#14664=CARTESIAN_POINT('',(150.1625,-64.9375,0.));
#14665=CARTESIAN_POINT('',(150.6625,-64.4375,0.));
#14666=CARTESIAN_POINT('Origin',(150.6625,-64.9375,0.));
#14667=CARTESIAN_POINT('',(150.1625,-77.9375,0.));
#14668=CARTESIAN_POINT('',(150.1625,-64.9375,0.));
#14669=CARTESIAN_POINT('',(150.6625,-78.4375,0.));
#14670=CARTESIAN_POINT('Origin',(150.6625,-77.9375,0.));
#14671=CARTESIAN_POINT('',(163.6625,-78.4375,0.));
#14672=CARTESIAN_POINT('',(150.6625,-78.4375,0.));
#14673=CARTESIAN_POINT('',(164.1625,-77.9375,0.));
#14674=CARTESIAN_POINT('Origin',(163.6625,-77.9375,0.));
#14675=CARTESIAN_POINT('',(164.1625,-64.9375,0.));
#14676=CARTESIAN_POINT('',(164.1625,-64.9375,0.));
#14677=CARTESIAN_POINT('',(163.6625,-64.4375,0.));
#14678=CARTESIAN_POINT('Origin',(163.6625,-64.9375,0.));
#14679=CARTESIAN_POINT('',(150.6625,-64.4375,0.));
#14680=CARTESIAN_POINT('',(226.3625,-64.9375,0.));
#14681=CARTESIAN_POINT('',(226.8625,-64.4375,0.));
#14682=CARTESIAN_POINT('Origin',(226.8625,-64.9375,0.));
#14683=CARTESIAN_POINT('',(226.3625,-77.9375,0.));
#14684=CARTESIAN_POINT('',(226.3625,-64.9375,0.));
#14685=CARTESIAN_POINT('',(226.8625,-78.4375,0.));
#14686=CARTESIAN_POINT('Origin',(226.8625,-77.9375,0.));
#14687=CARTESIAN_POINT('',(239.8625,-78.4375,0.));
#14688=CARTESIAN_POINT('',(226.8625,-78.4375,0.));
#14689=CARTESIAN_POINT('',(240.3625,-77.9375,0.));
#14690=CARTESIAN_POINT('Origin',(239.8625,-77.9375,0.));
#14691=CARTESIAN_POINT('',(240.3625,-64.9375,0.));
#14692=CARTESIAN_POINT('',(240.3625,-64.9375,0.));
#14693=CARTESIAN_POINT('',(239.8625,-64.4375,0.));
#14694=CARTESIAN_POINT('Origin',(239.8625,-64.9375,0.));
#14695=CARTESIAN_POINT('',(226.8625,-64.4375,0.));
#14696=CARTESIAN_POINT('',(288.239033349246,-3.02500233930027,0.));
#14697=CARTESIAN_POINT('',(288.774997832609,-2.52113605689282,0.));
#14698=CARTESIAN_POINT('Origin',(288.757944724115,-3.03998347262861,0.));
#14699=CARTESIAN_POINT('',(288.247279504841,-16.0249983374447,0.));
#14700=CARTESIAN_POINT('',(288.239033349246,-3.02500233930027,0.));
#14701=CARTESIAN_POINT('',(288.774998851041,-16.528160004734,0.));
#14702=CARTESIAN_POINT('Origin',(288.761862205707,-16.0136191705736,0.));
#14703=CARTESIAN_POINT('',(301.775000018752,-16.5282846707984,0.));
#14704=CARTESIAN_POINT('',(288.774998851041,-16.528160004734,0.));
#14705=CARTESIAN_POINT('',(302.275770818886,-16.0250000188106,0.));
#14706=CARTESIAN_POINT('Origin',(301.774542859428,-16.0270527165936,0.));
#14707=CARTESIAN_POINT('',(302.275528449967,-3.02499994560718,0.));
#14708=CARTESIAN_POINT('',(302.275528449967,-3.02499994560718,0.));
#14709=CARTESIAN_POINT('',(301.775000027986,-2.52097606167147,0.));
#14710=CARTESIAN_POINT('Origin',(301.774266074883,-3.02224546741825,0.));
#14711=CARTESIAN_POINT('',(288.774997832609,-2.52113605689282,0.));
#14712=CARTESIAN_POINT('',(202.55,-45.8875,0.));
#14713=CARTESIAN_POINT('',(203.05,-45.3875,0.));
#14714=CARTESIAN_POINT('Origin',(203.05,-45.8875,0.));
#14715=CARTESIAN_POINT('',(202.55,-58.8875,0.));
#14716=CARTESIAN_POINT('',(202.55,-45.8875,0.));
#14717=CARTESIAN_POINT('',(203.05,-59.3875,0.));
#14718=CARTESIAN_POINT('Origin',(203.05,-58.8875,0.));
#14719=CARTESIAN_POINT('',(216.05,-59.3875,0.));
#14720=CARTESIAN_POINT('',(203.05,-59.3875,0.));
#14721=CARTESIAN_POINT('',(216.55,-58.8875,0.));
#14722=CARTESIAN_POINT('Origin',(216.05,-58.8875,0.));
#14723=CARTESIAN_POINT('',(216.55,-45.8875,0.));
#14724=CARTESIAN_POINT('',(216.55,-45.8875,0.));
#14725=CARTESIAN_POINT('',(216.05,-45.3875,0.));
#14726=CARTESIAN_POINT('Origin',(216.05,-45.8875,0.));
#14727=CARTESIAN_POINT('',(203.05,-45.3875,0.));
#14728=CARTESIAN_POINT('',(288.275,-26.8375,0.));
#14729=CARTESIAN_POINT('',(288.775,-26.3375,0.));
#14730=CARTESIAN_POINT('Origin',(288.775,-26.8375,0.));
#14731=CARTESIAN_POINT('',(288.275,-39.8375,0.));
#14732=CARTESIAN_POINT('',(288.275,-26.8375,0.));
#14733=CARTESIAN_POINT('',(288.775,-40.3375,0.));
#14734=CARTESIAN_POINT('Origin',(288.775,-39.8375,0.));
#14735=CARTESIAN_POINT('',(301.775,-40.3375,0.));
#14736=CARTESIAN_POINT('',(288.775,-40.3375,0.));
#14737=CARTESIAN_POINT('',(302.275,-39.8375,0.));
#14738=CARTESIAN_POINT('Origin',(301.775,-39.8375,0.));
#14739=CARTESIAN_POINT('',(302.275,-26.8375,0.));
#14740=CARTESIAN_POINT('',(302.275,-26.8375,0.));
#14741=CARTESIAN_POINT('',(301.775,-26.3375,0.));
#14742=CARTESIAN_POINT('Origin',(301.775,-26.8375,0.));
#14743=CARTESIAN_POINT('',(288.775,-26.3375,0.));
#14744=CARTESIAN_POINT('',(288.275,-45.8875,0.));
#14745=CARTESIAN_POINT('',(288.775,-45.3875,0.));
#14746=CARTESIAN_POINT('Origin',(288.775,-45.8875,0.));
#14747=CARTESIAN_POINT('',(288.275,-58.8875,0.));
#14748=CARTESIAN_POINT('',(288.275,-45.8875,0.));
#14749=CARTESIAN_POINT('',(288.775,-59.3875,0.));
#14750=CARTESIAN_POINT('Origin',(288.775,-58.8875,0.));
#14751=CARTESIAN_POINT('',(301.775,-59.3875,0.));
#14752=CARTESIAN_POINT('',(288.775,-59.3875,0.));
#14753=CARTESIAN_POINT('',(302.275,-58.8875,0.));
#14754=CARTESIAN_POINT('Origin',(301.775,-58.8875,0.));
#14755=CARTESIAN_POINT('',(302.275,-45.8875,0.));
#14756=CARTESIAN_POINT('',(302.275,-45.8875,0.));
#14757=CARTESIAN_POINT('',(301.775,-45.3875,0.));
#14758=CARTESIAN_POINT('Origin',(301.775,-45.8875,0.));
#14759=CARTESIAN_POINT('',(288.775,-45.3875,0.));
#14760=CARTESIAN_POINT('',(178.7375,-83.9875,0.));
#14761=CARTESIAN_POINT('',(179.2375,-83.4875,0.));
#14762=CARTESIAN_POINT('Origin',(179.2375,-83.9875,0.));
#14763=CARTESIAN_POINT('',(178.7375,-96.9875,0.));
#14764=CARTESIAN_POINT('',(178.7375,-83.9875,0.));
#14765=CARTESIAN_POINT('',(179.2375,-97.4875,0.));
#14766=CARTESIAN_POINT('Origin',(179.2375,-96.9875,0.));
#14767=CARTESIAN_POINT('',(192.2375,-97.4875,0.));
#14768=CARTESIAN_POINT('',(179.2375,-97.4875,0.));
#14769=CARTESIAN_POINT('',(192.7375,-96.9875,0.));
#14770=CARTESIAN_POINT('Origin',(192.2375,-96.9875,0.));
#14771=CARTESIAN_POINT('',(192.7375,-83.9875,0.));
#14772=CARTESIAN_POINT('',(192.7375,-83.9875,0.));
#14773=CARTESIAN_POINT('',(192.2375,-83.4875,0.));
#14774=CARTESIAN_POINT('Origin',(192.2375,-83.9875,0.));
#14775=CARTESIAN_POINT('',(179.2375,-83.4875,0.));
#14776=CARTESIAN_POINT('',(231.125,-26.8375,0.));
#14777=CARTESIAN_POINT('',(231.625,-26.3375,0.));
#14778=CARTESIAN_POINT('Origin',(231.625,-26.8375,0.));
#14779=CARTESIAN_POINT('',(231.125,-39.8375,0.));
#14780=CARTESIAN_POINT('',(231.125,-26.8375,0.));
#14781=CARTESIAN_POINT('',(231.625,-40.3375,0.));
#14782=CARTESIAN_POINT('Origin',(231.625,-39.8375,0.));
#14783=CARTESIAN_POINT('',(244.625,-40.3375,0.));
#14784=CARTESIAN_POINT('',(231.625,-40.3375,0.));
#14785=CARTESIAN_POINT('',(245.125,-39.8375,0.));
#14786=CARTESIAN_POINT('Origin',(244.625,-39.8375,0.));
#14787=CARTESIAN_POINT('',(245.125,-26.8375,0.));
#14788=CARTESIAN_POINT('',(245.125,-26.8375,0.));
#14789=CARTESIAN_POINT('',(244.625,-26.3375,0.));
#14790=CARTESIAN_POINT('Origin',(244.625,-26.8375,0.));
#14791=CARTESIAN_POINT('',(231.625,-26.3375,0.));
#14792=CARTESIAN_POINT('',(193.025,-26.8375,0.));
#14793=CARTESIAN_POINT('',(193.525,-26.3375,0.));
#14794=CARTESIAN_POINT('Origin',(193.525,-26.8375,0.));
#14795=CARTESIAN_POINT('',(193.025,-39.8375,0.));
#14796=CARTESIAN_POINT('',(193.025,-26.8375,0.));
#14797=CARTESIAN_POINT('',(193.525,-40.3375,0.));
#14798=CARTESIAN_POINT('Origin',(193.525,-39.8375,0.));
#14799=CARTESIAN_POINT('',(206.525,-40.3375,0.));
#14800=CARTESIAN_POINT('',(193.525,-40.3375,0.));
#14801=CARTESIAN_POINT('',(207.025,-39.8375,0.));
#14802=CARTESIAN_POINT('Origin',(206.525,-39.8375,0.));
#14803=CARTESIAN_POINT('',(207.025,-26.8375,0.));
#14804=CARTESIAN_POINT('',(207.025,-26.8375,0.));
#14805=CARTESIAN_POINT('',(206.525,-26.3375,0.));
#14806=CARTESIAN_POINT('Origin',(206.525,-26.8375,0.));
#14807=CARTESIAN_POINT('',(193.525,-26.3375,0.));
#14808=CARTESIAN_POINT('',(240.65,-45.8875,0.));
#14809=CARTESIAN_POINT('',(241.15,-45.3875,0.));
#14810=CARTESIAN_POINT('Origin',(241.15,-45.8875,0.));
#14811=CARTESIAN_POINT('',(240.65,-58.8875,0.));
#14812=CARTESIAN_POINT('',(240.65,-45.8875,0.));
#14813=CARTESIAN_POINT('',(241.15,-59.3875,0.));
#14814=CARTESIAN_POINT('Origin',(241.15,-58.8875,0.));
#14815=CARTESIAN_POINT('',(254.15,-59.3875,0.));
#14816=CARTESIAN_POINT('',(241.15,-59.3875,0.));
#14817=CARTESIAN_POINT('',(254.65,-58.8875,0.));
#14818=CARTESIAN_POINT('Origin',(254.15,-58.8875,0.));
#14819=CARTESIAN_POINT('',(254.65,-45.8875,0.));
#14820=CARTESIAN_POINT('',(254.65,-45.8875,0.));
#14821=CARTESIAN_POINT('',(254.15,-45.3875,0.));
#14822=CARTESIAN_POINT('Origin',(254.15,-45.8875,0.));
#14823=CARTESIAN_POINT('',(241.15,-45.3875,0.));
#14824=CARTESIAN_POINT('',(173.975,-26.8375,0.));
#14825=CARTESIAN_POINT('',(174.475,-26.3375,0.));
#14826=CARTESIAN_POINT('Origin',(174.475,-26.8375,0.));
#14827=CARTESIAN_POINT('',(173.975,-39.8375,0.));
#14828=CARTESIAN_POINT('',(173.975,-26.8375,0.));
#14829=CARTESIAN_POINT('',(174.475,-40.3375,0.));
#14830=CARTESIAN_POINT('Origin',(174.475,-39.8375,0.));
#14831=CARTESIAN_POINT('',(187.475,-40.3375,0.));
#14832=CARTESIAN_POINT('',(174.475,-40.3375,0.));
#14833=CARTESIAN_POINT('',(187.975,-39.8375,0.));
#14834=CARTESIAN_POINT('Origin',(187.475,-39.8375,0.));
#14835=CARTESIAN_POINT('',(187.975,-26.8375,0.));
#14836=CARTESIAN_POINT('',(187.975,-26.8375,0.));
#14837=CARTESIAN_POINT('',(187.475,-26.3375,0.));
#14838=CARTESIAN_POINT('Origin',(187.475,-26.8375,0.));
#14839=CARTESIAN_POINT('',(174.475,-26.3375,0.));
#14840=CARTESIAN_POINT('',(159.6875,-83.9875,0.));
#14841=CARTESIAN_POINT('',(160.1875,-83.4875,0.));
#14842=CARTESIAN_POINT('Origin',(160.1875,-83.9875,0.));
#14843=CARTESIAN_POINT('',(159.6875,-96.9875,0.));
#14844=CARTESIAN_POINT('',(159.6875,-83.9875,0.));
#14845=CARTESIAN_POINT('',(160.1875,-97.4875,0.));
#14846=CARTESIAN_POINT('Origin',(160.1875,-96.9875,0.));
#14847=CARTESIAN_POINT('',(173.1875,-97.4875,0.));
#14848=CARTESIAN_POINT('',(160.1875,-97.4875,0.));
#14849=CARTESIAN_POINT('',(173.6875,-96.9875,0.));
#14850=CARTESIAN_POINT('Origin',(173.1875,-96.9875,0.));
#14851=CARTESIAN_POINT('',(173.6875,-83.9875,0.));
#14852=CARTESIAN_POINT('',(173.6875,-83.9875,0.));
#14853=CARTESIAN_POINT('',(173.1875,-83.4875,0.));
#14854=CARTESIAN_POINT('Origin',(173.1875,-83.9875,0.));
#14855=CARTESIAN_POINT('',(160.1875,-83.4875,0.));
#14856=CARTESIAN_POINT('',(216.8375,-83.9875,0.));
#14857=CARTESIAN_POINT('',(217.3375,-83.4875,0.));
#14858=CARTESIAN_POINT('Origin',(217.3375,-83.9875,0.));
#14859=CARTESIAN_POINT('',(216.8375,-96.9875,0.));
#14860=CARTESIAN_POINT('',(216.8375,-83.9875,0.));
#14861=CARTESIAN_POINT('',(217.3375,-97.4875,0.));
#14862=CARTESIAN_POINT('Origin',(217.3375,-96.9875,0.));
#14863=CARTESIAN_POINT('',(230.3375,-97.4875,0.));
#14864=CARTESIAN_POINT('',(217.3375,-97.4875,0.));
#14865=CARTESIAN_POINT('',(230.8375,-96.9875,0.));
#14866=CARTESIAN_POINT('Origin',(230.3375,-96.9875,0.));
#14867=CARTESIAN_POINT('',(230.8375,-83.9875,0.));
#14868=CARTESIAN_POINT('',(230.8375,-83.9875,0.));
#14869=CARTESIAN_POINT('',(230.3375,-83.4875,0.));
#14870=CARTESIAN_POINT('Origin',(230.3375,-83.9875,0.));
#14871=CARTESIAN_POINT('',(217.3375,-83.4875,0.));
#14872=CARTESIAN_POINT('',(197.7875,-83.9875,0.));
#14873=CARTESIAN_POINT('',(198.2875,-83.4875,0.));
#14874=CARTESIAN_POINT('Origin',(198.2875,-83.9875,0.));
#14875=CARTESIAN_POINT('',(197.7875,-96.9875,0.));
#14876=CARTESIAN_POINT('',(197.7875,-83.9875,0.));
#14877=CARTESIAN_POINT('',(198.2875,-97.4875,0.));
#14878=CARTESIAN_POINT('Origin',(198.2875,-96.9875,0.));
#14879=CARTESIAN_POINT('',(211.2875,-97.4875,0.));
#14880=CARTESIAN_POINT('',(198.2875,-97.4875,0.));
#14881=CARTESIAN_POINT('',(211.7875,-96.9875,0.));
#14882=CARTESIAN_POINT('Origin',(211.2875,-96.9875,0.));
#14883=CARTESIAN_POINT('',(211.7875,-83.9875,0.));
#14884=CARTESIAN_POINT('',(211.7875,-83.9875,0.));
#14885=CARTESIAN_POINT('',(211.2875,-83.4875,0.));
#14886=CARTESIAN_POINT('Origin',(211.2875,-83.9875,0.));
#14887=CARTESIAN_POINT('',(198.2875,-83.4875,0.));
#14888=CARTESIAN_POINT('',(243.03125,-83.9875,0.));
#14889=CARTESIAN_POINT('',(243.53125,-83.4875,0.));
#14890=CARTESIAN_POINT('Origin',(243.53125,-83.9875,0.));
#14891=CARTESIAN_POINT('',(243.03125,-96.9875,0.));
#14892=CARTESIAN_POINT('',(243.03125,-83.9875,0.));
#14893=CARTESIAN_POINT('',(243.53125,-97.4875,0.));
#14894=CARTESIAN_POINT('Origin',(243.53125,-96.9875,0.));
#14895=CARTESIAN_POINT('',(256.53125,-97.4875,0.));
#14896=CARTESIAN_POINT('',(243.53125,-97.4875,0.));
#14897=CARTESIAN_POINT('',(257.03125,-96.9875,0.));
#14898=CARTESIAN_POINT('Origin',(256.53125,-96.9875,0.));
#14899=CARTESIAN_POINT('',(257.03125,-83.9875,0.));
#14900=CARTESIAN_POINT('',(257.03125,-83.9875,0.));
#14901=CARTESIAN_POINT('',(256.53125,-83.4875,0.));
#14902=CARTESIAN_POINT('Origin',(256.53125,-83.9875,0.));
#14903=CARTESIAN_POINT('',(243.53125,-83.4875,0.));
#14904=CARTESIAN_POINT('',(226.3625,-3.025,0.));
#14905=CARTESIAN_POINT('',(226.8625,-2.525,0.));
#14906=CARTESIAN_POINT('Origin',(226.8625,-3.025,0.));
#14907=CARTESIAN_POINT('',(226.3625,-16.025,0.));
#14908=CARTESIAN_POINT('',(226.3625,-3.025,0.));
#14909=CARTESIAN_POINT('',(226.8625,-16.525,0.));
#14910=CARTESIAN_POINT('Origin',(226.8625,-16.025,0.));
#14911=CARTESIAN_POINT('',(239.8625,-16.525,0.));
#14912=CARTESIAN_POINT('',(226.8625,-16.525,0.));
#14913=CARTESIAN_POINT('',(240.3625,-16.025,0.));
#14914=CARTESIAN_POINT('Origin',(239.8625,-16.025,0.));
#14915=CARTESIAN_POINT('',(240.3625,-3.025,0.));
#14916=CARTESIAN_POINT('',(240.3625,-3.025,0.));
#14917=CARTESIAN_POINT('',(239.8625,-2.52499999999999,0.));
#14918=CARTESIAN_POINT('Origin',(239.8625,-3.025,0.));
#14919=CARTESIAN_POINT('',(226.8625,-2.525,0.));
#14920=CARTESIAN_POINT('',(250.175,-103.0375,0.));
#14921=CARTESIAN_POINT('',(250.675,-102.5375,0.));
#14922=CARTESIAN_POINT('Origin',(250.675,-103.0375,0.));
#14923=CARTESIAN_POINT('',(250.175,-116.0375,0.));
#14924=CARTESIAN_POINT('',(250.175,-103.0375,0.));
#14925=CARTESIAN_POINT('',(250.675,-116.5375,0.));
#14926=CARTESIAN_POINT('Origin',(250.675,-116.0375,0.));
#14927=CARTESIAN_POINT('',(263.675,-116.5375,0.));
#14928=CARTESIAN_POINT('',(250.675,-116.5375,0.));
#14929=CARTESIAN_POINT('',(264.175,-116.0375,0.));
#14930=CARTESIAN_POINT('Origin',(263.675,-116.0375,0.));
#14931=CARTESIAN_POINT('',(264.175,-103.0375,0.));
#14932=CARTESIAN_POINT('',(264.175,-103.0375,0.));
#14933=CARTESIAN_POINT('',(263.675,-102.5375,0.));
#14934=CARTESIAN_POINT('Origin',(263.675,-103.0375,0.));
#14935=CARTESIAN_POINT('',(250.675,-102.5375,0.));
#14936=CARTESIAN_POINT('',(264.4625,-3.025,0.));
#14937=CARTESIAN_POINT('',(264.9625,-2.525,0.));
#14938=CARTESIAN_POINT('Origin',(264.9625,-3.025,0.));
#14939=CARTESIAN_POINT('',(264.4625,-16.025,0.));
#14940=CARTESIAN_POINT('',(264.4625,-3.025,0.));
#14941=CARTESIAN_POINT('',(264.9625,-16.525,0.));
#14942=CARTESIAN_POINT('Origin',(264.9625,-16.025,0.));
#14943=CARTESIAN_POINT('',(277.9625,-16.525,0.));
#14944=CARTESIAN_POINT('',(264.9625,-16.525,0.));
#14945=CARTESIAN_POINT('',(278.4625,-16.025,0.));
#14946=CARTESIAN_POINT('Origin',(277.9625,-16.025,0.));
#14947=CARTESIAN_POINT('',(278.4625,-3.025,0.));
#14948=CARTESIAN_POINT('',(278.4625,-3.025,0.));
#14949=CARTESIAN_POINT('',(277.9625,-2.52500000000003,0.));
#14950=CARTESIAN_POINT('Origin',(277.9625,-3.025,0.));
#14951=CARTESIAN_POINT('',(264.9625,-2.525,0.));
#14952=CARTESIAN_POINT('',(178.7375,-3.025,0.));
#14953=CARTESIAN_POINT('',(179.2375,-2.525,0.));
#14954=CARTESIAN_POINT('Origin',(179.2375,-3.025,0.));
#14955=CARTESIAN_POINT('',(178.7375,-16.025,0.));
#14956=CARTESIAN_POINT('',(178.7375,-3.025,0.));
#14957=CARTESIAN_POINT('',(179.2375,-16.525,0.));
#14958=CARTESIAN_POINT('Origin',(179.2375,-16.025,0.));
#14959=CARTESIAN_POINT('',(192.2375,-16.525,0.));
#14960=CARTESIAN_POINT('',(179.2375,-16.525,0.));
#14961=CARTESIAN_POINT('',(192.7375,-16.025,0.));
#14962=CARTESIAN_POINT('Origin',(192.2375,-16.025,0.));
#14963=CARTESIAN_POINT('',(192.7375,-3.025,0.));
#14964=CARTESIAN_POINT('',(192.7375,-3.025,0.));
#14965=CARTESIAN_POINT('',(192.2375,-2.52499999999999,0.));
#14966=CARTESIAN_POINT('Origin',(192.2375,-3.025,0.));
#14967=CARTESIAN_POINT('',(179.2375,-2.525,0.));
#14968=CARTESIAN_POINT('',(207.3125,-3.025,0.));
#14969=CARTESIAN_POINT('',(207.8125,-2.525,0.));
#14970=CARTESIAN_POINT('Origin',(207.8125,-3.025,0.));
#14971=CARTESIAN_POINT('',(207.3125,-16.025,0.));
#14972=CARTESIAN_POINT('',(207.3125,-3.025,0.));
#14973=CARTESIAN_POINT('',(207.8125,-16.525,0.));
#14974=CARTESIAN_POINT('Origin',(207.8125,-16.025,0.));
#14975=CARTESIAN_POINT('',(220.8125,-16.525,0.));
#14976=CARTESIAN_POINT('',(207.8125,-16.525,0.));
#14977=CARTESIAN_POINT('',(221.3125,-16.025,0.));
#14978=CARTESIAN_POINT('Origin',(220.8125,-16.025,0.));
#14979=CARTESIAN_POINT('',(221.3125,-3.025,0.));
#14980=CARTESIAN_POINT('',(221.3125,-3.025,0.));
#14981=CARTESIAN_POINT('',(220.8125,-2.52499999999999,0.));
#14982=CARTESIAN_POINT('Origin',(220.8125,-3.025,0.));
#14983=CARTESIAN_POINT('',(207.8125,-2.525,0.));
#14984=CARTESIAN_POINT('',(245.4125,-3.025,0.));
#14985=CARTESIAN_POINT('',(245.9125,-2.525,0.));
#14986=CARTESIAN_POINT('Origin',(245.9125,-3.025,0.));
#14987=CARTESIAN_POINT('',(245.4125,-16.025,0.));
#14988=CARTESIAN_POINT('',(245.4125,-3.025,0.));
#14989=CARTESIAN_POINT('',(245.9125,-16.525,0.));
#14990=CARTESIAN_POINT('Origin',(245.9125,-16.025,0.));
#14991=CARTESIAN_POINT('',(258.9125,-16.525,0.));
#14992=CARTESIAN_POINT('',(245.9125,-16.525,0.));
#14993=CARTESIAN_POINT('',(259.4125,-16.025,0.));
#14994=CARTESIAN_POINT('Origin',(258.9125,-16.025,0.));
#14995=CARTESIAN_POINT('',(259.4125,-3.025,0.));
#14996=CARTESIAN_POINT('',(259.4125,-3.025,0.));
#14997=CARTESIAN_POINT('',(258.9125,-2.52499999999999,0.));
#14998=CARTESIAN_POINT('Origin',(258.9125,-3.025,0.));
#14999=CARTESIAN_POINT('',(245.9125,-2.525,0.));
#15000=CARTESIAN_POINT('',(183.5,-45.8875,0.));
#15001=CARTESIAN_POINT('',(184.,-45.3875,0.));
#15002=CARTESIAN_POINT('Origin',(184.,-45.8875,0.));
#15003=CARTESIAN_POINT('',(183.5,-58.8875,0.));
#15004=CARTESIAN_POINT('',(183.5,-45.8875,0.));
#15005=CARTESIAN_POINT('',(184.,-59.3875,0.));
#15006=CARTESIAN_POINT('Origin',(184.,-58.8875,0.));
#15007=CARTESIAN_POINT('',(197.,-59.3875,0.));
#15008=CARTESIAN_POINT('',(184.,-59.3875,0.));
#15009=CARTESIAN_POINT('',(197.5,-58.8875,0.));
#15010=CARTESIAN_POINT('Origin',(197.,-58.8875,0.));
#15011=CARTESIAN_POINT('',(197.5,-45.8875,0.));
#15012=CARTESIAN_POINT('',(197.5,-45.8875,0.));
#15013=CARTESIAN_POINT('',(197.,-45.3875,0.));
#15014=CARTESIAN_POINT('Origin',(197.,-45.8875,0.));
#15015=CARTESIAN_POINT('',(184.,-45.3875,0.));
#15016=CARTESIAN_POINT('',(269.225,-103.0375,0.));
#15017=CARTESIAN_POINT('',(269.725,-102.5375,0.));
#15018=CARTESIAN_POINT('Origin',(269.725,-103.0375,0.));
#15019=CARTESIAN_POINT('',(269.225,-116.0375,0.));
#15020=CARTESIAN_POINT('',(269.225,-103.0375,0.));
#15021=CARTESIAN_POINT('',(269.725,-116.5375,0.));
#15022=CARTESIAN_POINT('Origin',(269.725,-116.0375,0.));
#15023=CARTESIAN_POINT('',(282.725,-116.5375,0.));
#15024=CARTESIAN_POINT('',(269.725,-116.5375,0.));
#15025=CARTESIAN_POINT('',(283.225,-116.0375,0.));
#15026=CARTESIAN_POINT('Origin',(282.725,-116.0375,0.));
#15027=CARTESIAN_POINT('',(283.225,-103.0375,0.));
#15028=CARTESIAN_POINT('',(283.225,-103.0375,0.));
#15029=CARTESIAN_POINT('',(282.725,-102.5375,0.));
#15030=CARTESIAN_POINT('Origin',(282.725,-103.0375,0.));
#15031=CARTESIAN_POINT('',(269.725,-102.5375,0.));
#15032=CARTESIAN_POINT('',(288.275,-103.0375,0.));
#15033=CARTESIAN_POINT('',(288.775,-102.5375,0.));
#15034=CARTESIAN_POINT('Origin',(288.775,-103.0375,0.));
#15035=CARTESIAN_POINT('',(288.275,-116.0375,0.));
#15036=CARTESIAN_POINT('',(288.275,-103.0375,0.));
#15037=CARTESIAN_POINT('',(288.775,-116.5375,0.));
#15038=CARTESIAN_POINT('Origin',(288.775,-116.0375,0.));
#15039=CARTESIAN_POINT('',(301.775,-116.5375,0.));
#15040=CARTESIAN_POINT('',(288.775,-116.5375,0.));
#15041=CARTESIAN_POINT('',(302.275,-116.0375,0.));
#15042=CARTESIAN_POINT('Origin',(301.775,-116.0375,0.));
#15043=CARTESIAN_POINT('',(302.275,-103.0375,0.));
#15044=CARTESIAN_POINT('',(302.275,-103.0375,0.));
#15045=CARTESIAN_POINT('',(301.775,-102.5375,0.));
#15046=CARTESIAN_POINT('Origin',(301.775,-103.0375,0.));
#15047=CARTESIAN_POINT('',(288.775,-102.5375,0.));
#15048=CARTESIAN_POINT('',(228.74375,-103.0375,0.));
#15049=CARTESIAN_POINT('',(229.24375,-102.5375,0.));
#15050=CARTESIAN_POINT('Origin',(229.24375,-103.0375,0.));
#15051=CARTESIAN_POINT('',(228.74375,-116.0375,0.));
#15052=CARTESIAN_POINT('',(228.74375,-103.0375,0.));
#15053=CARTESIAN_POINT('',(229.24375,-116.5375,0.));
#15054=CARTESIAN_POINT('Origin',(229.24375,-116.0375,0.));
#15055=CARTESIAN_POINT('',(242.24375,-116.5375,0.));
#15056=CARTESIAN_POINT('',(229.24375,-116.5375,0.));
#15057=CARTESIAN_POINT('',(242.74375,-116.0375,0.));
#15058=CARTESIAN_POINT('Origin',(242.24375,-116.0375,0.));
#15059=CARTESIAN_POINT('',(242.74375,-103.0375,0.));
#15060=CARTESIAN_POINT('',(242.74375,-103.0375,0.));
#15061=CARTESIAN_POINT('',(242.24375,-102.5375,0.));
#15062=CARTESIAN_POINT('Origin',(242.24375,-103.0375,0.));
#15063=CARTESIAN_POINT('',(229.24375,-102.5375,0.));
#15064=CARTESIAN_POINT('',(202.55,-103.0375,0.));
#15065=CARTESIAN_POINT('',(203.05,-102.5375,0.));
#15066=CARTESIAN_POINT('Origin',(203.05,-103.0375,0.));
#15067=CARTESIAN_POINT('',(202.55,-116.0375,0.));
#15068=CARTESIAN_POINT('',(202.55,-103.0375,0.));
#15069=CARTESIAN_POINT('',(203.05,-116.5375,0.));
#15070=CARTESIAN_POINT('Origin',(203.05,-116.0375,0.));
#15071=CARTESIAN_POINT('',(216.05,-116.5375,0.));
#15072=CARTESIAN_POINT('',(203.05,-116.5375,0.));
#15073=CARTESIAN_POINT('',(216.55,-116.0375,0.));
#15074=CARTESIAN_POINT('Origin',(216.05,-116.0375,0.));
#15075=CARTESIAN_POINT('',(216.55,-103.0375,0.));
#15076=CARTESIAN_POINT('',(216.55,-103.0375,0.));
#15077=CARTESIAN_POINT('',(216.05,-102.5375,0.));
#15078=CARTESIAN_POINT('Origin',(216.05,-103.0375,0.));
#15079=CARTESIAN_POINT('',(203.05,-102.5375,0.));
#15080=CARTESIAN_POINT('',(154.925,-26.8375,0.));
#15081=CARTESIAN_POINT('',(155.425,-26.3375,0.));
#15082=CARTESIAN_POINT('Origin',(155.425,-26.8375,0.));
#15083=CARTESIAN_POINT('',(154.925,-39.8375,0.));
#15084=CARTESIAN_POINT('',(154.925,-26.8375,0.));
#15085=CARTESIAN_POINT('',(155.425,-40.3375,0.));
#15086=CARTESIAN_POINT('Origin',(155.425,-39.8375,0.));
#15087=CARTESIAN_POINT('',(168.425,-40.3375,0.));
#15088=CARTESIAN_POINT('',(155.425,-40.3375,0.));
#15089=CARTESIAN_POINT('',(168.925,-39.8375,0.));
#15090=CARTESIAN_POINT('Origin',(168.425,-39.8375,0.));
#15091=CARTESIAN_POINT('',(168.925,-26.8375,0.));
#15092=CARTESIAN_POINT('',(168.925,-26.8375,0.));
#15093=CARTESIAN_POINT('',(168.425,-26.3375,0.));
#15094=CARTESIAN_POINT('Origin',(168.425,-26.8375,0.));
#15095=CARTESIAN_POINT('',(155.425,-26.3375,0.));
#15096=CARTESIAN_POINT('',(212.075,-26.8375,0.));
#15097=CARTESIAN_POINT('',(212.575,-26.3375,0.));
#15098=CARTESIAN_POINT('Origin',(212.575,-26.8375,0.));
#15099=CARTESIAN_POINT('',(212.075,-39.8375,0.));
#15100=CARTESIAN_POINT('',(212.075,-26.8375,0.));
#15101=CARTESIAN_POINT('',(212.575,-40.3375,0.));
#15102=CARTESIAN_POINT('Origin',(212.575,-39.8375,0.));
#15103=CARTESIAN_POINT('',(225.575,-40.3375,0.));
#15104=CARTESIAN_POINT('',(212.575,-40.3375,0.));
#15105=CARTESIAN_POINT('',(226.075,-39.8375,0.));
#15106=CARTESIAN_POINT('Origin',(225.575,-39.8375,0.));
#15107=CARTESIAN_POINT('',(226.075,-26.8375,0.));
#15108=CARTESIAN_POINT('',(226.075,-26.8375,0.));
#15109=CARTESIAN_POINT('',(225.575,-26.3375,0.));
#15110=CARTESIAN_POINT('Origin',(225.575,-26.8375,0.));
#15111=CARTESIAN_POINT('',(212.575,-26.3375,0.));
#15112=CARTESIAN_POINT('',(221.6,-45.8875,0.));
#15113=CARTESIAN_POINT('',(222.1,-45.3875,0.));
#15114=CARTESIAN_POINT('Origin',(222.1,-45.8875,0.));
#15115=CARTESIAN_POINT('',(221.6,-58.8875,0.));
#15116=CARTESIAN_POINT('',(221.6,-45.8875,0.));
#15117=CARTESIAN_POINT('',(222.1,-59.3875,0.));
#15118=CARTESIAN_POINT('Origin',(222.1,-58.8875,0.));
#15119=CARTESIAN_POINT('',(235.1,-59.3875,0.));
#15120=CARTESIAN_POINT('',(222.1,-59.3875,0.));
#15121=CARTESIAN_POINT('',(235.6,-58.8875,0.));
#15122=CARTESIAN_POINT('Origin',(235.1,-58.8875,0.));
#15123=CARTESIAN_POINT('',(235.6,-45.8875,0.));
#15124=CARTESIAN_POINT('',(235.6,-45.8875,0.));
#15125=CARTESIAN_POINT('',(235.1,-45.3875,0.));
#15126=CARTESIAN_POINT('Origin',(235.1,-45.8875,0.));
#15127=CARTESIAN_POINT('',(222.1,-45.3875,0.));
#15128=CARTESIAN_POINT('',(269.225,-83.9875,0.));
#15129=CARTESIAN_POINT('',(269.725,-83.4875,0.));
#15130=CARTESIAN_POINT('Origin',(269.725,-83.9875,0.));
#15131=CARTESIAN_POINT('',(269.225,-96.9875,0.));
#15132=CARTESIAN_POINT('',(269.225,-83.9875,0.));
#15133=CARTESIAN_POINT('',(269.725,-97.4875,0.));
#15134=CARTESIAN_POINT('Origin',(269.725,-96.9875,0.));
#15135=CARTESIAN_POINT('',(282.725,-97.4875,0.));
#15136=CARTESIAN_POINT('',(269.725,-97.4875,0.));
#15137=CARTESIAN_POINT('',(283.225,-96.9875,0.));
#15138=CARTESIAN_POINT('Origin',(282.725,-96.9875,0.));
#15139=CARTESIAN_POINT('',(283.225,-83.9875,0.));
#15140=CARTESIAN_POINT('',(283.225,-83.9875,0.));
#15141=CARTESIAN_POINT('',(282.725,-83.4875,0.));
#15142=CARTESIAN_POINT('Origin',(282.725,-83.9875,0.));
#15143=CARTESIAN_POINT('',(269.725,-83.4875,0.));
#15144=CARTESIAN_POINT('',(288.275,-64.9375,0.));
#15145=CARTESIAN_POINT('',(288.775,-64.4375,0.));
#15146=CARTESIAN_POINT('Origin',(288.775,-64.9375,0.));
#15147=CARTESIAN_POINT('',(288.275,-77.9375,0.));
#15148=CARTESIAN_POINT('',(288.275,-64.9375,0.));
#15149=CARTESIAN_POINT('',(288.775,-78.4375,0.));
#15150=CARTESIAN_POINT('Origin',(288.775,-77.9375,0.));
#15151=CARTESIAN_POINT('',(301.775,-78.4375,0.));
#15152=CARTESIAN_POINT('',(288.775,-78.4375,0.));
#15153=CARTESIAN_POINT('',(302.275,-77.9375,0.));
#15154=CARTESIAN_POINT('Origin',(301.775,-77.9375,0.));
#15155=CARTESIAN_POINT('',(302.275,-64.9375,0.));
#15156=CARTESIAN_POINT('',(302.275,-64.9375,0.));
#15157=CARTESIAN_POINT('',(301.775,-64.4375,0.));
#15158=CARTESIAN_POINT('Origin',(301.775,-64.9375,0.));
#15159=CARTESIAN_POINT('',(288.775,-64.4375,0.));
#15160=CARTESIAN_POINT('',(264.4625,-45.8875,0.));
#15161=CARTESIAN_POINT('',(264.9625,-45.3875,0.));
#15162=CARTESIAN_POINT('Origin',(264.9625,-45.8875,0.));
#15163=CARTESIAN_POINT('',(264.4625,-58.8875,0.));
#15164=CARTESIAN_POINT('',(264.4625,-45.8875,0.));
#15165=CARTESIAN_POINT('',(264.9625,-59.3875,0.));
#15166=CARTESIAN_POINT('Origin',(264.9625,-58.8875,0.));
#15167=CARTESIAN_POINT('',(277.9625,-59.3875,0.));
#15168=CARTESIAN_POINT('',(264.9625,-59.3875,0.));
#15169=CARTESIAN_POINT('',(278.4625,-58.8875,0.));
#15170=CARTESIAN_POINT('Origin',(277.9625,-58.8875,0.));
#15171=CARTESIAN_POINT('',(278.4625,-45.8875,0.));
#15172=CARTESIAN_POINT('',(278.4625,-45.8875,0.));
#15173=CARTESIAN_POINT('',(277.9625,-45.3875,0.));
#15174=CARTESIAN_POINT('Origin',(277.9625,-45.8875,0.));
#15175=CARTESIAN_POINT('',(264.9625,-45.3875,0.));
#15176=CARTESIAN_POINT('',(159.6875,-3.025,0.));
#15177=CARTESIAN_POINT('',(160.1875,-2.525,0.));
#15178=CARTESIAN_POINT('Origin',(160.1875,-3.025,0.));
#15179=CARTESIAN_POINT('',(159.6875,-16.025,0.));
#15180=CARTESIAN_POINT('',(159.6875,-3.025,0.));
#15181=CARTESIAN_POINT('',(160.1875,-16.525,0.));
#15182=CARTESIAN_POINT('Origin',(160.1875,-16.025,0.));
#15183=CARTESIAN_POINT('',(173.1875,-16.525,0.));
#15184=CARTESIAN_POINT('',(160.1875,-16.525,0.));
#15185=CARTESIAN_POINT('',(173.6875,-16.025,0.));
#15186=CARTESIAN_POINT('Origin',(173.1875,-16.025,0.));
#15187=CARTESIAN_POINT('',(173.6875,-3.025,0.));
#15188=CARTESIAN_POINT('',(173.6875,-3.025,0.));
#15189=CARTESIAN_POINT('',(173.1875,-2.52499999999999,0.));
#15190=CARTESIAN_POINT('Origin',(173.1875,-3.025,0.));
#15191=CARTESIAN_POINT('',(160.1875,-2.525,0.));
#15192=CARTESIAN_POINT('',(169.2125,-64.9375,0.));
#15193=CARTESIAN_POINT('',(169.7125,-64.4375,0.));
#15194=CARTESIAN_POINT('Origin',(169.7125,-64.9375,0.));
#15195=CARTESIAN_POINT('',(169.2125,-77.9375,0.));
#15196=CARTESIAN_POINT('',(169.2125,-64.9375,0.));
#15197=CARTESIAN_POINT('',(169.7125,-78.4375,0.));
#15198=CARTESIAN_POINT('Origin',(169.7125,-77.9375,0.));
#15199=CARTESIAN_POINT('',(182.7125,-78.4375,0.));
#15200=CARTESIAN_POINT('',(169.7125,-78.4375,0.));
#15201=CARTESIAN_POINT('',(183.2125,-77.9375,0.));
#15202=CARTESIAN_POINT('Origin',(182.7125,-77.9375,0.));
#15203=CARTESIAN_POINT('',(183.2125,-64.9375,0.));
#15204=CARTESIAN_POINT('',(183.2125,-64.9375,0.));
#15205=CARTESIAN_POINT('',(182.7125,-64.4375,0.));
#15206=CARTESIAN_POINT('Origin',(182.7125,-64.9375,0.));
#15207=CARTESIAN_POINT('',(169.7125,-64.4375,0.));
#15208=CARTESIAN_POINT('',(207.3125,-64.9375,0.));
#15209=CARTESIAN_POINT('',(207.8125,-64.4375,0.));
#15210=CARTESIAN_POINT('Origin',(207.8125,-64.9375,0.));
#15211=CARTESIAN_POINT('',(207.3125,-77.9375,0.));
#15212=CARTESIAN_POINT('',(207.3125,-64.9375,0.));
#15213=CARTESIAN_POINT('',(207.8125,-78.4375,0.));
#15214=CARTESIAN_POINT('Origin',(207.8125,-77.9375,0.));
#15215=CARTESIAN_POINT('',(220.8125,-78.4375,0.));
#15216=CARTESIAN_POINT('',(207.8125,-78.4375,0.));
#15217=CARTESIAN_POINT('',(221.3125,-77.9375,0.));
#15218=CARTESIAN_POINT('Origin',(220.8125,-77.9375,0.));
#15219=CARTESIAN_POINT('',(221.3125,-64.9375,0.));
#15220=CARTESIAN_POINT('',(221.3125,-64.9375,0.));
#15221=CARTESIAN_POINT('',(220.8125,-64.4375,0.));
#15222=CARTESIAN_POINT('Origin',(220.8125,-64.9375,0.));
#15223=CARTESIAN_POINT('',(207.8125,-64.4375,0.));
#15224=CARTESIAN_POINT('',(288.275,-83.9875,0.));
#15225=CARTESIAN_POINT('',(288.775,-83.4875,0.));
#15226=CARTESIAN_POINT('Origin',(288.775,-83.9875,0.));
#15227=CARTESIAN_POINT('',(288.275,-96.9875,0.));
#15228=CARTESIAN_POINT('',(288.275,-83.9875,0.));
#15229=CARTESIAN_POINT('',(288.775,-97.4875,0.));
#15230=CARTESIAN_POINT('Origin',(288.775,-96.9875,0.));
#15231=CARTESIAN_POINT('',(301.775,-97.4875,0.));
#15232=CARTESIAN_POINT('',(288.775,-97.4875,0.));
#15233=CARTESIAN_POINT('',(302.275,-96.9875,0.));
#15234=CARTESIAN_POINT('Origin',(301.775,-96.9875,0.));
#15235=CARTESIAN_POINT('',(302.275,-83.9875,0.));
#15236=CARTESIAN_POINT('',(302.275,-83.9875,0.));
#15237=CARTESIAN_POINT('',(301.775,-83.4875,0.));
#15238=CARTESIAN_POINT('Origin',(301.775,-83.9875,0.));
#15239=CARTESIAN_POINT('',(288.775,-83.4875,0.));
#15240=CARTESIAN_POINT('',(164.45,-45.8875,0.));
#15241=CARTESIAN_POINT('',(164.95,-45.3875,0.));
#15242=CARTESIAN_POINT('Origin',(164.95,-45.8875,0.));
#15243=CARTESIAN_POINT('',(164.45,-58.8875,0.));
#15244=CARTESIAN_POINT('',(164.45,-45.8875,0.));
#15245=CARTESIAN_POINT('',(164.95,-59.3875,0.));
#15246=CARTESIAN_POINT('Origin',(164.95,-58.8875,0.));
#15247=CARTESIAN_POINT('',(177.95,-59.3875,0.));
#15248=CARTESIAN_POINT('',(164.95,-59.3875,0.));
#15249=CARTESIAN_POINT('',(178.45,-58.8875,0.));
#15250=CARTESIAN_POINT('Origin',(177.95,-58.8875,0.));
#15251=CARTESIAN_POINT('',(178.45,-45.8875,0.));
#15252=CARTESIAN_POINT('',(178.45,-45.8875,0.));
#15253=CARTESIAN_POINT('',(177.95,-45.3875,0.));
#15254=CARTESIAN_POINT('Origin',(177.95,-45.8875,0.));
#15255=CARTESIAN_POINT('',(164.95,-45.3875,0.));
#15256=CARTESIAN_POINT('Origin',(152.4,-60.0998159452462,3.));
#15257=CARTESIAN_POINT('',(181.90385,-107.2375,3.));
#15258=CARTESIAN_POINT('',(181.90385,-107.2375,3.));
#15259=CARTESIAN_POINT('',(182.40385,-106.7375,3.));
#15260=CARTESIAN_POINT('Origin',(181.90385,-106.7375,3.));
#15261=CARTESIAN_POINT('',(182.40385,-104.3479,3.));
#15262=CARTESIAN_POINT('',(182.40385,-104.3479,3.));
#15263=CARTESIAN_POINT('',(182.90385,-103.8479,3.));
#15264=CARTESIAN_POINT('Origin',(182.90385,-104.3479,3.));
#15265=CARTESIAN_POINT('',(188.55865,-103.8479,3.));
#15266=CARTESIAN_POINT('',(188.55865,-103.8479,3.));
#15267=CARTESIAN_POINT('',(189.05865,-104.3479,3.));
#15268=CARTESIAN_POINT('Origin',(188.55865,-104.3479,3.));
#15269=CARTESIAN_POINT('',(189.05865,-107.2515,3.));
#15270=CARTESIAN_POINT('',(189.05865,-107.2515,3.));
#15271=CARTESIAN_POINT('',(189.42225,-107.2515,3.));
#15272=CARTESIAN_POINT('',(189.42225,-107.2515,3.));
#15273=CARTESIAN_POINT('',(189.92225,-107.7515,3.));
#15274=CARTESIAN_POINT('Origin',(189.42225,-107.7515,3.));
#15275=CARTESIAN_POINT('',(189.92225,-110.0455,3.));
#15276=CARTESIAN_POINT('',(189.92225,-110.0455,3.));
#15277=CARTESIAN_POINT('',(189.55865,-110.0455,3.));
#15278=CARTESIAN_POINT('',(189.55865,-110.0455,3.));
#15279=CARTESIAN_POINT('',(189.05865,-110.5455,3.));
#15280=CARTESIAN_POINT('Origin',(189.55865,-110.5455,3.));
#15281=CARTESIAN_POINT('',(189.05865,-115.6415,3.));
#15282=CARTESIAN_POINT('',(189.05865,-115.6415,3.));
#15283=CARTESIAN_POINT('',(188.55865,-116.1415,3.));
#15284=CARTESIAN_POINT('Origin',(188.55865,-115.6415,3.));
#15285=CARTESIAN_POINT('',(187.75525,-116.1415,3.));
#15286=CARTESIAN_POINT('',(187.75525,-116.1415,3.));
#15287=CARTESIAN_POINT('',(187.25525,-116.6415,3.));
#15288=CARTESIAN_POINT('Origin',(187.75525,-116.6415,3.));
#15289=CARTESIAN_POINT('',(187.25525,-116.8099,3.));
#15290=CARTESIAN_POINT('',(197.4,-130.199631890492,3.));
#15291=CARTESIAN_POINT('',(308.8,-130.199631890492,3.));
#15292=CARTESIAN_POINT('',(202.4,-125.199631890492,3.));
#15293=CARTESIAN_POINT('Origin',(197.4,-125.199631890492,3.));
#15294=CARTESIAN_POINT('',(202.4,-123.199631890492,3.));
#15295=CARTESIAN_POINT('',(202.4,-130.199631890492,3.));
#15296=CARTESIAN_POINT('',(273.8,-123.199631890492,3.));
#15297=CARTESIAN_POINT('',(202.4,-123.199631890492,3.));
#15298=CARTESIAN_POINT('',(273.8,-125.199631890492,3.));
#15299=CARTESIAN_POINT('',(273.8,-123.199631890492,3.));
#15300=CARTESIAN_POINT('',(278.8,-130.199631890492,3.));
#15301=CARTESIAN_POINT('Origin',(278.8,-125.199631890492,3.));
#15302=CARTESIAN_POINT('',(303.8,-130.199631890492,3.));
#15303=CARTESIAN_POINT('',(308.8,-130.199631890492,3.));
#15304=CARTESIAN_POINT('',(308.8,-125.199631890492,3.));
#15305=CARTESIAN_POINT('Origin',(303.8,-125.199631890492,3.));
#15306=CARTESIAN_POINT('',(308.8,5.,3.));
#15307=CARTESIAN_POINT('',(308.8,10.,3.));
#15308=CARTESIAN_POINT('',(303.8,10.,3.));
#15309=CARTESIAN_POINT('Origin',(303.8,5.,3.));
#15310=CARTESIAN_POINT('',(278.8,10.,3.));
#15311=CARTESIAN_POINT('',(-4.,10.,3.));
#15312=CARTESIAN_POINT('',(273.8,5.,3.));
#15313=CARTESIAN_POINT('Origin',(278.8,5.,3.));
#15314=CARTESIAN_POINT('',(273.8,3.,3.));
#15315=CARTESIAN_POINT('',(273.8,3.,3.));
#15316=CARTESIAN_POINT('',(202.4,3.,3.));
#15317=CARTESIAN_POINT('',(202.4,3.,3.));
#15318=CARTESIAN_POINT('',(202.4,5.,3.));
#15319=CARTESIAN_POINT('',(202.4,10.,3.));
#15320=CARTESIAN_POINT('',(197.4,10.,3.));
#15321=CARTESIAN_POINT('Origin',(197.4,5.,3.));
#15322=CARTESIAN_POINT('',(157.000002339482,10.,3.));
#15323=CARTESIAN_POINT('',(-4.,10.,3.));
#15324=CARTESIAN_POINT('',(157.000002339482,-21.0000003129244,3.));
#15325=CARTESIAN_POINT('',(157.000002339482,-40.5499081290853,3.));
#15326=CARTESIAN_POINT('',(152.4,-21.0000003129244,3.));
#15327=CARTESIAN_POINT('',(152.4,-21.0000003129244,3.));
#15328=CARTESIAN_POINT('',(152.4,-43.0000006407499,3.));
#15329=CARTESIAN_POINT('',(152.4,-51.5499082929981,3.));
#15330=CARTESIAN_POINT('',(162.000002413988,-43.0000006407499,3.));
#15331=CARTESIAN_POINT('',(157.200001206994,-43.0000006407499,3.));
#15332=CARTESIAN_POINT('',(162.000002413988,-62.000000923872,3.));
#15333=CARTESIAN_POINT('',(162.000002413988,-61.0499084345591,3.));
#15334=CARTESIAN_POINT('',(147.500002413988,-62.000000923872,3.));
#15335=CARTESIAN_POINT('',(149.950001206994,-62.000000923872,3.));
#15336=CARTESIAN_POINT('',(147.500002413988,-81.0000012069941,3.));
#15337=CARTESIAN_POINT('',(147.500002413988,-70.5499085761201,3.));
#15338=CARTESIAN_POINT('',(154.700001169741,-81.0000012069941,3.));
#15339=CARTESIAN_POINT('',(188.2625,-64.9375,3.));
#15340=CARTESIAN_POINT('',(188.7625,-64.4375,3.));
#15341=CARTESIAN_POINT('Origin',(188.7625,-64.9375,3.));
#15342=CARTESIAN_POINT('',(201.7625,-64.4375,3.));
#15343=CARTESIAN_POINT('',(188.7625,-64.4375,3.));
#15344=CARTESIAN_POINT('',(202.2625,-64.9375,3.));
#15345=CARTESIAN_POINT('Origin',(201.7625,-64.9375,3.));
#15346=CARTESIAN_POINT('',(202.2625,-77.9375,3.));
#15347=CARTESIAN_POINT('',(202.2625,-64.9375,3.));
#15348=CARTESIAN_POINT('',(201.7625,-78.4375,3.));
#15349=CARTESIAN_POINT('Origin',(201.7625,-77.9375,3.));
#15350=CARTESIAN_POINT('',(188.7625,-78.4375,3.));
#15351=CARTESIAN_POINT('',(188.7625,-78.4375,3.));
#15352=CARTESIAN_POINT('',(188.2625,-77.9375,3.));
#15353=CARTESIAN_POINT('Origin',(188.7625,-77.9375,3.));
#15354=CARTESIAN_POINT('',(188.2625,-64.9375,3.));
#15355=CARTESIAN_POINT('',(150.1625,-64.9375,3.));
#15356=CARTESIAN_POINT('',(150.6625,-64.4375,3.));
#15357=CARTESIAN_POINT('Origin',(150.6625,-64.9375,3.));
#15358=CARTESIAN_POINT('',(163.6625,-64.4375,3.));
#15359=CARTESIAN_POINT('',(150.6625,-64.4375,3.));
#15360=CARTESIAN_POINT('',(164.1625,-64.9375,3.));
#15361=CARTESIAN_POINT('Origin',(163.6625,-64.9375,3.));
#15362=CARTESIAN_POINT('',(164.1625,-77.9375,3.));
#15363=CARTESIAN_POINT('',(164.1625,-64.9375,3.));
#15364=CARTESIAN_POINT('',(163.6625,-78.4375,3.));
#15365=CARTESIAN_POINT('Origin',(163.6625,-77.9375,3.));
#15366=CARTESIAN_POINT('',(150.6625,-78.4375,3.));
#15367=CARTESIAN_POINT('',(150.6625,-78.4375,3.));
#15368=CARTESIAN_POINT('',(150.1625,-77.9375,3.));
#15369=CARTESIAN_POINT('Origin',(150.6625,-77.9375,3.));
#15370=CARTESIAN_POINT('',(150.1625,-64.9375,3.));
#15371=CARTESIAN_POINT('',(226.3625,-64.9375,3.));
#15372=CARTESIAN_POINT('',(226.8625,-64.4375,3.));
#15373=CARTESIAN_POINT('Origin',(226.8625,-64.9375,3.));
#15374=CARTESIAN_POINT('',(239.8625,-64.4375,3.));
#15375=CARTESIAN_POINT('',(226.8625,-64.4375,3.));
#15376=CARTESIAN_POINT('',(240.3625,-64.9375,3.));
#15377=CARTESIAN_POINT('Origin',(239.8625,-64.9375,3.));
#15378=CARTESIAN_POINT('',(240.3625,-77.9375,3.));
#15379=CARTESIAN_POINT('',(240.3625,-64.9375,3.));
#15380=CARTESIAN_POINT('',(239.8625,-78.4375,3.));
#15381=CARTESIAN_POINT('Origin',(239.8625,-77.9375,3.));
#15382=CARTESIAN_POINT('',(226.8625,-78.4375,3.));
#15383=CARTESIAN_POINT('',(226.8625,-78.4375,3.));
#15384=CARTESIAN_POINT('',(226.3625,-77.9375,3.));
#15385=CARTESIAN_POINT('Origin',(226.8625,-77.9375,3.));
#15386=CARTESIAN_POINT('',(226.3625,-64.9375,3.));
#15387=CARTESIAN_POINT('',(288.239033349246,-3.02500233930027,3.));
#15388=CARTESIAN_POINT('',(288.774997832609,-2.52113605689282,3.));
#15389=CARTESIAN_POINT('Origin',(288.757944724115,-3.03998347262861,3.));
#15390=CARTESIAN_POINT('',(301.775000027986,-2.52097606167147,3.));
#15391=CARTESIAN_POINT('',(288.774997832609,-2.52113605689282,3.));
#15392=CARTESIAN_POINT('',(302.275528449967,-3.02499994560718,3.));
#15393=CARTESIAN_POINT('Origin',(301.774266074883,-3.02224546741825,3.));
#15394=CARTESIAN_POINT('',(302.275770818886,-16.0250000188106,3.));
#15395=CARTESIAN_POINT('',(302.275528449967,-3.02499994560718,3.));
#15396=CARTESIAN_POINT('',(301.775000018752,-16.5282846707984,3.));
#15397=CARTESIAN_POINT('Origin',(301.774542859428,-16.0270527165936,3.));
#15398=CARTESIAN_POINT('',(288.774998851041,-16.528160004734,3.));
#15399=CARTESIAN_POINT('',(288.774998851041,-16.528160004734,3.));
#15400=CARTESIAN_POINT('',(288.247279504841,-16.0249983374447,3.));
#15401=CARTESIAN_POINT('Origin',(288.761862205707,-16.0136191705736,3.));
#15402=CARTESIAN_POINT('',(288.239033349246,-3.02500233930027,3.));
#15403=CARTESIAN_POINT('',(202.55,-45.8875,3.));
#15404=CARTESIAN_POINT('',(203.05,-45.3875,3.));
#15405=CARTESIAN_POINT('Origin',(203.05,-45.8875,3.));
#15406=CARTESIAN_POINT('',(216.05,-45.3875,3.));
#15407=CARTESIAN_POINT('',(203.05,-45.3875,3.));
#15408=CARTESIAN_POINT('',(216.55,-45.8875,3.));
#15409=CARTESIAN_POINT('Origin',(216.05,-45.8875,3.));
#15410=CARTESIAN_POINT('',(216.55,-58.8875,3.));
#15411=CARTESIAN_POINT('',(216.55,-45.8875,3.));
#15412=CARTESIAN_POINT('',(216.05,-59.3875,3.));
#15413=CARTESIAN_POINT('Origin',(216.05,-58.8875,3.));
#15414=CARTESIAN_POINT('',(203.05,-59.3875,3.));
#15415=CARTESIAN_POINT('',(203.05,-59.3875,3.));
#15416=CARTESIAN_POINT('',(202.55,-58.8875,3.));
#15417=CARTESIAN_POINT('Origin',(203.05,-58.8875,3.));
#15418=CARTESIAN_POINT('',(202.55,-45.8875,3.));
#15419=CARTESIAN_POINT('',(288.275,-26.8375,3.));
#15420=CARTESIAN_POINT('',(288.775,-26.3375,3.));
#15421=CARTESIAN_POINT('Origin',(288.775,-26.8375,3.));
#15422=CARTESIAN_POINT('',(301.775,-26.3375,3.));
#15423=CARTESIAN_POINT('',(288.775,-26.3375,3.));
#15424=CARTESIAN_POINT('',(302.275,-26.8375,3.));
#15425=CARTESIAN_POINT('Origin',(301.775,-26.8375,3.));
#15426=CARTESIAN_POINT('',(302.275,-39.8375,3.));
#15427=CARTESIAN_POINT('',(302.275,-26.8375,3.));
#15428=CARTESIAN_POINT('',(301.775,-40.3375,3.));
#15429=CARTESIAN_POINT('Origin',(301.775,-39.8375,3.));
#15430=CARTESIAN_POINT('',(288.775,-40.3375,3.));
#15431=CARTESIAN_POINT('',(288.775,-40.3375,3.));
#15432=CARTESIAN_POINT('',(288.275,-39.8375,3.));
#15433=CARTESIAN_POINT('Origin',(288.775,-39.8375,3.));
#15434=CARTESIAN_POINT('',(288.275,-26.8375,3.));
#15435=CARTESIAN_POINT('',(288.275,-45.8875,3.));
#15436=CARTESIAN_POINT('',(288.775,-45.3875,3.));
#15437=CARTESIAN_POINT('Origin',(288.775,-45.8875,3.));
#15438=CARTESIAN_POINT('',(301.775,-45.3875,3.));
#15439=CARTESIAN_POINT('',(288.775,-45.3875,3.));
#15440=CARTESIAN_POINT('',(302.275,-45.8875,3.));
#15441=CARTESIAN_POINT('Origin',(301.775,-45.8875,3.));
#15442=CARTESIAN_POINT('',(302.275,-58.8875,3.));
#15443=CARTESIAN_POINT('',(302.275,-45.8875,3.));
#15444=CARTESIAN_POINT('',(301.775,-59.3875,3.));
#15445=CARTESIAN_POINT('Origin',(301.775,-58.8875,3.));
#15446=CARTESIAN_POINT('',(288.775,-59.3875,3.));
#15447=CARTESIAN_POINT('',(288.775,-59.3875,3.));
#15448=CARTESIAN_POINT('',(288.275,-58.8875,3.));
#15449=CARTESIAN_POINT('Origin',(288.775,-58.8875,3.));
#15450=CARTESIAN_POINT('',(288.275,-45.8875,3.));
#15451=CARTESIAN_POINT('',(178.7375,-83.9875,3.));
#15452=CARTESIAN_POINT('',(179.2375,-83.4875,3.));
#15453=CARTESIAN_POINT('Origin',(179.2375,-83.9875,3.));
#15454=CARTESIAN_POINT('',(192.2375,-83.4875,3.));
#15455=CARTESIAN_POINT('',(179.2375,-83.4875,3.));
#15456=CARTESIAN_POINT('',(192.7375,-83.9875,3.));
#15457=CARTESIAN_POINT('Origin',(192.2375,-83.9875,3.));
#15458=CARTESIAN_POINT('',(192.7375,-96.9875,3.));
#15459=CARTESIAN_POINT('',(192.7375,-83.9875,3.));
#15460=CARTESIAN_POINT('',(192.2375,-97.4875,3.));
#15461=CARTESIAN_POINT('Origin',(192.2375,-96.9875,3.));
#15462=CARTESIAN_POINT('',(179.2375,-97.4875,3.));
#15463=CARTESIAN_POINT('',(179.2375,-97.4875,3.));
#15464=CARTESIAN_POINT('',(178.7375,-96.9875,3.));
#15465=CARTESIAN_POINT('Origin',(179.2375,-96.9875,3.));
#15466=CARTESIAN_POINT('',(178.7375,-83.9875,3.));
#15467=CARTESIAN_POINT('',(231.125,-26.8375,3.));
#15468=CARTESIAN_POINT('',(231.625,-26.3375,3.));
#15469=CARTESIAN_POINT('Origin',(231.625,-26.8375,3.));
#15470=CARTESIAN_POINT('',(244.625,-26.3375,3.));
#15471=CARTESIAN_POINT('',(231.625,-26.3375,3.));
#15472=CARTESIAN_POINT('',(245.125,-26.8375,3.));
#15473=CARTESIAN_POINT('Origin',(244.625,-26.8375,3.));
#15474=CARTESIAN_POINT('',(245.125,-39.8375,3.));
#15475=CARTESIAN_POINT('',(245.125,-26.8375,3.));
#15476=CARTESIAN_POINT('',(244.625,-40.3375,3.));
#15477=CARTESIAN_POINT('Origin',(244.625,-39.8375,3.));
#15478=CARTESIAN_POINT('',(231.625,-40.3375,3.));
#15479=CARTESIAN_POINT('',(231.625,-40.3375,3.));
#15480=CARTESIAN_POINT('',(231.125,-39.8375,3.));
#15481=CARTESIAN_POINT('Origin',(231.625,-39.8375,3.));
#15482=CARTESIAN_POINT('',(231.125,-26.8375,3.));
#15483=CARTESIAN_POINT('',(280.08415,-71.9455,3.));
#15484=CARTESIAN_POINT('',(280.08415,-71.9455,3.));
#15485=CARTESIAN_POINT('',(279.58415,-72.4455,3.));
#15486=CARTESIAN_POINT('Origin',(280.08415,-72.4455,3.));
#15487=CARTESIAN_POINT('',(279.58415,-77.5415,3.));
#15488=CARTESIAN_POINT('',(279.58415,-77.5415,3.));
#15489=CARTESIAN_POINT('',(279.08415,-78.0415,3.));
#15490=CARTESIAN_POINT('Origin',(279.08415,-77.5415,3.));
#15491=CARTESIAN_POINT('',(278.28075,-78.0415,3.));
#15492=CARTESIAN_POINT('',(278.28075,-78.0415,3.));
#15493=CARTESIAN_POINT('',(277.78075,-78.5415,3.));
#15494=CARTESIAN_POINT('Origin',(278.28075,-78.5415,3.));
#15495=CARTESIAN_POINT('',(277.78075,-78.7099,3.));
#15496=CARTESIAN_POINT('',(277.78075,-78.7099,3.));
#15497=CARTESIAN_POINT('',(277.28075,-79.2099,3.));
#15498=CARTESIAN_POINT('Origin',(277.28075,-78.7099,3.));
#15499=CARTESIAN_POINT('',(275.23275,-79.2099,3.));
#15500=CARTESIAN_POINT('',(275.23275,-79.2099,3.));
#15501=CARTESIAN_POINT('',(274.73275,-78.7099,3.));
#15502=CARTESIAN_POINT('Origin',(275.23275,-78.7099,3.));
#15503=CARTESIAN_POINT('',(274.73275,-78.5415,3.));
#15504=CARTESIAN_POINT('',(274.73275,-78.5415,3.));
#15505=CARTESIAN_POINT('',(274.23275,-78.0415,3.));
#15506=CARTESIAN_POINT('Origin',(274.23275,-78.5415,3.));
#15507=CARTESIAN_POINT('',(272.92935,-78.0415,3.));
#15508=CARTESIAN_POINT('',(272.92935,-78.0415,3.));
#15509=CARTESIAN_POINT('',(272.92935,-77.7541,3.));
#15510=CARTESIAN_POINT('',(272.92935,-77.7541,3.));
#15511=CARTESIAN_POINT('',(272.42935,-77.2541,3.));
#15512=CARTESIAN_POINT('Origin',(272.42935,-77.7541,3.));
#15513=CARTESIAN_POINT('',(271.31875,-77.2541,3.));
#15514=CARTESIAN_POINT('',(264.31875,-77.2541,3.));
#15515=CARTESIAN_POINT('',(271.31875,-77.9375,3.));
#15516=CARTESIAN_POINT('',(271.31875,-64.9375,3.));
#15517=CARTESIAN_POINT('',(270.81875,-78.4375,3.));
#15518=CARTESIAN_POINT('Origin',(270.81875,-77.9375,3.));
#15519=CARTESIAN_POINT('',(257.81875,-78.4375,3.));
#15520=CARTESIAN_POINT('',(257.81875,-78.4375,3.));
#15521=CARTESIAN_POINT('',(257.31875,-77.9375,3.));
#15522=CARTESIAN_POINT('Origin',(257.81875,-77.9375,3.));
#15523=CARTESIAN_POINT('',(257.31875,-77.2541,3.));
#15524=CARTESIAN_POINT('',(257.31875,-64.9375,3.));
#15525=CARTESIAN_POINT('',(256.20815,-77.2541,3.));
#15526=CARTESIAN_POINT('',(264.31875,-77.2541,3.));
#15527=CARTESIAN_POINT('',(255.70815,-77.7541,3.));
#15528=CARTESIAN_POINT('Origin',(256.20815,-77.7541,3.));
#15529=CARTESIAN_POINT('',(255.70815,-78.0415,3.));
#15530=CARTESIAN_POINT('',(255.70815,-77.7541,3.));
#15531=CARTESIAN_POINT('',(254.40475,-78.0415,3.));
#15532=CARTESIAN_POINT('',(255.70815,-78.0415,3.));
#15533=CARTESIAN_POINT('',(253.90475,-78.5415,3.));
#15534=CARTESIAN_POINT('Origin',(254.40475,-78.5415,3.));
#15535=CARTESIAN_POINT('',(253.90475,-78.7099,3.));
#15536=CARTESIAN_POINT('',(253.90475,-78.5415,3.));
#15537=CARTESIAN_POINT('',(253.40475,-79.2099,3.));
#15538=CARTESIAN_POINT('Origin',(253.40475,-78.7099,3.));
#15539=CARTESIAN_POINT('',(251.35675,-79.2099,3.));
#15540=CARTESIAN_POINT('',(253.40475,-79.2099,3.));
#15541=CARTESIAN_POINT('Origin',(251.35675,-78.7099,3.));
#15542=CARTESIAN_POINT('',(193.025,-26.8375,3.));
#15543=CARTESIAN_POINT('',(193.525,-26.3375,3.));
#15544=CARTESIAN_POINT('Origin',(193.525,-26.8375,3.));
#15545=CARTESIAN_POINT('',(206.525,-26.3375,3.));
#15546=CARTESIAN_POINT('',(193.525,-26.3375,3.));
#15547=CARTESIAN_POINT('',(207.025,-26.8375,3.));
#15548=CARTESIAN_POINT('Origin',(206.525,-26.8375,3.));
#15549=CARTESIAN_POINT('',(207.025,-39.8375,3.));
#15550=CARTESIAN_POINT('',(207.025,-26.8375,3.));
#15551=CARTESIAN_POINT('',(206.525,-40.3375,3.));
#15552=CARTESIAN_POINT('Origin',(206.525,-39.8375,3.));
#15553=CARTESIAN_POINT('',(193.525,-40.3375,3.));
#15554=CARTESIAN_POINT('',(193.525,-40.3375,3.));
#15555=CARTESIAN_POINT('',(193.025,-39.8375,3.));
#15556=CARTESIAN_POINT('Origin',(193.525,-39.8375,3.));
#15557=CARTESIAN_POINT('',(193.025,-26.8375,3.));
#15558=CARTESIAN_POINT('',(240.65,-45.8875,3.));
#15559=CARTESIAN_POINT('',(241.15,-45.3875,3.));
#15560=CARTESIAN_POINT('Origin',(241.15,-45.8875,3.));
#15561=CARTESIAN_POINT('',(254.15,-45.3875,3.));
#15562=CARTESIAN_POINT('',(241.15,-45.3875,3.));
#15563=CARTESIAN_POINT('',(254.65,-45.8875,3.));
#15564=CARTESIAN_POINT('Origin',(254.15,-45.8875,3.));
#15565=CARTESIAN_POINT('',(254.65,-58.8875,3.));
#15566=CARTESIAN_POINT('',(254.65,-45.8875,3.));
#15567=CARTESIAN_POINT('',(254.15,-59.3875,3.));
#15568=CARTESIAN_POINT('Origin',(254.15,-58.8875,3.));
#15569=CARTESIAN_POINT('',(241.15,-59.3875,3.));
#15570=CARTESIAN_POINT('',(241.15,-59.3875,3.));
#15571=CARTESIAN_POINT('',(240.65,-58.8875,3.));
#15572=CARTESIAN_POINT('Origin',(241.15,-58.8875,3.));
#15573=CARTESIAN_POINT('',(240.65,-45.8875,3.));
#15574=CARTESIAN_POINT('',(173.975,-26.8375,3.));
#15575=CARTESIAN_POINT('',(174.475,-26.3375,3.));
#15576=CARTESIAN_POINT('Origin',(174.475,-26.8375,3.));
#15577=CARTESIAN_POINT('',(187.475,-26.3375,3.));
#15578=CARTESIAN_POINT('',(174.475,-26.3375,3.));
#15579=CARTESIAN_POINT('',(187.975,-26.8375,3.));
#15580=CARTESIAN_POINT('Origin',(187.475,-26.8375,3.));
#15581=CARTESIAN_POINT('',(187.975,-39.8375,3.));
#15582=CARTESIAN_POINT('',(187.975,-26.8375,3.));
#15583=CARTESIAN_POINT('',(187.475,-40.3375,3.));
#15584=CARTESIAN_POINT('Origin',(187.475,-39.8375,3.));
#15585=CARTESIAN_POINT('',(174.475,-40.3375,3.));
#15586=CARTESIAN_POINT('',(174.475,-40.3375,3.));
#15587=CARTESIAN_POINT('',(173.975,-39.8375,3.));
#15588=CARTESIAN_POINT('Origin',(174.475,-39.8375,3.));
#15589=CARTESIAN_POINT('',(173.975,-26.8375,3.));
#15590=CARTESIAN_POINT('',(159.6875,-83.9875,3.));
#15591=CARTESIAN_POINT('',(160.1875,-83.4875,3.));
#15592=CARTESIAN_POINT('Origin',(160.1875,-83.9875,3.));
#15593=CARTESIAN_POINT('',(173.1875,-83.4875,3.));
#15594=CARTESIAN_POINT('',(160.1875,-83.4875,3.));
#15595=CARTESIAN_POINT('',(173.6875,-83.9875,3.));
#15596=CARTESIAN_POINT('Origin',(173.1875,-83.9875,3.));
#15597=CARTESIAN_POINT('',(173.6875,-96.9875,3.));
#15598=CARTESIAN_POINT('',(173.6875,-83.9875,3.));
#15599=CARTESIAN_POINT('',(173.1875,-97.4875,3.));
#15600=CARTESIAN_POINT('Origin',(173.1875,-96.9875,3.));
#15601=CARTESIAN_POINT('',(160.1875,-97.4875,3.));
#15602=CARTESIAN_POINT('',(160.1875,-97.4875,3.));
#15603=CARTESIAN_POINT('',(159.6875,-96.9875,3.));
#15604=CARTESIAN_POINT('Origin',(160.1875,-96.9875,3.));
#15605=CARTESIAN_POINT('',(159.6875,-83.9875,3.));
#15606=CARTESIAN_POINT('',(216.8375,-83.9875,3.));
#15607=CARTESIAN_POINT('',(217.3375,-83.4875,3.));
#15608=CARTESIAN_POINT('Origin',(217.3375,-83.9875,3.));
#15609=CARTESIAN_POINT('',(230.3375,-83.4875,3.));
#15610=CARTESIAN_POINT('',(217.3375,-83.4875,3.));
#15611=CARTESIAN_POINT('',(230.8375,-83.9875,3.));
#15612=CARTESIAN_POINT('Origin',(230.3375,-83.9875,3.));
#15613=CARTESIAN_POINT('',(230.8375,-96.9875,3.));
#15614=CARTESIAN_POINT('',(230.8375,-83.9875,3.));
#15615=CARTESIAN_POINT('',(230.3375,-97.4875,3.));
#15616=CARTESIAN_POINT('Origin',(230.3375,-96.9875,3.));
#15617=CARTESIAN_POINT('',(217.3375,-97.4875,3.));
#15618=CARTESIAN_POINT('',(217.3375,-97.4875,3.));
#15619=CARTESIAN_POINT('',(216.8375,-96.9875,3.));
#15620=CARTESIAN_POINT('Origin',(217.3375,-96.9875,3.));
#15621=CARTESIAN_POINT('',(216.8375,-83.9875,3.));
#15622=CARTESIAN_POINT('',(197.7875,-83.9875,3.));
#15623=CARTESIAN_POINT('',(198.2875,-83.4875,3.));
#15624=CARTESIAN_POINT('Origin',(198.2875,-83.9875,3.));
#15625=CARTESIAN_POINT('',(211.2875,-83.4875,3.));
#15626=CARTESIAN_POINT('',(198.2875,-83.4875,3.));
#15627=CARTESIAN_POINT('',(211.7875,-83.9875,3.));
#15628=CARTESIAN_POINT('Origin',(211.2875,-83.9875,3.));
#15629=CARTESIAN_POINT('',(211.7875,-96.9875,3.));
#15630=CARTESIAN_POINT('',(211.7875,-83.9875,3.));
#15631=CARTESIAN_POINT('',(211.2875,-97.4875,3.));
#15632=CARTESIAN_POINT('Origin',(211.2875,-96.9875,3.));
#15633=CARTESIAN_POINT('',(198.2875,-97.4875,3.));
#15634=CARTESIAN_POINT('',(198.2875,-97.4875,3.));
#15635=CARTESIAN_POINT('',(197.7875,-96.9875,3.));
#15636=CARTESIAN_POINT('Origin',(198.2875,-96.9875,3.));
#15637=CARTESIAN_POINT('',(197.7875,-83.9875,3.));
#15638=CARTESIAN_POINT('',(243.03125,-83.9875,3.));
#15639=CARTESIAN_POINT('',(243.53125,-83.4875,3.));
#15640=CARTESIAN_POINT('Origin',(243.53125,-83.9875,3.));
#15641=CARTESIAN_POINT('',(256.53125,-83.4875,3.));
#15642=CARTESIAN_POINT('',(243.53125,-83.4875,3.));
#15643=CARTESIAN_POINT('',(257.03125,-83.9875,3.));
#15644=CARTESIAN_POINT('Origin',(256.53125,-83.9875,3.));
#15645=CARTESIAN_POINT('',(257.03125,-96.9875,3.));
#15646=CARTESIAN_POINT('',(257.03125,-83.9875,3.));
#15647=CARTESIAN_POINT('',(256.53125,-97.4875,3.));
#15648=CARTESIAN_POINT('Origin',(256.53125,-96.9875,3.));
#15649=CARTESIAN_POINT('',(243.53125,-97.4875,3.));
#15650=CARTESIAN_POINT('',(243.53125,-97.4875,3.));
#15651=CARTESIAN_POINT('',(243.03125,-96.9875,3.));
#15652=CARTESIAN_POINT('Origin',(243.53125,-96.9875,3.));
#15653=CARTESIAN_POINT('',(243.03125,-83.9875,3.));
#15654=CARTESIAN_POINT('',(226.3625,-3.025,3.));
#15655=CARTESIAN_POINT('',(226.8625,-2.525,3.));
#15656=CARTESIAN_POINT('Origin',(226.8625,-3.025,3.));
#15657=CARTESIAN_POINT('',(239.8625,-2.525,3.));
#15658=CARTESIAN_POINT('',(226.8625,-2.525,3.));
#15659=CARTESIAN_POINT('',(240.3625,-3.025,3.));
#15660=CARTESIAN_POINT('Origin',(239.8625,-3.025,3.));
#15661=CARTESIAN_POINT('',(240.3625,-16.025,3.));
#15662=CARTESIAN_POINT('',(240.3625,-3.025,3.));
#15663=CARTESIAN_POINT('',(239.8625,-16.525,3.));
#15664=CARTESIAN_POINT('Origin',(239.8625,-16.025,3.));
#15665=CARTESIAN_POINT('',(226.8625,-16.525,3.));
#15666=CARTESIAN_POINT('',(226.8625,-16.525,3.));
#15667=CARTESIAN_POINT('',(226.3625,-16.025,3.));
#15668=CARTESIAN_POINT('Origin',(226.8625,-16.025,3.));
#15669=CARTESIAN_POINT('',(226.3625,-3.025,3.));
#15670=CARTESIAN_POINT('',(250.175,-103.0375,3.));
#15671=CARTESIAN_POINT('',(250.675,-102.5375,3.));
#15672=CARTESIAN_POINT('Origin',(250.675,-103.0375,3.));
#15673=CARTESIAN_POINT('',(263.675,-102.5375,3.));
#15674=CARTESIAN_POINT('',(250.675,-102.5375,3.));
#15675=CARTESIAN_POINT('',(264.175,-103.0375,3.));
#15676=CARTESIAN_POINT('Origin',(263.675,-103.0375,3.));
#15677=CARTESIAN_POINT('',(264.175,-116.0375,3.));
#15678=CARTESIAN_POINT('',(264.175,-103.0375,3.));
#15679=CARTESIAN_POINT('',(263.675,-116.5375,3.));
#15680=CARTESIAN_POINT('Origin',(263.675,-116.0375,3.));
#15681=CARTESIAN_POINT('',(250.675,-116.5375,3.));
#15682=CARTESIAN_POINT('',(250.675,-116.5375,3.));
#15683=CARTESIAN_POINT('',(250.175,-116.0375,3.));
#15684=CARTESIAN_POINT('Origin',(250.675,-116.0375,3.));
#15685=CARTESIAN_POINT('',(250.175,-103.0375,3.));
#15686=CARTESIAN_POINT('',(264.4625,-3.025,3.));
#15687=CARTESIAN_POINT('',(264.9625,-2.525,3.));
#15688=CARTESIAN_POINT('Origin',(264.9625,-3.025,3.));
#15689=CARTESIAN_POINT('',(277.9625,-2.52500000000003,3.));
#15690=CARTESIAN_POINT('',(264.9625,-2.525,3.));
#15691=CARTESIAN_POINT('',(278.4625,-3.025,3.));
#15692=CARTESIAN_POINT('Origin',(277.9625,-3.025,3.));
#15693=CARTESIAN_POINT('',(278.4625,-16.025,3.));
#15694=CARTESIAN_POINT('',(278.4625,-3.025,3.));
#15695=CARTESIAN_POINT('',(277.9625,-16.525,3.));
#15696=CARTESIAN_POINT('Origin',(277.9625,-16.025,3.));
#15697=CARTESIAN_POINT('',(264.9625,-16.525,3.));
#15698=CARTESIAN_POINT('',(264.9625,-16.525,3.));
#15699=CARTESIAN_POINT('',(264.4625,-16.025,3.));
#15700=CARTESIAN_POINT('Origin',(264.9625,-16.025,3.));
#15701=CARTESIAN_POINT('',(264.4625,-3.025,3.));
#15702=CARTESIAN_POINT('',(178.7375,-3.025,3.));
#15703=CARTESIAN_POINT('',(179.2375,-2.525,3.));
#15704=CARTESIAN_POINT('Origin',(179.2375,-3.025,3.));
#15705=CARTESIAN_POINT('',(192.2375,-2.525,3.));
#15706=CARTESIAN_POINT('',(179.2375,-2.525,3.));
#15707=CARTESIAN_POINT('',(192.7375,-3.025,3.));
#15708=CARTESIAN_POINT('Origin',(192.2375,-3.025,3.));
#15709=CARTESIAN_POINT('',(192.7375,-16.025,3.));
#15710=CARTESIAN_POINT('',(192.7375,-3.025,3.));
#15711=CARTESIAN_POINT('',(192.2375,-16.525,3.));
#15712=CARTESIAN_POINT('Origin',(192.2375,-16.025,3.));
#15713=CARTESIAN_POINT('',(179.2375,-16.525,3.));
#15714=CARTESIAN_POINT('',(179.2375,-16.525,3.));
#15715=CARTESIAN_POINT('',(178.7375,-16.025,3.));
#15716=CARTESIAN_POINT('Origin',(179.2375,-16.025,3.));
#15717=CARTESIAN_POINT('',(178.7375,-3.025,3.));
#15718=CARTESIAN_POINT('',(207.3125,-3.025,3.));
#15719=CARTESIAN_POINT('',(207.8125,-2.525,3.));
#15720=CARTESIAN_POINT('Origin',(207.8125,-3.025,3.));
#15721=CARTESIAN_POINT('',(220.8125,-2.525,3.));
#15722=CARTESIAN_POINT('',(207.8125,-2.525,3.));
#15723=CARTESIAN_POINT('',(221.3125,-3.025,3.));
#15724=CARTESIAN_POINT('Origin',(220.8125,-3.025,3.));
#15725=CARTESIAN_POINT('',(221.3125,-16.025,3.));
#15726=CARTESIAN_POINT('',(221.3125,-3.025,3.));
#15727=CARTESIAN_POINT('',(220.8125,-16.525,3.));
#15728=CARTESIAN_POINT('Origin',(220.8125,-16.025,3.));
#15729=CARTESIAN_POINT('',(207.8125,-16.525,3.));
#15730=CARTESIAN_POINT('',(207.8125,-16.525,3.));
#15731=CARTESIAN_POINT('',(207.3125,-16.025,3.));
#15732=CARTESIAN_POINT('Origin',(207.8125,-16.025,3.));
#15733=CARTESIAN_POINT('',(207.3125,-3.025,3.));
#15734=CARTESIAN_POINT('',(245.4125,-3.025,3.));
#15735=CARTESIAN_POINT('',(245.9125,-2.525,3.));
#15736=CARTESIAN_POINT('Origin',(245.9125,-3.025,3.));
#15737=CARTESIAN_POINT('',(258.9125,-2.525,3.));
#15738=CARTESIAN_POINT('',(245.9125,-2.525,3.));
#15739=CARTESIAN_POINT('',(259.4125,-3.025,3.));
#15740=CARTESIAN_POINT('Origin',(258.9125,-3.025,3.));
#15741=CARTESIAN_POINT('',(259.4125,-16.025,3.));
#15742=CARTESIAN_POINT('',(259.4125,-3.025,3.));
#15743=CARTESIAN_POINT('',(258.9125,-16.525,3.));
#15744=CARTESIAN_POINT('Origin',(258.9125,-16.025,3.));
#15745=CARTESIAN_POINT('',(245.9125,-16.525,3.));
#15746=CARTESIAN_POINT('',(245.9125,-16.525,3.));
#15747=CARTESIAN_POINT('',(245.4125,-16.025,3.));
#15748=CARTESIAN_POINT('Origin',(245.9125,-16.025,3.));
#15749=CARTESIAN_POINT('',(245.4125,-3.025,3.));
#15750=CARTESIAN_POINT('',(183.5,-45.8875,3.));
#15751=CARTESIAN_POINT('',(184.,-45.3875,3.));
#15752=CARTESIAN_POINT('Origin',(184.,-45.8875,3.));
#15753=CARTESIAN_POINT('',(197.,-45.3875,3.));
#15754=CARTESIAN_POINT('',(184.,-45.3875,3.));
#15755=CARTESIAN_POINT('',(197.5,-45.8875,3.));
#15756=CARTESIAN_POINT('Origin',(197.,-45.8875,3.));
#15757=CARTESIAN_POINT('',(197.5,-58.8875,3.));
#15758=CARTESIAN_POINT('',(197.5,-45.8875,3.));
#15759=CARTESIAN_POINT('',(197.,-59.3875,3.));
#15760=CARTESIAN_POINT('Origin',(197.,-58.8875,3.));
#15761=CARTESIAN_POINT('',(184.,-59.3875,3.));
#15762=CARTESIAN_POINT('',(184.,-59.3875,3.));
#15763=CARTESIAN_POINT('',(183.5,-58.8875,3.));
#15764=CARTESIAN_POINT('Origin',(184.,-58.8875,3.));
#15765=CARTESIAN_POINT('',(183.5,-45.8875,3.));
#15766=CARTESIAN_POINT('',(269.225,-103.0375,3.));
#15767=CARTESIAN_POINT('',(269.725,-102.5375,3.));
#15768=CARTESIAN_POINT('Origin',(269.725,-103.0375,3.));
#15769=CARTESIAN_POINT('',(282.725,-102.5375,3.));
#15770=CARTESIAN_POINT('',(269.725,-102.5375,3.));
#15771=CARTESIAN_POINT('',(283.225,-103.0375,3.));
#15772=CARTESIAN_POINT('Origin',(282.725,-103.0375,3.));
#15773=CARTESIAN_POINT('',(283.225,-116.0375,3.));
#15774=CARTESIAN_POINT('',(283.225,-103.0375,3.));
#15775=CARTESIAN_POINT('',(282.725,-116.5375,3.));
#15776=CARTESIAN_POINT('Origin',(282.725,-116.0375,3.));
#15777=CARTESIAN_POINT('',(269.725,-116.5375,3.));
#15778=CARTESIAN_POINT('',(269.725,-116.5375,3.));
#15779=CARTESIAN_POINT('',(269.225,-116.0375,3.));
#15780=CARTESIAN_POINT('Origin',(269.725,-116.0375,3.));
#15781=CARTESIAN_POINT('',(269.225,-103.0375,3.));
#15782=CARTESIAN_POINT('',(288.275,-103.0375,3.));
#15783=CARTESIAN_POINT('',(288.775,-102.5375,3.));
#15784=CARTESIAN_POINT('Origin',(288.775,-103.0375,3.));
#15785=CARTESIAN_POINT('',(301.775,-102.5375,3.));
#15786=CARTESIAN_POINT('',(288.775,-102.5375,3.));
#15787=CARTESIAN_POINT('',(302.275,-103.0375,3.));
#15788=CARTESIAN_POINT('Origin',(301.775,-103.0375,3.));
#15789=CARTESIAN_POINT('',(302.275,-116.0375,3.));
#15790=CARTESIAN_POINT('',(302.275,-103.0375,3.));
#15791=CARTESIAN_POINT('',(301.775,-116.5375,3.));
#15792=CARTESIAN_POINT('Origin',(301.775,-116.0375,3.));
#15793=CARTESIAN_POINT('',(288.775,-116.5375,3.));
#15794=CARTESIAN_POINT('',(288.775,-116.5375,3.));
#15795=CARTESIAN_POINT('',(288.275,-116.0375,3.));
#15796=CARTESIAN_POINT('Origin',(288.775,-116.0375,3.));
#15797=CARTESIAN_POINT('',(288.275,-103.0375,3.));
#15798=CARTESIAN_POINT('',(228.74375,-103.0375,3.));
#15799=CARTESIAN_POINT('',(229.24375,-102.5375,3.));
#15800=CARTESIAN_POINT('Origin',(229.24375,-103.0375,3.));
#15801=CARTESIAN_POINT('',(242.24375,-102.5375,3.));
#15802=CARTESIAN_POINT('',(229.24375,-102.5375,3.));
#15803=CARTESIAN_POINT('',(242.74375,-103.0375,3.));
#15804=CARTESIAN_POINT('Origin',(242.24375,-103.0375,3.));
#15805=CARTESIAN_POINT('',(242.74375,-116.0375,3.));
#15806=CARTESIAN_POINT('',(242.74375,-103.0375,3.));
#15807=CARTESIAN_POINT('',(242.24375,-116.5375,3.));
#15808=CARTESIAN_POINT('Origin',(242.24375,-116.0375,3.));
#15809=CARTESIAN_POINT('',(229.24375,-116.5375,3.));
#15810=CARTESIAN_POINT('',(229.24375,-116.5375,3.));
#15811=CARTESIAN_POINT('',(228.74375,-116.0375,3.));
#15812=CARTESIAN_POINT('Origin',(229.24375,-116.0375,3.));
#15813=CARTESIAN_POINT('',(228.74375,-103.0375,3.));
#15814=CARTESIAN_POINT('',(202.55,-103.0375,3.));
#15815=CARTESIAN_POINT('',(203.05,-102.5375,3.));
#15816=CARTESIAN_POINT('Origin',(203.05,-103.0375,3.));
#15817=CARTESIAN_POINT('',(216.05,-102.5375,3.));
#15818=CARTESIAN_POINT('',(203.05,-102.5375,3.));
#15819=CARTESIAN_POINT('',(216.55,-103.0375,3.));
#15820=CARTESIAN_POINT('Origin',(216.05,-103.0375,3.));
#15821=CARTESIAN_POINT('',(216.55,-116.0375,3.));
#15822=CARTESIAN_POINT('',(216.55,-103.0375,3.));
#15823=CARTESIAN_POINT('',(216.05,-116.5375,3.));
#15824=CARTESIAN_POINT('Origin',(216.05,-116.0375,3.));
#15825=CARTESIAN_POINT('',(203.05,-116.5375,3.));
#15826=CARTESIAN_POINT('',(203.05,-116.5375,3.));
#15827=CARTESIAN_POINT('',(202.55,-116.0375,3.));
#15828=CARTESIAN_POINT('Origin',(203.05,-116.0375,3.));
#15829=CARTESIAN_POINT('',(202.55,-103.0375,3.));
#15830=CARTESIAN_POINT('',(154.925,-26.8375,3.));
#15831=CARTESIAN_POINT('',(155.425,-26.3375,3.));
#15832=CARTESIAN_POINT('Origin',(155.425,-26.8375,3.));
#15833=CARTESIAN_POINT('',(168.425,-26.3375,3.));
#15834=CARTESIAN_POINT('',(155.425,-26.3375,3.));
#15835=CARTESIAN_POINT('',(168.925,-26.8375,3.));
#15836=CARTESIAN_POINT('Origin',(168.425,-26.8375,3.));
#15837=CARTESIAN_POINT('',(168.925,-39.8375,3.));
#15838=CARTESIAN_POINT('',(168.925,-26.8375,3.));
#15839=CARTESIAN_POINT('',(168.425,-40.3375,3.));
#15840=CARTESIAN_POINT('Origin',(168.425,-39.8375,3.));
#15841=CARTESIAN_POINT('',(155.425,-40.3375,3.));
#15842=CARTESIAN_POINT('',(155.425,-40.3375,3.));
#15843=CARTESIAN_POINT('',(154.925,-39.8375,3.));
#15844=CARTESIAN_POINT('Origin',(155.425,-39.8375,3.));
#15845=CARTESIAN_POINT('',(154.925,-26.8375,3.));
#15846=CARTESIAN_POINT('',(212.075,-26.8375,3.));
#15847=CARTESIAN_POINT('',(212.575,-26.3375,3.));
#15848=CARTESIAN_POINT('Origin',(212.575,-26.8375,3.));
#15849=CARTESIAN_POINT('',(225.575,-26.3375,3.));
#15850=CARTESIAN_POINT('',(212.575,-26.3375,3.));
#15851=CARTESIAN_POINT('',(226.075,-26.8375,3.));
#15852=CARTESIAN_POINT('Origin',(225.575,-26.8375,3.));
#15853=CARTESIAN_POINT('',(226.075,-39.8375,3.));
#15854=CARTESIAN_POINT('',(226.075,-26.8375,3.));
#15855=CARTESIAN_POINT('',(225.575,-40.3375,3.));
#15856=CARTESIAN_POINT('Origin',(225.575,-39.8375,3.));
#15857=CARTESIAN_POINT('',(212.575,-40.3375,3.));
#15858=CARTESIAN_POINT('',(212.575,-40.3375,3.));
#15859=CARTESIAN_POINT('',(212.075,-39.8375,3.));
#15860=CARTESIAN_POINT('Origin',(212.575,-39.8375,3.));
#15861=CARTESIAN_POINT('',(212.075,-26.8375,3.));
#15862=CARTESIAN_POINT('',(221.6,-45.8875,3.));
#15863=CARTESIAN_POINT('',(222.1,-45.3875,3.));
#15864=CARTESIAN_POINT('Origin',(222.1,-45.8875,3.));
#15865=CARTESIAN_POINT('',(235.1,-45.3875,3.));
#15866=CARTESIAN_POINT('',(222.1,-45.3875,3.));
#15867=CARTESIAN_POINT('',(235.6,-45.8875,3.));
#15868=CARTESIAN_POINT('Origin',(235.1,-45.8875,3.));
#15869=CARTESIAN_POINT('',(235.6,-58.8875,3.));
#15870=CARTESIAN_POINT('',(235.6,-45.8875,3.));
#15871=CARTESIAN_POINT('',(235.1,-59.3875,3.));
#15872=CARTESIAN_POINT('Origin',(235.1,-58.8875,3.));
#15873=CARTESIAN_POINT('',(222.1,-59.3875,3.));
#15874=CARTESIAN_POINT('',(222.1,-59.3875,3.));
#15875=CARTESIAN_POINT('',(221.6,-58.8875,3.));
#15876=CARTESIAN_POINT('Origin',(222.1,-58.8875,3.));
#15877=CARTESIAN_POINT('',(221.6,-45.8875,3.));
#15878=CARTESIAN_POINT('',(269.225,-83.9875,3.));
#15879=CARTESIAN_POINT('',(269.725,-83.4875,3.));
#15880=CARTESIAN_POINT('Origin',(269.725,-83.9875,3.));
#15881=CARTESIAN_POINT('',(282.725,-83.4875,3.));
#15882=CARTESIAN_POINT('',(269.725,-83.4875,3.));
#15883=CARTESIAN_POINT('',(283.225,-83.9875,3.));
#15884=CARTESIAN_POINT('Origin',(282.725,-83.9875,3.));
#15885=CARTESIAN_POINT('',(283.225,-96.9875,3.));
#15886=CARTESIAN_POINT('',(283.225,-83.9875,3.));
#15887=CARTESIAN_POINT('',(282.725,-97.4875,3.));
#15888=CARTESIAN_POINT('Origin',(282.725,-96.9875,3.));
#15889=CARTESIAN_POINT('',(269.725,-97.4875,3.));
#15890=CARTESIAN_POINT('',(269.725,-97.4875,3.));
#15891=CARTESIAN_POINT('',(269.225,-96.9875,3.));
#15892=CARTESIAN_POINT('Origin',(269.725,-96.9875,3.));
#15893=CARTESIAN_POINT('',(269.225,-83.9875,3.));
#15894=CARTESIAN_POINT('',(288.275,-64.9375,3.));
#15895=CARTESIAN_POINT('',(288.775,-64.4375,3.));
#15896=CARTESIAN_POINT('Origin',(288.775,-64.9375,3.));
#15897=CARTESIAN_POINT('',(301.775,-64.4375,3.));
#15898=CARTESIAN_POINT('',(288.775,-64.4375,3.));
#15899=CARTESIAN_POINT('',(302.275,-64.9375,3.));
#15900=CARTESIAN_POINT('Origin',(301.775,-64.9375,3.));
#15901=CARTESIAN_POINT('',(302.275,-77.9375,3.));
#15902=CARTESIAN_POINT('',(302.275,-64.9375,3.));
#15903=CARTESIAN_POINT('',(301.775,-78.4375,3.));
#15904=CARTESIAN_POINT('Origin',(301.775,-77.9375,3.));
#15905=CARTESIAN_POINT('',(288.775,-78.4375,3.));
#15906=CARTESIAN_POINT('',(288.775,-78.4375,3.));
#15907=CARTESIAN_POINT('',(288.275,-77.9375,3.));
#15908=CARTESIAN_POINT('Origin',(288.775,-77.9375,3.));
#15909=CARTESIAN_POINT('',(288.275,-64.9375,3.));
#15910=CARTESIAN_POINT('',(282.4654,-33.8455,3.));
#15911=CARTESIAN_POINT('',(282.4654,-33.8455,3.));
#15912=CARTESIAN_POINT('',(281.9654,-34.3455,3.));
#15913=CARTESIAN_POINT('Origin',(282.4654,-34.3455,3.));
#15914=CARTESIAN_POINT('',(281.9654,-39.4415,3.));
#15915=CARTESIAN_POINT('',(281.9654,-39.4415,3.));
#15916=CARTESIAN_POINT('',(281.4654,-39.9415,3.));
#15917=CARTESIAN_POINT('Origin',(281.4654,-39.4415,3.));
#15918=CARTESIAN_POINT('',(280.662,-39.9415,3.));
#15919=CARTESIAN_POINT('',(280.662,-39.9415,3.));
#15920=CARTESIAN_POINT('',(280.162,-40.4415,3.));
#15921=CARTESIAN_POINT('Origin',(280.662,-40.4415,3.));
#15922=CARTESIAN_POINT('',(280.162,-40.6099,3.));
#15923=CARTESIAN_POINT('',(280.162,-40.6099,3.));
#15924=CARTESIAN_POINT('',(279.662,-41.1099,3.));
#15925=CARTESIAN_POINT('Origin',(279.662,-40.6099,3.));
#15926=CARTESIAN_POINT('',(277.614,-41.1099,3.));
#15927=CARTESIAN_POINT('',(277.614,-41.1099,3.));
#15928=CARTESIAN_POINT('',(277.114,-40.6099,3.));
#15929=CARTESIAN_POINT('Origin',(277.614,-40.6099,3.));
#15930=CARTESIAN_POINT('',(277.114,-40.4415,3.));
#15931=CARTESIAN_POINT('',(277.114,-40.4415,3.));
#15932=CARTESIAN_POINT('',(276.614,-39.9415,3.));
#15933=CARTESIAN_POINT('Origin',(276.614,-40.4415,3.));
#15934=CARTESIAN_POINT('',(275.3106,-39.9415,3.));
#15935=CARTESIAN_POINT('',(275.3106,-39.9415,3.));
#15936=CARTESIAN_POINT('',(275.3106,-39.6541,3.));
#15937=CARTESIAN_POINT('',(275.3106,-39.6541,3.));
#15938=CARTESIAN_POINT('',(274.8106,-39.1541,3.));
#15939=CARTESIAN_POINT('Origin',(274.8106,-39.6541,3.));
#15940=CARTESIAN_POINT('',(273.7,-39.1541,3.));
#15941=CARTESIAN_POINT('',(266.7,-39.1541,3.));
#15942=CARTESIAN_POINT('',(273.7,-39.8375,3.));
#15943=CARTESIAN_POINT('',(273.7,-26.8375,3.));
#15944=CARTESIAN_POINT('',(273.2,-40.3375,3.));
#15945=CARTESIAN_POINT('Origin',(273.2,-39.8375,3.));
#15946=CARTESIAN_POINT('',(260.2,-40.3375,3.));
#15947=CARTESIAN_POINT('',(260.2,-40.3375,3.));
#15948=CARTESIAN_POINT('',(259.7,-39.8375,3.));
#15949=CARTESIAN_POINT('Origin',(260.2,-39.8375,3.));
#15950=CARTESIAN_POINT('',(259.7,-39.1541,3.));
#15951=CARTESIAN_POINT('',(259.7,-26.8375,3.));
#15952=CARTESIAN_POINT('',(258.5894,-39.1541,3.));
#15953=CARTESIAN_POINT('',(266.7,-39.1541,3.));
#15954=CARTESIAN_POINT('',(258.0894,-39.6541,3.));
#15955=CARTESIAN_POINT('Origin',(258.5894,-39.6541,3.));
#15956=CARTESIAN_POINT('',(258.0894,-39.9415,3.));
#15957=CARTESIAN_POINT('',(258.0894,-39.6541,3.));
#15958=CARTESIAN_POINT('',(256.786,-39.9415,3.));
#15959=CARTESIAN_POINT('',(258.0894,-39.9415,3.));
#15960=CARTESIAN_POINT('',(256.286,-40.4415,3.));
#15961=CARTESIAN_POINT('Origin',(256.786,-40.4415,3.));
#15962=CARTESIAN_POINT('',(256.286,-40.6099,3.));
#15963=CARTESIAN_POINT('',(256.286,-40.4415,3.));
#15964=CARTESIAN_POINT('',(255.786,-41.1099,3.));
#15965=CARTESIAN_POINT('Origin',(255.786,-40.6099,3.));
#15966=CARTESIAN_POINT('',(253.738,-41.1099,3.));
#15967=CARTESIAN_POINT('',(255.786,-41.1099,3.));
#15968=CARTESIAN_POINT('Origin',(253.738,-40.6099,3.));
#15969=CARTESIAN_POINT('',(264.4625,-45.8875,3.));
#15970=CARTESIAN_POINT('',(264.9625,-45.3875,3.));
#15971=CARTESIAN_POINT('Origin',(264.9625,-45.8875,3.));
#15972=CARTESIAN_POINT('',(277.9625,-45.3875,3.));
#15973=CARTESIAN_POINT('',(264.9625,-45.3875,3.));
#15974=CARTESIAN_POINT('',(278.4625,-45.8875,3.));
#15975=CARTESIAN_POINT('Origin',(277.9625,-45.8875,3.));
#15976=CARTESIAN_POINT('',(278.4625,-58.8875,3.));
#15977=CARTESIAN_POINT('',(278.4625,-45.8875,3.));
#15978=CARTESIAN_POINT('',(277.9625,-59.3875,3.));
#15979=CARTESIAN_POINT('Origin',(277.9625,-58.8875,3.));
#15980=CARTESIAN_POINT('',(264.9625,-59.3875,3.));
#15981=CARTESIAN_POINT('',(264.9625,-59.3875,3.));
#15982=CARTESIAN_POINT('',(264.4625,-58.8875,3.));
#15983=CARTESIAN_POINT('Origin',(264.9625,-58.8875,3.));
#15984=CARTESIAN_POINT('',(264.4625,-45.8875,3.));
#15985=CARTESIAN_POINT('',(159.6875,-3.025,3.));
#15986=CARTESIAN_POINT('',(160.1875,-2.525,3.));
#15987=CARTESIAN_POINT('Origin',(160.1875,-3.025,3.));
#15988=CARTESIAN_POINT('',(173.1875,-2.525,3.));
#15989=CARTESIAN_POINT('',(160.1875,-2.525,3.));
#15990=CARTESIAN_POINT('',(173.6875,-3.025,3.));
#15991=CARTESIAN_POINT('Origin',(173.1875,-3.025,3.));
#15992=CARTESIAN_POINT('',(173.6875,-16.025,3.));
#15993=CARTESIAN_POINT('',(173.6875,-3.025,3.));
#15994=CARTESIAN_POINT('',(173.1875,-16.525,3.));
#15995=CARTESIAN_POINT('Origin',(173.1875,-16.025,3.));
#15996=CARTESIAN_POINT('',(160.1875,-16.525,3.));
#15997=CARTESIAN_POINT('',(160.1875,-16.525,3.));
#15998=CARTESIAN_POINT('',(159.6875,-16.025,3.));
#15999=CARTESIAN_POINT('Origin',(160.1875,-16.025,3.));
#16000=CARTESIAN_POINT('',(159.6875,-3.025,3.));
#16001=CARTESIAN_POINT('',(169.2125,-64.9375,3.));
#16002=CARTESIAN_POINT('',(169.7125,-64.4375,3.));
#16003=CARTESIAN_POINT('Origin',(169.7125,-64.9375,3.));
#16004=CARTESIAN_POINT('',(182.7125,-64.4375,3.));
#16005=CARTESIAN_POINT('',(169.7125,-64.4375,3.));
#16006=CARTESIAN_POINT('',(183.2125,-64.9375,3.));
#16007=CARTESIAN_POINT('Origin',(182.7125,-64.9375,3.));
#16008=CARTESIAN_POINT('',(183.2125,-77.9375,3.));
#16009=CARTESIAN_POINT('',(183.2125,-64.9375,3.));
#16010=CARTESIAN_POINT('',(182.7125,-78.4375,3.));
#16011=CARTESIAN_POINT('Origin',(182.7125,-77.9375,3.));
#16012=CARTESIAN_POINT('',(169.7125,-78.4375,3.));
#16013=CARTESIAN_POINT('',(169.7125,-78.4375,3.));
#16014=CARTESIAN_POINT('',(169.2125,-77.9375,3.));
#16015=CARTESIAN_POINT('Origin',(169.7125,-77.9375,3.));
#16016=CARTESIAN_POINT('',(169.2125,-64.9375,3.));
#16017=CARTESIAN_POINT('',(207.3125,-64.9375,3.));
#16018=CARTESIAN_POINT('',(207.8125,-64.4375,3.));
#16019=CARTESIAN_POINT('Origin',(207.8125,-64.9375,3.));
#16020=CARTESIAN_POINT('',(220.8125,-64.4375,3.));
#16021=CARTESIAN_POINT('',(207.8125,-64.4375,3.));
#16022=CARTESIAN_POINT('',(221.3125,-64.9375,3.));
#16023=CARTESIAN_POINT('Origin',(220.8125,-64.9375,3.));
#16024=CARTESIAN_POINT('',(221.3125,-77.9375,3.));
#16025=CARTESIAN_POINT('',(221.3125,-64.9375,3.));
#16026=CARTESIAN_POINT('',(220.8125,-78.4375,3.));
#16027=CARTESIAN_POINT('Origin',(220.8125,-77.9375,3.));
#16028=CARTESIAN_POINT('',(207.8125,-78.4375,3.));
#16029=CARTESIAN_POINT('',(207.8125,-78.4375,3.));
#16030=CARTESIAN_POINT('',(207.3125,-77.9375,3.));
#16031=CARTESIAN_POINT('Origin',(207.8125,-77.9375,3.));
#16032=CARTESIAN_POINT('',(207.3125,-64.9375,3.));
#16033=CARTESIAN_POINT('',(288.275,-83.9875,3.));
#16034=CARTESIAN_POINT('',(288.775,-83.4875,3.));
#16035=CARTESIAN_POINT('Origin',(288.775,-83.9875,3.));
#16036=CARTESIAN_POINT('',(301.775,-83.4875,3.));
#16037=CARTESIAN_POINT('',(288.775,-83.4875,3.));
#16038=CARTESIAN_POINT('',(302.275,-83.9875,3.));
#16039=CARTESIAN_POINT('Origin',(301.775,-83.9875,3.));
#16040=CARTESIAN_POINT('',(302.275,-96.9875,3.));
#16041=CARTESIAN_POINT('',(302.275,-83.9875,3.));
#16042=CARTESIAN_POINT('',(301.775,-97.4875,3.));
#16043=CARTESIAN_POINT('Origin',(301.775,-96.9875,3.));
#16044=CARTESIAN_POINT('',(288.775,-97.4875,3.));
#16045=CARTESIAN_POINT('',(288.775,-97.4875,3.));
#16046=CARTESIAN_POINT('',(288.275,-96.9875,3.));
#16047=CARTESIAN_POINT('Origin',(288.775,-96.9875,3.));
#16048=CARTESIAN_POINT('',(288.275,-83.9875,3.));
#16049=CARTESIAN_POINT('',(164.45,-45.8875,3.));
#16050=CARTESIAN_POINT('',(164.95,-45.3875,3.));
#16051=CARTESIAN_POINT('Origin',(164.95,-45.8875,3.));
#16052=CARTESIAN_POINT('',(177.95,-45.3875,3.));
#16053=CARTESIAN_POINT('',(164.95,-45.3875,3.));
#16054=CARTESIAN_POINT('',(178.45,-45.8875,3.));
#16055=CARTESIAN_POINT('Origin',(177.95,-45.8875,3.));
#16056=CARTESIAN_POINT('',(178.45,-58.8875,3.));
#16057=CARTESIAN_POINT('',(178.45,-45.8875,3.));
#16058=CARTESIAN_POINT('',(177.95,-59.3875,3.));
#16059=CARTESIAN_POINT('Origin',(177.95,-58.8875,3.));
#16060=CARTESIAN_POINT('',(164.95,-59.3875,3.));
#16061=CARTESIAN_POINT('',(164.95,-59.3875,3.));
#16062=CARTESIAN_POINT('',(164.45,-58.8875,3.));
#16063=CARTESIAN_POINT('Origin',(164.95,-58.8875,3.));
#16064=CARTESIAN_POINT('',(164.45,-45.8875,3.));
#16065=CARTESIAN_POINT('Origin',(202.4,-123.199631890492,0.));
#16066=CARTESIAN_POINT('',(273.8,-123.199631890492,0.));
#16067=CARTESIAN_POINT('',(202.4,-123.199631890492,0.));
#16068=CARTESIAN_POINT('Origin',(273.8,-123.199631890492,0.));
#16069=CARTESIAN_POINT('',(273.8,-125.199631890492,0.));
#16070=CARTESIAN_POINT('Origin',(308.8,-130.199631890492,0.));
#16071=CARTESIAN_POINT('',(308.8,5.,0.));
#16072=CARTESIAN_POINT('',(308.8,-125.199631890492,0.));
#16073=CARTESIAN_POINT('Origin',(273.8,3.,0.));
#16074=CARTESIAN_POINT('',(202.4,3.,0.));
#16075=CARTESIAN_POINT('',(273.8,3.,0.));
#16076=CARTESIAN_POINT('Origin',(202.4,3.,0.));
#16077=CARTESIAN_POINT('',(202.4,5.,0.));
#16078=CARTESIAN_POINT('Origin',(164.95,-45.8875,0.));
#16079=CARTESIAN_POINT('',(164.95,-45.3875,0.));
#16080=CARTESIAN_POINT('',(164.45,-45.8875,0.));
#16081=CARTESIAN_POINT('Origin',(164.95,-45.3875,0.));
#16082=CARTESIAN_POINT('',(177.95,-45.3875,0.));
#16083=CARTESIAN_POINT('Origin',(177.95,-45.8875,0.));
#16084=CARTESIAN_POINT('',(178.45,-45.8875,0.));
#16085=CARTESIAN_POINT('Origin',(178.45,-45.8875,0.));
#16086=CARTESIAN_POINT('',(178.45,-58.8875,0.));
#16087=CARTESIAN_POINT('Origin',(177.95,-58.8875,0.));
#16088=CARTESIAN_POINT('',(177.95,-59.3875,0.));
#16089=CARTESIAN_POINT('Origin',(177.95,-59.3875,0.));
#16090=CARTESIAN_POINT('',(164.95,-59.3875,0.));
#16091=CARTESIAN_POINT('Origin',(164.95,-58.8875,0.));
#16092=CARTESIAN_POINT('',(164.45,-58.8875,0.));
#16093=CARTESIAN_POINT('Origin',(164.45,-58.8875,0.));
#16094=CARTESIAN_POINT('Origin',(288.775,-83.9875,0.));
#16095=CARTESIAN_POINT('',(288.775,-83.4875,0.));
#16096=CARTESIAN_POINT('',(288.275,-83.9875,0.));
#16097=CARTESIAN_POINT('Origin',(288.775,-83.4875,0.));
#16098=CARTESIAN_POINT('',(301.775,-83.4875,0.));
#16099=CARTESIAN_POINT('Origin',(301.775,-83.9875,0.));
#16100=CARTESIAN_POINT('',(302.275,-83.9875,0.));
#16101=CARTESIAN_POINT('Origin',(302.275,-83.9875,0.));
#16102=CARTESIAN_POINT('',(302.275,-96.9875,0.));
#16103=CARTESIAN_POINT('Origin',(301.775,-96.9875,0.));
#16104=CARTESIAN_POINT('',(301.775,-97.4875,0.));
#16105=CARTESIAN_POINT('Origin',(301.775,-97.4875,0.));
#16106=CARTESIAN_POINT('',(288.775,-97.4875,0.));
#16107=CARTESIAN_POINT('Origin',(288.775,-96.9875,0.));
#16108=CARTESIAN_POINT('',(288.275,-96.9875,0.));
#16109=CARTESIAN_POINT('Origin',(288.275,-96.9875,0.));
#16110=CARTESIAN_POINT('Origin',(207.8125,-64.9375,0.));
#16111=CARTESIAN_POINT('',(207.8125,-64.4375,0.));
#16112=CARTESIAN_POINT('',(207.3125,-64.9375,0.));
#16113=CARTESIAN_POINT('Origin',(207.8125,-64.4375,0.));
#16114=CARTESIAN_POINT('',(220.8125,-64.4375,0.));
#16115=CARTESIAN_POINT('Origin',(220.8125,-64.9375,0.));
#16116=CARTESIAN_POINT('',(221.3125,-64.9375,0.));
#16117=CARTESIAN_POINT('Origin',(221.3125,-64.9375,0.));
#16118=CARTESIAN_POINT('',(221.3125,-77.9375,0.));
#16119=CARTESIAN_POINT('Origin',(220.8125,-77.9375,0.));
#16120=CARTESIAN_POINT('',(220.8125,-78.4375,0.));
#16121=CARTESIAN_POINT('Origin',(220.8125,-78.4375,0.));
#16122=CARTESIAN_POINT('',(207.8125,-78.4375,0.));
#16123=CARTESIAN_POINT('Origin',(207.8125,-77.9375,0.));
#16124=CARTESIAN_POINT('',(207.3125,-77.9375,0.));
#16125=CARTESIAN_POINT('Origin',(207.3125,-77.9375,0.));
#16126=CARTESIAN_POINT('Origin',(169.7125,-64.9375,0.));
#16127=CARTESIAN_POINT('',(169.7125,-64.4375,0.));
#16128=CARTESIAN_POINT('',(169.2125,-64.9375,0.));
#16129=CARTESIAN_POINT('Origin',(169.7125,-64.4375,0.));
#16130=CARTESIAN_POINT('',(182.7125,-64.4375,0.));
#16131=CARTESIAN_POINT('Origin',(182.7125,-64.9375,0.));
#16132=CARTESIAN_POINT('',(183.2125,-64.9375,0.));
#16133=CARTESIAN_POINT('Origin',(183.2125,-64.9375,0.));
#16134=CARTESIAN_POINT('',(183.2125,-77.9375,0.));
#16135=CARTESIAN_POINT('Origin',(182.7125,-77.9375,0.));
#16136=CARTESIAN_POINT('',(182.7125,-78.4375,0.));
#16137=CARTESIAN_POINT('Origin',(182.7125,-78.4375,0.));
#16138=CARTESIAN_POINT('',(169.7125,-78.4375,0.));
#16139=CARTESIAN_POINT('Origin',(169.7125,-77.9375,0.));
#16140=CARTESIAN_POINT('',(169.2125,-77.9375,0.));
#16141=CARTESIAN_POINT('Origin',(169.2125,-77.9375,0.));
#16142=CARTESIAN_POINT('Origin',(160.1875,-3.025,0.));
#16143=CARTESIAN_POINT('',(160.1875,-2.525,0.));
#16144=CARTESIAN_POINT('',(159.6875,-3.025,0.));
#16145=CARTESIAN_POINT('Origin',(160.1875,-2.525,0.));
#16146=CARTESIAN_POINT('',(173.1875,-2.52499999999999,0.));
#16147=CARTESIAN_POINT('Origin',(173.1875,-3.025,0.));
#16148=CARTESIAN_POINT('',(173.6875,-3.025,0.));
#16149=CARTESIAN_POINT('Origin',(173.6875,-3.025,0.));
#16150=CARTESIAN_POINT('',(173.6875,-16.025,0.));
#16151=CARTESIAN_POINT('Origin',(173.1875,-16.025,0.));
#16152=CARTESIAN_POINT('',(173.1875,-16.525,0.));
#16153=CARTESIAN_POINT('Origin',(173.1875,-16.525,0.));
#16154=CARTESIAN_POINT('',(160.1875,-16.525,0.));
#16155=CARTESIAN_POINT('Origin',(160.1875,-16.025,0.));
#16156=CARTESIAN_POINT('',(159.6875,-16.025,0.));
#16157=CARTESIAN_POINT('Origin',(159.6875,-16.025,0.));
#16158=CARTESIAN_POINT('Origin',(264.9625,-45.8875,0.));
#16159=CARTESIAN_POINT('',(264.9625,-45.3875,0.));
#16160=CARTESIAN_POINT('',(264.4625,-45.8875,0.));
#16161=CARTESIAN_POINT('Origin',(264.9625,-45.3875,0.));
#16162=CARTESIAN_POINT('',(277.9625,-45.3875,0.));
#16163=CARTESIAN_POINT('Origin',(277.9625,-45.8875,0.));
#16164=CARTESIAN_POINT('',(278.4625,-45.8875,0.));
#16165=CARTESIAN_POINT('Origin',(278.4625,-45.8875,0.));
#16166=CARTESIAN_POINT('',(278.4625,-58.8875,0.));
#16167=CARTESIAN_POINT('Origin',(277.9625,-58.8875,0.));
#16168=CARTESIAN_POINT('',(277.9625,-59.3875,0.));
#16169=CARTESIAN_POINT('Origin',(277.9625,-59.3875,0.));
#16170=CARTESIAN_POINT('',(264.9625,-59.3875,0.));
#16171=CARTESIAN_POINT('Origin',(264.9625,-58.8875,0.));
#16172=CARTESIAN_POINT('',(264.4625,-58.8875,0.));
#16173=CARTESIAN_POINT('Origin',(264.4625,-58.8875,0.));
#16174=CARTESIAN_POINT('Origin',(282.829,-33.8455,0.));
#16175=CARTESIAN_POINT('',(282.4654,-33.8455,0.));
#16176=CARTESIAN_POINT('Origin',(282.4654,-34.3455,0.));
#16177=CARTESIAN_POINT('',(281.9654,-34.3455,0.));
#16178=CARTESIAN_POINT('Origin',(281.9654,-34.3455,0.));
#16179=CARTESIAN_POINT('',(281.9654,-39.4415,0.));
#16180=CARTESIAN_POINT('Origin',(281.4654,-39.4415,0.));
#16181=CARTESIAN_POINT('',(281.4654,-39.9415,0.));
#16182=CARTESIAN_POINT('Origin',(281.4654,-39.9415,0.));
#16183=CARTESIAN_POINT('',(280.662,-39.9415,0.));
#16184=CARTESIAN_POINT('Origin',(280.662,-40.4415,0.));
#16185=CARTESIAN_POINT('',(280.162,-40.4415,0.));
#16186=CARTESIAN_POINT('Origin',(280.162,-40.4415,0.));
#16187=CARTESIAN_POINT('',(280.162,-40.6099,0.));
#16188=CARTESIAN_POINT('Origin',(279.662,-40.6099,0.));
#16189=CARTESIAN_POINT('',(279.662,-41.1099,0.));
#16190=CARTESIAN_POINT('Origin',(279.662,-41.1099,0.));
#16191=CARTESIAN_POINT('',(277.614,-41.1099,0.));
#16192=CARTESIAN_POINT('Origin',(277.614,-40.6099,0.));
#16193=CARTESIAN_POINT('',(277.114,-40.6099,0.));
#16194=CARTESIAN_POINT('Origin',(277.114,-40.6099,0.));
#16195=CARTESIAN_POINT('',(277.114,-40.4415,0.));
#16196=CARTESIAN_POINT('Origin',(276.614,-40.4415,0.));
#16197=CARTESIAN_POINT('',(276.614,-39.9415,0.));
#16198=CARTESIAN_POINT('Origin',(276.614,-39.9415,0.));
#16199=CARTESIAN_POINT('',(275.3106,-39.9415,0.));
#16200=CARTESIAN_POINT('Origin',(275.3106,-39.9415,0.));
#16201=CARTESIAN_POINT('',(275.3106,-39.6541,0.));
#16202=CARTESIAN_POINT('Origin',(274.8106,-39.6541,0.));
#16203=CARTESIAN_POINT('',(274.8106,-39.1541,0.));
#16204=CARTESIAN_POINT('Origin',(274.8106,-39.1541,0.));
#16205=CARTESIAN_POINT('',(273.7,-39.1541,0.));
#16206=CARTESIAN_POINT('Origin',(273.7,-39.1541,0.));
#16207=CARTESIAN_POINT('',(273.7,-39.8375,0.));
#16208=CARTESIAN_POINT('Origin',(273.2,-39.8375,0.));
#16209=CARTESIAN_POINT('',(273.2,-40.3375,0.));
#16210=CARTESIAN_POINT('Origin',(273.2,-40.3375,0.));
#16211=CARTESIAN_POINT('',(260.2,-40.3375,0.));
#16212=CARTESIAN_POINT('Origin',(260.2,-39.8375,0.));
#16213=CARTESIAN_POINT('',(259.7,-39.8375,0.));
#16214=CARTESIAN_POINT('Origin',(259.7,-39.8375,0.));
#16215=CARTESIAN_POINT('',(259.7,-39.1541,0.));
#16216=CARTESIAN_POINT('Origin',(259.7,-39.1541,0.));
#16217=CARTESIAN_POINT('',(258.5894,-39.1541,0.));
#16218=CARTESIAN_POINT('Origin',(258.5894,-39.6541,0.));
#16219=CARTESIAN_POINT('',(258.0894,-39.6541,0.));
#16220=CARTESIAN_POINT('Origin',(258.0894,-39.6541,0.));
#16221=CARTESIAN_POINT('',(258.0894,-39.9415,0.));
#16222=CARTESIAN_POINT('Origin',(258.0894,-39.9415,0.));
#16223=CARTESIAN_POINT('',(256.786,-39.9415,0.));
#16224=CARTESIAN_POINT('Origin',(256.786,-40.4415,0.));
#16225=CARTESIAN_POINT('',(256.286,-40.4415,0.));
#16226=CARTESIAN_POINT('Origin',(256.286,-40.4415,0.));
#16227=CARTESIAN_POINT('',(256.286,-40.6099,0.));
#16228=CARTESIAN_POINT('Origin',(255.786,-40.6099,0.));
#16229=CARTESIAN_POINT('',(255.786,-41.1099,0.));
#16230=CARTESIAN_POINT('Origin',(255.786,-41.1099,0.));
#16231=CARTESIAN_POINT('',(253.738,-41.1099,0.));
#16232=CARTESIAN_POINT('Origin',(253.738,-40.6099,0.));
#16233=CARTESIAN_POINT('Origin',(288.775,-64.9375,0.));
#16234=CARTESIAN_POINT('',(288.775,-64.4375,0.));
#16235=CARTESIAN_POINT('',(288.275,-64.9375,0.));
#16236=CARTESIAN_POINT('Origin',(288.775,-64.4375,0.));
#16237=CARTESIAN_POINT('',(301.775,-64.4375,0.));
#16238=CARTESIAN_POINT('Origin',(301.775,-64.9375,0.));
#16239=CARTESIAN_POINT('',(302.275,-64.9375,0.));
#16240=CARTESIAN_POINT('Origin',(302.275,-64.9375,0.));
#16241=CARTESIAN_POINT('',(302.275,-77.9375,0.));
#16242=CARTESIAN_POINT('Origin',(301.775,-77.9375,0.));
#16243=CARTESIAN_POINT('',(301.775,-78.4375,0.));
#16244=CARTESIAN_POINT('Origin',(301.775,-78.4375,0.));
#16245=CARTESIAN_POINT('',(288.775,-78.4375,0.));
#16246=CARTESIAN_POINT('Origin',(288.775,-77.9375,0.));
#16247=CARTESIAN_POINT('',(288.275,-77.9375,0.));
#16248=CARTESIAN_POINT('Origin',(288.275,-77.9375,0.));
#16249=CARTESIAN_POINT('Origin',(269.725,-83.9875,0.));
#16250=CARTESIAN_POINT('',(269.725,-83.4875,0.));
#16251=CARTESIAN_POINT('',(269.225,-83.9875,0.));
#16252=CARTESIAN_POINT('Origin',(269.725,-83.4875,0.));
#16253=CARTESIAN_POINT('',(282.725,-83.4875,0.));
#16254=CARTESIAN_POINT('Origin',(282.725,-83.9875,0.));
#16255=CARTESIAN_POINT('',(283.225,-83.9875,0.));
#16256=CARTESIAN_POINT('Origin',(283.225,-83.9875,0.));
#16257=CARTESIAN_POINT('',(283.225,-96.9875,0.));
#16258=CARTESIAN_POINT('Origin',(282.725,-96.9875,0.));
#16259=CARTESIAN_POINT('',(282.725,-97.4875,0.));
#16260=CARTESIAN_POINT('Origin',(282.725,-97.4875,0.));
#16261=CARTESIAN_POINT('',(269.725,-97.4875,0.));
#16262=CARTESIAN_POINT('Origin',(269.725,-96.9875,0.));
#16263=CARTESIAN_POINT('',(269.225,-96.9875,0.));
#16264=CARTESIAN_POINT('Origin',(269.225,-96.9875,0.));
#16265=CARTESIAN_POINT('Origin',(222.1,-45.8875,0.));
#16266=CARTESIAN_POINT('',(222.1,-45.3875,0.));
#16267=CARTESIAN_POINT('',(221.6,-45.8875,0.));
#16268=CARTESIAN_POINT('Origin',(222.1,-45.3875,0.));
#16269=CARTESIAN_POINT('',(235.1,-45.3875,0.));
#16270=CARTESIAN_POINT('Origin',(235.1,-45.8875,0.));
#16271=CARTESIAN_POINT('',(235.6,-45.8875,0.));
#16272=CARTESIAN_POINT('Origin',(235.6,-45.8875,0.));
#16273=CARTESIAN_POINT('',(235.6,-58.8875,0.));
#16274=CARTESIAN_POINT('Origin',(235.1,-58.8875,0.));
#16275=CARTESIAN_POINT('',(235.1,-59.3875,0.));
#16276=CARTESIAN_POINT('Origin',(235.1,-59.3875,0.));
#16277=CARTESIAN_POINT('',(222.1,-59.3875,0.));
#16278=CARTESIAN_POINT('Origin',(222.1,-58.8875,0.));
#16279=CARTESIAN_POINT('',(221.6,-58.8875,0.));
#16280=CARTESIAN_POINT('Origin',(221.6,-58.8875,0.));
#16281=CARTESIAN_POINT('Origin',(212.575,-26.8375,0.));
#16282=CARTESIAN_POINT('',(212.575,-26.3375,0.));
#16283=CARTESIAN_POINT('',(212.075,-26.8375,0.));
#16284=CARTESIAN_POINT('Origin',(212.575,-26.3375,0.));
#16285=CARTESIAN_POINT('',(225.575,-26.3375,0.));
#16286=CARTESIAN_POINT('Origin',(225.575,-26.8375,0.));
#16287=CARTESIAN_POINT('',(226.075,-26.8375,0.));
#16288=CARTESIAN_POINT('Origin',(226.075,-26.8375,0.));
#16289=CARTESIAN_POINT('',(226.075,-39.8375,0.));
#16290=CARTESIAN_POINT('Origin',(225.575,-39.8375,0.));
#16291=CARTESIAN_POINT('',(225.575,-40.3375,0.));
#16292=CARTESIAN_POINT('Origin',(225.575,-40.3375,0.));
#16293=CARTESIAN_POINT('',(212.575,-40.3375,0.));
#16294=CARTESIAN_POINT('Origin',(212.575,-39.8375,0.));
#16295=CARTESIAN_POINT('',(212.075,-39.8375,0.));
#16296=CARTESIAN_POINT('Origin',(212.075,-39.8375,0.));
#16297=CARTESIAN_POINT('Origin',(155.425,-26.8375,0.));
#16298=CARTESIAN_POINT('',(155.425,-26.3375,0.));
#16299=CARTESIAN_POINT('',(154.925,-26.8375,0.));
#16300=CARTESIAN_POINT('Origin',(155.425,-26.3375,0.));
#16301=CARTESIAN_POINT('',(168.425,-26.3375,0.));
#16302=CARTESIAN_POINT('Origin',(168.425,-26.8375,0.));
#16303=CARTESIAN_POINT('',(168.925,-26.8375,0.));
#16304=CARTESIAN_POINT('Origin',(168.925,-26.8375,0.));
#16305=CARTESIAN_POINT('',(168.925,-39.8375,0.));
#16306=CARTESIAN_POINT('Origin',(168.425,-39.8375,0.));
#16307=CARTESIAN_POINT('',(168.425,-40.3375,0.));
#16308=CARTESIAN_POINT('Origin',(168.425,-40.3375,0.));
#16309=CARTESIAN_POINT('',(155.425,-40.3375,0.));
#16310=CARTESIAN_POINT('Origin',(155.425,-39.8375,0.));
#16311=CARTESIAN_POINT('',(154.925,-39.8375,0.));
#16312=CARTESIAN_POINT('Origin',(154.925,-39.8375,0.));
#16313=CARTESIAN_POINT('Origin',(203.05,-103.0375,0.));
#16314=CARTESIAN_POINT('',(203.05,-102.5375,0.));
#16315=CARTESIAN_POINT('',(202.55,-103.0375,0.));
#16316=CARTESIAN_POINT('Origin',(203.05,-102.5375,0.));
#16317=CARTESIAN_POINT('',(216.05,-102.5375,0.));
#16318=CARTESIAN_POINT('Origin',(216.05,-103.0375,0.));
#16319=CARTESIAN_POINT('',(216.55,-103.0375,0.));
#16320=CARTESIAN_POINT('Origin',(216.55,-103.0375,0.));
#16321=CARTESIAN_POINT('',(216.55,-116.0375,0.));
#16322=CARTESIAN_POINT('Origin',(216.05,-116.0375,0.));
#16323=CARTESIAN_POINT('',(216.05,-116.5375,0.));
#16324=CARTESIAN_POINT('Origin',(216.05,-116.5375,0.));
#16325=CARTESIAN_POINT('',(203.05,-116.5375,0.));
#16326=CARTESIAN_POINT('Origin',(203.05,-116.0375,0.));
#16327=CARTESIAN_POINT('',(202.55,-116.0375,0.));
#16328=CARTESIAN_POINT('Origin',(202.55,-116.0375,0.));
#16329=CARTESIAN_POINT('Origin',(229.24375,-103.0375,0.));
#16330=CARTESIAN_POINT('',(229.24375,-102.5375,0.));
#16331=CARTESIAN_POINT('',(228.74375,-103.0375,0.));
#16332=CARTESIAN_POINT('Origin',(229.24375,-102.5375,0.));
#16333=CARTESIAN_POINT('',(242.24375,-102.5375,0.));
#16334=CARTESIAN_POINT('Origin',(242.24375,-103.0375,0.));
#16335=CARTESIAN_POINT('',(242.74375,-103.0375,0.));
#16336=CARTESIAN_POINT('Origin',(242.74375,-103.0375,0.));
#16337=CARTESIAN_POINT('',(242.74375,-116.0375,0.));
#16338=CARTESIAN_POINT('Origin',(242.24375,-116.0375,0.));
#16339=CARTESIAN_POINT('',(242.24375,-116.5375,0.));
#16340=CARTESIAN_POINT('Origin',(242.24375,-116.5375,0.));
#16341=CARTESIAN_POINT('',(229.24375,-116.5375,0.));
#16342=CARTESIAN_POINT('Origin',(229.24375,-116.0375,0.));
#16343=CARTESIAN_POINT('',(228.74375,-116.0375,0.));
#16344=CARTESIAN_POINT('Origin',(228.74375,-116.0375,0.));
#16345=CARTESIAN_POINT('Origin',(288.775,-103.0375,0.));
#16346=CARTESIAN_POINT('',(288.775,-102.5375,0.));
#16347=CARTESIAN_POINT('',(288.275,-103.0375,0.));
#16348=CARTESIAN_POINT('Origin',(288.775,-102.5375,0.));
#16349=CARTESIAN_POINT('',(301.775,-102.5375,0.));
#16350=CARTESIAN_POINT('Origin',(301.775,-103.0375,0.));
#16351=CARTESIAN_POINT('',(302.275,-103.0375,0.));
#16352=CARTESIAN_POINT('Origin',(302.275,-103.0375,0.));
#16353=CARTESIAN_POINT('',(302.275,-116.0375,0.));
#16354=CARTESIAN_POINT('Origin',(301.775,-116.0375,0.));
#16355=CARTESIAN_POINT('',(301.775,-116.5375,0.));
#16356=CARTESIAN_POINT('Origin',(301.775,-116.5375,0.));
#16357=CARTESIAN_POINT('',(288.775,-116.5375,0.));
#16358=CARTESIAN_POINT('Origin',(288.775,-116.0375,0.));
#16359=CARTESIAN_POINT('',(288.275,-116.0375,0.));
#16360=CARTESIAN_POINT('Origin',(288.275,-116.0375,0.));
#16361=CARTESIAN_POINT('Origin',(269.725,-103.0375,0.));
#16362=CARTESIAN_POINT('',(269.725,-102.5375,0.));
#16363=CARTESIAN_POINT('',(269.225,-103.0375,0.));
#16364=CARTESIAN_POINT('Origin',(269.725,-102.5375,0.));
#16365=CARTESIAN_POINT('',(282.725,-102.5375,0.));
#16366=CARTESIAN_POINT('Origin',(282.725,-103.0375,0.));
#16367=CARTESIAN_POINT('',(283.225,-103.0375,0.));
#16368=CARTESIAN_POINT('Origin',(283.225,-103.0375,0.));
#16369=CARTESIAN_POINT('',(283.225,-116.0375,0.));
#16370=CARTESIAN_POINT('Origin',(282.725,-116.0375,0.));
#16371=CARTESIAN_POINT('',(282.725,-116.5375,0.));
#16372=CARTESIAN_POINT('Origin',(282.725,-116.5375,0.));
#16373=CARTESIAN_POINT('',(269.725,-116.5375,0.));
#16374=CARTESIAN_POINT('Origin',(269.725,-116.0375,0.));
#16375=CARTESIAN_POINT('',(269.225,-116.0375,0.));
#16376=CARTESIAN_POINT('Origin',(269.225,-116.0375,0.));
#16377=CARTESIAN_POINT('Origin',(184.,-45.8875,0.));
#16378=CARTESIAN_POINT('',(184.,-45.3875,0.));
#16379=CARTESIAN_POINT('',(183.5,-45.8875,0.));
#16380=CARTESIAN_POINT('Origin',(184.,-45.3875,0.));
#16381=CARTESIAN_POINT('',(197.,-45.3875,0.));
#16382=CARTESIAN_POINT('Origin',(197.,-45.8875,0.));
#16383=CARTESIAN_POINT('',(197.5,-45.8875,0.));
#16384=CARTESIAN_POINT('Origin',(197.5,-45.8875,0.));
#16385=CARTESIAN_POINT('',(197.5,-58.8875,0.));
#16386=CARTESIAN_POINT('Origin',(197.,-58.8875,0.));
#16387=CARTESIAN_POINT('',(197.,-59.3875,0.));
#16388=CARTESIAN_POINT('Origin',(197.,-59.3875,0.));
#16389=CARTESIAN_POINT('',(184.,-59.3875,0.));
#16390=CARTESIAN_POINT('Origin',(184.,-58.8875,0.));
#16391=CARTESIAN_POINT('',(183.5,-58.8875,0.));
#16392=CARTESIAN_POINT('Origin',(183.5,-58.8875,0.));
#16393=CARTESIAN_POINT('Origin',(245.9125,-3.025,0.));
#16394=CARTESIAN_POINT('',(245.9125,-2.525,0.));
#16395=CARTESIAN_POINT('',(245.4125,-3.025,0.));
#16396=CARTESIAN_POINT('Origin',(245.9125,-2.525,0.));
#16397=CARTESIAN_POINT('',(258.9125,-2.52499999999999,0.));
#16398=CARTESIAN_POINT('Origin',(258.9125,-3.025,0.));
#16399=CARTESIAN_POINT('',(259.4125,-3.025,0.));
#16400=CARTESIAN_POINT('Origin',(259.4125,-3.025,0.));
#16401=CARTESIAN_POINT('',(259.4125,-16.025,0.));
#16402=CARTESIAN_POINT('Origin',(258.9125,-16.025,0.));
#16403=CARTESIAN_POINT('',(258.9125,-16.525,0.));
#16404=CARTESIAN_POINT('Origin',(258.9125,-16.525,0.));
#16405=CARTESIAN_POINT('',(245.9125,-16.525,0.));
#16406=CARTESIAN_POINT('Origin',(245.9125,-16.025,0.));
#16407=CARTESIAN_POINT('',(245.4125,-16.025,0.));
#16408=CARTESIAN_POINT('Origin',(245.4125,-16.025,0.));
#16409=CARTESIAN_POINT('Origin',(207.8125,-3.025,0.));
#16410=CARTESIAN_POINT('',(207.8125,-2.525,0.));
#16411=CARTESIAN_POINT('',(207.3125,-3.025,0.));
#16412=CARTESIAN_POINT('Origin',(207.8125,-2.525,0.));
#16413=CARTESIAN_POINT('',(220.8125,-2.52499999999999,0.));
#16414=CARTESIAN_POINT('Origin',(220.8125,-3.025,0.));
#16415=CARTESIAN_POINT('',(221.3125,-3.025,0.));
#16416=CARTESIAN_POINT('Origin',(221.3125,-3.025,0.));
#16417=CARTESIAN_POINT('',(221.3125,-16.025,0.));
#16418=CARTESIAN_POINT('Origin',(220.8125,-16.025,0.));
#16419=CARTESIAN_POINT('',(220.8125,-16.525,0.));
#16420=CARTESIAN_POINT('Origin',(220.8125,-16.525,0.));
#16421=CARTESIAN_POINT('',(207.8125,-16.525,0.));
#16422=CARTESIAN_POINT('Origin',(207.8125,-16.025,0.));
#16423=CARTESIAN_POINT('',(207.3125,-16.025,0.));
#16424=CARTESIAN_POINT('Origin',(207.3125,-16.025,0.));
#16425=CARTESIAN_POINT('Origin',(179.2375,-3.025,0.));
#16426=CARTESIAN_POINT('',(179.2375,-2.525,0.));
#16427=CARTESIAN_POINT('',(178.7375,-3.025,0.));
#16428=CARTESIAN_POINT('Origin',(179.2375,-2.525,0.));
#16429=CARTESIAN_POINT('',(192.2375,-2.52499999999999,0.));
#16430=CARTESIAN_POINT('Origin',(192.2375,-3.025,0.));
#16431=CARTESIAN_POINT('',(192.7375,-3.025,0.));
#16432=CARTESIAN_POINT('Origin',(192.7375,-3.025,0.));
#16433=CARTESIAN_POINT('',(192.7375,-16.025,0.));
#16434=CARTESIAN_POINT('Origin',(192.2375,-16.025,0.));
#16435=CARTESIAN_POINT('',(192.2375,-16.525,0.));
#16436=CARTESIAN_POINT('Origin',(192.2375,-16.525,0.));
#16437=CARTESIAN_POINT('',(179.2375,-16.525,0.));
#16438=CARTESIAN_POINT('Origin',(179.2375,-16.025,0.));
#16439=CARTESIAN_POINT('',(178.7375,-16.025,0.));
#16440=CARTESIAN_POINT('Origin',(178.7375,-16.025,0.));
#16441=CARTESIAN_POINT('Origin',(264.9625,-3.025,0.));
#16442=CARTESIAN_POINT('',(264.9625,-2.525,0.));
#16443=CARTESIAN_POINT('',(264.4625,-3.025,0.));
#16444=CARTESIAN_POINT('Origin',(264.9625,-2.525,0.));
#16445=CARTESIAN_POINT('',(277.9625,-2.52500000000003,0.));
#16446=CARTESIAN_POINT('Origin',(277.9625,-3.025,0.));
#16447=CARTESIAN_POINT('',(278.4625,-3.025,0.));
#16448=CARTESIAN_POINT('Origin',(278.4625,-3.025,0.));
#16449=CARTESIAN_POINT('',(278.4625,-16.025,0.));
#16450=CARTESIAN_POINT('Origin',(277.9625,-16.025,0.));
#16451=CARTESIAN_POINT('',(277.9625,-16.525,0.));
#16452=CARTESIAN_POINT('Origin',(277.9625,-16.525,0.));
#16453=CARTESIAN_POINT('',(264.9625,-16.525,0.));
#16454=CARTESIAN_POINT('Origin',(264.9625,-16.025,0.));
#16455=CARTESIAN_POINT('',(264.4625,-16.025,0.));
#16456=CARTESIAN_POINT('Origin',(264.4625,-16.025,0.));
#16457=CARTESIAN_POINT('Origin',(189.92225,-110.0455,0.));
#16458=CARTESIAN_POINT('',(189.55865,-110.0455,0.));
#16459=CARTESIAN_POINT('',(189.92225,-110.0455,0.));
#16460=CARTESIAN_POINT('Origin',(189.55865,-110.5455,0.));
#16461=CARTESIAN_POINT('',(189.05865,-110.5455,0.));
#16462=CARTESIAN_POINT('Origin',(189.05865,-110.5455,0.));
#16463=CARTESIAN_POINT('',(189.05865,-115.6415,0.));
#16464=CARTESIAN_POINT('Origin',(188.55865,-115.6415,0.));
#16465=CARTESIAN_POINT('',(188.55865,-116.1415,0.));
#16466=CARTESIAN_POINT('Origin',(188.55865,-116.1415,0.));
#16467=CARTESIAN_POINT('',(187.75525,-116.1415,0.));
#16468=CARTESIAN_POINT('Origin',(187.75525,-116.6415,0.));
#16469=CARTESIAN_POINT('',(187.25525,-116.6415,0.));
#16470=CARTESIAN_POINT('Origin',(187.25525,-116.6415,0.));
#16471=CARTESIAN_POINT('Origin',(142.73125,-107.2375,0.));
#16472=CARTESIAN_POINT('',(181.90385,-107.2375,0.));
#16473=CARTESIAN_POINT('Origin',(181.90385,-106.7375,0.));
#16474=CARTESIAN_POINT('',(182.40385,-106.7375,0.));
#16475=CARTESIAN_POINT('Origin',(182.40385,-106.7375,0.));
#16476=CARTESIAN_POINT('',(182.40385,-104.3479,0.));
#16477=CARTESIAN_POINT('Origin',(182.90385,-104.3479,0.));
#16478=CARTESIAN_POINT('',(182.90385,-103.8479,0.));
#16479=CARTESIAN_POINT('Origin',(182.90385,-103.8479,0.));
#16480=CARTESIAN_POINT('',(188.55865,-103.8479,0.));
#16481=CARTESIAN_POINT('Origin',(188.55865,-104.3479,0.));
#16482=CARTESIAN_POINT('',(189.05865,-104.3479,0.));
#16483=CARTESIAN_POINT('Origin',(189.05865,-104.3479,0.));
#16484=CARTESIAN_POINT('',(189.05865,-107.2515,0.));
#16485=CARTESIAN_POINT('Origin',(189.05865,-107.2515,0.));
#16486=CARTESIAN_POINT('',(189.42225,-107.2515,0.));
#16487=CARTESIAN_POINT('Origin',(189.42225,-107.7515,0.));
#16488=CARTESIAN_POINT('',(189.92225,-107.7515,0.));
#16489=CARTESIAN_POINT('Origin',(189.92225,-107.7515,0.));
#16490=CARTESIAN_POINT('Origin',(250.675,-103.0375,0.));
#16491=CARTESIAN_POINT('',(250.675,-102.5375,0.));
#16492=CARTESIAN_POINT('',(250.175,-103.0375,0.));
#16493=CARTESIAN_POINT('Origin',(250.675,-102.5375,0.));
#16494=CARTESIAN_POINT('',(263.675,-102.5375,0.));
#16495=CARTESIAN_POINT('Origin',(263.675,-103.0375,0.));
#16496=CARTESIAN_POINT('',(264.175,-103.0375,0.));
#16497=CARTESIAN_POINT('Origin',(264.175,-103.0375,0.));
#16498=CARTESIAN_POINT('',(264.175,-116.0375,0.));
#16499=CARTESIAN_POINT('Origin',(263.675,-116.0375,0.));
#16500=CARTESIAN_POINT('',(263.675,-116.5375,0.));
#16501=CARTESIAN_POINT('Origin',(263.675,-116.5375,0.));
#16502=CARTESIAN_POINT('',(250.675,-116.5375,0.));
#16503=CARTESIAN_POINT('Origin',(250.675,-116.0375,0.));
#16504=CARTESIAN_POINT('',(250.175,-116.0375,0.));
#16505=CARTESIAN_POINT('Origin',(250.175,-116.0375,0.));
#16506=CARTESIAN_POINT('Origin',(226.8625,-3.025,0.));
#16507=CARTESIAN_POINT('',(226.8625,-2.525,0.));
#16508=CARTESIAN_POINT('',(226.3625,-3.025,0.));
#16509=CARTESIAN_POINT('Origin',(226.8625,-2.525,0.));
#16510=CARTESIAN_POINT('',(239.8625,-2.52499999999999,0.));
#16511=CARTESIAN_POINT('Origin',(239.8625,-3.025,0.));
#16512=CARTESIAN_POINT('',(240.3625,-3.025,0.));
#16513=CARTESIAN_POINT('Origin',(240.3625,-3.025,0.));
#16514=CARTESIAN_POINT('',(240.3625,-16.025,0.));
#16515=CARTESIAN_POINT('Origin',(239.8625,-16.025,0.));
#16516=CARTESIAN_POINT('',(239.8625,-16.525,0.));
#16517=CARTESIAN_POINT('Origin',(239.8625,-16.525,0.));
#16518=CARTESIAN_POINT('',(226.8625,-16.525,0.));
#16519=CARTESIAN_POINT('Origin',(226.8625,-16.025,0.));
#16520=CARTESIAN_POINT('',(226.3625,-16.025,0.));
#16521=CARTESIAN_POINT('Origin',(226.3625,-16.025,0.));
#16522=CARTESIAN_POINT('Origin',(243.53125,-83.9875,0.));
#16523=CARTESIAN_POINT('',(243.53125,-83.4875,0.));
#16524=CARTESIAN_POINT('',(243.03125,-83.9875,0.));
#16525=CARTESIAN_POINT('Origin',(243.53125,-83.4875,0.));
#16526=CARTESIAN_POINT('',(256.53125,-83.4875,0.));
#16527=CARTESIAN_POINT('Origin',(256.53125,-83.9875,0.));
#16528=CARTESIAN_POINT('',(257.03125,-83.9875,0.));
#16529=CARTESIAN_POINT('Origin',(257.03125,-83.9875,0.));
#16530=CARTESIAN_POINT('',(257.03125,-96.9875,0.));
#16531=CARTESIAN_POINT('Origin',(256.53125,-96.9875,0.));
#16532=CARTESIAN_POINT('',(256.53125,-97.4875,0.));
#16533=CARTESIAN_POINT('Origin',(256.53125,-97.4875,0.));
#16534=CARTESIAN_POINT('',(243.53125,-97.4875,0.));
#16535=CARTESIAN_POINT('Origin',(243.53125,-96.9875,0.));
#16536=CARTESIAN_POINT('',(243.03125,-96.9875,0.));
#16537=CARTESIAN_POINT('Origin',(243.03125,-96.9875,0.));
#16538=CARTESIAN_POINT('Origin',(198.2875,-83.9875,0.));
#16539=CARTESIAN_POINT('',(198.2875,-83.4875,0.));
#16540=CARTESIAN_POINT('',(197.7875,-83.9875,0.));
#16541=CARTESIAN_POINT('Origin',(198.2875,-83.4875,0.));
#16542=CARTESIAN_POINT('',(211.2875,-83.4875,0.));
#16543=CARTESIAN_POINT('Origin',(211.2875,-83.9875,0.));
#16544=CARTESIAN_POINT('',(211.7875,-83.9875,0.));
#16545=CARTESIAN_POINT('Origin',(211.7875,-83.9875,0.));
#16546=CARTESIAN_POINT('',(211.7875,-96.9875,0.));
#16547=CARTESIAN_POINT('Origin',(211.2875,-96.9875,0.));
#16548=CARTESIAN_POINT('',(211.2875,-97.4875,0.));
#16549=CARTESIAN_POINT('Origin',(211.2875,-97.4875,0.));
#16550=CARTESIAN_POINT('',(198.2875,-97.4875,0.));
#16551=CARTESIAN_POINT('Origin',(198.2875,-96.9875,0.));
#16552=CARTESIAN_POINT('',(197.7875,-96.9875,0.));
#16553=CARTESIAN_POINT('Origin',(197.7875,-96.9875,0.));
#16554=CARTESIAN_POINT('Origin',(217.3375,-83.9875,0.));
#16555=CARTESIAN_POINT('',(217.3375,-83.4875,0.));
#16556=CARTESIAN_POINT('',(216.8375,-83.9875,0.));
#16557=CARTESIAN_POINT('Origin',(217.3375,-83.4875,0.));
#16558=CARTESIAN_POINT('',(230.3375,-83.4875,0.));
#16559=CARTESIAN_POINT('Origin',(230.3375,-83.9875,0.));
#16560=CARTESIAN_POINT('',(230.8375,-83.9875,0.));
#16561=CARTESIAN_POINT('Origin',(230.8375,-83.9875,0.));
#16562=CARTESIAN_POINT('',(230.8375,-96.9875,0.));
#16563=CARTESIAN_POINT('Origin',(230.3375,-96.9875,0.));
#16564=CARTESIAN_POINT('',(230.3375,-97.4875,0.));
#16565=CARTESIAN_POINT('Origin',(230.3375,-97.4875,0.));
#16566=CARTESIAN_POINT('',(217.3375,-97.4875,0.));
#16567=CARTESIAN_POINT('Origin',(217.3375,-96.9875,0.));
#16568=CARTESIAN_POINT('',(216.8375,-96.9875,0.));
#16569=CARTESIAN_POINT('Origin',(216.8375,-96.9875,0.));
#16570=CARTESIAN_POINT('Origin',(160.1875,-83.9875,0.));
#16571=CARTESIAN_POINT('',(160.1875,-83.4875,0.));
#16572=CARTESIAN_POINT('',(159.6875,-83.9875,0.));
#16573=CARTESIAN_POINT('Origin',(160.1875,-83.4875,0.));
#16574=CARTESIAN_POINT('',(173.1875,-83.4875,0.));
#16575=CARTESIAN_POINT('Origin',(173.1875,-83.9875,0.));
#16576=CARTESIAN_POINT('',(173.6875,-83.9875,0.));
#16577=CARTESIAN_POINT('Origin',(173.6875,-83.9875,0.));
#16578=CARTESIAN_POINT('',(173.6875,-96.9875,0.));
#16579=CARTESIAN_POINT('Origin',(173.1875,-96.9875,0.));
#16580=CARTESIAN_POINT('',(173.1875,-97.4875,0.));
#16581=CARTESIAN_POINT('Origin',(173.1875,-97.4875,0.));
#16582=CARTESIAN_POINT('',(160.1875,-97.4875,0.));
#16583=CARTESIAN_POINT('Origin',(160.1875,-96.9875,0.));
#16584=CARTESIAN_POINT('',(159.6875,-96.9875,0.));
#16585=CARTESIAN_POINT('Origin',(159.6875,-96.9875,0.));
#16586=CARTESIAN_POINT('Origin',(174.475,-26.8375,0.));
#16587=CARTESIAN_POINT('',(174.475,-26.3375,0.));
#16588=CARTESIAN_POINT('',(173.975,-26.8375,0.));
#16589=CARTESIAN_POINT('Origin',(174.475,-26.3375,0.));
#16590=CARTESIAN_POINT('',(187.475,-26.3375,0.));
#16591=CARTESIAN_POINT('Origin',(187.475,-26.8375,0.));
#16592=CARTESIAN_POINT('',(187.975,-26.8375,0.));
#16593=CARTESIAN_POINT('Origin',(187.975,-26.8375,0.));
#16594=CARTESIAN_POINT('',(187.975,-39.8375,0.));
#16595=CARTESIAN_POINT('Origin',(187.475,-39.8375,0.));
#16596=CARTESIAN_POINT('',(187.475,-40.3375,0.));
#16597=CARTESIAN_POINT('Origin',(187.475,-40.3375,0.));
#16598=CARTESIAN_POINT('',(174.475,-40.3375,0.));
#16599=CARTESIAN_POINT('Origin',(174.475,-39.8375,0.));
#16600=CARTESIAN_POINT('',(173.975,-39.8375,0.));
#16601=CARTESIAN_POINT('Origin',(173.975,-39.8375,0.));
#16602=CARTESIAN_POINT('Origin',(241.15,-45.8875,0.));
#16603=CARTESIAN_POINT('',(241.15,-45.3875,0.));
#16604=CARTESIAN_POINT('',(240.65,-45.8875,0.));
#16605=CARTESIAN_POINT('Origin',(241.15,-45.3875,0.));
#16606=CARTESIAN_POINT('',(254.15,-45.3875,0.));
#16607=CARTESIAN_POINT('Origin',(254.15,-45.8875,0.));
#16608=CARTESIAN_POINT('',(254.65,-45.8875,0.));
#16609=CARTESIAN_POINT('Origin',(254.65,-45.8875,0.));
#16610=CARTESIAN_POINT('',(254.65,-58.8875,0.));
#16611=CARTESIAN_POINT('Origin',(254.15,-58.8875,0.));
#16612=CARTESIAN_POINT('',(254.15,-59.3875,0.));
#16613=CARTESIAN_POINT('Origin',(254.15,-59.3875,0.));
#16614=CARTESIAN_POINT('',(241.15,-59.3875,0.));
#16615=CARTESIAN_POINT('Origin',(241.15,-58.8875,0.));
#16616=CARTESIAN_POINT('',(240.65,-58.8875,0.));
#16617=CARTESIAN_POINT('Origin',(240.65,-58.8875,0.));
#16618=CARTESIAN_POINT('Origin',(193.525,-26.8375,0.));
#16619=CARTESIAN_POINT('',(193.525,-26.3375,0.));
#16620=CARTESIAN_POINT('',(193.025,-26.8375,0.));
#16621=CARTESIAN_POINT('Origin',(193.525,-26.3375,0.));
#16622=CARTESIAN_POINT('',(206.525,-26.3375,0.));
#16623=CARTESIAN_POINT('Origin',(206.525,-26.8375,0.));
#16624=CARTESIAN_POINT('',(207.025,-26.8375,0.));
#16625=CARTESIAN_POINT('Origin',(207.025,-26.8375,0.));
#16626=CARTESIAN_POINT('',(207.025,-39.8375,0.));
#16627=CARTESIAN_POINT('Origin',(206.525,-39.8375,0.));
#16628=CARTESIAN_POINT('',(206.525,-40.3375,0.));
#16629=CARTESIAN_POINT('Origin',(206.525,-40.3375,0.));
#16630=CARTESIAN_POINT('',(193.525,-40.3375,0.));
#16631=CARTESIAN_POINT('Origin',(193.525,-39.8375,0.));
#16632=CARTESIAN_POINT('',(193.025,-39.8375,0.));
#16633=CARTESIAN_POINT('Origin',(193.025,-39.8375,0.));
#16634=CARTESIAN_POINT('Origin',(280.44775,-71.9455,0.));
#16635=CARTESIAN_POINT('',(280.08415,-71.9455,0.));
#16636=CARTESIAN_POINT('Origin',(280.08415,-72.4455,0.));
#16637=CARTESIAN_POINT('',(279.58415,-72.4455,0.));
#16638=CARTESIAN_POINT('Origin',(279.58415,-72.4455,0.));
#16639=CARTESIAN_POINT('',(279.58415,-77.5415,0.));
#16640=CARTESIAN_POINT('Origin',(279.08415,-77.5415,0.));
#16641=CARTESIAN_POINT('',(279.08415,-78.0415,0.));
#16642=CARTESIAN_POINT('Origin',(279.08415,-78.0415,0.));
#16643=CARTESIAN_POINT('',(278.28075,-78.0415,0.));
#16644=CARTESIAN_POINT('Origin',(278.28075,-78.5415,0.));
#16645=CARTESIAN_POINT('',(277.78075,-78.5415,0.));
#16646=CARTESIAN_POINT('Origin',(277.78075,-78.5415,0.));
#16647=CARTESIAN_POINT('',(277.78075,-78.7099,0.));
#16648=CARTESIAN_POINT('Origin',(277.28075,-78.7099,0.));
#16649=CARTESIAN_POINT('',(277.28075,-79.2099,0.));
#16650=CARTESIAN_POINT('Origin',(277.28075,-79.2099,0.));
#16651=CARTESIAN_POINT('',(275.23275,-79.2099,0.));
#16652=CARTESIAN_POINT('Origin',(275.23275,-78.7099,0.));
#16653=CARTESIAN_POINT('',(274.73275,-78.7099,0.));
#16654=CARTESIAN_POINT('Origin',(274.73275,-78.7099,0.));
#16655=CARTESIAN_POINT('',(274.73275,-78.5415,0.));
#16656=CARTESIAN_POINT('Origin',(274.23275,-78.5415,0.));
#16657=CARTESIAN_POINT('',(274.23275,-78.0415,0.));
#16658=CARTESIAN_POINT('Origin',(274.23275,-78.0415,0.));
#16659=CARTESIAN_POINT('',(272.92935,-78.0415,0.));
#16660=CARTESIAN_POINT('Origin',(272.92935,-78.0415,0.));
#16661=CARTESIAN_POINT('',(272.92935,-77.7541,0.));
#16662=CARTESIAN_POINT('Origin',(272.42935,-77.7541,0.));
#16663=CARTESIAN_POINT('',(272.42935,-77.2541,0.));
#16664=CARTESIAN_POINT('Origin',(272.42935,-77.2541,0.));
#16665=CARTESIAN_POINT('',(271.31875,-77.2541,0.));
#16666=CARTESIAN_POINT('Origin',(271.31875,-77.2541,0.));
#16667=CARTESIAN_POINT('',(271.31875,-77.9375,0.));
#16668=CARTESIAN_POINT('Origin',(270.81875,-77.9375,0.));
#16669=CARTESIAN_POINT('',(270.81875,-78.4375,0.));
#16670=CARTESIAN_POINT('Origin',(270.81875,-78.4375,0.));
#16671=CARTESIAN_POINT('',(257.81875,-78.4375,0.));
#16672=CARTESIAN_POINT('Origin',(257.81875,-77.9375,0.));
#16673=CARTESIAN_POINT('',(257.31875,-77.9375,0.));
#16674=CARTESIAN_POINT('Origin',(257.31875,-77.9375,0.));
#16675=CARTESIAN_POINT('',(257.31875,-77.2541,0.));
#16676=CARTESIAN_POINT('Origin',(257.31875,-77.2541,0.));
#16677=CARTESIAN_POINT('',(256.20815,-77.2541,0.));
#16678=CARTESIAN_POINT('Origin',(256.20815,-77.7541,0.));
#16679=CARTESIAN_POINT('',(255.70815,-77.7541,0.));
#16680=CARTESIAN_POINT('Origin',(255.70815,-77.7541,0.));
#16681=CARTESIAN_POINT('',(255.70815,-78.0415,0.));
#16682=CARTESIAN_POINT('Origin',(255.70815,-78.0415,0.));
#16683=CARTESIAN_POINT('',(254.40475,-78.0415,0.));
#16684=CARTESIAN_POINT('Origin',(254.40475,-78.5415,0.));
#16685=CARTESIAN_POINT('',(253.90475,-78.5415,0.));
#16686=CARTESIAN_POINT('Origin',(253.90475,-78.5415,0.));
#16687=CARTESIAN_POINT('',(253.90475,-78.7099,0.));
#16688=CARTESIAN_POINT('Origin',(253.40475,-78.7099,0.));
#16689=CARTESIAN_POINT('',(253.40475,-79.2099,0.));
#16690=CARTESIAN_POINT('Origin',(253.40475,-79.2099,0.));
#16691=CARTESIAN_POINT('',(251.35675,-79.2099,0.));
#16692=CARTESIAN_POINT('Origin',(251.35675,-78.7099,0.));
#16693=CARTESIAN_POINT('Origin',(231.625,-26.8375,0.));
#16694=CARTESIAN_POINT('',(231.625,-26.3375,0.));
#16695=CARTESIAN_POINT('',(231.125,-26.8375,0.));
#16696=CARTESIAN_POINT('Origin',(231.625,-26.3375,0.));
#16697=CARTESIAN_POINT('',(244.625,-26.3375,0.));
#16698=CARTESIAN_POINT('Origin',(244.625,-26.8375,0.));
#16699=CARTESIAN_POINT('',(245.125,-26.8375,0.));
#16700=CARTESIAN_POINT('Origin',(245.125,-26.8375,0.));
#16701=CARTESIAN_POINT('',(245.125,-39.8375,0.));
#16702=CARTESIAN_POINT('Origin',(244.625,-39.8375,0.));
#16703=CARTESIAN_POINT('',(244.625,-40.3375,0.));
#16704=CARTESIAN_POINT('Origin',(244.625,-40.3375,0.));
#16705=CARTESIAN_POINT('',(231.625,-40.3375,0.));
#16706=CARTESIAN_POINT('Origin',(231.625,-39.8375,0.));
#16707=CARTESIAN_POINT('',(231.125,-39.8375,0.));
#16708=CARTESIAN_POINT('Origin',(231.125,-39.8375,0.));
#16709=CARTESIAN_POINT('Origin',(179.2375,-83.9875,0.));
#16710=CARTESIAN_POINT('',(179.2375,-83.4875,0.));
#16711=CARTESIAN_POINT('',(178.7375,-83.9875,0.));
#16712=CARTESIAN_POINT('Origin',(179.2375,-83.4875,0.));
#16713=CARTESIAN_POINT('',(192.2375,-83.4875,0.));
#16714=CARTESIAN_POINT('Origin',(192.2375,-83.9875,0.));
#16715=CARTESIAN_POINT('',(192.7375,-83.9875,0.));
#16716=CARTESIAN_POINT('Origin',(192.7375,-83.9875,0.));
#16717=CARTESIAN_POINT('',(192.7375,-96.9875,0.));
#16718=CARTESIAN_POINT('Origin',(192.2375,-96.9875,0.));
#16719=CARTESIAN_POINT('',(192.2375,-97.4875,0.));
#16720=CARTESIAN_POINT('Origin',(192.2375,-97.4875,0.));
#16721=CARTESIAN_POINT('',(179.2375,-97.4875,0.));
#16722=CARTESIAN_POINT('Origin',(179.2375,-96.9875,0.));
#16723=CARTESIAN_POINT('',(178.7375,-96.9875,0.));
#16724=CARTESIAN_POINT('Origin',(178.7375,-96.9875,0.));
#16725=CARTESIAN_POINT('Origin',(288.775,-45.8875,0.));
#16726=CARTESIAN_POINT('',(288.775,-45.3875,0.));
#16727=CARTESIAN_POINT('',(288.275,-45.8875,0.));
#16728=CARTESIAN_POINT('Origin',(288.775,-45.3875,0.));
#16729=CARTESIAN_POINT('',(301.775,-45.3875,0.));
#16730=CARTESIAN_POINT('Origin',(301.775,-45.8875,0.));
#16731=CARTESIAN_POINT('',(302.275,-45.8875,0.));
#16732=CARTESIAN_POINT('Origin',(302.275,-45.8875,0.));
#16733=CARTESIAN_POINT('',(302.275,-58.8875,0.));
#16734=CARTESIAN_POINT('Origin',(301.775,-58.8875,0.));
#16735=CARTESIAN_POINT('',(301.775,-59.3875,0.));
#16736=CARTESIAN_POINT('Origin',(301.775,-59.3875,0.));
#16737=CARTESIAN_POINT('',(288.775,-59.3875,0.));
#16738=CARTESIAN_POINT('Origin',(288.775,-58.8875,0.));
#16739=CARTESIAN_POINT('',(288.275,-58.8875,0.));
#16740=CARTESIAN_POINT('Origin',(288.275,-58.8875,0.));
#16741=CARTESIAN_POINT('Origin',(288.775,-26.8375,0.));
#16742=CARTESIAN_POINT('',(288.775,-26.3375,0.));
#16743=CARTESIAN_POINT('',(288.275,-26.8375,0.));
#16744=CARTESIAN_POINT('Origin',(288.775,-26.3375,0.));
#16745=CARTESIAN_POINT('',(301.775,-26.3375,0.));
#16746=CARTESIAN_POINT('Origin',(301.775,-26.8375,0.));
#16747=CARTESIAN_POINT('',(302.275,-26.8375,0.));
#16748=CARTESIAN_POINT('Origin',(302.275,-26.8375,0.));
#16749=CARTESIAN_POINT('',(302.275,-39.8375,0.));
#16750=CARTESIAN_POINT('Origin',(301.775,-39.8375,0.));
#16751=CARTESIAN_POINT('',(301.775,-40.3375,0.));
#16752=CARTESIAN_POINT('Origin',(301.775,-40.3375,0.));
#16753=CARTESIAN_POINT('',(288.775,-40.3375,0.));
#16754=CARTESIAN_POINT('Origin',(288.775,-39.8375,0.));
#16755=CARTESIAN_POINT('',(288.275,-39.8375,0.));
#16756=CARTESIAN_POINT('Origin',(288.275,-39.8375,0.));
#16757=CARTESIAN_POINT('Origin',(203.05,-45.8875,0.));
#16758=CARTESIAN_POINT('',(203.05,-45.3875,0.));
#16759=CARTESIAN_POINT('',(202.55,-45.8875,0.));
#16760=CARTESIAN_POINT('Origin',(203.05,-45.3875,0.));
#16761=CARTESIAN_POINT('',(216.05,-45.3875,0.));
#16762=CARTESIAN_POINT('Origin',(216.05,-45.8875,0.));
#16763=CARTESIAN_POINT('',(216.55,-45.8875,0.));
#16764=CARTESIAN_POINT('Origin',(216.55,-45.8875,0.));
#16765=CARTESIAN_POINT('',(216.55,-58.8875,0.));
#16766=CARTESIAN_POINT('Origin',(216.05,-58.8875,0.));
#16767=CARTESIAN_POINT('',(216.05,-59.3875,0.));
#16768=CARTESIAN_POINT('Origin',(216.05,-59.3875,0.));
#16769=CARTESIAN_POINT('',(203.05,-59.3875,0.));
#16770=CARTESIAN_POINT('Origin',(203.05,-58.8875,0.));
#16771=CARTESIAN_POINT('',(202.55,-58.8875,0.));
#16772=CARTESIAN_POINT('Origin',(202.55,-58.8875,0.));
#16773=CARTESIAN_POINT('Origin',(288.757944724115,-3.03998347262861,0.));
#16774=CARTESIAN_POINT('',(288.774997832609,-2.52113605689282,0.));
#16775=CARTESIAN_POINT('',(288.239033349246,-3.02500233930027,0.));
#16776=CARTESIAN_POINT('Origin',(288.774997832609,-2.52113605689282,0.));
#16777=CARTESIAN_POINT('',(301.775000027986,-2.52097606167147,0.));
#16778=CARTESIAN_POINT('Origin',(301.774266074883,-3.02224546741825,0.));
#16779=CARTESIAN_POINT('',(302.275528449967,-3.02499994560718,0.));
#16780=CARTESIAN_POINT('Origin',(302.275528449967,-3.02499994560718,0.));
#16781=CARTESIAN_POINT('',(302.275770818886,-16.0250000188106,0.));
#16782=CARTESIAN_POINT('Origin',(301.774542859428,-16.0270527165936,0.));
#16783=CARTESIAN_POINT('',(301.775000018752,-16.5282846707984,0.));
#16784=CARTESIAN_POINT('Origin',(301.775000018752,-16.5282846707984,0.));
#16785=CARTESIAN_POINT('',(288.774998851041,-16.528160004734,0.));
#16786=CARTESIAN_POINT('Origin',(288.761862205707,-16.0136191705736,0.));
#16787=CARTESIAN_POINT('',(288.247279504841,-16.0249983374447,0.));
#16788=CARTESIAN_POINT('Origin',(288.247279504841,-16.0249983374447,0.));
#16789=CARTESIAN_POINT('Origin',(226.8625,-64.9375,0.));
#16790=CARTESIAN_POINT('',(226.8625,-64.4375,0.));
#16791=CARTESIAN_POINT('',(226.3625,-64.9375,0.));
#16792=CARTESIAN_POINT('Origin',(226.8625,-64.4375,0.));
#16793=CARTESIAN_POINT('',(239.8625,-64.4375,0.));
#16794=CARTESIAN_POINT('Origin',(239.8625,-64.9375,0.));
#16795=CARTESIAN_POINT('',(240.3625,-64.9375,0.));
#16796=CARTESIAN_POINT('Origin',(240.3625,-64.9375,0.));
#16797=CARTESIAN_POINT('',(240.3625,-77.9375,0.));
#16798=CARTESIAN_POINT('Origin',(239.8625,-77.9375,0.));
#16799=CARTESIAN_POINT('',(239.8625,-78.4375,0.));
#16800=CARTESIAN_POINT('Origin',(239.8625,-78.4375,0.));
#16801=CARTESIAN_POINT('',(226.8625,-78.4375,0.));
#16802=CARTESIAN_POINT('Origin',(226.8625,-77.9375,0.));
#16803=CARTESIAN_POINT('',(226.3625,-77.9375,0.));
#16804=CARTESIAN_POINT('Origin',(226.3625,-77.9375,0.));
#16805=CARTESIAN_POINT('Origin',(150.6625,-64.9375,0.));
#16806=CARTESIAN_POINT('',(150.6625,-64.4375,0.));
#16807=CARTESIAN_POINT('',(150.1625,-64.9375,0.));
#16808=CARTESIAN_POINT('Origin',(150.6625,-64.4375,0.));
#16809=CARTESIAN_POINT('',(163.6625,-64.4375,0.));
#16810=CARTESIAN_POINT('Origin',(163.6625,-64.9375,0.));
#16811=CARTESIAN_POINT('',(164.1625,-64.9375,0.));
#16812=CARTESIAN_POINT('Origin',(164.1625,-64.9375,0.));
#16813=CARTESIAN_POINT('',(164.1625,-77.9375,0.));
#16814=CARTESIAN_POINT('Origin',(163.6625,-77.9375,0.));
#16815=CARTESIAN_POINT('',(163.6625,-78.4375,0.));
#16816=CARTESIAN_POINT('Origin',(163.6625,-78.4375,0.));
#16817=CARTESIAN_POINT('',(150.6625,-78.4375,0.));
#16818=CARTESIAN_POINT('Origin',(150.6625,-77.9375,0.));
#16819=CARTESIAN_POINT('',(150.1625,-77.9375,0.));
#16820=CARTESIAN_POINT('Origin',(150.1625,-77.9375,0.));
#16821=CARTESIAN_POINT('Origin',(188.7625,-64.9375,0.));
#16822=CARTESIAN_POINT('',(188.7625,-64.4375,0.));
#16823=CARTESIAN_POINT('',(188.2625,-64.9375,0.));
#16824=CARTESIAN_POINT('Origin',(188.7625,-64.4375,0.));
#16825=CARTESIAN_POINT('',(201.7625,-64.4375,0.));
#16826=CARTESIAN_POINT('Origin',(201.7625,-64.9375,0.));
#16827=CARTESIAN_POINT('',(202.2625,-64.9375,0.));
#16828=CARTESIAN_POINT('Origin',(202.2625,-64.9375,0.));
#16829=CARTESIAN_POINT('',(202.2625,-77.9375,0.));
#16830=CARTESIAN_POINT('Origin',(201.7625,-77.9375,0.));
#16831=CARTESIAN_POINT('',(201.7625,-78.4375,0.));
#16832=CARTESIAN_POINT('Origin',(201.7625,-78.4375,0.));
#16833=CARTESIAN_POINT('',(188.7625,-78.4375,0.));
#16834=CARTESIAN_POINT('Origin',(188.7625,-77.9375,0.));
#16835=CARTESIAN_POINT('',(188.2625,-77.9375,0.));
#16836=CARTESIAN_POINT('Origin',(188.2625,-77.9375,0.));
#16837=CARTESIAN_POINT('Origin',(303.8,-125.199631890492,0.));
#16838=CARTESIAN_POINT('',(303.8,-130.199631890492,0.));
#16839=CARTESIAN_POINT('Origin',(308.8,10.,0.));
#16840=CARTESIAN_POINT('',(278.8,10.,0.));
#16841=CARTESIAN_POINT('',(303.8,10.,0.));
#16842=CARTESIAN_POINT('Origin',(303.8,5.,0.));
#16843=CARTESIAN_POINT('Origin',(197.4,5.,0.));
#16844=CARTESIAN_POINT('',(197.4,10.,0.));
#16845=CARTESIAN_POINT('Origin',(273.8,10.,0.));
#16846=CARTESIAN_POINT('',(273.8,5.,0.));
#16847=CARTESIAN_POINT('Origin',(278.8,5.,0.));
#16848=CARTESIAN_POINT('Origin',(273.8,-130.199631890492,0.));
#16849=CARTESIAN_POINT('',(278.8,-130.199631890492,0.));
#16850=CARTESIAN_POINT('Origin',(278.8,-125.199631890492,0.));
#16851=CARTESIAN_POINT('Origin',(202.4,-130.199631890492,0.));
#16852=CARTESIAN_POINT('',(202.4,-125.199631890492,0.));
#16853=CARTESIAN_POINT('Origin',(197.4,-125.199631890492,0.));
#16854=CARTESIAN_POINT('',(197.4,-130.199631890492,0.));
#16855=CARTESIAN_POINT('Origin',(102.4,-130.199631890492,0.));
#16856=CARTESIAN_POINT('Origin',(202.4,10.,0.));
#16857=CARTESIAN_POINT('',(157.000002339482,10.,0.));
#16858=CARTESIAN_POINT('Origin',(157.000002339482,-21.0000003129244,0.));
#16859=CARTESIAN_POINT('',(157.000002339482,-21.0000003129244,0.));
#16860=CARTESIAN_POINT('Origin',(147.500002413988,-81.0000012069941,0.));
#16861=CARTESIAN_POINT('',(147.500002413988,-81.0000012069941,0.));
#16862=CARTESIAN_POINT('',(147.500002413988,-62.000000923872,0.));
#16863=CARTESIAN_POINT('Origin',(147.500002413988,-62.000000923872,0.));
#16864=CARTESIAN_POINT('',(162.000002413988,-62.000000923872,0.));
#16865=CARTESIAN_POINT('Origin',(162.000002413988,-62.000000923872,0.));
#16866=CARTESIAN_POINT('',(162.000002413988,-43.0000006407499,0.));
#16867=CARTESIAN_POINT('Origin',(162.000002413988,-43.0000006407499,0.));
#16868=CARTESIAN_POINT('',(152.4,-43.0000006407499,0.));
#16869=CARTESIAN_POINT('Origin',(152.4,-43.0000006407499,0.));
#16870=CARTESIAN_POINT('',(152.4,-21.0000003129244,0.));
#16871=CARTESIAN_POINT('Origin',(152.4,-21.0000003129244,0.));
#16872=CARTESIAN_POINT('Origin',(157.000002339482,-81.0000012069941,0.));
#16873=UNCERTAINTY_MEASURE_WITH_UNIT(LENGTH_MEASURE(0.01),#16877,
'DISTANCE_ACCURACY_VALUE',
'Maximum model space distance between geometric entities at asserted c
onnectivities');
#16874=UNCERTAINTY_MEASURE_WITH_UNIT(LENGTH_MEASURE(0.01),#16877,
'DISTANCE_ACCURACY_VALUE',
'Maximum model space distance between geometric entities at asserted c
onnectivities');
#16875=(
GEOMETRIC_REPRESENTATION_CONTEXT(3)
GLOBAL_UNCERTAINTY_ASSIGNED_CONTEXT((#16873))
GLOBAL_UNIT_ASSIGNED_CONTEXT((#16877,#16879,#16880))
REPRESENTATION_CONTEXT('','3D')
);
#16876=(
GEOMETRIC_REPRESENTATION_CONTEXT(3)
GLOBAL_UNCERTAINTY_ASSIGNED_CONTEXT((#16874))
GLOBAL_UNIT_ASSIGNED_CONTEXT((#16877,#16879,#16880))
REPRESENTATION_CONTEXT('','3D')
);
#16877=(
LENGTH_UNIT()
NAMED_UNIT(*)
SI_UNIT(.MILLI.,.METRE.)
);
#16878=(
LENGTH_UNIT()
NAMED_UNIT(*)
SI_UNIT($,.METRE.)
);
#16879=(
NAMED_UNIT(*)
PLANE_ANGLE_UNIT()
SI_UNIT($,.RADIAN.)
);
#16880=(
NAMED_UNIT(*)
SI_UNIT($,.STERADIAN.)
SOLID_ANGLE_UNIT()
);
#16881=SHAPE_DEFINITION_REPRESENTATION(#16882,#16883);
#16882=PRODUCT_DEFINITION_SHAPE('',$,#16885);
#16883=SHAPE_REPRESENTATION('',(#10085),#16875);
#16884=PRODUCT_DEFINITION_CONTEXT('part definition',#16889,'design');
#16885=PRODUCT_DEFINITION('2026-05-10-17-46-24-524','Plate',#16886,#16884);
#16886=PRODUCT_DEFINITION_FORMATION('',$,#16891);
#16887=PRODUCT_RELATED_PRODUCT_CATEGORY('Plate','Plate',(#16891));
#16888=APPLICATION_PROTOCOL_DEFINITION('international standard',
'automotive_design',2009,#16889);
#16889=APPLICATION_CONTEXT(
'Core Data for Automotive Mechanical Design Process');
#16890=PRODUCT_CONTEXT('part definition',#16889,'mechanical');
#16891=PRODUCT('2026-05-10-17-46-24-524','Plate',$,(#16890));
#16892=PRESENTATION_STYLE_ASSIGNMENT((#16893));
#16893=SURFACE_STYLE_USAGE(.BOTH.,#16894);
#16894=SURFACE_SIDE_STYLE('',(#16895));
#16895=SURFACE_STYLE_FILL_AREA(#16896);
#16896=FILL_AREA_STYLE('Steel - Satin',(#16897));
#16897=FILL_AREA_STYLE_COLOUR('Steel - Satin',#16898);
#16898=COLOUR_RGB('Steel - Satin',0.627450980392157,0.627450980392157,0.627450980392157);
ENDSEC;
END-ISO-10303-21;
